Day,Era,Year,Month,Notes,Region,Event ID,Event type,Description,Event title,Date display,Source 1 URL,Calendar date,Original date,Source 1 name,Date certainty,Event category,Modern country,Calendar system,Coverage status,Significance scope,Source reliability,Target event count,Verification status,Verified event count,Historical significance score
1,CE,1862,December,Date page uses modern date presentation; original calendar date is not stated.,North America,GHC-DEC-1-01,Conflict / political violence,"On 1 December 1862 CE, American Civil War: In his second State of the Union Address, President Abraham Lincoln reaffirms the necessity of ending slavery as ordered ten weeks earlier in the Emancipation Proclamation.","American Civil War: In his second State of the Union Address, President Abraham Lincoln reaffirms the necessity of ending slavery as ordered ten weeks earlier in the Emancipation Proclamation.",1 December 1862 CE,https://en.wikipedia.org/wiki/December_1,December 1,Not stated in source,Wikipedia — December 1,Exact date as listed,Military and conflict,United States,Calendar system not specified by source,Target met,International / transnational,Secondary reference source,20,Verified against cited date-page entry,20,100
1,CE,1989,December,Date page uses modern date presentation; original calendar date is not stated.,Europe,GHC-DEC-1-02,Conflict / political violence,"On 1 December 1989 CE, Cold War: East Germany's parliament abolishes the constitutional provision granting the Communist Party the leading role in the state.",Cold War: East Germany's parliament abolishes the constitutional provision granting the Communist Party the leading role in the state.,1 December 1989 CE,https://en.wikipedia.org/wiki/December_1,December 1,Not stated in source,Wikipedia — December 1,Exact date as listed,Military and conflict,Germany,Calendar system not specified by source,Target met,International / transnational,Secondary reference source,20,Verified against cited date-page entry,20,100
1,CE,1991,December,Date page uses modern date presentation; original calendar date is not stated.,Europe,GHC-DEC-1-03,Conflict / political violence,"On 1 December 1991 CE, Cold War: Ukrainian voters overwhelmingly approve a referendum for independence from the Soviet Union.",Cold War: Ukrainian voters overwhelmingly approve a referendum for independence from the Soviet Union.,1 December 1991 CE,https://en.wikipedia.org/wiki/December_1,December 1,Not stated in source,Wikipedia — December 1,Exact date as listed,Military and conflict,Russia,Calendar system not specified by source,Target met,International / transnational,Secondary reference source,20,Verified against cited date-page entry,20,100
1,CE,1934,December,Date page uses modern date presentation; original calendar date is not stated.,Europe,GHC-DEC-1-04,Conflict / political violence,"On 1 December 1934 CE, Sergei Kirov is assassinated, paving way for the repressive Great Purge, and Vinnytsia massacre by General Secretary of the Communist Party of the Soviet Union, Joseph Stalin.","Sergei Kirov is assassinated, paving way for the repressive Great Purge, and Vinnytsia massacre by General Secretary of the Communist Party of the Soviet Union, Joseph Stalin.",1 December 1934 CE,https://en.wikipedia.org/wiki/December_1,December 1,Not stated in source,Wikipedia — December 1,Exact date as listed,Military and conflict,Russia,Calendar system not specified by source,Target met,International / transnational,Secondary reference source,20,Verified against cited date-page entry,20,100
1,CE,1900,December,Date page uses modern date presentation; original calendar date is not stated.,,GHC-DEC-1-05,Political change,"On 1 December 1900 CE, Nicaragua sells canal rights to U.S. for $5 million. The canal agreement fails in March 1901. Great Britain rejects the amended treaty.",Nicaragua sells canal rights to U.S. for $5 million. The canal agreement fails in March 1901. Great Britain rejects the amended treaty.,1 December 1900 CE,https://en.wikipedia.org/wiki/December_1,December 1,Not stated in source,Wikipedia — December 1,Exact date as listed,Politics and governance,,Calendar system not specified by source,Target met,International / transnational,Secondary reference source,20,Verified against cited date-page entry,20,99
1,CE,1913,December,Date page uses modern date presentation; original calendar date is not stated.,Europe,GHC-DEC-1-06,Conflict / political violence,"On 1 December 1913 CE, Crete, having obtained self rule from Turkey after the First Balkan War, is annexed by Greece.","Crete, having obtained self rule from Turkey after the First Balkan War, is annexed by Greece.",1 December 1913 CE,https://en.wikipedia.org/wiki/December_1,December 1,Not stated in source,Wikipedia — December 1,Exact date as listed,Military and conflict,Greece,Calendar system not specified by source,Target met,International,Secondary reference source,20,Verified against cited date-page entry,20,91
1,CE,1955,December,Date page uses modern date presentation; original calendar date is not stated.,North America,GHC-DEC-1-07,Legal and social change,"On 1 December 1955 CE, American Civil Rights Movement: In Montgomery, Alabama, seamstress Rosa Parks refuses to give up her bus seat to a white man and is arrested for violating the city's racial segregation laws, an incident which leads to that city's bus boycott.","American Civil Rights Movement: In Montgomery, Alabama, seamstress Rosa Parks refuses to give up her bus seat to a white man and is arrested for violating the city's racial segregation laws, an incident which leads to that city's bus boycott.",1 December 1955 CE,https://en.wikipedia.org/wiki/December_1,December 1,Not stated in source,Wikipedia — December 1,Exact date as listed,Law and society,United States,Calendar system not specified by source,Target met,International,Secondary reference source,20,Verified against cited date-page entry,20,90
1,CE,1824,December,Date page uses modern date presentation; original calendar date is not stated.,North America,GHC-DEC-1-08,Political change,"On 1 December 1824 CE, United States presidential election: Since no candidate received a majority of the total electoral college votes in the election, the United States House of Representatives is given the task of deciding the winner in accordance with the Twelfth Amendment to the United States Constitution.","United States presidential election: Since no candidate received a majority of the total electoral college votes in the election, the United States House of Representatives is given the task of deciding the winner in accordance with the Twelfth Amendment to the United States Constitution.",1 December 1824 CE,https://en.wikipedia.org/wiki/December_1,December 1,Not stated in source,Wikipedia — December 1,Exact date as listed,Politics and governance,United States,Calendar system not specified by source,Target met,International,Secondary reference source,20,Verified against cited date-page entry,20,89
1,CE,1939,December,Date page uses modern date presentation; original calendar date is not stated.,Europe,GHC-DEC-1-09,Conflict / political violence,"On 1 December 1939 CE, World War II: A day after the beginning of the Winter War in Finland, the Cajander III Cabinet resigns and is replaced by the Ryti I Cabinet, while the Finnish Parliament move from Helsinki to Kauhajoki to escape the Soviet airstrikes.","World War II: A day after the beginning of the Winter War in Finland, the Cajander III Cabinet resigns and is replaced by the Ryti I Cabinet, while the Finnish Parliament move from Helsinki to Kauhajoki to escape the Soviet airstrikes.",1 December 1939 CE,https://en.wikipedia.org/wiki/December_1,December 1,Not stated in source,Wikipedia — December 1,Exact date as listed,Military and conflict,Russia,Calendar system not specified by source,Target met,International,Secondary reference source,20,Verified against cited date-page entry,20,87
1,CE,1959,December,Date page uses modern date presentation; original calendar date is not stated.,,GHC-DEC-1-10,Conflict / political violence,"On 1 December 1959 CE, Cold War: Opening date for signature of the Antarctic Treaty, which sets aside Antarctica as a scientific preserve and bans military activity on the continent.","Cold War: Opening date for signature of the Antarctic Treaty, which sets aside Antarctica as a scientific preserve and bans military activity on the continent.",1 December 1959 CE,https://en.wikipedia.org/wiki/December_1,December 1,Not stated in source,Wikipedia — December 1,Exact date as listed,Military and conflict,,Calendar system not specified by source,Target met,International,Secondary reference source,20,Verified against cited date-page entry,20,87
1,CE,1964,December,Date page uses modern date presentation; original calendar date is not stated.,Asia,GHC-DEC-1-11,Conflict / political violence,"On 1 December 1964 CE, Vietnam War: U.S. President Lyndon B. Johnson and his top-ranking advisers meet to discuss plans to bomb North Vietnam.",Vietnam War: U.S. President Lyndon B. Johnson and his top-ranking advisers meet to discuss plans to bomb North Vietnam.,1 December 1964 CE,https://en.wikipedia.org/wiki/December_1,December 1,Not stated in source,Wikipedia — December 1,Exact date as listed,Military and conflict,Vietnam,Calendar system not specified by source,Target met,International,Secondary reference source,20,Verified against cited date-page entry,20,87
1,CE,2000,December,Date page uses modern date presentation; original calendar date is not stated.,North America,GHC-DEC-1-12,Political change,"On 1 December 2000 CE, Vicente Fox Quesada is inaugurated as the president of Mexico, marking the first peaceful transfer of executive federal power to an opposing political party following a free and democratic election in Mexico's history.","Vicente Fox Quesada is inaugurated as the president of Mexico, marking the first peaceful transfer of executive federal power to an opposing political party following a free and democratic election in Mexico's history.",1 December 2000 CE,https://en.wikipedia.org/wiki/December_1,December 1,Not stated in source,Wikipedia — December 1,Exact date as listed,Politics and governance,Mexico,Calendar system not specified by source,Target met,International,Secondary reference source,20,Verified against cited date-page entry,20,87
1,CE,1828,December,Date page uses modern date presentation; original calendar date is not stated.,,GHC-DEC-1-13,Conflict / political violence,"On 1 December 1828 CE, Argentine general Juan Lavalle makes a coup against governor Manuel Dorrego, beginning the Decembrist revolution.","Argentine general Juan Lavalle makes a coup against governor Manuel Dorrego, beginning the Decembrist revolution.",1 December 1828 CE,https://en.wikipedia.org/wiki/December_1,December 1,Not stated in source,Wikipedia — December 1,Exact date as listed,Military and conflict,,Calendar system not specified by source,Target met,International,Secondary reference source,20,Verified against cited date-page entry,20,85
1,CE,1834,December,Date page uses modern date presentation; original calendar date is not stated.,,GHC-DEC-1-14,Legal and social change,"On 1 December 1834 CE, Slavery is abolished in the Cape Colony in accordance with the Slavery Abolition Act 1833.",Slavery is abolished in the Cape Colony in accordance with the Slavery Abolition Act 1833.,1 December 1834 CE,https://en.wikipedia.org/wiki/December_1,December 1,Not stated in source,Wikipedia — December 1,Exact date as listed,Law and society,,Calendar system not specified by source,Target met,International,Secondary reference source,20,Verified against cited date-page entry,20,85
1,CE,2009,December,Date page uses modern date presentation; original calendar date is not stated.,,GHC-DEC-1-15,Political change,"On 1 December 2009 CE, The Treaty of Lisbon entered into force in the European Union.",The Treaty of Lisbon entered into force in the European Union.,1 December 2009 CE,https://en.wikipedia.org/wiki/December_1,December 1,Not stated in source,Wikipedia — December 1,Exact date as listed,Politics and governance,,Calendar system not specified by source,Target met,International,Secondary reference source,20,Verified against cited date-page entry,20,83
1,CE,1941,December,Date page uses modern date presentation; original calendar date is not stated.,Global / transnational,GHC-DEC-1-16,Conflict / political violence,"On 1 December 1941 CE, World War II: Fiorello La Guardia, Mayor of New York City and Director of the Office of Civilian Defense, signs Administrative Order 9, creating the Civil Air Patrol.","World War II: Fiorello La Guardia, Mayor of New York City and Director of the Office of Civilian Defense, signs Administrative Order 9, creating the Civil Air Patrol.",1 December 1941 CE,https://en.wikipedia.org/wiki/December_1,December 1,Not stated in source,Wikipedia — December 1,Exact date as listed,Military and conflict,,Calendar system not specified by source,Target met,International,Secondary reference source,20,Verified against cited date-page entry,20,80
1,CE,1971,December,Date page uses modern date presentation; original calendar date is not stated.,Asia,GHC-DEC-1-17,Conflict / political violence,"On 1 December 1971 CE, Cambodian Civil War: Khmer Rouge rebels intensify assaults on Cambodian government positions, forcing their retreat from Kompong Thmar and nearby Ba Ray.","Cambodian Civil War: Khmer Rouge rebels intensify assaults on Cambodian government positions, forcing their retreat from Kompong Thmar and nearby Ba Ray.",1 December 1971 CE,https://en.wikipedia.org/wiki/December_1,December 1,Not stated in source,Wikipedia — December 1,Exact date as listed,Military and conflict,Cambodia,Calendar system not specified by source,Target met,International,Secondary reference source,20,Verified against cited date-page entry,20,80
1,CE,1916,December,Date page uses modern date presentation; original calendar date is not stated.,Europe,GHC-DEC-1-18,Conflict / political violence,"On 1 December 1916 CE, An armed confrontation in Athens between the Kingdom of Greece and the Allied Powers, arising from a dispute over Greece's neutrality in World War I, followed by reprisals and riots against Greek supporters of the Allies marking the height of the National Schism.","An armed confrontation in Athens between the Kingdom of Greece and the Allied Powers, arising from a dispute over Greece's neutrality in World War I, followed by reprisals and riots against Greek supporters of the Allies marking the height of the National Schism.",1 December 1916 CE,https://en.wikipedia.org/wiki/December_1,December 1,Not stated in source,Wikipedia — December 1,Exact date as listed,Military and conflict,Greece,Calendar system not specified by source,Target met,International,Secondary reference source,20,Verified against cited date-page entry,20,75
1,CE,1919,December,Date page uses modern date presentation; original calendar date is not stated.,Europe,GHC-DEC-1-19,Political change,"On 1 December 1919 CE, Lady Astor becomes the first female Member of Parliament (MP) to take her seat in the House of Commons of the United Kingdom. (She had been elected to that position on November 28.)",Lady Astor becomes the first female Member of Parliament (MP) to take her seat in the House of Commons of the United Kingdom. (She had been elected to that position on November 28.),1 December 1919 CE,https://en.wikipedia.org/wiki/December_1,December 1,Not stated in source,Wikipedia — December 1,Exact date as listed,Politics and governance,United Kingdom,Calendar system not specified by source,Target met,International,Secondary reference source,20,Verified against cited date-page entry,20,75
1,CE,1941,December,Date page uses modern date presentation; original calendar date is not stated.,North America,GHC-DEC-1-20,Conflict / political violence,"On 1 December 1941 CE, World War II: Emperor Hirohito of Japan gives his tacit approval to the decision of the imperial council to initiate war against the United States.",World War II: Emperor Hirohito of Japan gives his tacit approval to the decision of the imperial council to initiate war against the United States.,1 December 1941 CE,https://en.wikipedia.org/wiki/December_1,December 1,Not stated in source,Wikipedia — December 1,Exact date as listed,Military and conflict,United States,Calendar system not specified by source,Target met,International,Secondary reference source,20,Verified against cited date-page entry,20,75
2,CE,1919,December,Date page uses modern date presentation; original calendar date is not stated.,,GHC-DEC-2-01,Conflict / political violence,"On 2 December 1919 CE, Ukrainian War of Independence: Ukrainian Bolsheviks attempt to assassinate Nestor Makhno as part of the Polonsky conspiracy.",Ukrainian War of Independence: Ukrainian Bolsheviks attempt to assassinate Nestor Makhno as part of the Polonsky conspiracy.,2 December 1919 CE,https://en.wikipedia.org/wiki/December_2,December 2,Not stated in source,Wikipedia — December 2,Exact date as listed,Military and conflict,,Calendar system not specified by source,Target met,International / transnational,Secondary reference source,20,Verified against cited date-page entry,20,100
2,CE,1823,December,Date page uses modern date presentation; original calendar date is not stated.,North America,GHC-DEC-2-02,Conflict / political violence,"On 2 December 1823 CE, Monroe Doctrine: In a State of the Union message, U.S. President James Monroe proclaims American neutrality in future European conflicts, and warns European powers not to interfere in the Americas.","Monroe Doctrine: In a State of the Union message, U.S. President James Monroe proclaims American neutrality in future European conflicts, and warns European powers not to interfere in the Americas.",2 December 1823 CE,https://en.wikipedia.org/wiki/December_2,December 2,Not stated in source,Wikipedia — December 2,Exact date as listed,Military and conflict,United States,Calendar system not specified by source,Target met,International,Secondary reference source,20,Verified against cited date-page entry,20,93
2,CE,1991,December,Date page uses modern date presentation; original calendar date is not stated.,Europe,GHC-DEC-2-03,Political change,"On 2 December 1991 CE, Canada and Poland become the first nations to recognize the independence of Ukraine from the Soviet Union.",Canada and Poland become the first nations to recognize the independence of Ukraine from the Soviet Union.,2 December 1991 CE,https://en.wikipedia.org/wiki/December_2,December 2,Not stated in source,Wikipedia — December 2,Exact date as listed,Politics and governance,Russia,Calendar system not specified by source,Target met,International,Secondary reference source,20,Verified against cited date-page entry,20,93
2,CE,1980,December,Date page uses modern date presentation; original calendar date is not stated.,North America,GHC-DEC-2-04,Conflict / political violence,"On 2 December 1980 CE, Salvadoran Civil War: Four American missionaries are raped and murdered by a death squad.",Salvadoran Civil War: Four American missionaries are raped and murdered by a death squad.,2 December 1980 CE,https://en.wikipedia.org/wiki/December_2,December 2,Not stated in source,Wikipedia — December 2,Exact date as listed,Military and conflict,United States,Calendar system not specified by source,Target met,International,Secondary reference source,20,Verified against cited date-page entry,20,92
2,CE,1975,December,Date page uses modern date presentation; original calendar date is not stated.,,GHC-DEC-2-05,Conflict / political violence,"On 2 December 1975 CE, Laotian Civil War: The Pathet Lao seizes the Laotian capital of Vientiane, forces the abdication of King Sisavang Vatthana, and proclaims the Lao People's Democratic Republic.","Laotian Civil War: The Pathet Lao seizes the Laotian capital of Vientiane, forces the abdication of King Sisavang Vatthana, and proclaims the Lao People's Democratic Republic.",2 December 1975 CE,https://en.wikipedia.org/wiki/December_2,December 2,Not stated in source,Wikipedia — December 2,Exact date as listed,Military and conflict,,Calendar system not specified by source,Target met,International,Secondary reference source,20,Verified against cited date-page entry,20,90
2,CE,1942,December,Date page uses modern date presentation; original calendar date is not stated.,Global / transnational,GHC-DEC-2-06,Conflict / political violence,"On 2 December 1942 CE, World War II: During the Manhattan Project, a team led by Enrico Fermi initiates the first artificial self-sustaining nuclear chain reaction.","World War II: During the Manhattan Project, a team led by Enrico Fermi initiates the first artificial self-sustaining nuclear chain reaction.",2 December 1942 CE,https://en.wikipedia.org/wiki/December_2,December 2,Not stated in source,Wikipedia — December 2,Exact date as listed,Military and conflict,,Calendar system not specified by source,Target met,International,Secondary reference source,20,Verified against cited date-page entry,20,89
2,CE,1917,December,Date page uses modern date presentation; original calendar date is not stated.,Europe,GHC-DEC-2-07,Conflict / political violence,"On 2 December 1917 CE, World War I: Russia and the Central Powers sign an armistice at Brest-Litovsk, and peace talks leading to the Treaty of Brest-Litovsk begin.","World War I: Russia and the Central Powers sign an armistice at Brest-Litovsk, and peace talks leading to the Treaty of Brest-Litovsk begin.",2 December 1917 CE,https://en.wikipedia.org/wiki/December_2,December 2,Not stated in source,Wikipedia — December 2,Exact date as listed,Military and conflict,Russia,Calendar system not specified by source,Target met,International,Secondary reference source,20,Verified against cited date-page entry,20,87
2,CE,1805,December,Date page uses modern date presentation; original calendar date is not stated.,Europe,GHC-DEC-2-08,Conflict / political violence,"On 2 December 1805 CE, War of the Third Coalition: Battle of Austerlitz: French troops under Napoleon decisively defeat a joint Russo- Austrian force.",War of the Third Coalition: Battle of Austerlitz: French troops under Napoleon decisively defeat a joint Russo- Austrian force.,2 December 1805 CE,https://en.wikipedia.org/wiki/December_2,December 2,Not stated in source,Wikipedia — December 2,Exact date as listed,Military and conflict,France,Calendar system not specified by source,Target met,International,Secondary reference source,20,Verified against cited date-page entry,20,85
2,CE,1899,December,Date page uses modern date presentation; original calendar date is not stated.,North America,GHC-DEC-2-09,Conflict / political violence,"On 2 December 1899 CE, Philippine–American War: The Battle of Tirad Pass, known as the ""Filipino Thermopylae"", is fought.","Philippine–American War: The Battle of Tirad Pass, known as the ""Filipino Thermopylae"", is fought.",2 December 1899 CE,https://en.wikipedia.org/wiki/December_2,December 2,Not stated in source,Wikipedia — December 2,Exact date as listed,Military and conflict,United States,Calendar system not specified by source,Target met,International,Secondary reference source,20,Verified against cited date-page entry,20,85
2,CE,1950,December,Date page uses modern date presentation; original calendar date is not stated.,Asia,GHC-DEC-2-10,Conflict / political violence,"On 2 December 1950 CE, Korean War: The Battle of the Ch'ongch'on River ends with a decisive Chinese victory and UN forces are completely expelled from North Korea.",Korean War: The Battle of the Ch'ongch'on River ends with a decisive Chinese victory and UN forces are completely expelled from North Korea.,2 December 1950 CE,https://en.wikipedia.org/wiki/December_2,December 2,Not stated in source,Wikipedia — December 2,Exact date as listed,Military and conflict,China,Calendar system not specified by source,Target met,International,Secondary reference source,20,Verified against cited date-page entry,20,85
2,CE,1962,December,Date page uses modern date presentation; original calendar date is not stated.,North America,GHC-DEC-2-11,Conflict / political violence,"On 2 December 1962 CE, Vietnam War: After a trip to Vietnam at the request of U.S. President John F. Kennedy, U.S. Senate Majority Leader Mike Mansfield becomes the first American official to comment adversely on the war's progress.","Vietnam War: After a trip to Vietnam at the request of U.S. President John F. Kennedy, U.S. Senate Majority Leader Mike Mansfield becomes the first American official to comment adversely on the war's progress.",2 December 1962 CE,https://en.wikipedia.org/wiki/December_2,December 2,Not stated in source,Wikipedia — December 2,Exact date as listed,Military and conflict,United States,Calendar system not specified by source,Target met,International,Secondary reference source,20,Verified against cited date-page entry,20,85
2,CE,1859,December,Date page uses modern date presentation; original calendar date is not stated.,North America,GHC-DEC-2-12,Conflict / political violence,"On 2 December 1859 CE, Origins of the American Civil War: Militant abolitionist leader John Brown is hanged for his October raid on Harpers Ferry, Virginia (now West Virginia).","Origins of the American Civil War: Militant abolitionist leader John Brown is hanged for his October raid on Harpers Ferry, Virginia (now West Virginia).",2 December 1859 CE,https://en.wikipedia.org/wiki/December_2,December 2,Not stated in source,Wikipedia — December 2,Exact date as listed,Military and conflict,United States,Calendar system not specified by source,Target met,International,Secondary reference source,20,Verified against cited date-page entry,20,80
2,CE,1766,December,Date page uses modern date presentation; original calendar date is not stated.,Global / transnational,GHC-DEC-2-13,Political change,"On 2 December 1766 CE, Swedish parliament approves the Swedish Freedom of the Press Act and implements it as a ground law, thus being first in the world with freedom of speech.","Swedish parliament approves the Swedish Freedom of the Press Act and implements it as a ground law, thus being first in the world with freedom of speech.",2 December 1766 CE,https://en.wikipedia.org/wiki/December_2,December 2,Not stated in source,Wikipedia — December 2,Exact date as listed,Politics and governance,,Calendar system not specified by source,Target met,International,Secondary reference source,20,Verified against cited date-page entry,20,79
2,CE,1845,December,Date page uses modern date presentation; original calendar date is not stated.,North America,GHC-DEC-2-14,Political change,"On 2 December 1845 CE, Manifest Destiny: In a State of the Union message, U.S. President James K. Polk proposes that the United States should aggressively expand into the West.","Manifest Destiny: In a State of the Union message, U.S. President James K. Polk proposes that the United States should aggressively expand into the West.",2 December 1845 CE,https://en.wikipedia.org/wiki/December_2,December 2,Not stated in source,Wikipedia — December 2,Exact date as listed,Politics and governance,United States,Calendar system not specified by source,Target met,National / regional,Secondary reference source,20,Verified against cited date-page entry,20,73
2,CE,1930,December,Date page uses modern date presentation; original calendar date is not stated.,,GHC-DEC-2-15,Political change,"On 2 December 1930 CE, Great Depression: In a State of the Union message, U.S. President Herbert Hoover proposes a $150 million public works program to help generate jobs and stimulate the economy.","Great Depression: In a State of the Union message, U.S. President Herbert Hoover proposes a $150 million public works program to help generate jobs and stimulate the economy.",2 December 1930 CE,https://en.wikipedia.org/wiki/December_2,December 2,Not stated in source,Wikipedia — December 2,Exact date as listed,Politics and governance,,Calendar system not specified by source,Target met,National / regional,Secondary reference source,20,Verified against cited date-page entry,20,73
2,CE,1988,December,Date page uses modern date presentation; original calendar date is not stated.,North America,GHC-DEC-2-16,Science / technology,"On 2 December 1988 CE, Space Shuttle Atlantis is launched on STS-27, a classified mission for the United States Department of Defense.","Space Shuttle Atlantis is launched on STS-27, a classified mission for the United States Department of Defense.",2 December 1988 CE,https://en.wikipedia.org/wiki/December_2,December 2,Not stated in source,Wikipedia — December 2,Exact date as listed,Science and technology,United States,Calendar system not specified by source,Target met,National / regional,Secondary reference source,20,Verified against cited date-page entry,20,71
2,CE,1990,December,Date page uses modern date presentation; original calendar date is not stated.,,GHC-DEC-2-17,Science / technology,"On 2 December 1990 CE, Space Shuttle Columbia is launched on STS-35, carrying the ASTRO-1 spacelab observatory.","Space Shuttle Columbia is launched on STS-35, carrying the ASTRO-1 spacelab observatory.",2 December 1990 CE,https://en.wikipedia.org/wiki/December_2,December 2,Not stated in source,Wikipedia — December 2,Exact date as listed,Science and technology,,Calendar system not specified by source,Target met,National / regional,Secondary reference source,20,Verified against cited date-page entry,20,71
2,CE,1992,December,Date page uses modern date presentation; original calendar date is not stated.,North America,GHC-DEC-2-18,Science / technology,"On 2 December 1992 CE, Space Shuttle Discovery is launched on STS-53 for the United States Department of Defense.",Space Shuttle Discovery is launched on STS-53 for the United States Department of Defense.,2 December 1992 CE,https://en.wikipedia.org/wiki/December_2,December 2,Not stated in source,Wikipedia — December 2,Exact date as listed,Science and technology,United States,Calendar system not specified by source,Target met,National / regional,Secondary reference source,20,Verified against cited date-page entry,20,71
2,CE,1993,December,Date page uses modern date presentation; original calendar date is not stated.,,GHC-DEC-2-19,Science / technology,"On 2 December 1993 CE, Space Shuttle program: STS-61: NASA launches the Space Shuttle Endeavour on a mission to repair the Hubble Space Telescope.",Space Shuttle program: STS-61: NASA launches the Space Shuttle Endeavour on a mission to repair the Hubble Space Telescope.,2 December 1993 CE,https://en.wikipedia.org/wiki/December_2,December 2,Not stated in source,Wikipedia — December 2,Exact date as listed,Science and technology,,Calendar system not specified by source,Target met,National / regional,Secondary reference source,20,Verified against cited date-page entry,20,71
2,CE,1999,December,Date page uses modern date presentation; original calendar date is not stated.,Europe,GHC-DEC-2-20,Political change,"On 2 December 1999 CE, The United Kingdom devolves political power in Northern Ireland to the Northern Ireland Executive following the Good Friday Agreement.",The United Kingdom devolves political power in Northern Ireland to the Northern Ireland Executive following the Good Friday Agreement.,2 December 1999 CE,https://en.wikipedia.org/wiki/December_2,December 2,Not stated in source,Wikipedia — December 2,Exact date as listed,Politics and governance,United Kingdom,Calendar system not specified by source,Target met,National / regional,Secondary reference source,20,Verified against cited date-page entry,20,71
3,CE,1800,December,Date page uses modern date presentation; original calendar date is not stated.,Europe,GHC-DEC-3-01,Conflict / political violence,"On 3 December 1800 CE, War of the Second Coalition: Battle of Hohenlinden: French General Jean Victor Marie Moreau decisively defeats the Archduke John of Austria near Munich. Coupled with First Consul Napoleon Bonaparte's earlier victory at Marengo, this will force the Austrians to sign an armistice and end the war.","War of the Second Coalition: Battle of Hohenlinden: French General Jean Victor Marie Moreau decisively defeats the Archduke John of Austria near Munich. Coupled with First Consul Napoleon Bonaparte's earlier victory at Marengo, this will force the Austrians to sign an armistice and end the war.",3 December 1800 CE,https://en.wikipedia.org/wiki/December_3,December 3,Not stated in source,Wikipedia — December 3,Exact date as listed,Military and conflict,France,Calendar system not specified by source,Target met,International / transnational,Secondary reference source,20,Verified against cited date-page entry,20,100
3,CE,1965,December,Date page uses modern date presentation; original calendar date is not stated.,Europe,GHC-DEC-3-02,Political change,"On 3 December 1965 CE, Soviet Union, Space probe of the Luna program, called Luna 8, is launched, but crashes on the Moon.","Soviet Union, Space probe of the Luna program, called Luna 8, is launched, but crashes on the Moon.",3 December 1965 CE,https://en.wikipedia.org/wiki/December_3,December 3,Not stated in source,Wikipedia — December 3,Exact date as listed,Politics and governance,Russia,Calendar system not specified by source,Target met,International / transnational,Secondary reference source,20,Verified against cited date-page entry,20,100
3,CE,1775,December,Date page uses modern date presentation; original calendar date is not stated.,North America,GHC-DEC-3-03,Political change,"On 3 December 1775 CE, American Revolution: USS Alfred becomes the first vessel to fly the Continental Union Flag (precursor to the "" Stars and Stripes""); the flag is hoisted by John Paul Jones.","American Revolution: USS Alfred becomes the first vessel to fly the Continental Union Flag (precursor to the "" Stars and Stripes""); the flag is hoisted by John Paul Jones.",3 December 1775 CE,https://en.wikipedia.org/wiki/December_3,December 3,Not stated in source,Wikipedia — December 3,Exact date as listed,Politics and governance,United States,Calendar system not specified by source,Target met,International,Secondary reference source,20,Verified against cited date-page entry,20,91
3,CE,1912,December,Date page uses modern date presentation; original calendar date is not stated.,Europe,GHC-DEC-3-04,Conflict / political violence,"On 3 December 1912 CE, Bulgaria, Greece, Montenegro, and Serbia (the Balkan League) sign an armistice with the Ottoman Empire, temporarily halting the First Balkan War. (The armistice will expire on February 3, 1913, and hostilities will resume.)","Bulgaria, Greece, Montenegro, and Serbia (the Balkan League) sign an armistice with the Ottoman Empire, temporarily halting the First Balkan War. (The armistice will expire on February 3, 1913, and hostilities will resume.)",3 December 1912 CE,https://en.wikipedia.org/wiki/December_3,December 3,Not stated in source,Wikipedia — December 3,Exact date as listed,Military and conflict,Greece,Calendar system not specified by source,Target met,International,Secondary reference source,20,Verified against cited date-page entry,20,87
3,CE,1920,December,Date page uses modern date presentation; original calendar date is not stated.,,GHC-DEC-3-05,Conflict / political violence,"On 3 December 1920 CE, Following more than a month of Turkish–Armenian War, the Turkish-dictated Treaty of Alexandropol is concluded.","Following more than a month of Turkish–Armenian War, the Turkish-dictated Treaty of Alexandropol is concluded.",3 December 1920 CE,https://en.wikipedia.org/wiki/December_3,December 3,Not stated in source,Wikipedia — December 3,Exact date as listed,Military and conflict,,Calendar system not specified by source,Target met,International,Secondary reference source,20,Verified against cited date-page entry,20,87
3,CE,1971,December,Date page uses modern date presentation; original calendar date is not stated.,Asia,GHC-DEC-3-06,Conflict / political violence,"On 3 December 1971 CE, Indo-Pakistani War of 1971: Pakistan launches a pre-emptive strike against India and a full-scale war begins.",Indo-Pakistani War of 1971: Pakistan launches a pre-emptive strike against India and a full-scale war begins.,3 December 1971 CE,https://en.wikipedia.org/wiki/December_3,December 3,Not stated in source,Wikipedia — December 3,Exact date as listed,Military and conflict,India,Calendar system not specified by source,Target met,International,Secondary reference source,20,Verified against cited date-page entry,20,87
3,CE,1799,December,Date page uses modern date presentation; original calendar date is not stated.,Europe,GHC-DEC-3-07,Conflict / political violence,"On 3 December 1799 CE, War of the Second Coalition: Battle of Wiesloch: Austrian Lieutenant Field Marshal Anton Sztáray defeats the French at Wiesloch.",War of the Second Coalition: Battle of Wiesloch: Austrian Lieutenant Field Marshal Anton Sztáray defeats the French at Wiesloch.,3 December 1799 CE,https://en.wikipedia.org/wiki/December_3,December 3,Not stated in source,Wikipedia — December 3,Exact date as listed,Military and conflict,France,Calendar system not specified by source,Target met,International,Secondary reference source,20,Verified against cited date-page entry,20,85
3,CE,1901,December,Date page uses modern date presentation; original calendar date is not stated.,,GHC-DEC-3-08,Political change,"On 3 December 1901 CE, In a State of the Union message, U.S. President Theodore Roosevelt delivers a 20,000-word report to the House of Representatives asking Congress to curb the power of trusts ""within reasonable limits"". The speech was not delivered in person.","In a State of the Union message, U.S. President Theodore Roosevelt delivers a 20,000-word report to the House of Representatives asking Congress to curb the power of trusts ""within reasonable limits"". The speech was not delivered in person.",3 December 1901 CE,https://en.wikipedia.org/wiki/December_3,December 3,Not stated in source,Wikipedia — December 3,Exact date as listed,Politics and governance,,Calendar system not specified by source,Target met,International,Secondary reference source,20,Verified against cited date-page entry,20,83
3,CE,1929,December,Date page uses modern date presentation; original calendar date is not stated.,,GHC-DEC-3-09,Political change,"On 3 December 1929 CE, President Herbert Hoover delivers his first State of the Union message to Congress. It is presented in the form of a written message rather than a speech.",President Herbert Hoover delivers his first State of the Union message to Congress. It is presented in the form of a written message rather than a speech.,3 December 1929 CE,https://en.wikipedia.org/wiki/December_3,December 3,Not stated in source,Wikipedia — December 3,Exact date as listed,Politics and governance,,Calendar system not specified by source,Target met,International,Secondary reference source,20,Verified against cited date-page entry,20,81
3,CE,1944,December,Date page uses modern date presentation; original calendar date is not stated.,Europe,GHC-DEC-3-10,Conflict / political violence,"On 3 December 1944 CE, Greek Civil War: Fighting breaks out in Athens between the ELAS and government forces supported by the British Army.",Greek Civil War: Fighting breaks out in Athens between the ELAS and government forces supported by the British Army.,3 December 1944 CE,https://en.wikipedia.org/wiki/December_3,December 3,Not stated in source,Wikipedia — December 3,Exact date as listed,Military and conflict,United Kingdom,Calendar system not specified by source,Target met,International,Secondary reference source,20,Verified against cited date-page entry,20,80
3,CE,1989,December,Date page uses modern date presentation; original calendar date is not stated.,Europe,GHC-DEC-3-11,Conflict / political violence,"On 3 December 1989 CE, In a meeting off the coast of Malta, U.S. President George H. W. Bush and Soviet General Secretary Mikhail Gorbachev release statements indicating that the Cold War between NATO and the Warsaw Pact may be coming to an end.","In a meeting off the coast of Malta, U.S. President George H. W. Bush and Soviet General Secretary Mikhail Gorbachev release statements indicating that the Cold War between NATO and the Warsaw Pact may be coming to an end.",3 December 1989 CE,https://en.wikipedia.org/wiki/December_3,December 3,Not stated in source,Wikipedia — December 3,Exact date as listed,Military and conflict,Russia,Calendar system not specified by source,Target met,International,Secondary reference source,20,Verified against cited date-page entry,20,77
3,CE,1979,December,Date page uses modern date presentation; original calendar date is not stated.,Asia,GHC-DEC-3-12,Historical event,"On 3 December 1979 CE, Iranian Revolution: Ayatollah Ruhollah Khomeini becomes the first Supreme Leader of Iran.",Iranian Revolution: Ayatollah Ruhollah Khomeini becomes the first Supreme Leader of Iran.,3 December 1979 CE,https://en.wikipedia.org/wiki/December_3,December 3,Not stated in source,Wikipedia — December 3,Exact date as listed,General history,Iran,Calendar system not specified by source,Target met,International,Secondary reference source,20,Verified against cited date-page entry,20,75
3,CE,1984,December,Date page uses modern date presentation; original calendar date is not stated.,Asia,GHC-DEC-3-13,Political change,"On 3 December 1984 CE, Bhopal disaster: A methyl isocyanate leak from a Union Carbide pesticide plant in Bhopal, India, kills more than 3,800 people outright and injures 150,000–600,000 others (some 6,000 of whom later died from their injuries) in one of the worst industrial disasters in history.","Bhopal disaster: A methyl isocyanate leak from a Union Carbide pesticide plant in Bhopal, India, kills more than 3,800 people outright and injures 150,000–600,000 others (some 6,000 of whom later died from their injuries) in one of the worst industrial disasters in history.",3 December 1984 CE,https://en.wikipedia.org/wiki/December_3,December 3,Not stated in source,Wikipedia — December 3,Exact date as listed,Politics and governance,India,Calendar system not specified by source,Target met,International,Secondary reference source,20,Verified against cited date-page entry,20,75
3,CE,2007,December,Date page uses modern date presentation; original calendar date is not stated.,,GHC-DEC-3-14,Disaster,"On 3 December 2007 CE, Winter storms cause the Chehalis River to flood many cities in Lewis County, Washington, and close a 32-kilometre (20 mi) portion of Interstate 5 for several days. At least eight deaths and billions of dollars in damages are blamed on the floods.","Winter storms cause the Chehalis River to flood many cities in Lewis County, Washington, and close a 32-kilometre (20 mi) portion of Interstate 5 for several days. At least eight deaths and billions of dollars in damages are blamed on the floods.",3 December 2007 CE,https://en.wikipedia.org/wiki/December_3,December 3,Not stated in source,Wikipedia — December 3,Exact date as listed,Disaster and accident,,Calendar system not specified by source,Target met,National / regional,Secondary reference source,20,Verified against cited date-page entry,20,73
3,CE,1925,December,Date page uses modern date presentation; original calendar date is not stated.,Europe,GHC-DEC-3-15,Political change,"On 3 December 1925 CE, Final agreement is signed between the Irish Free State, Northern Ireland and the United Kingdom formalizing the Partition of Ireland.","Final agreement is signed between the Irish Free State, Northern Ireland and the United Kingdom formalizing the Partition of Ireland.",3 December 1925 CE,https://en.wikipedia.org/wiki/December_3,December 3,Not stated in source,Wikipedia — December 3,Exact date as listed,Politics and governance,United Kingdom,Calendar system not specified by source,Target met,National / regional,Secondary reference source,20,Verified against cited date-page entry,20,71
3,CE,1800,December,Date page uses modern date presentation; original calendar date is not stated.,North America,GHC-DEC-3-16,Political change,"On 3 December 1800 CE, United States presidential election: The Electoral College casts votes for president and vice president that result in a tie between Thomas Jefferson and Aaron Burr.",United States presidential election: The Electoral College casts votes for president and vice president that result in a tie between Thomas Jefferson and Aaron Burr.,3 December 1800 CE,https://en.wikipedia.org/wiki/December_3,December 3,Not stated in source,Wikipedia — December 3,Exact date as listed,Politics and governance,United States,Calendar system not specified by source,Target met,National / regional,Secondary reference source,20,Verified against cited date-page entry,20,69
3,CE,1834,December,Date page uses modern date presentation; original calendar date is not stated.,Europe,GHC-DEC-3-17,Political change,"On 3 December 1834 CE, The Zollverein (German Customs Union) begins the first regular census in Germany.",The Zollverein (German Customs Union) begins the first regular census in Germany.,3 December 1834 CE,https://en.wikipedia.org/wiki/December_3,December 3,Not stated in source,Wikipedia — December 3,Exact date as listed,Politics and governance,Germany,Calendar system not specified by source,Target met,National / regional,Secondary reference source,20,Verified against cited date-page entry,20,69
3,CE,1919,December,Date page uses modern date presentation; original calendar date is not stated.,,GHC-DEC-3-18,Institutional development,"On 3 December 1919 CE, After nearly 20 years of planning and construction, including two collapses causing 89 deaths, the Quebec Bridge opens to traffic.","After nearly 20 years of planning and construction, including two collapses causing 89 deaths, the Quebec Bridge opens to traffic.",3 December 1919 CE,https://en.wikipedia.org/wiki/December_3,December 3,Not stated in source,Wikipedia — December 3,Exact date as listed,"Culture, education and institutions",,Calendar system not specified by source,Target met,National / regional,Secondary reference source,20,Verified against cited date-page entry,20,67
3,CE,1997,December,Date page uses modern date presentation; original calendar date is not stated.,North America,GHC-DEC-3-19,Political change,"On 3 December 1997 CE, In Ottawa, Ontario, Canada, representatives from 121 countries sign the Ottawa Treaty prohibiting manufacture and deployment of anti-personnel landmines. The United States, People's Republic of China, and Russia do not sign the treaty, however.","In Ottawa, Ontario, Canada, representatives from 121 countries sign the Ottawa Treaty prohibiting manufacture and deployment of anti-personnel landmines. The United States, People's Republic of China, and Russia do not sign the treaty, however.",3 December 1997 CE,https://en.wikipedia.org/wiki/December_3,December 3,Not stated in source,Wikipedia — December 3,Exact date as listed,Politics and governance,United States,Calendar system not specified by source,Target met,National / regional,Secondary reference source,20,Verified against cited date-page entry,20,67
3,CE,2005,December,Date page uses modern date presentation; original calendar date is not stated.,,GHC-DEC-3-20,Science / technology,"On 3 December 2005 CE, XCOR Aerospace makes the first crewed rocket aircraft delivery of U.S. Mail in Kern County, California.","XCOR Aerospace makes the first crewed rocket aircraft delivery of U.S. Mail in Kern County, California.",3 December 2005 CE,https://en.wikipedia.org/wiki/December_3,December 3,Not stated in source,Wikipedia — December 3,Exact date as listed,Science and technology,,Calendar system not specified by source,Target met,National / regional,Secondary reference source,20,Verified against cited date-page entry,20,67
4,CE,1919,December,Date page uses modern date presentation; original calendar date is not stated.,Europe,GHC-DEC-4-01,Conflict / political violence,"On 4 December 1919 CE, Ukrainian War of Independence: The Polonsky conspiracy is initiated, with an attempt to assassinate the high command of the Revolutionary Insurgent Army of Ukraine.","Ukrainian War of Independence: The Polonsky conspiracy is initiated, with an attempt to assassinate the high command of the Revolutionary Insurgent Army of Ukraine.",4 December 1919 CE,https://en.wikipedia.org/wiki/December_4,December 4,Not stated in source,Wikipedia — December 4,Exact date as listed,Military and conflict,Ukraine,Calendar system not specified by source,Target met,International / transnational,Secondary reference source,20,Verified against cited date-page entry,20,100
4,CE,1864,December,Date page uses modern date presentation; original calendar date is not stated.,North America,GHC-DEC-4-02,Conflict / political violence,"On 4 December 1864 CE, American Civil War: Sherman's March to the Sea: Union cavalry forces defeat Confederate cavalry in the Battle of Waynesboro, Georgia, opening the way for General William T. Sherman's army to approach the coast.","American Civil War: Sherman's March to the Sea: Union cavalry forces defeat Confederate cavalry in the Battle of Waynesboro, Georgia, opening the way for General William T. Sherman's army to approach the coast.",4 December 1864 CE,https://en.wikipedia.org/wiki/December_4,December 4,Not stated in source,Wikipedia — December 4,Exact date as listed,Military and conflict,United States,Calendar system not specified by source,Target met,International / transnational,Secondary reference source,20,Verified against cited date-page entry,20,100
4,CE,1808,December,Date page uses modern date presentation; original calendar date is not stated.,Europe,GHC-DEC-4-03,Conflict / political violence,"On 4 December 1808 CE, Napoleonic Wars: Under the orders by commander Tomás de Morla, the city of Madrid surrenders to French Emperor Napoleon I after a 4 day long siege.","Napoleonic Wars: Under the orders by commander Tomás de Morla, the city of Madrid surrenders to French Emperor Napoleon I after a 4 day long siege.",4 December 1808 CE,https://en.wikipedia.org/wiki/December_4,December 4,Not stated in source,Wikipedia — December 4,Exact date as listed,Military and conflict,France,Calendar system not specified by source,Target met,International / transnational,Secondary reference source,20,Verified against cited date-page entry,20,95
4,CE,1861,December,Date page uses modern date presentation; original calendar date is not stated.,North America,GHC-DEC-4-04,Conflict / political violence,"On 4 December 1861 CE, American Civil War: The 109 electors of the several states of the Confederate States of America unanimously elect Jefferson Davis as President and Alexander H. Stephens as Vice President.",American Civil War: The 109 electors of the several states of the Confederate States of America unanimously elect Jefferson Davis as President and Alexander H. Stephens as Vice President.,4 December 1861 CE,https://en.wikipedia.org/wiki/December_4,December 4,Not stated in source,Wikipedia — December 4,Exact date as listed,Military and conflict,United States,Calendar system not specified by source,Target met,International,Secondary reference source,20,Verified against cited date-page entry,20,92
4,CE,1992,December,Date page uses modern date presentation; original calendar date is not stated.,,GHC-DEC-4-05,Conflict / political violence,"On 4 December 1992 CE, Somali Civil War: President George H. W. Bush orders 28,000 U.S. troops to Somalia in Northeast Africa.","Somali Civil War: President George H. W. Bush orders 28,000 U.S. troops to Somalia in Northeast Africa.",4 December 1992 CE,https://en.wikipedia.org/wiki/December_4,December 4,Not stated in source,Wikipedia — December 4,Exact date as listed,Military and conflict,,Calendar system not specified by source,Target met,International,Secondary reference source,20,Verified against cited date-page entry,20,92
4,CE,1918,December,Date page uses modern date presentation; original calendar date is not stated.,Global / transnational,GHC-DEC-4-06,Conflict / political violence,"On 4 December 1918 CE, U.S. President Woodrow Wilson sails for the World War I peace talks in Versailles, becoming the first US president to travel to Europe while in office.","U.S. President Woodrow Wilson sails for the World War I peace talks in Versailles, becoming the first US president to travel to Europe while in office.",4 December 1918 CE,https://en.wikipedia.org/wiki/December_4,December 4,Not stated in source,Wikipedia — December 4,Exact date as listed,Military and conflict,,Calendar system not specified by source,Target met,International,Secondary reference source,20,Verified against cited date-page entry,20,85
4,CE,1950,December,Date page uses modern date presentation; original calendar date is not stated.,North America,GHC-DEC-4-07,Conflict / political violence,"On 4 December 1950 CE, Korean War: Jesse L. Brown (the 1st African-American Naval aviator) is killed in action during the Battle of Chosin Reservoir.",Korean War: Jesse L. Brown (the 1st African-American Naval aviator) is killed in action during the Battle of Chosin Reservoir.,4 December 1950 CE,https://en.wikipedia.org/wiki/December_4,December 4,Not stated in source,Wikipedia — December 4,Exact date as listed,Military and conflict,United States,Calendar system not specified by source,Target met,International,Secondary reference source,20,Verified against cited date-page entry,20,85
4,CE,1917,December,Date page uses modern date presentation; original calendar date is not stated.,Europe,GHC-DEC-4-08,Political change,"On 4 December 1917 CE, The Finnish Senate submits to the Parliament of Finland a proposal for the form of government of the Republic of Finland and issues a communication to Parliament declaring the independence of Finland.",The Finnish Senate submits to the Parliament of Finland a proposal for the form of government of the Republic of Finland and issues a communication to Parliament declaring the independence of Finland.,4 December 1917 CE,https://en.wikipedia.org/wiki/December_4,December 4,Not stated in source,Wikipedia — December 4,Exact date as listed,Politics and governance,Finland,Calendar system not specified by source,Target met,International,Secondary reference source,20,Verified against cited date-page entry,20,81
4,CE,1977,December,Date page uses modern date presentation; original calendar date is not stated.,,GHC-DEC-4-09,Political change,"On 4 December 1977 CE, Jean-Bédel Bokassa, president of the Central African Republic, crowns himself Emperor Bokassa I of the Central African Empire.","Jean-Bédel Bokassa, president of the Central African Republic, crowns himself Emperor Bokassa I of the Central African Empire.",4 December 1977 CE,https://en.wikipedia.org/wiki/December_4,December 4,Not stated in source,Wikipedia — December 4,Exact date as listed,Politics and governance,,Calendar system not specified by source,Target met,International,Secondary reference source,20,Verified against cited date-page entry,20,81
4,CE,1863,December,Date page uses modern date presentation; original calendar date is not stated.,North America,GHC-DEC-4-10,Conflict / political violence,"On 4 December 1863 CE, American Civil War: Confederate General James Longstreet lifts his unsuccessful siege of Knoxville, Tennessee after failing to capture the city.","American Civil War: Confederate General James Longstreet lifts his unsuccessful siege of Knoxville, Tennessee after failing to capture the city.",4 December 1863 CE,https://en.wikipedia.org/wiki/December_4,December 4,Not stated in source,Wikipedia — December 4,Exact date as listed,Military and conflict,United States,Calendar system not specified by source,Target met,International,Secondary reference source,20,Verified against cited date-page entry,20,80
4,CE,1948,December,Date page uses modern date presentation; original calendar date is not stated.,Asia,GHC-DEC-4-11,Conflict / political violence,"On 4 December 1948 CE, Chinese Civil War: The SS Kiangya, carrying Nationalist refugees from Shanghai, explodes in the Huangpu River.","Chinese Civil War: The SS Kiangya, carrying Nationalist refugees from Shanghai, explodes in the Huangpu River.",4 December 1948 CE,https://en.wikipedia.org/wiki/December_4,December 4,Not stated in source,Wikipedia — December 4,Exact date as listed,Military and conflict,China,Calendar system not specified by source,Target met,International,Secondary reference source,20,Verified against cited date-page entry,20,80
4,CE,1984,December,Date page uses modern date presentation; original calendar date is not stated.,,GHC-DEC-4-12,Conflict / political violence,"On 4 December 1984 CE, Sri Lankan Civil War: Sri Lankan Army soldiers kill 107–150 civilians in Mannar.",Sri Lankan Civil War: Sri Lankan Army soldiers kill 107–150 civilians in Mannar.,4 December 1984 CE,https://en.wikipedia.org/wiki/December_4,December 4,Not stated in source,Wikipedia — December 4,Exact date as listed,Military and conflict,,Calendar system not specified by source,Target met,International,Secondary reference source,20,Verified against cited date-page entry,20,80
4,CE,1965,December,Date page uses modern date presentation; original calendar date is not stated.,,GHC-DEC-4-13,Science / technology,"On 4 December 1965 CE, Launch of Gemini 7 with crew members Frank Borman and Jim Lovell. The Gemini 7 spacecraft was the passive target for the first crewed space rendezvous performed by the crew of Gemini 6A.",Launch of Gemini 7 with crew members Frank Borman and Jim Lovell. The Gemini 7 spacecraft was the passive target for the first crewed space rendezvous performed by the crew of Gemini 6A.,4 December 1965 CE,https://en.wikipedia.org/wiki/December_4,December 4,Not stated in source,Wikipedia — December 4,Exact date as listed,Science and technology,,Calendar system not specified by source,Target met,International,Secondary reference source,20,Verified against cited date-page entry,20,79
4,CE,1259,December,Date page uses modern date presentation; original calendar date is not stated.,Europe,GHC-DEC-4-14,Political change,"On 4 December 1259 CE, Kings Louis IX of France and Henry III of England agree to the Treaty of Paris, in which Henry renounces his claims to French-controlled territory on continental Europe (including Normandy) in exchange for Louis withdrawing his support for English rebels.","Kings Louis IX of France and Henry III of England agree to the Treaty of Paris, in which Henry renounces his claims to French-controlled territory on continental Europe (including Normandy) in exchange for Louis withdrawing his support for English rebels.",4 December 1259 CE,https://en.wikipedia.org/wiki/December_4,December 4,Not stated in source,Wikipedia — December 4,Exact date as listed,Politics and governance,United Kingdom,Calendar system not specified by source,Target met,International,Secondary reference source,20,Verified against cited date-page entry,20,77
4,CE,1943,December,Date page uses modern date presentation; original calendar date is not stated.,North America,GHC-DEC-4-15,Conflict / political violence,"On 4 December 1943 CE, World War II: U.S. President Franklin D. Roosevelt closes down the Works Progress Administration, because of the high levels of wartime employment in the United States.","World War II: U.S. President Franklin D. Roosevelt closes down the Works Progress Administration, because of the high levels of wartime employment in the United States.",4 December 1943 CE,https://en.wikipedia.org/wiki/December_4,December 4,Not stated in source,Wikipedia — December 4,Exact date as listed,Military and conflict,United States,Calendar system not specified by source,Target met,International,Secondary reference source,20,Verified against cited date-page entry,20,77
4,CE,1945,December,Date page uses modern date presentation; original calendar date is not stated.,North America,GHC-DEC-4-16,Historical event,"On 4 December 1945 CE, By a vote of 65–7, the United States Senate approves United States participation in the United Nations. (The UN had been established on October 24, 1945.)","By a vote of 65–7, the United States Senate approves United States participation in the United Nations. (The UN had been established on October 24, 1945.)",4 December 1945 CE,https://en.wikipedia.org/wiki/December_4,December 4,Not stated in source,Wikipedia — December 4,Exact date as listed,General history,United States,Calendar system not specified by source,Target met,International,Secondary reference source,20,Verified against cited date-page entry,20,75
4,CE,1676,December,Date page uses modern date presentation; original calendar date is not stated.,,GHC-DEC-4-17,Conflict / political violence,"On 4 December 1676 CE, The Battle of Lund occurs, and is the bloodiest battle in Scandinavian history.","The Battle of Lund occurs, and is the bloodiest battle in Scandinavian history.",4 December 1676 CE,https://en.wikipedia.org/wiki/December_4,December 4,Not stated in source,Wikipedia — December 4,Exact date as listed,Military and conflict,,Calendar system not specified by source,Target met,National / regional,Secondary reference source,20,Verified against cited date-page entry,20,73
4,CE,1893,December,Date page uses modern date presentation; original calendar date is not stated.,Europe,GHC-DEC-4-18,Conflict / political violence,"On 4 December 1893 CE, First Matabele War: A patrol of 34 British South Africa Company soldiers is ambushed and annihilated by more than 3,000 Matabele warriors on the Shangani River in Matabeleland.","First Matabele War: A patrol of 34 British South Africa Company soldiers is ambushed and annihilated by more than 3,000 Matabele warriors on the Shangani River in Matabeleland.",4 December 1893 CE,https://en.wikipedia.org/wiki/December_4,December 4,Not stated in source,Wikipedia — December 4,Exact date as listed,Military and conflict,United Kingdom,Calendar system not specified by source,Target met,National / regional,Secondary reference source,20,Verified against cited date-page entry,20,73
4,CE,1998,December,Date page uses modern date presentation; original calendar date is not stated.,Global / transnational,GHC-DEC-4-19,Science / technology,"On 4 December 1998 CE, The Unity Module, the second module of the International Space Station, is launched.","The Unity Module, the second module of the International Space Station, is launched.",4 December 1998 CE,https://en.wikipedia.org/wiki/December_4,December 4,Not stated in source,Wikipedia — December 4,Exact date as listed,Science and technology,,Calendar system not specified by source,Target met,National / regional,Secondary reference source,20,Verified against cited date-page entry,20,71
4,CE,1981,December,Date page uses modern date presentation; original calendar date is not stated.,Africa,GHC-DEC-4-20,Political change,"On 4 December 1981 CE, South Africa grants independence to the Ciskei "" homeland"" (not recognized by any government outside South Africa).","South Africa grants independence to the Ciskei "" homeland"" (not recognized by any government outside South Africa).",4 December 1981 CE,https://en.wikipedia.org/wiki/December_4,December 4,Not stated in source,Wikipedia — December 4,Exact date as listed,Politics and governance,South Africa,Calendar system not specified by source,Target met,National / regional,Secondary reference source,20,Verified against cited date-page entry,20,69
5,CE,1456,December,Date page uses modern date presentation; original calendar date is not stated.,Europe,GHC-DEC-5-01,Conflict / political violence,"On 5 December 1456 CE, The first of two earthquakes measuring M w 7.2 strikes Italy, causing extreme destruction and killing upwards of 70,000 people.","The first of two earthquakes measuring M w 7.2 strikes Italy, causing extreme destruction and killing upwards of 70,000 people.",5 December 1456 CE,https://en.wikipedia.org/wiki/December_5,December 5,Not stated in source,Wikipedia — December 5,Exact date as listed,Military and conflict,Italy,Calendar system not specified by source,Target met,International / transnational,Secondary reference source,20,Verified against cited date-page entry,20,100
5,CE,1941,December,Date page uses modern date presentation; original calendar date is not stated.,Europe,GHC-DEC-5-02,Conflict / political violence,"On 5 December 1941 CE, World War II: In the Battle of Moscow, Georgy Zhukov launches a massive Soviet counter-attack against the German army.","World War II: In the Battle of Moscow, Georgy Zhukov launches a massive Soviet counter-attack against the German army.",5 December 1941 CE,https://en.wikipedia.org/wiki/December_5,December 5,Not stated in source,Wikipedia — December 5,Exact date as listed,Military and conflict,Germany,Calendar system not specified by source,Target met,International / transnational,Secondary reference source,20,Verified against cited date-page entry,20,97
5,CE,1936,December,Date page uses modern date presentation; original calendar date is not stated.,Europe,GHC-DEC-5-03,Political change,"On 5 December 1936 CE, The Soviet Union adopts a new constitution and the Kirghiz Soviet Socialist Republic is established as a full Union Republic of the USSR.",The Soviet Union adopts a new constitution and the Kirghiz Soviet Socialist Republic is established as a full Union Republic of the USSR.,5 December 1936 CE,https://en.wikipedia.org/wiki/December_5,December 5,Not stated in source,Wikipedia — December 5,Exact date as listed,Politics and governance,Russia,Calendar system not specified by source,Target met,International,Secondary reference source,20,Verified against cited date-page entry,20,93
5,CE,1964,December,Date page uses modern date presentation; original calendar date is not stated.,Asia,GHC-DEC-5-04,Conflict / political violence,"On 5 December 1964 CE, Vietnam War: For his heroism in battle earlier in the year, Captain Roger Donlon is awarded the first Medal of Honor of the war.","Vietnam War: For his heroism in battle earlier in the year, Captain Roger Donlon is awarded the first Medal of Honor of the war.",5 December 1964 CE,https://en.wikipedia.org/wiki/December_5,December 5,Not stated in source,Wikipedia — December 5,Exact date as listed,Military and conflict,Vietnam,Calendar system not specified by source,Target met,International,Secondary reference source,20,Verified against cited date-page entry,20,93
5,CE,1919,December,Date page uses modern date presentation; original calendar date is not stated.,,GHC-DEC-5-05,Conflict / political violence,"On 5 December 1919 CE, Ukrainian War of Independence: The Polonsky conspiracy is suppressed and its participants are executed by the Kontrrazvedka.",Ukrainian War of Independence: The Polonsky conspiracy is suppressed and its participants are executed by the Kontrrazvedka.,5 December 1919 CE,https://en.wikipedia.org/wiki/December_5,December 5,Not stated in source,Wikipedia — December 5,Exact date as listed,Military and conflict,,Calendar system not specified by source,Target met,International,Secondary reference source,20,Verified against cited date-page entry,20,89
5,CE,1757,December,Date page uses modern date presentation; original calendar date is not stated.,,GHC-DEC-5-06,Conflict / political violence,"On 5 December 1757 CE, Seven Years' War: Battle of Leuthen: Frederick II of Prussia leads Prussian forces to a decisive victory over Austrian forces under Prince Charles Alexander of Lorraine.",Seven Years' War: Battle of Leuthen: Frederick II of Prussia leads Prussian forces to a decisive victory over Austrian forces under Prince Charles Alexander of Lorraine.,5 December 1757 CE,https://en.wikipedia.org/wiki/December_5,December 5,Not stated in source,Wikipedia — December 5,Exact date as listed,Military and conflict,,Calendar system not specified by source,Target met,International,Secondary reference source,20,Verified against cited date-page entry,20,85
5,CE,1995,December,Date page uses modern date presentation; original calendar date is not stated.,,GHC-DEC-5-07,Conflict / political violence,"On 5 December 1995 CE, Sri Lankan Civil War: Sri Lanka's government announces the conquest of the Tamil stronghold of Jaffna.",Sri Lankan Civil War: Sri Lanka's government announces the conquest of the Tamil stronghold of Jaffna.,5 December 1995 CE,https://en.wikipedia.org/wiki/December_5,December 5,Not stated in source,Wikipedia — December 5,Exact date as listed,Military and conflict,,Calendar system not specified by source,Target met,International,Secondary reference source,20,Verified against cited date-page entry,20,80
5,CE,2005,December,Date page uses modern date presentation; original calendar date is not stated.,Europe,GHC-DEC-5-08,Political change,"On 5 December 2005 CE, The Civil Partnership Act comes into effect in the United Kingdom, and the first civil partnership is registered there.","The Civil Partnership Act comes into effect in the United Kingdom, and the first civil partnership is registered there.",5 December 2005 CE,https://en.wikipedia.org/wiki/December_5,December 5,Not stated in source,Wikipedia — December 5,Exact date as listed,Politics and governance,United Kingdom,Calendar system not specified by source,Target met,International,Secondary reference source,20,Verified against cited date-page entry,20,78
5,CE,1033,December,Date page uses modern date presentation; original calendar date is not stated.,,GHC-DEC-5-09,Disaster,"On 5 December 1033 CE, The Jordan Rift Valley earthquake destroys multiple cities across the Levant, triggers a tsunami and kills many.","The Jordan Rift Valley earthquake destroys multiple cities across the Levant, triggers a tsunami and kills many.",5 December 1033 CE,https://en.wikipedia.org/wiki/December_5,December 5,Not stated in source,Wikipedia — December 5,Exact date as listed,Disaster and accident,,Calendar system not specified by source,Target met,International,Secondary reference source,20,Verified against cited date-page entry,20,77
5,CE,1977,December,Date page uses modern date presentation; original calendar date is not stated.,Asia,GHC-DEC-5-10,Conflict / political violence,"On 5 December 1977 CE, Egypt breaks diplomatic relations with Syria, Libya, Algeria, Iraq and South Yemen in retaliation to preventing President Anwar el-Sadat from pursuing negotiations with Israel at the Tripoli confer.","Egypt breaks diplomatic relations with Syria, Libya, Algeria, Iraq and South Yemen in retaliation to preventing President Anwar el-Sadat from pursuing negotiations with Israel at the Tripoli confer.",5 December 1977 CE,https://en.wikipedia.org/wiki/December_5,December 5,Not stated in source,Wikipedia — December 5,Exact date as listed,Military and conflict,Iraq,Calendar system not specified by source,Target met,International,Secondary reference source,20,Verified against cited date-page entry,20,77
5,CE,1955,December,Date page uses modern date presentation; original calendar date is not stated.,,GHC-DEC-5-11,Legal and social change,"On 5 December 1955 CE, The Civil Rights Movement: the Montgomery bus boycott begins, led by E. D. Nixon and Rosa Parks.","The Civil Rights Movement: the Montgomery bus boycott begins, led by E. D. Nixon and Rosa Parks.",5 December 1955 CE,https://en.wikipedia.org/wiki/December_5,December 5,Not stated in source,Wikipedia — December 5,Exact date as listed,Law and society,,Calendar system not specified by source,Target met,International,Secondary reference source,20,Verified against cited date-page entry,20,76
5,CE,1943,December,Date page uses modern date presentation; original calendar date is not stated.,Europe,GHC-DEC-5-12,Conflict / political violence,"On 5 December 1943 CE, World War II: Allied air forces begin attacking Germany's secret weapons bases in Operation Crossbow.",World War II: Allied air forces begin attacking Germany's secret weapons bases in Operation Crossbow.,5 December 1943 CE,https://en.wikipedia.org/wiki/December_5,December 5,Not stated in source,Wikipedia — December 5,Exact date as listed,Military and conflict,Germany,Calendar system not specified by source,Target met,International,Secondary reference source,20,Verified against cited date-page entry,20,75
5,CE,1933,December,Date page uses modern date presentation; original calendar date is not stated.,North America,GHC-DEC-5-13,Political change,"On 5 December 1933 CE, The Twenty-first Amendment to the United States Constitution is ratified, repealing Prohibition in the United States.","The Twenty-first Amendment to the United States Constitution is ratified, repealing Prohibition in the United States.",5 December 1933 CE,https://en.wikipedia.org/wiki/December_5,December 5,Not stated in source,Wikipedia — December 5,Exact date as listed,Politics and governance,United States,Calendar system not specified by source,Target met,National / regional,Secondary reference source,20,Verified against cited date-page entry,20,73
5,CE,2001,December,Date page uses modern date presentation; original calendar date is not stated.,Global / transnational,GHC-DEC-5-14,Science / technology,"On 5 December 2001 CE, Space Shuttle Endeavour launches on STS-108, carrying the Expedition 4 crew to the International Space Station.","Space Shuttle Endeavour launches on STS-108, carrying the Expedition 4 crew to the International Space Station.",5 December 2001 CE,https://en.wikipedia.org/wiki/December_5,December 5,Not stated in source,Wikipedia — December 5,Exact date as listed,Science and technology,,Calendar system not specified by source,Target met,National / regional,Secondary reference source,20,Verified against cited date-page entry,20,71
5,CE,1082,December,Date page uses modern date presentation; original calendar date is not stated.,,GHC-DEC-5-15,Historical event,"On 5 December 1082 CE, Ramon Berenguer II, Count of Barcelona is assassinated, most likely by his brother, Berenguer Ramon II.","Ramon Berenguer II, Count of Barcelona is assassinated, most likely by his brother, Berenguer Ramon II.",5 December 1082 CE,https://en.wikipedia.org/wiki/December_5,December 5,Not stated in source,Wikipedia — December 5,Exact date as listed,General history,,Calendar system not specified by source,Target met,National / regional,Secondary reference source,20,Verified against cited date-page entry,20,65
5,CE,1560,December,Date page uses modern date presentation; original calendar date is not stated.,Europe,GHC-DEC-5-16,Political change,"On 5 December 1560 CE, Ten-year-old Charles IX becomes king of France, with Queen Mother Catherine de' Medici as regent.","Ten-year-old Charles IX becomes king of France, with Queen Mother Catherine de' Medici as regent.",5 December 1560 CE,https://en.wikipedia.org/wiki/December_5,December 5,Not stated in source,Wikipedia — December 5,Exact date as listed,Politics and governance,France,Calendar system not specified by source,Target met,National / regional,Secondary reference source,20,Verified against cited date-page entry,20,65
5,CE,1770,December,Date page uses modern date presentation; original calendar date is not stated.,,GHC-DEC-5-17,Conflict / political violence,"On 5 December 1770 CE, 29th Regiment of Foot privates Hugh Montgomery and Matthew Kilroy are found guilty for the manslaughter of Crispus Attucks and Samuel Gray respectively in the Boston Massacre.",29th Regiment of Foot privates Hugh Montgomery and Matthew Kilroy are found guilty for the manslaughter of Crispus Attucks and Samuel Gray respectively in the Boston Massacre.,5 December 1770 CE,https://en.wikipedia.org/wiki/December_5,December 5,Not stated in source,Wikipedia — December 5,Exact date as listed,Military and conflict,,Calendar system not specified by source,Target met,National / regional,Secondary reference source,20,Verified against cited date-page entry,20,65
5,CE,1865,December,Date page uses modern date presentation; original calendar date is not stated.,Europe,GHC-DEC-5-18,Conflict / political violence,"On 5 December 1865 CE, Chincha Islands War: Peru allies with Chile against Spain.",Chincha Islands War: Peru allies with Chile against Spain.,5 December 1865 CE,https://en.wikipedia.org/wiki/December_5,December 5,Not stated in source,Wikipedia — December 5,Exact date as listed,Military and conflict,Spain,Calendar system not specified by source,Target met,National / regional,Secondary reference source,20,Verified against cited date-page entry,20,65
5,CE,1941,December,Date page uses modern date presentation; original calendar date is not stated.,Europe,GHC-DEC-5-19,Conflict / political violence,"On 5 December 1941 CE, World War II: Great Britain declares war on Finland, Hungary and Romania.","World War II: Great Britain declares war on Finland, Hungary and Romania.",5 December 1941 CE,https://en.wikipedia.org/wiki/December_5,December 5,Not stated in source,Wikipedia — December 5,Exact date as listed,Military and conflict,Romania,Calendar system not specified by source,Target met,National / regional,Secondary reference source,20,Verified against cited date-page entry,20,65
5,CE,1958,December,Date page uses modern date presentation; original calendar date is not stated.,Europe,GHC-DEC-5-20,Political change,"On 5 December 1958 CE, Subscriber Trunk Dialling (STD) is inaugurated in the United Kingdom by Queen Elizabeth II when she speaks to the Lord Provost in a call from Bristol to Edinburgh.",Subscriber Trunk Dialling (STD) is inaugurated in the United Kingdom by Queen Elizabeth II when she speaks to the Lord Provost in a call from Bristol to Edinburgh.,5 December 1958 CE,https://en.wikipedia.org/wiki/December_5,December 5,Not stated in source,Wikipedia — December 5,Exact date as listed,Politics and governance,United Kingdom,Calendar system not specified by source,Target met,National / regional,Secondary reference source,20,Verified against cited date-page entry,20,65
6,CE,1803,December,Date page uses modern date presentation; original calendar date is not stated.,Europe,GHC-DEC-6-01,Conflict / political violence,"On 6 December 1803 CE, Five French warships attempting to escape the Royal Naval blockade of Saint-Domingue are all seized by British warships, signifying the end of the Haitian Revolution.","Five French warships attempting to escape the Royal Naval blockade of Saint-Domingue are all seized by British warships, signifying the end of the Haitian Revolution.",6 December 1803 CE,https://en.wikipedia.org/wiki/December_6,December 6,Not stated in source,Wikipedia — December 6,Exact date as listed,Military and conflict,United Kingdom,Calendar system not specified by source,Target met,International,Secondary reference source,20,Verified against cited date-page entry,20,87
6,CE,1939,December,Date page uses modern date presentation; original calendar date is not stated.,,GHC-DEC-6-02,Conflict / political violence,"On 6 December 1939 CE, Winter War: The Red Army's advance on the Karelian Isthmus is stopped by Finns at the Mannerheim Line during the Battle of Taipale.",Winter War: The Red Army's advance on the Karelian Isthmus is stopped by Finns at the Mannerheim Line during the Battle of Taipale.,6 December 1939 CE,https://en.wikipedia.org/wiki/December_6,December 6,Not stated in source,Wikipedia — December 6,Exact date as listed,Military and conflict,,Calendar system not specified by source,Target met,International,Secondary reference source,20,Verified against cited date-page entry,20,85
6,CE,1957,December,Date page uses modern date presentation; original calendar date is not stated.,North America,GHC-DEC-6-03,Conflict / political violence,"On 6 December 1957 CE, Project Vanguard: A launchpad explosion of Vanguard TV3 thwarts the first United States attempt to launch a satellite into Earth orbit.",Project Vanguard: A launchpad explosion of Vanguard TV3 thwarts the first United States attempt to launch a satellite into Earth orbit.,6 December 1957 CE,https://en.wikipedia.org/wiki/December_6,December 6,Not stated in source,Wikipedia — December 6,Exact date as listed,Military and conflict,United States,Calendar system not specified by source,Target met,International,Secondary reference source,20,Verified against cited date-page entry,20,85
6,CE,1917,December,Date page uses modern date presentation; original calendar date is not stated.,Europe,GHC-DEC-6-04,Political change,"On 6 December 1917 CE, Finland declares independence from the Russian Empire.",Finland declares independence from the Russian Empire.,6 December 1917 CE,https://en.wikipedia.org/wiki/December_6,December 6,Not stated in source,Wikipedia — December 6,Exact date as listed,Politics and governance,Russia,Calendar system not specified by source,Target met,International,Secondary reference source,20,Verified against cited date-page entry,20,83
6,CE,1941,December,Date page uses modern date presentation; original calendar date is not stated.,North America,GHC-DEC-6-05,Conflict / political violence,"On 6 December 1941 CE, World War II: Camp X opens in Canada to begin training Allied secret agents for the war.",World War II: Camp X opens in Canada to begin training Allied secret agents for the war.,6 December 1941 CE,https://en.wikipedia.org/wiki/December_6,December 6,Not stated in source,Wikipedia — December 6,Exact date as listed,Military and conflict,Canada,Calendar system not specified by source,Target met,International,Secondary reference source,20,Verified against cited date-page entry,20,75
6,CE,1917,December,Date page uses modern date presentation; original calendar date is not stated.,North America,GHC-DEC-6-06,Conflict / political violence,"On 6 December 1917 CE, World War I: USS Jacob Jones is the first American destroyer to be sunk by enemy action when it is torpedoed by German submarine SM U-53.",World War I: USS Jacob Jones is the first American destroyer to be sunk by enemy action when it is torpedoed by German submarine SM U-53.,6 December 1917 CE,https://en.wikipedia.org/wiki/December_6,December 6,Not stated in source,Wikipedia — December 6,Exact date as listed,Military and conflict,United States,Calendar system not specified by source,Target met,National / regional,Secondary reference source,20,Verified against cited date-page entry,20,73
6,CE,1977,December,Date page uses modern date presentation; original calendar date is not stated.,Africa,GHC-DEC-6-07,Political change,"On 6 December 1977 CE, South Africa grants independence to Bophuthatswana, although it is not recognized by any other country.","South Africa grants independence to Bophuthatswana, although it is not recognized by any other country.",6 December 1977 CE,https://en.wikipedia.org/wiki/December_6,December 6,Not stated in source,Wikipedia — December 6,Exact date as listed,Politics and governance,South Africa,Calendar system not specified by source,Target met,National / regional,Secondary reference source,20,Verified against cited date-page entry,20,69
6,CE,1998,December,Date page uses modern date presentation; original calendar date is not stated.,South America,GHC-DEC-6-08,Political change,"On 6 December 1998 CE, in Venezuela, Hugo Chávez is victorious in presidential elections.","in Venezuela, Hugo Chávez is victorious in presidential elections.",6 December 1998 CE,https://en.wikipedia.org/wiki/December_6,December 6,Not stated in source,Wikipedia — December 6,Exact date as listed,Politics and governance,Venezuela,Calendar system not specified by source,Target met,National / regional,Secondary reference source,20,Verified against cited date-page entry,20,69
6,CE,1060,December,Date page uses modern date presentation; original calendar date is not stated.,Europe,GHC-DEC-6-09,Political change,"On 6 December 1060 CE, Béla I is crowned king of Hungary.",Béla I is crowned king of Hungary.,6 December 1060 CE,https://en.wikipedia.org/wiki/December_6,December 6,Not stated in source,Wikipedia — December 6,Exact date as listed,Politics and governance,Hungary,Calendar system not specified by source,Target met,National / regional,Secondary reference source,20,Verified against cited date-page entry,20,67
6,CE,1648,December,Date page uses modern date presentation; original calendar date is not stated.,,GHC-DEC-6-10,Political change,"On 6 December 1648 CE, Pride's Purge removes royalist sympathizers from Parliament so that the High Court of Justice could put the King on trial.",Pride's Purge removes royalist sympathizers from Parliament so that the High Court of Justice could put the King on trial.,6 December 1648 CE,https://en.wikipedia.org/wiki/December_6,December 6,Not stated in source,Wikipedia — December 6,Exact date as listed,Politics and governance,,Calendar system not specified by source,Target met,National / regional,Secondary reference source,20,Verified against cited date-page entry,20,67
6,CE,1921,December,Date page uses modern date presentation; original calendar date is not stated.,Europe,GHC-DEC-6-11,Political change,"On 6 December 1921 CE, The Anglo-Irish Treaty is signed in London by British and Irish representatives.",The Anglo-Irish Treaty is signed in London by British and Irish representatives.,6 December 1921 CE,https://en.wikipedia.org/wiki/December_6,December 6,Not stated in source,Wikipedia — December 6,Exact date as listed,Politics and governance,United Kingdom,Calendar system not specified by source,Target met,National / regional,Secondary reference source,20,Verified against cited date-page entry,20,67
6,CE,1922,December,Date page uses modern date presentation; original calendar date is not stated.,Europe,GHC-DEC-6-12,Political change,"On 6 December 1922 CE, Ireland is partitioned, with Northern Ireland and the Irish Free State coming into existence, one year to the day after the signing of the Anglo-Irish Treaty.","Ireland is partitioned, with Northern Ireland and the Irish Free State coming into existence, one year to the day after the signing of the Anglo-Irish Treaty.",6 December 1922 CE,https://en.wikipedia.org/wiki/December_6,December 6,Not stated in source,Wikipedia — December 6,Exact date as listed,Politics and governance,Ireland,Calendar system not specified by source,Target met,National / regional,Secondary reference source,20,Verified against cited date-page entry,20,67
6,CE,1928,December,Date page uses modern date presentation; original calendar date is not stated.,South America,GHC-DEC-6-13,Conflict / political violence,"On 6 December 1928 CE, The government of Colombia sends military forces to suppress a month-long strike by United Fruit Company workers, resulting in an unknown number of deaths.","The government of Colombia sends military forces to suppress a month-long strike by United Fruit Company workers, resulting in an unknown number of deaths.",6 December 1928 CE,https://en.wikipedia.org/wiki/December_6,December 6,Not stated in source,Wikipedia — December 6,Exact date as listed,Military and conflict,Colombia,Calendar system not specified by source,Target met,National / regional,Secondary reference source,20,Verified against cited date-page entry,20,67
6,CE,1956,December,Date page uses modern date presentation; original calendar date is not stated.,Europe,GHC-DEC-6-14,Historical event,"On 6 December 1956 CE, A violent water polo match between Hungary and the USSR takes place during the 1956 Summer Olympics in Melbourne, against the backdrop of the Hungarian Revolution of 1956.","A violent water polo match between Hungary and the USSR takes place during the 1956 Summer Olympics in Melbourne, against the backdrop of the Hungarian Revolution of 1956.",6 December 1956 CE,https://en.wikipedia.org/wiki/December_6,December 6,Not stated in source,Wikipedia — December 6,Exact date as listed,General history,Hungary,Calendar system not specified by source,Target met,National / regional,Secondary reference source,20,Verified against cited date-page entry,20,67
6,CE,1240,December,Date page uses modern date presentation; original calendar date is not stated.,,GHC-DEC-6-15,Conflict / political violence,"On 6 December 1240 CE, Mongol invasion of Rus': Kyiv, defended by Voivode Dmytro, falls to the Mongols under Batu Khan.","Mongol invasion of Rus': Kyiv, defended by Voivode Dmytro, falls to the Mongols under Batu Khan.",6 December 1240 CE,https://en.wikipedia.org/wiki/December_6,December 6,Not stated in source,Wikipedia — December 6,Exact date as listed,Military and conflict,,Calendar system not specified by source,Target met,National / regional,Secondary reference source,20,Verified against cited date-page entry,20,65
6,CE,1745,December,Date page uses modern date presentation; original calendar date is not stated.,,GHC-DEC-6-16,Conflict / political violence,"On 6 December 1745 CE, Charles Edward Stuart's army begins retreat during the second Jacobite Rising.",Charles Edward Stuart's army begins retreat during the second Jacobite Rising.,6 December 1745 CE,https://en.wikipedia.org/wiki/December_6,December 6,Not stated in source,Wikipedia — December 6,Exact date as listed,Military and conflict,,Calendar system not specified by source,Target met,National / regional,Secondary reference source,20,Verified against cited date-page entry,20,65
6,CE,1865,December,Date page uses modern date presentation; original calendar date is not stated.,,GHC-DEC-6-17,Political change,"On 6 December 1865 CE, Georgia ratifies the 13th Amendment to the U.S. Constitution.",Georgia ratifies the 13th Amendment to the U.S. Constitution.,6 December 1865 CE,https://en.wikipedia.org/wiki/December_6,December 6,Not stated in source,Wikipedia — December 6,Exact date as listed,Politics and governance,,Calendar system not specified by source,Target met,National / regional,Secondary reference source,20,Verified against cited date-page entry,20,65
6,CE,1916,December,Date page uses modern date presentation; original calendar date is not stated.,Global / transnational,GHC-DEC-6-18,Conflict / political violence,"On 6 December 1916 CE, World War I: The Central Powers capture Bucharest.",World War I: The Central Powers capture Bucharest.,6 December 1916 CE,https://en.wikipedia.org/wiki/December_6,December 6,Not stated in source,Wikipedia — December 6,Exact date as listed,Military and conflict,,Calendar system not specified by source,Target met,National / regional,Secondary reference source,20,Verified against cited date-page entry,20,65
6,CE,1971,December,Date page uses modern date presentation; original calendar date is not stated.,Asia,GHC-DEC-6-19,Conflict / political violence,"On 6 December 1971 CE, Pakistan severs diplomatic relations with India, initiating the Indo-Pakistani War of 1971.","Pakistan severs diplomatic relations with India, initiating the Indo-Pakistani War of 1971.",6 December 1971 CE,https://en.wikipedia.org/wiki/December_6,December 6,Not stated in source,Wikipedia — December 6,Exact date as listed,Military and conflict,India,Calendar system not specified by source,Target met,National / regional,Secondary reference source,20,Verified against cited date-page entry,20,65
6,CE,1978,December,Date page uses modern date presentation; original calendar date is not stated.,Europe,GHC-DEC-6-20,Political change,"On 6 December 1978 CE, Spain ratifies the Spanish Constitution of 1978 in a referendum.",Spain ratifies the Spanish Constitution of 1978 in a referendum.,6 December 1978 CE,https://en.wikipedia.org/wiki/December_6,December 6,Not stated in source,Wikipedia — December 6,Exact date as listed,Politics and governance,Spain,Calendar system not specified by source,Target met,National / regional,Secondary reference source,20,Verified against cited date-page entry,20,65
7,CE,1787,December,Date page uses modern date presentation; original calendar date is not stated.,North America,GHC-DEC-7-01,Conflict / political violence,"On 7 December 1787 CE, Delaware becomes the first state to ratify the United States Constitution.",Delaware becomes the first state to ratify the United States Constitution.,7 December 1787 CE,https://en.wikipedia.org/wiki/December_7,December 7,Not stated in source,Wikipedia — December 7,Exact date as listed,Military and conflict,United States,Calendar system not specified by source,Target met,International / transnational,Secondary reference source,20,Verified against cited date-page entry,20,100
7,CE,1949,December,Date page uses modern date presentation; original calendar date is not stated.,Asia,GHC-DEC-7-02,Conflict / political violence,"On 7 December 1949 CE, Chinese Civil War: The Government of the Republic of China moves from Nanjing to Taipei, Taiwan.","Chinese Civil War: The Government of the Republic of China moves from Nanjing to Taipei, Taiwan.",7 December 1949 CE,https://en.wikipedia.org/wiki/December_7,December 7,Not stated in source,Wikipedia — December 7,Exact date as listed,Military and conflict,China,Calendar system not specified by source,Target met,International,Secondary reference source,20,Verified against cited date-page entry,20,80
7,CE,1944,December,Date page uses modern date presentation; original calendar date is not stated.,Asia,GHC-DEC-7-03,Disaster,"On 7 December 1944 CE, An earthquake along the coast of Wakayama Prefecture in Japan causes a tsunami which kills 1,223 people.","An earthquake along the coast of Wakayama Prefecture in Japan causes a tsunami which kills 1,223 people.",7 December 1944 CE,https://en.wikipedia.org/wiki/December_7,December 7,Not stated in source,Wikipedia — December 7,Exact date as listed,Disaster and accident,Japan,Calendar system not specified by source,Target met,International,Secondary reference source,20,Verified against cited date-page entry,20,77
7,CE,1904,December,Date page uses modern date presentation; original calendar date is not stated.,,GHC-DEC-7-04,Conflict / political violence,"On 7 December 1904 CE, Comparative fuel trials begin between warships HMS Spiteful and HMS Peterel: Spiteful was the first warship powered solely by fuel oil, and the trials led to the obsolescence of coal in ships of the Royal Navy.","Comparative fuel trials begin between warships HMS Spiteful and HMS Peterel: Spiteful was the first warship powered solely by fuel oil, and the trials led to the obsolescence of coal in ships of the Royal Navy.",7 December 1904 CE,https://en.wikipedia.org/wiki/December_7,December 7,Not stated in source,Wikipedia — December 7,Exact date as listed,Military and conflict,,Calendar system not specified by source,Target met,National / regional,Secondary reference source,20,Verified against cited date-page entry,20,73
7,CE,1987,December,Date page uses modern date presentation; original calendar date is not stated.,Europe,GHC-DEC-7-05,Disaster,"On 7 December 1987 CE, Pacific Southwest Airlines Flight 1771, a British Aerospace 146-200A, crashes near Paso Robles, California, killing all 43 on board, after a disgruntled passenger shoots his ex-boss traveling on the flight, then shoots both pilots and steers the plane into the ground.","Pacific Southwest Airlines Flight 1771, a British Aerospace 146-200A, crashes near Paso Robles, California, killing all 43 on board, after a disgruntled passenger shoots his ex-boss traveling on the flight, then shoots both pilots and steers the plane into the ground.",7 December 1987 CE,https://en.wikipedia.org/wiki/December_7,December 7,Not stated in source,Wikipedia — December 7,Exact date as listed,Disaster and accident,United Kingdom,Calendar system not specified by source,Target met,National / regional,Secondary reference source,20,Verified against cited date-page entry,20,72
7,CE,1995,December,Date page uses modern date presentation; original calendar date is not stated.,,GHC-DEC-7-06,Science / technology,"On 7 December 1995 CE, The Galileo spacecraft arrives at Jupiter, a little more than six years after it was launched by Space Shuttle Atlantis during Mission STS-34.","The Galileo spacecraft arrives at Jupiter, a little more than six years after it was launched by Space Shuttle Atlantis during Mission STS-34.",7 December 1995 CE,https://en.wikipedia.org/wiki/December_7,December 7,Not stated in source,Wikipedia — December 7,Exact date as listed,Science and technology,,Calendar system not specified by source,Target met,National / regional,Secondary reference source,20,Verified against cited date-page entry,20,71
7,CE,1971,December,Date page uses modern date presentation; original calendar date is not stated.,Asia,GHC-DEC-7-07,Political change,"On 7 December 1971 CE, Pakistan President Yahya Khan announces the formation of a coalition government with Nurul Amin as Prime Minister and Zulfikar Ali Bhutto as Deputy Prime Minister.",Pakistan President Yahya Khan announces the formation of a coalition government with Nurul Amin as Prime Minister and Zulfikar Ali Bhutto as Deputy Prime Minister.,7 December 1971 CE,https://en.wikipedia.org/wiki/December_7,December 7,Not stated in source,Wikipedia — December 7,Exact date as listed,Politics and governance,Pakistan,Calendar system not specified by source,Target met,National / regional,Secondary reference source,20,Verified against cited date-page entry,20,69
7,CE,1922,December,Date page uses modern date presentation; original calendar date is not stated.,Europe,GHC-DEC-7-08,Political change,"On 7 December 1922 CE, The Parliament of Northern Ireland votes to remain a part of the United Kingdom and not unify with Southern Ireland.",The Parliament of Northern Ireland votes to remain a part of the United Kingdom and not unify with Southern Ireland.,7 December 1922 CE,https://en.wikipedia.org/wiki/December_7,December 7,Not stated in source,Wikipedia — December 7,Exact date as listed,Politics and governance,United Kingdom,Calendar system not specified by source,Target met,National / regional,Secondary reference source,20,Verified against cited date-page entry,20,67
7,CE,1837,December,Date page uses modern date presentation; original calendar date is not stated.,North America,GHC-DEC-7-09,Conflict / political violence,"On 7 December 1837 CE, The Battle of Montgomery's Tavern, the only battle of the Upper Canada Rebellion, takes place in Toronto, where the rebels are quickly defeated.","The Battle of Montgomery's Tavern, the only battle of the Upper Canada Rebellion, takes place in Toronto, where the rebels are quickly defeated.",7 December 1837 CE,https://en.wikipedia.org/wiki/December_7,December 7,Not stated in source,Wikipedia — December 7,Exact date as listed,Military and conflict,Canada,Calendar system not specified by source,Target met,National / regional,Secondary reference source,20,Verified against cited date-page entry,20,65
7,CE,1842,December,Date page uses modern date presentation; original calendar date is not stated.,,GHC-DEC-7-10,Institutional development,"On 7 December 1842 CE, First concert of the New York Philharmonic, founded by Ureli Corelli Hill.","First concert of the New York Philharmonic, founded by Ureli Corelli Hill.",7 December 1842 CE,https://en.wikipedia.org/wiki/December_7,December 7,Not stated in source,Wikipedia — December 7,Exact date as listed,"Culture, education and institutions",,Calendar system not specified by source,Target met,National / regional,Secondary reference source,20,Verified against cited date-page entry,20,65
7,CE,1917,December,Date page uses modern date presentation; original calendar date is not stated.,North America,GHC-DEC-7-11,Conflict / political violence,"On 7 December 1917 CE, World War I: The United States declares war on Austria-Hungary.",World War I: The United States declares war on Austria-Hungary.,7 December 1917 CE,https://en.wikipedia.org/wiki/December_7,December 7,Not stated in source,Wikipedia — December 7,Exact date as listed,Military and conflict,United States,Calendar system not specified by source,Target met,National / regional,Secondary reference source,20,Verified against cited date-page entry,20,65
7,CE,1941,December,Date page uses modern date presentation; original calendar date is not stated.,North America,GHC-DEC-7-12,Conflict / political violence,"On 7 December 1941 CE, World War II: Attack on Pearl Harbor: The Imperial Japanese Navy carries out a surprise attack on the United States Pacific Fleet and its defending Army and Marine air forces at Pearl Harbor, Hawaii. (For Japan's near-simultaneous attacks on Eastern Hemisphere targets, see December 8.)","World War II: Attack on Pearl Harbor: The Imperial Japanese Navy carries out a surprise attack on the United States Pacific Fleet and its defending Army and Marine air forces at Pearl Harbor, Hawaii. (For Japan's near-simultaneous attacks on Eastern Hemisphere targets, see December 8.)",7 December 1941 CE,https://en.wikipedia.org/wiki/December_7,December 7,Not stated in source,Wikipedia — December 7,Exact date as listed,Military and conflict,United States,Calendar system not specified by source,Target met,National / regional,Secondary reference source,20,Verified against cited date-page entry,20,65
7,CE,1942,December,Date page uses modern date presentation; original calendar date is not stated.,Europe,GHC-DEC-7-13,Conflict / political violence,"On 7 December 1942 CE, World War II: British commandos conduct Operation Frankton, a raid on shipping in Bordeaux harbour.","World War II: British commandos conduct Operation Frankton, a raid on shipping in Bordeaux harbour.",7 December 1942 CE,https://en.wikipedia.org/wiki/December_7,December 7,Not stated in source,Wikipedia — December 7,Exact date as listed,Military and conflict,United Kingdom,Calendar system not specified by source,Target met,National / regional,Secondary reference source,20,Verified against cited date-page entry,20,65
7,CE,1962,December,Date page uses modern date presentation; original calendar date is not stated.,,GHC-DEC-7-14,Political change,"On 7 December 1962 CE, Prince Rainier III of Monaco revises the principality's constitution, devolving some of his power to advisory and legislative councils.","Prince Rainier III of Monaco revises the principality's constitution, devolving some of his power to advisory and legislative councils.",7 December 1962 CE,https://en.wikipedia.org/wiki/December_7,December 7,Not stated in source,Wikipedia — December 7,Exact date as listed,Politics and governance,,Calendar system not specified by source,Target met,National / regional,Secondary reference source,20,Verified against cited date-page entry,20,65
7,CE,1971,December,Date page uses modern date presentation; original calendar date is not stated.,Asia,GHC-DEC-7-15,Conflict / political violence,"On 7 December 1971 CE, The Battle of Sylhet is fought between the Pakistani military and the Indian Army.",The Battle of Sylhet is fought between the Pakistani military and the Indian Army.,7 December 1971 CE,https://en.wikipedia.org/wiki/December_7,December 7,Not stated in source,Wikipedia — December 7,Exact date as listed,Military and conflict,India,Calendar system not specified by source,Target met,National / regional,Secondary reference source,20,Verified against cited date-page entry,20,65
7,CE,1988,December,Date page uses modern date presentation; original calendar date is not stated.,,GHC-DEC-7-16,Disaster,"On 7 December 1988 CE, The 6.8 M s Armenian earthquake shakes the northern part of the country with a maximum MSK intensity of X (Devastating), killing 25,000–50,000 and injuring 31,000–130,000.","The 6.8 M s Armenian earthquake shakes the northern part of the country with a maximum MSK intensity of X (Devastating), killing 25,000–50,000 and injuring 31,000–130,000.",7 December 1988 CE,https://en.wikipedia.org/wiki/December_7,December 7,Not stated in source,Wikipedia — December 7,Exact date as listed,Disaster and accident,,Calendar system not specified by source,Target met,National / regional,Secondary reference source,20,Verified against cited date-page entry,20,63
7,CE,1946,December,Date page uses modern date presentation; original calendar date is not stated.,,GHC-DEC-7-17,Disaster,"On 7 December 1946 CE, A fire at the Winecoff Hotel in Atlanta, Georgia kills 119 people, the deadliest hotel fire in U.S. history.","A fire at the Winecoff Hotel in Atlanta, Georgia kills 119 people, the deadliest hotel fire in U.S. history.",7 December 1946 CE,https://en.wikipedia.org/wiki/December_7,December 7,Not stated in source,Wikipedia — December 7,Exact date as listed,Disaster and accident,,Calendar system not specified by source,Target met,National / regional,Secondary reference source,20,Verified against cited date-page entry,20,59
7,CE,1995,December,Date page uses modern date presentation; original calendar date is not stated.,,GHC-DEC-7-18,Disaster,"On 7 December 1995 CE, Khabarovsk United Air Group Flight 3949 crashes into the Bo-Dzhausa Mountain, killing 98.","Khabarovsk United Air Group Flight 3949 crashes into the Bo-Dzhausa Mountain, killing 98.",7 December 1995 CE,https://en.wikipedia.org/wiki/December_7,December 7,Not stated in source,Wikipedia — December 7,Exact date as listed,Disaster and accident,,Calendar system not specified by source,Target met,National / regional,Secondary reference source,20,Verified against cited date-page entry,20,58
7,CE,1995,December,Date page uses modern date presentation; original calendar date is not stated.,Caribbean,GHC-DEC-7-19,Disaster,"On 7 December 1995 CE, An Air Saint Martin (now Air Caraïbes) Beechcraft 1900 crashes near the Haitian commune of Belle Anse, killing 20.","An Air Saint Martin (now Air Caraïbes) Beechcraft 1900 crashes near the Haitian commune of Belle Anse, killing 20.",7 December 1995 CE,https://en.wikipedia.org/wiki/December_7,December 7,Not stated in source,Wikipedia — December 7,Exact date as listed,Disaster and accident,Haiti,Calendar system not specified by source,Target met,National / regional,Secondary reference source,20,Verified against cited date-page entry,20,58
7,CE,1972,December,Date page uses modern date presentation; original calendar date is not stated.,,GHC-DEC-7-20,Science / technology,"On 7 December 1972 CE, Apollo 17, the last Apollo Moon mission, is launched. The crew takes the photograph known as The Blue Marble as they leave the Earth.","Apollo 17, the last Apollo Moon mission, is launched. The crew takes the photograph known as The Blue Marble as they leave the Earth.",7 December 1972 CE,https://en.wikipedia.org/wiki/December_7,December 7,Not stated in source,Wikipedia — December 7,Exact date as listed,Science and technology,,Calendar system not specified by source,Target met,National / regional,Secondary reference source,20,Verified against cited date-page entry,20,57
8,CE,1987,December,Date page uses modern date presentation; original calendar date is not stated.,Europe,GHC-DEC-8-01,Conflict / political violence,"On 8 December 1987 CE, Cold War: The Intermediate-Range Nuclear Forces Treaty is signed by U.S. President Ronald Reagan and Soviet leader Mikhail Gorbachev in the White House.",Cold War: The Intermediate-Range Nuclear Forces Treaty is signed by U.S. President Ronald Reagan and Soviet leader Mikhail Gorbachev in the White House.,8 December 1987 CE,https://en.wikipedia.org/wiki/December_8,December 8,Not stated in source,Wikipedia — December 8,Exact date as listed,Military and conflict,Russia,Calendar system not specified by source,Target met,International / transnational,Secondary reference source,20,Verified against cited date-page entry,20,100
8,CE,1851,December,Date page uses modern date presentation; original calendar date is not stated.,South America,GHC-DEC-8-02,Conflict / political violence,"On 8 December 1851 CE, Conservative Santiago-based government troops defeat rebels at the Battle of Loncomilla, signaling the end of the 1851 Chilean Revolution.","Conservative Santiago-based government troops defeat rebels at the Battle of Loncomilla, signaling the end of the 1851 Chilean Revolution.",8 December 1851 CE,https://en.wikipedia.org/wiki/December_8,December 8,Not stated in source,Wikipedia — December 8,Exact date as listed,Military and conflict,Chile,Calendar system not specified by source,Target met,International,Secondary reference source,20,Verified against cited date-page entry,20,87
8,CE,1914,December,Date page uses modern date presentation; original calendar date is not stated.,Europe,GHC-DEC-8-03,Conflict / political violence,"On 8 December 1914 CE, World War I: A squadron of Britain's Royal Navy defeats the Imperial German East Asia Squadron in the Battle of the Falkland Islands in the South Atlantic.",World War I: A squadron of Britain's Royal Navy defeats the Imperial German East Asia Squadron in the Battle of the Falkland Islands in the South Atlantic.,8 December 1914 CE,https://en.wikipedia.org/wiki/December_8,December 8,Not stated in source,Wikipedia — December 8,Exact date as listed,Military and conflict,Germany,Calendar system not specified by source,Target met,International,Secondary reference source,20,Verified against cited date-page entry,20,85
8,CE,1943,December,Date page uses modern date presentation; original calendar date is not stated.,Europe,GHC-DEC-8-04,Conflict / political violence,"On 8 December 1943 CE, World War II: The German 117th Jäger Division destroys the monastery of Mega Spilaio in Greece and executes 22 monks and visitors as part of reprisals that culminated a few days later with the Massacre of Kalavryta.",World War II: The German 117th Jäger Division destroys the monastery of Mega Spilaio in Greece and executes 22 monks and visitors as part of reprisals that culminated a few days later with the Massacre of Kalavryta.,8 December 1943 CE,https://en.wikipedia.org/wiki/December_8,December 8,Not stated in source,Wikipedia — December 8,Exact date as listed,Military and conflict,Germany,Calendar system not specified by source,Target met,International,Secondary reference source,20,Verified against cited date-page entry,20,85
8,CE,1912,December,Date page uses modern date presentation; original calendar date is not stated.,Europe,GHC-DEC-8-05,Conflict / political violence,"On 8 December 1912 CE, Leaders of the German Empire hold an Imperial War Council to discuss the possibility that war might break out.",Leaders of the German Empire hold an Imperial War Council to discuss the possibility that war might break out.,8 December 1912 CE,https://en.wikipedia.org/wiki/December_8,December 8,Not stated in source,Wikipedia — December 8,Exact date as listed,Military and conflict,Germany,Calendar system not specified by source,Target met,International,Secondary reference source,20,Verified against cited date-page entry,20,79
8,CE,1941,December,Date page uses modern date presentation; original calendar date is not stated.,Asia,GHC-DEC-8-06,Conflict / political violence,"On 8 December 1941 CE, World War II: U.S. President Franklin D. Roosevelt declares December 7 to be "" a date which will live in infamy"", after which the U.S. declares war on Japan.","World War II: U.S. President Franklin D. Roosevelt declares December 7 to be "" a date which will live in infamy"", after which the U.S. declares war on Japan.",8 December 1941 CE,https://en.wikipedia.org/wiki/December_8,December 8,Not stated in source,Wikipedia — December 8,Exact date as listed,Military and conflict,Japan,Calendar system not specified by source,Target met,International,Secondary reference source,20,Verified against cited date-page entry,20,77
8,CE,1971,December,Date page uses modern date presentation; original calendar date is not stated.,Asia,GHC-DEC-8-07,Conflict / political violence,"On 8 December 1971 CE, Indo-Pakistani War: The Indian Navy launches an attack on West Pakistan's port city of Karachi.",Indo-Pakistani War: The Indian Navy launches an attack on West Pakistan's port city of Karachi.,8 December 1971 CE,https://en.wikipedia.org/wiki/December_8,December 8,Not stated in source,Wikipedia — December 8,Exact date as listed,Military and conflict,India,Calendar system not specified by source,Target met,International,Secondary reference source,20,Verified against cited date-page entry,20,77
8,CE,1991,December,Date page uses modern date presentation; original calendar date is not stated.,Europe,GHC-DEC-8-08,Political change,"On 8 December 1991 CE, The leaders of Russia, Belarus and Ukraine sign an agreement dissolving the Soviet Union and establishing the Commonwealth of Independent States.","The leaders of Russia, Belarus and Ukraine sign an agreement dissolving the Soviet Union and establishing the Commonwealth of Independent States.",8 December 1991 CE,https://en.wikipedia.org/wiki/December_8,December 8,Not stated in source,Wikipedia — December 8,Exact date as listed,Politics and governance,Russia,Calendar system not specified by source,Target met,International,Secondary reference source,20,Verified against cited date-page entry,20,77
8,CE,1854,December,Date page uses modern date presentation; original calendar date is not stated.,,GHC-DEC-8-09,Political change,"On 8 December 1854 CE, In his Apostolic constitution Ineffabilis Deus, Pope Pius IX proclaims the dogmatic definition of Immaculate Conception, which holds that the Blessed Virgin Mary was conceived free of Original Sin.","In his Apostolic constitution Ineffabilis Deus, Pope Pius IX proclaims the dogmatic definition of Immaculate Conception, which holds that the Blessed Virgin Mary was conceived free of Original Sin.",8 December 1854 CE,https://en.wikipedia.org/wiki/December_8,December 8,Not stated in source,Wikipedia — December 8,Exact date as listed,Politics and governance,,Calendar system not specified by source,Target met,International,Secondary reference source,20,Verified against cited date-page entry,20,75
8,CE,1941,December,Date page uses modern date presentation; original calendar date is not stated.,Asia,GHC-DEC-8-10,Conflict / political violence,"On 8 December 1941 CE, World War II: Japanese forces simultaneously invade Shanghai International Settlement, Malaya, Thailand, Hong Kong, the Philippines, and the Dutch East Indies. (See December 7 for the concurrent attack on Pearl Harbor in the Western Hemisphere.)","World War II: Japanese forces simultaneously invade Shanghai International Settlement, Malaya, Thailand, Hong Kong, the Philippines, and the Dutch East Indies. (See December 7 for the concurrent attack on Pearl Harbor in the Western Hemisphere.)",8 December 1941 CE,https://en.wikipedia.org/wiki/December_8,December 8,Not stated in source,Wikipedia — December 8,Exact date as listed,Military and conflict,Japan,Calendar system not specified by source,Target met,National / regional,Secondary reference source,20,Verified against cited date-page entry,20,73
8,CE,1953,December,Date page uses modern date presentation; original calendar date is not stated.,North America,GHC-DEC-8-11,Political change,"On 8 December 1953 CE, U.S. President Dwight D. Eisenhower delivers his "" Atoms for Peace"" speech, which leads to an American program to supply equipment and information on nuclear power to schools, hospitals, and research institutions around the world.","U.S. President Dwight D. Eisenhower delivers his "" Atoms for Peace"" speech, which leads to an American program to supply equipment and information on nuclear power to schools, hospitals, and research institutions around the world.",8 December 1953 CE,https://en.wikipedia.org/wiki/December_8,December 8,Not stated in source,Wikipedia — December 8,Exact date as listed,Politics and governance,United States,Calendar system not specified by source,Target met,National / regional,Secondary reference source,20,Verified against cited date-page entry,20,73
8,CE,1985,December,Date page uses modern date presentation; original calendar date is not stated.,,GHC-DEC-8-12,Political change,"On 8 December 1985 CE, The South Asian Association for Regional Cooperation, the regional intergovernmental organization and geopolitical union in South Asia, is established.","The South Asian Association for Regional Cooperation, the regional intergovernmental organization and geopolitical union in South Asia, is established.",8 December 1985 CE,https://en.wikipedia.org/wiki/December_8,December 8,Not stated in source,Wikipedia — December 8,Exact date as listed,Politics and governance,,Calendar system not specified by source,Target met,National / regional,Secondary reference source,20,Verified against cited date-page entry,20,73
8,CE,1969,December,Date page uses modern date presentation; original calendar date is not stated.,Europe,GHC-DEC-8-13,Disaster,"On 8 December 1969 CE, Olympic Airways Flight 954 strikes a mountain outside of Keratea, Greece, killing 90 people in the worst crash of a Douglas DC-6 in history.","Olympic Airways Flight 954 strikes a mountain outside of Keratea, Greece, killing 90 people in the worst crash of a Douglas DC-6 in history.",8 December 1969 CE,https://en.wikipedia.org/wiki/December_8,December 8,Not stated in source,Wikipedia — December 8,Exact date as listed,Disaster and accident,Greece,Calendar system not specified by source,Target met,National / regional,Secondary reference source,20,Verified against cited date-page entry,20,68
8,CE,877,December,Date page uses modern date presentation; original calendar date is not stated.,,GHC-DEC-8-14,Political change,"On 8 December 877 CE, Louis the Stammerer (son of Charles the Bald) is crowned king of the West Frankish Kingdom at Compiègne.",Louis the Stammerer (son of Charles the Bald) is crowned king of the West Frankish Kingdom at Compiègne.,8 December 877 CE,https://en.wikipedia.org/wiki/December_8,December 8,Not stated in source,Wikipedia — December 8,Exact date as listed,Politics and governance,,Calendar system not specified by source,Target met,National / regional,Secondary reference source,20,Verified against cited date-page entry,20,67
8,CE,1987,December,Date page uses modern date presentation; original calendar date is not stated.,Asia,GHC-DEC-8-15,Historical event,"On 8 December 1987 CE, An Israeli army tank transporter kills four Palestinian refugees and injures seven others during a traffic accident at the Erez Crossing on the Israel–Gaza Strip border, which has been cited as one of the events which sparked the First Intifada.","An Israeli army tank transporter kills four Palestinian refugees and injures seven others during a traffic accident at the Erez Crossing on the Israel–Gaza Strip border, which has been cited as one of the events which sparked the First Intifada.",8 December 1987 CE,https://en.wikipedia.org/wiki/December_8,December 8,Not stated in source,Wikipedia — December 8,Exact date as listed,General history,Israel,Calendar system not specified by source,Target met,National / regional,Secondary reference source,20,Verified against cited date-page entry,20,67
8,CE,1972,December,Date page uses modern date presentation; original calendar date is not stated.,Global / transnational,GHC-DEC-8-16,Disaster,"On 8 December 1972 CE, United Airlines Flight 553, a Boeing 737, crashes after aborting its landing attempt at Chicago Midway International Airport, killing 45. This is the first-ever loss of a Boeing 737.","United Airlines Flight 553, a Boeing 737, crashes after aborting its landing attempt at Chicago Midway International Airport, killing 45. This is the first-ever loss of a Boeing 737.",8 December 1972 CE,https://en.wikipedia.org/wiki/December_8,December 8,Not stated in source,Wikipedia — December 8,Exact date as listed,Disaster and accident,,Calendar system not specified by source,Target met,National / regional,Secondary reference source,20,Verified against cited date-page entry,20,66
8,CE,395,December,Date page uses modern date presentation; original calendar date is not stated.,,GHC-DEC-8-17,Conflict / political violence,"On 8 December 395 CE, Later Yan is defeated by its former vassal Northern Wei at the Battle of Canhe Slope.",Later Yan is defeated by its former vassal Northern Wei at the Battle of Canhe Slope.,8 December 395 CE,https://en.wikipedia.org/wiki/December_8,December 8,Not stated in source,Wikipedia — December 8,Exact date as listed,Military and conflict,,Calendar system not specified by source,Target met,National / regional,Secondary reference source,20,Verified against cited date-page entry,20,65
8,CE,1504,December,Date page uses modern date presentation; original calendar date is not stated.,Europe,GHC-DEC-8-18,Legal and social change,"On 8 December 1504 CE, Ahmad ibn Abi Jum'ah writes his Oran fatwa, arguing for the relaxation of Islamic law requirements for the forcibly converted Muslims in Spain.","Ahmad ibn Abi Jum'ah writes his Oran fatwa, arguing for the relaxation of Islamic law requirements for the forcibly converted Muslims in Spain.",8 December 1504 CE,https://en.wikipedia.org/wiki/December_8,December 8,Not stated in source,Wikipedia — December 8,Exact date as listed,Law and society,Spain,Calendar system not specified by source,Target met,National / regional,Secondary reference source,20,Verified against cited date-page entry,20,59
8,CE,1963,December,Date page uses modern date presentation; original calendar date is not stated.,,GHC-DEC-8-19,Disaster,"On 8 December 1963 CE, Pan Am Flight 214, a Boeing 707, is struck by lightning and crashes near Elkton, Maryland, killing all 81 people on board.","Pan Am Flight 214, a Boeing 707, is struck by lightning and crashes near Elkton, Maryland, killing all 81 people on board.",8 December 1963 CE,https://en.wikipedia.org/wiki/December_8,December 8,Not stated in source,Wikipedia — December 8,Exact date as listed,Disaster and accident,,Calendar system not specified by source,Target met,National / regional,Secondary reference source,20,Verified against cited date-page entry,20,58
8,CE,1988,December,Date page uses modern date presentation; original calendar date is not stated.,North America,GHC-DEC-8-20,Disaster,"On 8 December 1988 CE, A United States Air Force A-10 Thunderbolt II crashes into an apartment complex in Remscheid, Germany, killing five people and injuring 50 others.","A United States Air Force A-10 Thunderbolt II crashes into an apartment complex in Remscheid, Germany, killing five people and injuring 50 others.",8 December 1988 CE,https://en.wikipedia.org/wiki/December_8,December 8,Not stated in source,Wikipedia — December 8,Exact date as listed,Disaster and accident,United States,Calendar system not specified by source,Target met,National / regional,Secondary reference source,20,Verified against cited date-page entry,20,58
9,CE,1432,December,Date page uses modern date presentation; original calendar date is not stated.,,GHC-DEC-9-01,Conflict / political violence,"On 9 December 1432 CE, The first battle between the forces of Švitrigaila and Sigismund Kęstutaitis is fought near the town of Oszmiana (Ashmyany), launching the most active phase of the Lithuanian Civil War.","The first battle between the forces of Švitrigaila and Sigismund Kęstutaitis is fought near the town of Oszmiana (Ashmyany), launching the most active phase of the Lithuanian Civil War.",9 December 1432 CE,https://en.wikipedia.org/wiki/December_9,December 9,Not stated in source,Wikipedia — December 9,Exact date as listed,Military and conflict,,Calendar system not specified by source,Target met,International / transnational,Secondary reference source,20,Verified against cited date-page entry,20,100
9,CE,1824,December,Date page uses modern date presentation; original calendar date is not stated.,South America,GHC-DEC-9-02,Conflict / political violence,"On 9 December 1824 CE, Patriot forces led by General Antonio José de Sucre defeat a Royalist army in the Battle of Ayacucho, putting an end to the Peruvian War of Independence.","Patriot forces led by General Antonio José de Sucre defeat a Royalist army in the Battle of Ayacucho, putting an end to the Peruvian War of Independence.",9 December 1824 CE,https://en.wikipedia.org/wiki/December_9,December 9,Not stated in source,Wikipedia — December 9,Exact date as listed,Military and conflict,Peru,Calendar system not specified by source,Target met,International / transnational,Secondary reference source,20,Verified against cited date-page entry,20,100
9,CE,1775,December,Date page uses modern date presentation; original calendar date is not stated.,North America,GHC-DEC-9-03,Conflict / political violence,"On 9 December 1775 CE, American Revolutionary War: British troops and Loyalists, misinformed about Patriot militia strength, lose the Battle of Great Bridge, ending British rule in Virginia.","American Revolutionary War: British troops and Loyalists, misinformed about Patriot militia strength, lose the Battle of Great Bridge, ending British rule in Virginia.",9 December 1775 CE,https://en.wikipedia.org/wiki/December_9,December 9,Not stated in source,Wikipedia — December 9,Exact date as listed,Military and conflict,United States,Calendar system not specified by source,Target met,International / transnational,Secondary reference source,20,Verified against cited date-page entry,20,100
9,CE,1937,December,Date page uses modern date presentation; original calendar date is not stated.,Asia,GHC-DEC-9-04,Conflict / political violence,"On 9 December 1937 CE, Second Sino-Japanese War: Battle of Nanking: Japanese troops under the command of Lt. Gen. Yasuhiko Asaka launch an assault on the Chinese city of Nanking.",Second Sino-Japanese War: Battle of Nanking: Japanese troops under the command of Lt. Gen. Yasuhiko Asaka launch an assault on the Chinese city of Nanking.,9 December 1937 CE,https://en.wikipedia.org/wiki/December_9,December 9,Not stated in source,Wikipedia — December 9,Exact date as listed,Military and conflict,China,Calendar system not specified by source,Target met,International / transnational,Secondary reference source,20,Verified against cited date-page entry,20,100
9,CE,1861,December,Date page uses modern date presentation; original calendar date is not stated.,North America,GHC-DEC-9-05,Conflict / political violence,"On 9 December 1861 CE, American Civil War: The Joint Committee on the Conduct of the War is established by Congress.",American Civil War: The Joint Committee on the Conduct of the War is established by Congress.,9 December 1861 CE,https://en.wikipedia.org/wiki/December_9,December 9,Not stated in source,Wikipedia — December 9,Exact date as listed,Military and conflict,United States,Calendar system not specified by source,Target met,International,Secondary reference source,20,Verified against cited date-page entry,20,92
9,CE,1950,December,Date page uses modern date presentation; original calendar date is not stated.,Europe,GHC-DEC-9-06,Conflict / political violence,"On 9 December 1950 CE, Cold War: Harry Gold is sentenced to 30 years in jail for helping Klaus Fuchs pass information about the Manhattan Project to the Soviet Union. His testimony is later instrumental in the prosecution of Julius and Ethel Rosenberg.",Cold War: Harry Gold is sentenced to 30 years in jail for helping Klaus Fuchs pass information about the Manhattan Project to the Soviet Union. His testimony is later instrumental in the prosecution of Julius and Ethel Rosenberg.,9 December 1950 CE,https://en.wikipedia.org/wiki/December_9,December 9,Not stated in source,Wikipedia — December 9,Exact date as listed,Military and conflict,Russia,Calendar system not specified by source,Target met,International,Secondary reference source,20,Verified against cited date-page entry,20,81
9,CE,1969,December,Date page uses modern date presentation; original calendar date is not stated.,Africa,GHC-DEC-9-07,Conflict / political violence,"On 9 December 1969 CE, U.S. Secretary of State William P. Rogers proposes his plan for a ceasefire in the War of Attrition; Egypt and Jordan accept it over the objections of the PLO, which leads to civil war in Jordan in September 1970.","U.S. Secretary of State William P. Rogers proposes his plan for a ceasefire in the War of Attrition; Egypt and Jordan accept it over the objections of the PLO, which leads to civil war in Jordan in September 1970.",9 December 1969 CE,https://en.wikipedia.org/wiki/December_9,December 9,Not stated in source,Wikipedia — December 9,Exact date as listed,Military and conflict,Egypt,Calendar system not specified by source,Target met,International,Secondary reference source,20,Verified against cited date-page entry,20,80
9,CE,1917,December,Date page uses modern date presentation; original calendar date is not stated.,Asia,GHC-DEC-9-08,Conflict / political violence,"On 9 December 1917 CE, World War I: Field Marshal Allenby captures Jerusalem from the Ottoman Empire.",World War I: Field Marshal Allenby captures Jerusalem from the Ottoman Empire.,9 December 1917 CE,https://en.wikipedia.org/wiki/December_9,December 9,Not stated in source,Wikipedia — December 9,Exact date as listed,Military and conflict,Turkey,Calendar system not specified by source,Target met,International,Secondary reference source,20,Verified against cited date-page entry,20,79
9,CE,1917,December,Date page uses modern date presentation; original calendar date is not stated.,Europe,GHC-DEC-9-09,Conflict / political violence,"On 9 December 1917 CE, World War I: The Kingdom of Romania signs the Armistice of Focșani with the Central Powers.",World War I: The Kingdom of Romania signs the Armistice of Focșani with the Central Powers.,9 December 1917 CE,https://en.wikipedia.org/wiki/December_9,December 9,Not stated in source,Wikipedia — December 9,Exact date as listed,Military and conflict,Romania,Calendar system not specified by source,Target met,International,Secondary reference source,20,Verified against cited date-page entry,20,75
9,CE,1872,December,Date page uses modern date presentation; original calendar date is not stated.,North America,GHC-DEC-9-10,Conflict / political violence,"On 9 December 1872 CE, In Louisiana, P. B. S. Pinchback becomes the first African American governor of a U.S. state following the impeachment of Henry C. Warmoth.","In Louisiana, P. B. S. Pinchback becomes the first African American governor of a U.S. state following the impeachment of Henry C. Warmoth.",9 December 1872 CE,https://en.wikipedia.org/wiki/December_9,December 9,Not stated in source,Wikipedia — December 9,Exact date as listed,Military and conflict,United States,Calendar system not specified by source,Target met,National / regional,Secondary reference source,20,Verified against cited date-page entry,20,73
9,CE,1946,December,Date page uses modern date presentation; original calendar date is not stated.,Asia,GHC-DEC-9-11,Political change,"On 9 December 1946 CE, The Constituent Assembly of India meets for the first time to write the Constitution of India.",The Constituent Assembly of India meets for the first time to write the Constitution of India.,9 December 1946 CE,https://en.wikipedia.org/wiki/December_9,December 9,Not stated in source,Wikipedia — December 9,Exact date as listed,Politics and governance,India,Calendar system not specified by source,Target met,National / regional,Secondary reference source,20,Verified against cited date-page entry,20,73
9,CE,2006,December,Date page uses modern date presentation; original calendar date is not stated.,Global / transnational,GHC-DEC-9-12,Science / technology,"On 9 December 2006 CE, Space Shuttle program: Space Shuttle Discovery is launched on STS-116 carrying the P5 truss segment of the International Space Station.",Space Shuttle program: Space Shuttle Discovery is launched on STS-116 carrying the P5 truss segment of the International Space Station.,9 December 2006 CE,https://en.wikipedia.org/wiki/December_9,December 9,Not stated in source,Wikipedia — December 9,Exact date as listed,Science and technology,,Calendar system not specified by source,Target met,National / regional,Secondary reference source,20,Verified against cited date-page entry,20,71
9,CE,1948,December,Date page uses modern date presentation; original calendar date is not stated.,,GHC-DEC-9-13,Historical event,"On 9 December 1948 CE, The Genocide Convention is adopted.",The Genocide Convention is adopted.,9 December 1948 CE,https://en.wikipedia.org/wiki/December_9,December 9,Not stated in source,Wikipedia — December 9,Exact date as listed,General history,,Calendar system not specified by source,Target met,National / regional,Secondary reference source,20,Verified against cited date-page entry,20,69
9,CE,1835,December,Date page uses modern date presentation; original calendar date is not stated.,,GHC-DEC-9-14,Conflict / political violence,"On 9 December 1835 CE, Texas Revolution: The Texian Army captures San Antonio following the Siege of Béxar.",Texas Revolution: The Texian Army captures San Antonio following the Siege of Béxar.,9 December 1835 CE,https://en.wikipedia.org/wiki/December_9,December 9,Not stated in source,Wikipedia — December 9,Exact date as listed,Military and conflict,,Calendar system not specified by source,Target met,National / regional,Secondary reference source,20,Verified against cited date-page entry,20,67
9,CE,536,December,Date page uses modern date presentation; original calendar date is not stated.,,GHC-DEC-9-15,Conflict / political violence,"On 9 December 536 CE, Gothic War: The Byzantine general Belisarius enters Rome unopposed; the Gothic garrison flees the capital.",Gothic War: The Byzantine general Belisarius enters Rome unopposed; the Gothic garrison flees the capital.,9 December 536 CE,https://en.wikipedia.org/wiki/December_9,December 9,Not stated in source,Wikipedia — December 9,Exact date as listed,Military and conflict,,Calendar system not specified by source,Target met,National / regional,Secondary reference source,20,Verified against cited date-page entry,20,65
9,CE,730,December,Date page uses modern date presentation; original calendar date is not stated.,,GHC-DEC-9-16,Conflict / political violence,"On 9 December 730 CE, Battle of Marj Ardabil: The Khazars annihilate an Umayyad army and kill its commander, al-Jarrah ibn Abdallah al-Hakami.","Battle of Marj Ardabil: The Khazars annihilate an Umayyad army and kill its commander, al-Jarrah ibn Abdallah al-Hakami.",9 December 730 CE,https://en.wikipedia.org/wiki/December_9,December 9,Not stated in source,Wikipedia — December 9,Exact date as listed,Military and conflict,,Calendar system not specified by source,Target met,National / regional,Secondary reference source,20,Verified against cited date-page entry,20,65
9,CE,1851,December,Date page uses modern date presentation; original calendar date is not stated.,,GHC-DEC-9-17,Historical event,"On 9 December 1851 CE, The first YMCA in North America is established in Montreal.",The first YMCA in North America is established in Montreal.,9 December 1851 CE,https://en.wikipedia.org/wiki/December_9,December 9,Not stated in source,Wikipedia — December 9,Exact date as listed,General history,,Calendar system not specified by source,Target met,National / regional,Secondary reference source,20,Verified against cited date-page entry,20,65
9,CE,1856,December,Date page uses modern date presentation; original calendar date is not stated.,Europe,GHC-DEC-9-18,Historical event,"On 9 December 1856 CE, The Iranian city of Bushehr surrenders to occupying British forces.",The Iranian city of Bushehr surrenders to occupying British forces.,9 December 1856 CE,https://en.wikipedia.org/wiki/December_9,December 9,Not stated in source,Wikipedia — December 9,Exact date as listed,General history,United Kingdom,Calendar system not specified by source,Target met,National / regional,Secondary reference source,20,Verified against cited date-page entry,20,65
9,CE,1922,December,Date page uses modern date presentation; original calendar date is not stated.,Europe,GHC-DEC-9-19,Political change,"On 9 December 1922 CE, Gabriel Narutowicz is elected the first president of Poland.",Gabriel Narutowicz is elected the first president of Poland.,9 December 1922 CE,https://en.wikipedia.org/wiki/December_9,December 9,Not stated in source,Wikipedia — December 9,Exact date as listed,Politics and governance,Poland,Calendar system not specified by source,Target met,National / regional,Secondary reference source,20,Verified against cited date-page entry,20,65
9,CE,1931,December,Date page uses modern date presentation; original calendar date is not stated.,Europe,GHC-DEC-9-20,Political change,"On 9 December 1931 CE, The Constituent Cortes approves a constitution which establishes the Second Spanish Republic.",The Constituent Cortes approves a constitution which establishes the Second Spanish Republic.,9 December 1931 CE,https://en.wikipedia.org/wiki/December_9,December 9,Not stated in source,Wikipedia — December 9,Exact date as listed,Politics and governance,Spain,Calendar system not specified by source,Target met,National / regional,Secondary reference source,20,Verified against cited date-page entry,20,65
10,CE,1963,December,Date page uses modern date presentation; original calendar date is not stated.,Europe,GHC-DEC-10-01,Political change,"On 10 December 1963 CE, Zanzibar gains independence from the United Kingdom as a constitutional monarchy, under Sultan Jamshid bin Abdullah.","Zanzibar gains independence from the United Kingdom as a constitutional monarchy, under Sultan Jamshid bin Abdullah.",10 December 1963 CE,https://en.wikipedia.org/wiki/December_10,December 10,Not stated in source,Wikipedia — December 10,Exact date as listed,Politics and governance,United Kingdom,Calendar system not specified by source,Target met,International / transnational,Secondary reference source,20,Verified against cited date-page entry,20,99
10,CE,1864,December,Date page uses modern date presentation; original calendar date is not stated.,North America,GHC-DEC-10-02,Conflict / political violence,"On 10 December 1864 CE, American Civil War: Sherman's March to the Sea: Major General William Tecumseh Sherman's Union Army troops reach the outer Confederate defenses of Savannah, Georgia.","American Civil War: Sherman's March to the Sea: Major General William Tecumseh Sherman's Union Army troops reach the outer Confederate defenses of Savannah, Georgia.",10 December 1864 CE,https://en.wikipedia.org/wiki/December_10,December 10,Not stated in source,Wikipedia — December 10,Exact date as listed,Military and conflict,United States,Calendar system not specified by source,Target met,International / transnational,Secondary reference source,20,Verified against cited date-page entry,20,96
10,CE,1949,December,Date page uses modern date presentation; original calendar date is not stated.,Asia,GHC-DEC-10-03,Conflict / political violence,"On 10 December 1949 CE, Chinese Civil War: The People's Liberation Army begins its siege of Chengdu, the last Kuomintang-held city in mainland China, forcing President of the Republic of China Chiang Kai-shek and his government to retreat to Taiwan.","Chinese Civil War: The People's Liberation Army begins its siege of Chengdu, the last Kuomintang-held city in mainland China, forcing President of the Republic of China Chiang Kai-shek and his government to retreat to Taiwan.",10 December 1949 CE,https://en.wikipedia.org/wiki/December_10,December 10,Not stated in source,Wikipedia — December 10,Exact date as listed,Military and conflict,China,Calendar system not specified by source,Target met,International,Secondary reference source,20,Verified against cited date-page entry,20,92
10,CE,1942,December,Date page uses modern date presentation; original calendar date is not stated.,Europe,GHC-DEC-10-04,Conflict / political violence,"On 10 December 1942 CE, World War II: Government of Poland in exile send Raczyński's Note (the first official report on the Holocaust) to 26 governments who signed the Declaration by United Nations.",World War II: Government of Poland in exile send Raczyński's Note (the first official report on the Holocaust) to 26 governments who signed the Declaration by United Nations.,10 December 1942 CE,https://en.wikipedia.org/wiki/December_10,December 10,Not stated in source,Wikipedia — December 10,Exact date as listed,Military and conflict,Poland,Calendar system not specified by source,Target met,International,Secondary reference source,20,Verified against cited date-page entry,20,91
10,CE,1989,December,Date page uses modern date presentation; original calendar date is not stated.,,GHC-DEC-10-05,Political change,"On 10 December 1989 CE, Mongolian Revolution: At the country's first open pro-democracy public demonstration, Tsakhiagiin Elbegdorj announces the establishment of the Mongolian Democratic Union.","Mongolian Revolution: At the country's first open pro-democracy public demonstration, Tsakhiagiin Elbegdorj announces the establishment of the Mongolian Democratic Union.",10 December 1989 CE,https://en.wikipedia.org/wiki/December_10,December 10,Not stated in source,Wikipedia — December 10,Exact date as listed,Politics and governance,,Calendar system not specified by source,Target met,International,Secondary reference source,20,Verified against cited date-page entry,20,91
10,CE,1978,December,Date page uses modern date presentation; original calendar date is not stated.,Asia,GHC-DEC-10-06,Conflict / political violence,"On 10 December 1978 CE, Arab–Israeli conflict: Prime Minister of Israel Menachem Begin and President of Egypt Anwar Sadat are jointly awarded the Nobel Peace Prize.",Arab–Israeli conflict: Prime Minister of Israel Menachem Begin and President of Egypt Anwar Sadat are jointly awarded the Nobel Peace Prize.,10 December 1978 CE,https://en.wikipedia.org/wiki/December_10,December 10,Not stated in source,Wikipedia — December 10,Exact date as listed,Military and conflict,Israel,Calendar system not specified by source,Target met,International,Secondary reference source,20,Verified against cited date-page entry,20,89
10,CE,1898,December,Date page uses modern date presentation; original calendar date is not stated.,North America,GHC-DEC-10-07,Conflict / political violence,"On 10 December 1898 CE, Spanish–American War: The Treaty of Paris is signed, officially ending the conflict. Spain cedes administration of Cuba to the United States, and the United States agrees to pay Spain $20 million for the Philippines.","Spanish–American War: The Treaty of Paris is signed, officially ending the conflict. Spain cedes administration of Cuba to the United States, and the United States agrees to pay Spain $20 million for the Philippines.",10 December 1898 CE,https://en.wikipedia.org/wiki/December_10,December 10,Not stated in source,Wikipedia — December 10,Exact date as listed,Military and conflict,United States,Calendar system not specified by source,Target met,International,Secondary reference source,20,Verified against cited date-page entry,20,87
10,CE,1877,December,Date page uses modern date presentation; original calendar date is not stated.,Europe,GHC-DEC-10-08,Conflict / political violence,"On 10 December 1877 CE, Russo-Turkish War: The Russian Army captures Plevna after a 5-month siege. The garrison of 25,000 surviving Turks surrenders. The Russian victory is decisive for the outcome of the war and the Liberation of Bulgaria.","Russo-Turkish War: The Russian Army captures Plevna after a 5-month siege. The garrison of 25,000 surviving Turks surrenders. The Russian victory is decisive for the outcome of the war and the Liberation of Bulgaria.",10 December 1877 CE,https://en.wikipedia.org/wiki/December_10,December 10,Not stated in source,Wikipedia — December 10,Exact date as listed,Military and conflict,Russia,Calendar system not specified by source,Target met,International,Secondary reference source,20,Verified against cited date-page entry,20,85
10,CE,1906,December,Date page uses modern date presentation; original calendar date is not stated.,North America,GHC-DEC-10-09,Conflict / political violence,"On 10 December 1906 CE, U.S. President Theodore Roosevelt is awarded the Nobel Peace Prize for his role in the mediation of the Russo-Japanese War, becoming the first American to win a Nobel Prize in any field.","U.S. President Theodore Roosevelt is awarded the Nobel Peace Prize for his role in the mediation of the Russo-Japanese War, becoming the first American to win a Nobel Prize in any field.",10 December 1906 CE,https://en.wikipedia.org/wiki/December_10,December 10,Not stated in source,Wikipedia — December 10,Exact date as listed,Military and conflict,United States,Calendar system not specified by source,Target met,International,Secondary reference source,20,Verified against cited date-page entry,20,85
10,CE,1941,December,Date page uses modern date presentation; original calendar date is not stated.,Asia,GHC-DEC-10-10,Conflict / political violence,"On 10 December 1941 CE, World War II: Battle of the Philippines: Imperial Japanese forces under the command of General Masaharu Homma land on Luzon.",World War II: Battle of the Philippines: Imperial Japanese forces under the command of General Masaharu Homma land on Luzon.,10 December 1941 CE,https://en.wikipedia.org/wiki/December_10,December 10,Not stated in source,Wikipedia — December 10,Exact date as listed,Military and conflict,Japan,Calendar system not specified by source,Target met,International,Secondary reference source,20,Verified against cited date-page entry,20,85
10,CE,1861,December,Date page uses modern date presentation; original calendar date is not stated.,North America,GHC-DEC-10-11,Conflict / political violence,"On 10 December 1861 CE, American Civil War: The Confederate States of America accept a rival state government's pronouncement that declares Kentucky to be the 12th state of the Confederacy.",American Civil War: The Confederate States of America accept a rival state government's pronouncement that declares Kentucky to be the 12th state of the Confederacy.,10 December 1861 CE,https://en.wikipedia.org/wiki/December_10,December 10,Not stated in source,Wikipedia — December 10,Exact date as listed,Military and conflict,United States,Calendar system not specified by source,Target met,International,Secondary reference source,20,Verified against cited date-page entry,20,80
10,CE,1948,December,Date page uses modern date presentation; original calendar date is not stated.,Global / transnational,GHC-DEC-10-12,Legal and social change,"On 10 December 1948 CE, The Human Rights Convention is signed by the United Nations.",The Human Rights Convention is signed by the United Nations.,10 December 1948 CE,https://en.wikipedia.org/wiki/December_10,December 10,Not stated in source,Wikipedia — December 10,Exact date as listed,Law and society,,Calendar system not specified by source,Target met,International,Secondary reference source,20,Verified against cited date-page entry,20,79
10,CE,1963,December,Date page uses modern date presentation; original calendar date is not stated.,Europe,GHC-DEC-10-13,Historical event,"On 10 December 1963 CE, An assassination attempt on the British High Commissioner in Aden kills two people and wounds dozens more.",An assassination attempt on the British High Commissioner in Aden kills two people and wounds dozens more.,10 December 1963 CE,https://en.wikipedia.org/wiki/December_10,December 10,Not stated in source,Wikipedia — December 10,Exact date as listed,General history,United Kingdom,Calendar system not specified by source,Target met,International,Secondary reference source,20,Verified against cited date-page entry,20,79
10,CE,1999,December,Date page uses modern date presentation; original calendar date is not stated.,Oceania,GHC-DEC-10-14,Political change,"On 10 December 1999 CE, Helen Clark is sworn in as Prime Minister of New Zealand, the second woman to hold the post and the first following an election.","Helen Clark is sworn in as Prime Minister of New Zealand, the second woman to hold the post and the first following an election.",10 December 1999 CE,https://en.wikipedia.org/wiki/December_10,December 10,Not stated in source,Wikipedia — December 10,Exact date as listed,Politics and governance,New Zealand,Calendar system not specified by source,Target met,International,Secondary reference source,20,Verified against cited date-page entry,20,77
10,CE,1541,December,Date page uses modern date presentation; original calendar date is not stated.,Europe,GHC-DEC-10-15,Conflict / political violence,"On 10 December 1541 CE, Thomas Culpeper and Francis Dereham are executed for having affairs with Catherine Howard, Queen of England and wife of Henry VIII.","Thomas Culpeper and Francis Dereham are executed for having affairs with Catherine Howard, Queen of England and wife of Henry VIII.",10 December 1541 CE,https://en.wikipedia.org/wiki/December_10,December 10,Not stated in source,Wikipedia — December 10,Exact date as listed,Military and conflict,United Kingdom,Calendar system not specified by source,Target met,International,Secondary reference source,20,Verified against cited date-page entry,20,75
10,CE,1991,December,Date page uses modern date presentation; original calendar date is not stated.,,GHC-DEC-10-16,Political change,"On 10 December 1991 CE, The Nagorno-Karabakh independence referendum is held, with 99.98% voting in favor of independence.","The Nagorno-Karabakh independence referendum is held, with 99.98% voting in favor of independence.",10 December 1991 CE,https://en.wikipedia.org/wiki/December_10,December 10,Not stated in source,Wikipedia — December 10,Exact date as listed,Politics and governance,,Calendar system not specified by source,Target met,National / regional,Secondary reference source,20,Verified against cited date-page entry,20,69
10,CE,1994,December,Date page uses modern date presentation; original calendar date is not stated.,,GHC-DEC-10-17,Conflict / political violence,"On 10 December 1994 CE, Rwandan genocide: Maurice Baril, military advisor to the U.N. Secretary-General and head of the Military Division of the Department of Peacekeeping Operations, recommends that UNAMIR stand down.","Rwandan genocide: Maurice Baril, military advisor to the U.N. Secretary-General and head of the Military Division of the Department of Peacekeeping Operations, recommends that UNAMIR stand down.",10 December 1994 CE,https://en.wikipedia.org/wiki/December_10,December 10,Not stated in source,Wikipedia — December 10,Exact date as listed,Military and conflict,,Calendar system not specified by source,Target met,National / regional,Secondary reference source,20,Verified against cited date-page entry,20,69
10,CE,1317,December,Date page uses modern date presentation; original calendar date is not stated.,,GHC-DEC-10-18,Political change,"On 10 December 1317 CE, The Nyköping Banquet: Birger, King of Sweden treacherously seizes his two brothers, dukes Valdemar and Erik, who are subsequently starved to death in the dungeon of Nyköping Castle.","The Nyköping Banquet: Birger, King of Sweden treacherously seizes his two brothers, dukes Valdemar and Erik, who are subsequently starved to death in the dungeon of Nyköping Castle.",10 December 1317 CE,https://en.wikipedia.org/wiki/December_10,December 10,Not stated in source,Wikipedia — December 10,Exact date as listed,Politics and governance,,Calendar system not specified by source,Target met,National / regional,Secondary reference source,20,Verified against cited date-page entry,20,67
10,CE,1508,December,Date page uses modern date presentation; original calendar date is not stated.,Europe,GHC-DEC-10-19,Political change,"On 10 December 1508 CE, The League of Cambrai is formed by Pope Julius II, Louis XII of France, Maximilian I, Holy Roman Emperor and Ferdinand II of Aragon as an alliance against Venice.","The League of Cambrai is formed by Pope Julius II, Louis XII of France, Maximilian I, Holy Roman Emperor and Ferdinand II of Aragon as an alliance against Venice.",10 December 1508 CE,https://en.wikipedia.org/wiki/December_10,December 10,Not stated in source,Wikipedia — December 10,Exact date as listed,Politics and governance,France,Calendar system not specified by source,Target met,National / regional,Secondary reference source,20,Verified against cited date-page entry,20,65
10,CE,1652,December,Date page uses modern date presentation; original calendar date is not stated.,Europe,GHC-DEC-10-20,Conflict / political violence,"On 10 December 1652 CE, Defeat at the Battle of Dungeness causes the Commonwealth of England to reform its navy.",Defeat at the Battle of Dungeness causes the Commonwealth of England to reform its navy.,10 December 1652 CE,https://en.wikipedia.org/wiki/December_10,December 10,Not stated in source,Wikipedia — December 10,Exact date as listed,Military and conflict,United Kingdom,Calendar system not specified by source,Target met,National / regional,Secondary reference source,20,Verified against cited date-page entry,20,65
11,CE,1862,December,Date page uses modern date presentation; original calendar date is not stated.,North America,GHC-DEC-11-01,Conflict / political violence,"On 11 December 1862 CE, American Civil War: The Battle of Fredericksburg begins as the Army of the Potomac under Union General Ambrose Burnside crosses the Rappahannock River to clash with the Army of Northern Virginia led by Confederate General Robert E. Lee in Fredericksburg, Virginia.","American Civil War: The Battle of Fredericksburg begins as the Army of the Potomac under Union General Ambrose Burnside crosses the Rappahannock River to clash with the Army of Northern Virginia led by Confederate General Robert E. Lee in Fredericksburg, Virginia.",11 December 1862 CE,https://en.wikipedia.org/wiki/December_11,December 11,Not stated in source,Wikipedia — December 11,Exact date as listed,Military and conflict,United States,Calendar system not specified by source,Target met,International / transnational,Secondary reference source,20,Verified against cited date-page entry,20,100
11,CE,1920,December,Date page uses modern date presentation; original calendar date is not stated.,Europe,GHC-DEC-11-02,Conflict / political violence,"On 11 December 1920 CE, Irish War of Independence: In retaliation for a recent IRA ambush, British forces burn and loot numerous buildings in Cork city. Many civilians report being beaten, shot at, robbed and verbally abused by British forces.","Irish War of Independence: In retaliation for a recent IRA ambush, British forces burn and loot numerous buildings in Cork city. Many civilians report being beaten, shot at, robbed and verbally abused by British forces.",11 December 1920 CE,https://en.wikipedia.org/wiki/December_11,December 11,Not stated in source,Wikipedia — December 11,Exact date as listed,Military and conflict,United Kingdom,Calendar system not specified by source,Target met,International / transnational,Secondary reference source,20,Verified against cited date-page entry,20,100
11,CE,1981,December,Date page uses modern date presentation; original calendar date is not stated.,,GHC-DEC-11-03,Conflict / political violence,"On 11 December 1981 CE, El Mozote massacre: Armed forces in El Salvador kill an estimated 900 civilians in an anti-guerrilla campaign during the Salvadoran Civil War.",El Mozote massacre: Armed forces in El Salvador kill an estimated 900 civilians in an anti-guerrilla campaign during the Salvadoran Civil War.,11 December 1981 CE,https://en.wikipedia.org/wiki/December_11,December 11,Not stated in source,Wikipedia — December 11,Exact date as listed,Military and conflict,,Calendar system not specified by source,Target met,International / transnational,Secondary reference source,20,Verified against cited date-page entry,20,100
11,CE,1899,December,Date page uses modern date presentation; original calendar date is not stated.,Europe,GHC-DEC-11-04,Conflict / political violence,"On 11 December 1899 CE, Second Boer War: In the Battle of Magersfontein the Boers commanded by general Piet Cronjé inflict a defeat on the forces of the British Empire commanded by Lord Methuen trying to relieve the Siege of Kimberley.",Second Boer War: In the Battle of Magersfontein the Boers commanded by general Piet Cronjé inflict a defeat on the forces of the British Empire commanded by Lord Methuen trying to relieve the Siege of Kimberley.,11 December 1899 CE,https://en.wikipedia.org/wiki/December_11,December 11,Not stated in source,Wikipedia — December 11,Exact date as listed,Military and conflict,United Kingdom,Calendar system not specified by source,Target met,International / transnational,Secondary reference source,20,Verified against cited date-page entry,20,99
11,CE,2006,December,Date page uses modern date presentation; original calendar date is not stated.,North America,GHC-DEC-11-05,Conflict / political violence,"On 11 December 2006 CE, Felipe Calderón, the president of Mexico, launches a military-led offensive to put down the drug cartel violence in the state of Michoacán. This effort is often regarded as the first event in the Mexican drug war.","Felipe Calderón, the president of Mexico, launches a military-led offensive to put down the drug cartel violence in the state of Michoacán. This effort is often regarded as the first event in the Mexican drug war.",11 December 2006 CE,https://en.wikipedia.org/wiki/December_11,December 11,Not stated in source,Wikipedia — December 11,Exact date as listed,Military and conflict,Mexico,Calendar system not specified by source,Target met,International / transnational,Secondary reference source,20,Verified against cited date-page entry,20,97
11,CE,1941,December,Date page uses modern date presentation; original calendar date is not stated.,Asia,GHC-DEC-11-06,Conflict / political violence,"On 11 December 1941 CE, World War II: The Imperial Japanese Navy suffers its first loss of surface vessels during the Battle of Wake Island.",World War II: The Imperial Japanese Navy suffers its first loss of surface vessels during the Battle of Wake Island.,11 December 1941 CE,https://en.wikipedia.org/wiki/December_11,December 11,Not stated in source,Wikipedia — December 11,Exact date as listed,Military and conflict,Japan,Calendar system not specified by source,Target met,International,Secondary reference source,20,Verified against cited date-page entry,20,93
11,CE,1868,December,Date page uses modern date presentation; original calendar date is not stated.,South America,GHC-DEC-11-07,Conflict / political violence,"On 11 December 1868 CE, Paraguayan War: Brazilian troops defeat the Paraguayan Army at the Battle of Avay.",Paraguayan War: Brazilian troops defeat the Paraguayan Army at the Battle of Avay.,11 December 1868 CE,https://en.wikipedia.org/wiki/December_11,December 11,Not stated in source,Wikipedia — December 11,Exact date as listed,Military and conflict,Brazil,Calendar system not specified by source,Target met,International,Secondary reference source,20,Verified against cited date-page entry,20,85
11,CE,1936,December,Date page uses modern date presentation; original calendar date is not stated.,Europe,GHC-DEC-11-08,Conflict / political violence,"On 11 December 1936 CE, Abdication Crisis: Edward VIII's abdication as King of the United Kingdom and the British Dominions beyond the Seas, and Emperor of India, becomes effective.","Abdication Crisis: Edward VIII's abdication as King of the United Kingdom and the British Dominions beyond the Seas, and Emperor of India, becomes effective.",11 December 1936 CE,https://en.wikipedia.org/wiki/December_11,December 11,Not stated in source,Wikipedia — December 11,Exact date as listed,Military and conflict,United Kingdom,Calendar system not specified by source,Target met,International,Secondary reference source,20,Verified against cited date-page entry,20,85
11,CE,1994,December,Date page uses modern date presentation; original calendar date is not stated.,Europe,GHC-DEC-11-09,Conflict / political violence,"On 11 December 1994 CE, First Chechen War: Russian president Boris Yeltsin orders Russian troops into Chechnya.",First Chechen War: Russian president Boris Yeltsin orders Russian troops into Chechnya.,11 December 1994 CE,https://en.wikipedia.org/wiki/December_11,December 11,Not stated in source,Wikipedia — December 11,Exact date as listed,Military and conflict,Russia,Calendar system not specified by source,Target met,International,Secondary reference source,20,Verified against cited date-page entry,20,85
11,CE,1948,December,Date page uses modern date presentation; original calendar date is not stated.,Asia,GHC-DEC-11-10,Conflict / political violence,"On 11 December 1948 CE, Arab–Israeli War: The United Nations passes General Assembly Resolution 194, creating a Conciliation Commission to mediate the conflict.","Arab–Israeli War: The United Nations passes General Assembly Resolution 194, creating a Conciliation Commission to mediate the conflict.",11 December 1948 CE,https://en.wikipedia.org/wiki/December_11,December 11,Not stated in source,Wikipedia — December 11,Exact date as listed,Military and conflict,Israel,Calendar system not specified by source,Target met,International,Secondary reference source,20,Verified against cited date-page entry,20,83
11,CE,2007,December,Date page uses modern date presentation; original calendar date is not stated.,Africa,GHC-DEC-11-11,Political change,"On 11 December 2007 CE, Insurgency in the Maghreb: Two car bombs explode in Algiers, Algeria, one near the Supreme Constitutional Court and the other near the offices of the United Nations.","Insurgency in the Maghreb: Two car bombs explode in Algiers, Algeria, one near the Supreme Constitutional Court and the other near the offices of the United Nations.",11 December 2007 CE,https://en.wikipedia.org/wiki/December_11,December 11,Not stated in source,Wikipedia — December 11,Exact date as listed,Politics and governance,Algeria,Calendar system not specified by source,Target met,International,Secondary reference source,20,Verified against cited date-page entry,20,83
11,CE,1917,December,Date page uses modern date presentation; original calendar date is not stated.,Europe,GHC-DEC-11-12,Conflict / political violence,"On 11 December 1917 CE, World War I: British General Edmund Allenby enters Jerusalem on foot and declares martial law.",World War I: British General Edmund Allenby enters Jerusalem on foot and declares martial law.,11 December 1917 CE,https://en.wikipedia.org/wiki/December_11,December 11,Not stated in source,Wikipedia — December 11,Exact date as listed,Military and conflict,United Kingdom,Calendar system not specified by source,Target met,International,Secondary reference source,20,Verified against cited date-page entry,20,79
11,CE,1941,December,Date page uses modern date presentation; original calendar date is not stated.,North America,GHC-DEC-11-13,Conflict / political violence,"On 11 December 1941 CE, World War II: Germany and Italy declare war on the United States, following the Americans' declaration of war on the Empire of Japan in the wake of the attack on Pearl Harbor. The United States, in turn, declares war on them.","World War II: Germany and Italy declare war on the United States, following the Americans' declaration of war on the Empire of Japan in the wake of the attack on Pearl Harbor. The United States, in turn, declares war on them.",11 December 1941 CE,https://en.wikipedia.org/wiki/December_11,December 11,Not stated in source,Wikipedia — December 11,Exact date as listed,Military and conflict,United States,Calendar system not specified by source,Target met,International,Secondary reference source,20,Verified against cited date-page entry,20,79
11,CE,1941,December,Date page uses modern date presentation; original calendar date is not stated.,Europe,GHC-DEC-11-14,Conflict / political violence,"On 11 December 1941 CE, World War II: Poland declares war on the Empire of Japan.",World War II: Poland declares war on the Empire of Japan.,11 December 1941 CE,https://en.wikipedia.org/wiki/December_11,December 11,Not stated in source,Wikipedia — December 11,Exact date as listed,Military and conflict,Poland,Calendar system not specified by source,Target met,International,Secondary reference source,20,Verified against cited date-page entry,20,79
11,CE,1239,December,Date page uses modern date presentation; original calendar date is not stated.,,GHC-DEC-11-15,Political change,"On 11 December 1239 CE, Treaty of Benavente: the heiresses of the Kingdom of León renounce their throne to King Ferdinand III of Castile",Treaty of Benavente: the heiresses of the Kingdom of León renounce their throne to King Ferdinand III of Castile,11 December 1239 CE,https://en.wikipedia.org/wiki/December_11,December 11,Not stated in source,Wikipedia — December 11,Exact date as listed,Politics and governance,,Calendar system not specified by source,Target met,International,Secondary reference source,20,Verified against cited date-page entry,20,77
11,CE,1792,December,Date page uses modern date presentation; original calendar date is not stated.,Europe,GHC-DEC-11-16,Political change,"On 11 December 1792 CE, French Revolution: King Louis XVI of France is put on trial for treason by the National Convention.",French Revolution: King Louis XVI of France is put on trial for treason by the National Convention.,11 December 1792 CE,https://en.wikipedia.org/wiki/December_11,December 11,Not stated in source,Wikipedia — December 11,Exact date as listed,Politics and governance,France,Calendar system not specified by source,Target met,International,Secondary reference source,20,Verified against cited date-page entry,20,77
11,CE,1988,December,Date page uses modern date presentation; original calendar date is not stated.,Europe,GHC-DEC-11-17,Disaster,"On 11 December 1988 CE, A Soviet Air Force Il-76 aircraft crashes while participating in the Armenian earthquake relief, killing 78 people.","A Soviet Air Force Il-76 aircraft crashes while participating in the Armenian earthquake relief, killing 78 people.",11 December 1988 CE,https://en.wikipedia.org/wiki/December_11,December 11,Not stated in source,Wikipedia — December 11,Exact date as listed,Disaster and accident,Russia,Calendar system not specified by source,Target met,International,Secondary reference source,20,Verified against cited date-page entry,20,76
11,CE,969,December,Date page uses modern date presentation; original calendar date is not stated.,,GHC-DEC-11-18,Political change,"On 11 December 969 CE, Byzantine Emperor Nikephoros II Phokas is assassinated by his wife Theophano and her lover, the later Emperor John I Tzimiskes.","Byzantine Emperor Nikephoros II Phokas is assassinated by his wife Theophano and her lover, the later Emperor John I Tzimiskes.",11 December 969 CE,https://en.wikipedia.org/wiki/December_11,December 11,Not stated in source,Wikipedia — December 11,Exact date as listed,Politics and governance,,Calendar system not specified by source,Target met,International,Secondary reference source,20,Verified against cited date-page entry,20,75
11,CE,1946,December,Date page uses modern date presentation; original calendar date is not stated.,Global / transnational,GHC-DEC-11-19,Historical event,"On 11 December 1946 CE, The United Nations International Children's Emergency Fund (UNICEF) is established.",The United Nations International Children's Emergency Fund (UNICEF) is established.,11 December 1946 CE,https://en.wikipedia.org/wiki/December_11,December 11,Not stated in source,Wikipedia — December 11,Exact date as listed,General history,,Calendar system not specified by source,Target met,International,Secondary reference source,20,Verified against cited date-page entry,20,75
11,CE,1997,December,Date page uses modern date presentation; original calendar date is not stated.,,GHC-DEC-11-20,Institutional development,"On 11 December 1997 CE, The Kyoto Protocol, an agreement committing countries to reduce greenhouse gas emissions, opens for signature.","The Kyoto Protocol, an agreement committing countries to reduce greenhouse gas emissions, opens for signature.",11 December 1997 CE,https://en.wikipedia.org/wiki/December_11,December 11,Not stated in source,Wikipedia — December 11,Exact date as listed,"Culture, education and institutions",,Calendar system not specified by source,Target met,National / regional,Secondary reference source,20,Verified against cited date-page entry,20,71
12,CE,1939,December,Date page uses modern date presentation; original calendar date is not stated.,,GHC-DEC-12-01,Conflict / political violence,"On 12 December 1939 CE, Winter War: The Battle of Tolvajärvi, also known as the first major Finnish victory in the Winter War, begins.","Winter War: The Battle of Tolvajärvi, also known as the first major Finnish victory in the Winter War, begins.",12 December 1939 CE,https://en.wikipedia.org/wiki/December_12,December 12,Not stated in source,Wikipedia — December 12,Exact date as listed,Military and conflict,,Calendar system not specified by source,Target met,International,Secondary reference source,20,Verified against cited date-page entry,20,93
12,CE,1988,December,Date page uses modern date presentation; original calendar date is not stated.,Europe,GHC-DEC-12-02,Political change,"On 12 December 1988 CE, The Clapham Junction rail crash kills thirty-five and injures hundreds after two collisions of three commuter trains— one of the worst train crashes in the United Kingdom.",The Clapham Junction rail crash kills thirty-five and injures hundreds after two collisions of three commuter trains— one of the worst train crashes in the United Kingdom.,12 December 1988 CE,https://en.wikipedia.org/wiki/December_12,December 12,Not stated in source,Wikipedia — December 12,Exact date as listed,Politics and governance,United Kingdom,Calendar system not specified by source,Target met,International,Secondary reference source,20,Verified against cited date-page entry,20,82
12,CE,1862,December,Date page uses modern date presentation; original calendar date is not stated.,North America,GHC-DEC-12-03,Conflict / political violence,"On 12 December 1862 CE, American Civil War: USS Cairo sinks on the Yazoo River.",American Civil War: USS Cairo sinks on the Yazoo River.,12 December 1862 CE,https://en.wikipedia.org/wiki/December_12,December 12,Not stated in source,Wikipedia — December 12,Exact date as listed,Military and conflict,United States,Calendar system not specified by source,Target met,International,Secondary reference source,20,Verified against cited date-page entry,20,80
12,CE,627,December,Date page uses modern date presentation; original calendar date is not stated.,,GHC-DEC-12-04,Conflict / political violence,"On 12 December 627 CE, Battle of Nineveh: A Byzantine army under Emperor Heraclius defeats Emperor Khosrau II's Persian forces, commanded by General Rhahzadh.","Battle of Nineveh: A Byzantine army under Emperor Heraclius defeats Emperor Khosrau II's Persian forces, commanded by General Rhahzadh.",12 December 627 CE,https://en.wikipedia.org/wiki/December_12,December 12,Not stated in source,Wikipedia — December 12,Exact date as listed,Military and conflict,,Calendar system not specified by source,Target met,International,Secondary reference source,20,Verified against cited date-page entry,20,75
12,CE,1915,December,Date page uses modern date presentation; original calendar date is not stated.,Asia,GHC-DEC-12-05,Political change,"On 12 December 1915 CE, Yuan Shikai declares the establishment of the Empire of China and proclaims himself Emperor.",Yuan Shikai declares the establishment of the Empire of China and proclaims himself Emperor.,12 December 1915 CE,https://en.wikipedia.org/wiki/December_12,December 12,Not stated in source,Wikipedia — December 12,Exact date as listed,Politics and governance,China,Calendar system not specified by source,Target met,National / regional,Secondary reference source,20,Verified against cited date-page entry,20,69
12,CE,1963,December,Date page uses modern date presentation; original calendar date is not stated.,Africa,GHC-DEC-12-06,Political change,"On 12 December 1963 CE, Kenya declares independence from Great Britain.",Kenya declares independence from Great Britain.,12 December 1963 CE,https://en.wikipedia.org/wiki/December_12,December 12,Not stated in source,Wikipedia — December 12,Exact date as listed,Politics and governance,Kenya,Calendar system not specified by source,Target met,National / regional,Secondary reference source,20,Verified against cited date-page entry,20,69
12,CE,1787,December,Date page uses modern date presentation; original calendar date is not stated.,,GHC-DEC-12-07,Political change,"On 12 December 1787 CE, Pennsylvania becomes the second state to ratify the US Constitution.",Pennsylvania becomes the second state to ratify the US Constitution.,12 December 1787 CE,https://en.wikipedia.org/wiki/December_12,December 12,Not stated in source,Wikipedia — December 12,Exact date as listed,Politics and governance,,Calendar system not specified by source,Target met,National / regional,Secondary reference source,20,Verified against cited date-page entry,20,65
12,CE,1917,December,Date page uses modern date presentation; original calendar date is not stated.,,GHC-DEC-12-08,Conflict / political violence,"On 12 December 1917 CE, Father Edward J. Flanagan founds Boys Town as a farm village for wayward boys.",Father Edward J. Flanagan founds Boys Town as a farm village for wayward boys.,12 December 1917 CE,https://en.wikipedia.org/wiki/December_12,December 12,Not stated in source,Wikipedia — December 12,Exact date as listed,Military and conflict,,Calendar system not specified by source,Target met,National / regional,Secondary reference source,20,Verified against cited date-page entry,20,65
12,CE,1937,December,Date page uses modern date presentation; original calendar date is not stated.,Asia,GHC-DEC-12-09,Conflict / political violence,"On 12 December 1937 CE, Second Sino-Japanese War: USS Panay incident: Japanese aircraft bomb and sink U.S. gunboat USS Panay on the Yangtze river in China.",Second Sino-Japanese War: USS Panay incident: Japanese aircraft bomb and sink U.S. gunboat USS Panay on the Yangtze river in China.,12 December 1937 CE,https://en.wikipedia.org/wiki/December_12,December 12,Not stated in source,Wikipedia — December 12,Exact date as listed,Military and conflict,China,Calendar system not specified by source,Target met,National / regional,Secondary reference source,20,Verified against cited date-page entry,20,65
12,CE,1941,December,Date page uses modern date presentation; original calendar date is not stated.,Asia,GHC-DEC-12-10,Conflict / political violence,"On 12 December 1941 CE, World War II: Fifty-four Japanese A6M Zero fighters raid Batangas Field, Philippines. Jesús Villamor and four Filipino fighter pilots fend them off; César Basa is killed.","World War II: Fifty-four Japanese A6M Zero fighters raid Batangas Field, Philippines. Jesús Villamor and four Filipino fighter pilots fend them off; César Basa is killed.",12 December 1941 CE,https://en.wikipedia.org/wiki/December_12,December 12,Not stated in source,Wikipedia — December 12,Exact date as listed,Military and conflict,Japan,Calendar system not specified by source,Target met,National / regional,Secondary reference source,20,Verified against cited date-page entry,20,65
12,CE,1946,December,Date page uses modern date presentation; original calendar date is not stated.,Global / transnational,GHC-DEC-12-11,Institutional development,"On 12 December 1946 CE, United Nations Security Council Resolution 13 relating to acceptance of Siam (now Thailand) to the United Nations is adopted.",United Nations Security Council Resolution 13 relating to acceptance of Siam (now Thailand) to the United Nations is adopted.,12 December 1946 CE,https://en.wikipedia.org/wiki/December_12,December 12,Not stated in source,Wikipedia — December 12,Exact date as listed,"Culture, education and institutions",,Calendar system not specified by source,Target met,National / regional,Secondary reference source,20,Verified against cited date-page entry,20,63
12,CE,1956,December,Date page uses modern date presentation; original calendar date is not stated.,Asia,GHC-DEC-12-12,Institutional development,"On 12 December 1956 CE, United Nations Security Council Resolution 121 relating to acceptance of Japan to the United Nations is adopted.",United Nations Security Council Resolution 121 relating to acceptance of Japan to the United Nations is adopted.,12 December 1956 CE,https://en.wikipedia.org/wiki/December_12,December 12,Not stated in source,Wikipedia — December 12,Exact date as listed,"Culture, education and institutions",Japan,Calendar system not specified by source,Target met,National / regional,Secondary reference source,20,Verified against cited date-page entry,20,63
12,CE,1979,December,Date page uses modern date presentation; original calendar date is not stated.,South America,GHC-DEC-12-13,Disaster,"On 12 December 1979 CE, The 8.2 M w Tumaco earthquake shakes Colombia and Ecuador with a maximum Mercalli intensity of IX (Violent), killing 300–600, and generating a large tsunami.","The 8.2 M w Tumaco earthquake shakes Colombia and Ecuador with a maximum Mercalli intensity of IX (Violent), killing 300–600, and generating a large tsunami.",12 December 1979 CE,https://en.wikipedia.org/wiki/December_12,December 12,Not stated in source,Wikipedia — December 12,Exact date as listed,Disaster and accident,Colombia,Calendar system not specified by source,Target met,National / regional,Secondary reference source,20,Verified against cited date-page entry,20,63
12,CE,1979,December,Date page uses modern date presentation; original calendar date is not stated.,Asia,GHC-DEC-12-14,Conflict / political violence,"On 12 December 1979 CE, Coup d'état of December Twelfth occurs in South Korea.",Coup d'état of December Twelfth occurs in South Korea.,12 December 1979 CE,https://en.wikipedia.org/wiki/December_12,December 12,Not stated in source,Wikipedia — December 12,Exact date as listed,Military and conflict,Korea,Calendar system not specified by source,Target met,National / regional,Secondary reference source,20,Verified against cited date-page entry,20,63
12,CE,1999,December,Date page uses modern date presentation; original calendar date is not stated.,Asia,GHC-DEC-12-15,Disaster,"On 12 December 1999 CE, A magnitude 7.3 earthquake hits the Philippines's main island of Luzon, killing six people, injuring 40, and causing power outages that affected the capital Manila.","A magnitude 7.3 earthquake hits the Philippines's main island of Luzon, killing six people, injuring 40, and causing power outages that affected the capital Manila.",12 December 1999 CE,https://en.wikipedia.org/wiki/December_12,December 12,Not stated in source,Wikipedia — December 12,Exact date as listed,Disaster and accident,Philippines,Calendar system not specified by source,Target met,National / regional,Secondary reference source,20,Verified against cited date-page entry,20,63
12,CE,1866,December,Date page uses modern date presentation; original calendar date is not stated.,Europe,GHC-DEC-12-16,Disaster,"On 12 December 1866 CE, Oaks explosion: The worst mining disaster in England kills 361 miners and rescuers.",Oaks explosion: The worst mining disaster in England kills 361 miners and rescuers.,12 December 1866 CE,https://en.wikipedia.org/wiki/December_12,December 12,Not stated in source,Wikipedia — December 12,Exact date as listed,Disaster and accident,United Kingdom,Calendar system not specified by source,Target met,National / regional,Secondary reference source,20,Verified against cited date-page entry,20,59
12,CE,1945,December,Date page uses modern date presentation; original calendar date is not stated.,North America,GHC-DEC-12-17,Conflict / political violence,"On 12 December 1945 CE, The People's Republic of Korea is outlawed in the South, by order of the United States Army Military Government in Korea.","The People's Republic of Korea is outlawed in the South, by order of the United States Army Military Government in Korea.",12 December 1945 CE,https://en.wikipedia.org/wiki/December_12,December 12,Not stated in source,Wikipedia — December 12,Exact date as listed,Military and conflict,United States,Calendar system not specified by source,Target met,National / regional,Secondary reference source,20,Verified against cited date-page entry,20,59
12,CE,1985,December,Date page uses modern date presentation; original calendar date is not stated.,North America,GHC-DEC-12-18,Disaster,"On 12 December 1985 CE, Arrow Air Flight 1285R, a McDonnell Douglas DC-8, crashes after takeoff in Gander, Newfoundland, killing all 256 people on board, including 236 members of the United States Army's 101st Airborne Division.","Arrow Air Flight 1285R, a McDonnell Douglas DC-8, crashes after takeoff in Gander, Newfoundland, killing all 256 people on board, including 236 members of the United States Army's 101st Airborne Division.",12 December 1985 CE,https://en.wikipedia.org/wiki/December_12,December 12,Not stated in source,Wikipedia — December 12,Exact date as listed,Disaster and accident,United States,Calendar system not specified by source,Target met,National / regional,Secondary reference source,20,Verified against cited date-page entry,20,58
12,CE,1935,December,Date page uses modern date presentation; original calendar date is not stated.,,GHC-DEC-12-19,Institutional development,"On 12 December 1935 CE, The Lebensborn Project, a Nazi reproduction program, is founded by Heinrich Himmler.","The Lebensborn Project, a Nazi reproduction program, is founded by Heinrich Himmler.",12 December 1935 CE,https://en.wikipedia.org/wiki/December_12,December 12,Not stated in source,Wikipedia — December 12,Exact date as listed,"Culture, education and institutions",,Calendar system not specified by source,Target met,National / regional,Secondary reference source,20,Verified against cited date-page entry,20,57
12,CE,2001,December,Date page uses modern date presentation; original calendar date is not stated.,Asia,GHC-DEC-12-20,Political change,"On 12 December 2001 CE, Prime Minister of Vietnam Phan Văn Khải announces the decision on upgrading the Phong Nha–Kẻ Bàng nature reserve to a national park, providing information on projects for the conservation and development of the park and revised maps.","Prime Minister of Vietnam Phan Văn Khải announces the decision on upgrading the Phong Nha–Kẻ Bàng nature reserve to a national park, providing information on projects for the conservation and development of the park and revised maps.",12 December 2001 CE,https://en.wikipedia.org/wiki/December_12,December 12,Not stated in source,Wikipedia — December 12,Exact date as listed,Politics and governance,Vietnam,Calendar system not specified by source,Target met,National / regional,Secondary reference source,20,Verified against cited date-page entry,20,57
13,CE,1937,December,Date page uses modern date presentation; original calendar date is not stated.,Asia,GHC-DEC-13-01,Conflict / political violence,"On 13 December 1937 CE, Second Sino-Japanese War: Battle of Nanking: The city of Nanjing, defended by the National Revolutionary Army under the command of General Tang Shengzhi, falls to the Japanese. This is followed by the Nanking Massacre, in which Japanese troops rape and slaughter hundreds of thousands of civilians.","Second Sino-Japanese War: Battle of Nanking: The city of Nanjing, defended by the National Revolutionary Army under the command of General Tang Shengzhi, falls to the Japanese. This is followed by the Nanking Massacre, in which Japanese troops rape and slaughter hundreds of thousands of civilians.",13 December 1937 CE,https://en.wikipedia.org/wiki/December_13,December 13,Not stated in source,Wikipedia — December 13,Exact date as listed,Military and conflict,Japan,Calendar system not specified by source,Target met,International / transnational,Secondary reference source,20,Verified against cited date-page entry,20,100
13,CE,1862,December,Date page uses modern date presentation; original calendar date is not stated.,North America,GHC-DEC-13-02,Conflict / political violence,"On 13 December 1862 CE, American Civil War: At the Battle of Fredericksburg, Confederate General Robert E. Lee repulses attacks by Union Major General Ambrose Burnside on Marye's Heights, inflicting heavy casualties.","American Civil War: At the Battle of Fredericksburg, Confederate General Robert E. Lee repulses attacks by Union Major General Ambrose Burnside on Marye's Heights, inflicting heavy casualties.",13 December 1862 CE,https://en.wikipedia.org/wiki/December_13,December 13,Not stated in source,Wikipedia — December 13,Exact date as listed,Military and conflict,United States,Calendar system not specified by source,Target met,International / transnational,Secondary reference source,20,Verified against cited date-page entry,20,100
13,CE,1864,December,Date page uses modern date presentation; original calendar date is not stated.,North America,GHC-DEC-13-03,Conflict / political violence,"On 13 December 1864 CE, American Civil War: Sherman's March to the Sea: The Second Battle of Fort McAllister ends with the fort being seized by Union forces under General William B. Hazen, threatening the city of Savannah with investment.","American Civil War: Sherman's March to the Sea: The Second Battle of Fort McAllister ends with the fort being seized by Union forces under General William B. Hazen, threatening the city of Savannah with investment.",13 December 1864 CE,https://en.wikipedia.org/wiki/December_13,December 13,Not stated in source,Wikipedia — December 13,Exact date as listed,Military and conflict,United States,Calendar system not specified by source,Target met,International / transnational,Secondary reference source,20,Verified against cited date-page entry,20,100
13,CE,1643,December,Date page uses modern date presentation; original calendar date is not stated.,,GHC-DEC-13-04,Conflict / political violence,"On 13 December 1643 CE, English Civil War: The Battle of Alton takes place in Hampshire.",English Civil War: The Battle of Alton takes place in Hampshire.,13 December 1643 CE,https://en.wikipedia.org/wiki/December_13,December 13,Not stated in source,Wikipedia — December 13,Exact date as listed,Military and conflict,,Calendar system not specified by source,Target met,International / transnational,Secondary reference source,20,Verified against cited date-page entry,20,100
13,CE,1939,December,Date page uses modern date presentation; original calendar date is not stated.,Global / transnational,GHC-DEC-13-05,Conflict / political violence,"On 13 December 1939 CE, The Battle of the River Plate is fought off the coast of Uruguay; the first naval battle of World War II. The Kriegsmarine's Deutschland-class cruiser (pocket battleship) Admiral Graf Spee engages with three Royal Navy cruisers: HMS Ajax, HMNZS Achilles and HMS Exeter.","The Battle of the River Plate is fought off the coast of Uruguay; the first naval battle of World War II. The Kriegsmarine's Deutschland-class cruiser (pocket battleship) Admiral Graf Spee engages with three Royal Navy cruisers: HMS Ajax, HMNZS Achilles and HMS Exeter.",13 December 1939 CE,https://en.wikipedia.org/wiki/December_13,December 13,Not stated in source,Wikipedia — December 13,Exact date as listed,Military and conflict,,Calendar system not specified by source,Target met,International,Secondary reference source,20,Verified against cited date-page entry,20,93
13,CE,2007,December,Date page uses modern date presentation; original calendar date is not stated.,,GHC-DEC-13-06,Political change,"On 13 December 2007 CE, The Treaty of Lisbon is signed by the EU member states to amend both the Treaty of Rome and the Maastricht Treaty which together form the constitutional basis of the EU. The Treaty of Lisbon is effective from 1 December 2009.",The Treaty of Lisbon is signed by the EU member states to amend both the Treaty of Rome and the Maastricht Treaty which together form the constitutional basis of the EU. The Treaty of Lisbon is effective from 1 December 2009.,13 December 2007 CE,https://en.wikipedia.org/wiki/December_13,December 13,Not stated in source,Wikipedia — December 13,Exact date as listed,Politics and governance,,Calendar system not specified by source,Target met,International,Secondary reference source,20,Verified against cited date-page entry,20,87
13,CE,1943,December,Date page uses modern date presentation; original calendar date is not stated.,Europe,GHC-DEC-13-07,Conflict / political violence,"On 13 December 1943 CE, World War II: The Massacre of Kalavryta by German occupying forces in Greece.",World War II: The Massacre of Kalavryta by German occupying forces in Greece.,13 December 1943 CE,https://en.wikipedia.org/wiki/December_13,December 13,Not stated in source,Wikipedia — December 13,Exact date as listed,Military and conflict,Germany,Calendar system not specified by source,Target met,International,Secondary reference source,20,Verified against cited date-page entry,20,85
13,CE,1957,December,Date page uses modern date presentation; original calendar date is not stated.,Asia,GHC-DEC-13-08,Disaster,"On 13 December 1957 CE, The M w 6.5 Farsinaj earthquake strikes Iran with a maximum Mercalli intensity of VII, causing at least 1,119 deaths and damaging over 5,000 homes.","The M w 6.5 Farsinaj earthquake strikes Iran with a maximum Mercalli intensity of VII, causing at least 1,119 deaths and damaging over 5,000 homes.",13 December 1957 CE,https://en.wikipedia.org/wiki/December_13,December 13,Not stated in source,Wikipedia — December 13,Exact date as listed,Disaster and accident,Iran,Calendar system not specified by source,Target met,International,Secondary reference source,20,Verified against cited date-page entry,20,85
13,CE,1974,December,Date page uses modern date presentation; original calendar date is not stated.,Asia,GHC-DEC-13-09,Conflict / political violence,"On 13 December 1974 CE, In the Vietnam War, the North Vietnamese forces launch their 1975 Spring Offensive (to 30 April 1975), which results in the final capitulation of South Vietnam.","In the Vietnam War, the North Vietnamese forces launch their 1975 Spring Offensive (to 30 April 1975), which results in the final capitulation of South Vietnam.",13 December 1974 CE,https://en.wikipedia.org/wiki/December_13,December 13,Not stated in source,Wikipedia — December 13,Exact date as listed,Military and conflict,Vietnam,Calendar system not specified by source,Target met,International,Secondary reference source,20,Verified against cited date-page entry,20,77
13,CE,2003,December,Date page uses modern date presentation; original calendar date is not stated.,Asia,GHC-DEC-13-10,Conflict / political violence,"On 13 December 2003 CE, Iraq War: Operation Red Dawn: Former Iraqi President Saddam Hussein is captured near his home town of Tikrit.",Iraq War: Operation Red Dawn: Former Iraqi President Saddam Hussein is captured near his home town of Tikrit.,13 December 2003 CE,https://en.wikipedia.org/wiki/December_13,December 13,Not stated in source,Wikipedia — December 13,Exact date as listed,Military and conflict,Iraq,Calendar system not specified by source,Target met,International,Secondary reference source,20,Verified against cited date-page entry,20,77
13,CE,1769,December,Date page uses modern date presentation; original calendar date is not stated.,,GHC-DEC-13-11,Political change,"On 13 December 1769 CE, Dartmouth College is founded by the Reverend Eleazar Wheelock, with a royal charter from King George III, on land donated by Royal governor John Wentworth.","Dartmouth College is founded by the Reverend Eleazar Wheelock, with a royal charter from King George III, on land donated by Royal governor John Wentworth.",13 December 1769 CE,https://en.wikipedia.org/wiki/December_13,December 13,Not stated in source,Wikipedia — December 13,Exact date as listed,Politics and governance,,Calendar system not specified by source,Target met,National / regional,Secondary reference source,20,Verified against cited date-page entry,20,67
13,CE,1076,December,Date page uses modern date presentation; original calendar date is not stated.,,GHC-DEC-13-12,Historical event,"On 13 December 1076 CE, The city of Salerno surrenders to Robert Guiscard. Duke Gisulf continues his resistance in the citadel until May of the following year.",The city of Salerno surrenders to Robert Guiscard. Duke Gisulf continues his resistance in the citadel until May of the following year.,13 December 1076 CE,https://en.wikipedia.org/wiki/December_13,December 13,Not stated in source,Wikipedia — December 13,Exact date as listed,General history,,Calendar system not specified by source,Target met,National / regional,Secondary reference source,20,Verified against cited date-page entry,20,65
13,CE,1959,December,Date page uses modern date presentation; original calendar date is not stated.,,GHC-DEC-13-13,Political change,"On 13 December 1959 CE, Archbishop Makarios III becomes the first President of Cyprus.",Archbishop Makarios III becomes the first President of Cyprus.,13 December 1959 CE,https://en.wikipedia.org/wiki/December_13,December 13,Not stated in source,Wikipedia — December 13,Exact date as listed,Politics and governance,,Calendar system not specified by source,Target met,National / regional,Secondary reference source,20,Verified against cited date-page entry,20,65
13,CE,1962,December,Date page uses modern date presentation; original calendar date is not stated.,,GHC-DEC-13-14,Science / technology,"On 13 December 1962 CE, NASA launches Relay 1, the first active repeater communications satellite in orbit.","NASA launches Relay 1, the first active repeater communications satellite in orbit.",13 December 1962 CE,https://en.wikipedia.org/wiki/December_13,December 13,Not stated in source,Wikipedia — December 13,Exact date as listed,Science and technology,,Calendar system not specified by source,Target met,National / regional,Secondary reference source,20,Verified against cited date-page entry,20,65
13,CE,1967,December,Date page uses modern date presentation; original calendar date is not stated.,Europe,GHC-DEC-13-15,Conflict / political violence,"On 13 December 1967 CE, Constantine II of Greece attempts an unsuccessful counter-coup against the Regime of the Colonels.",Constantine II of Greece attempts an unsuccessful counter-coup against the Regime of the Colonels.,13 December 1967 CE,https://en.wikipedia.org/wiki/December_13,December 13,Not stated in source,Wikipedia — December 13,Exact date as listed,Military and conflict,Greece,Calendar system not specified by source,Target met,National / regional,Secondary reference source,20,Verified against cited date-page entry,20,63
13,CE,1982,December,Date page uses modern date presentation; original calendar date is not stated.,,GHC-DEC-13-16,Disaster,"On 13 December 1982 CE, The 6.0 M s North Yemen earthquake shakes southwestern Yemen with a maximum Mercalli intensity of VIII (Severe), killing 2,800, and injuring 1,500.","The 6.0 M s North Yemen earthquake shakes southwestern Yemen with a maximum Mercalli intensity of VIII (Severe), killing 2,800, and injuring 1,500.",13 December 1982 CE,https://en.wikipedia.org/wiki/December_13,December 13,Not stated in source,Wikipedia — December 13,Exact date as listed,Disaster and accident,,Calendar system not specified by source,Target met,National / regional,Secondary reference source,20,Verified against cited date-page entry,20,63
13,CE,2002,December,Date page uses modern date presentation; original calendar date is not stated.,Europe,GHC-DEC-13-17,Political change,"On 13 December 2002 CE, European Union enlargement: The EU announces that Cyprus, the Czech Republic, Estonia, Hungary, Latvia, Lithuania, Malta, Poland, Slovakia, and Slovenia will become members on May 1, 2004.","European Union enlargement: The EU announces that Cyprus, the Czech Republic, Estonia, Hungary, Latvia, Lithuania, Malta, Poland, Slovakia, and Slovenia will become members on May 1, 2004.",13 December 2002 CE,https://en.wikipedia.org/wiki/December_13,December 13,Not stated in source,Wikipedia — December 13,Exact date as listed,Politics and governance,Poland,Calendar system not specified by source,Target met,National / regional,Secondary reference source,20,Verified against cited date-page entry,20,61
13,CE,1818,December,Date page uses modern date presentation; original calendar date is not stated.,Asia,GHC-DEC-13-18,Historical event,"On 13 December 1818 CE, Cyril VI of Constantinople resigns from his position as Ecumenical Patriarch under pressure from the Ottoman Empire.",Cyril VI of Constantinople resigns from his position as Ecumenical Patriarch under pressure from the Ottoman Empire.,13 December 1818 CE,https://en.wikipedia.org/wiki/December_13,December 13,Not stated in source,Wikipedia — December 13,Exact date as listed,General history,Turkey,Calendar system not specified by source,Target met,National / regional,Secondary reference source,20,Verified against cited date-page entry,20,59
13,CE,1981,December,Date page uses modern date presentation; original calendar date is not stated.,Europe,GHC-DEC-13-19,Legal and social change,"On 13 December 1981 CE, General Wojciech Jaruzelski declares martial law in Poland, largely due to the actions by Solidarity.","General Wojciech Jaruzelski declares martial law in Poland, largely due to the actions by Solidarity.",13 December 1981 CE,https://en.wikipedia.org/wiki/December_13,December 13,Not stated in source,Wikipedia — December 13,Exact date as listed,Law and society,Poland,Calendar system not specified by source,Target met,National / regional,Secondary reference source,20,Verified against cited date-page entry,20,59
13,CE,1977,December,Date page uses modern date presentation; original calendar date is not stated.,Asia,GHC-DEC-13-20,Disaster,"On 13 December 1977 CE, Air Indiana Flight 216 crashes near Evansville Regional Airport, killing 29, including the University of Evansville basketball team, support staff, and boosters of the team.","Air Indiana Flight 216 crashes near Evansville Regional Airport, killing 29, including the University of Evansville basketball team, support staff, and boosters of the team.",13 December 1977 CE,https://en.wikipedia.org/wiki/December_13,December 13,Not stated in source,Wikipedia — December 13,Exact date as listed,Disaster and accident,India,Calendar system not specified by source,Target met,National / regional,Secondary reference source,20,Verified against cited date-page entry,20,58
14,CE,1863,December,Date page uses modern date presentation; original calendar date is not stated.,North America,GHC-DEC-14-01,Conflict / political violence,"On 14 December 1863 CE, American Civil War: The Confederate victory under General James Longstreet at the Battle of Bean's Station in East Tennessee ends the Knoxville Campaign, but achieves very little as Longstreet returns to Virginia next spring.","American Civil War: The Confederate victory under General James Longstreet at the Battle of Bean's Station in East Tennessee ends the Knoxville Campaign, but achieves very little as Longstreet returns to Virginia next spring.",14 December 1863 CE,https://en.wikipedia.org/wiki/December_14,December 14,Not stated in source,Wikipedia — December 14,Exact date as listed,Military and conflict,United States,Calendar system not specified by source,Target met,International / transnational,Secondary reference source,20,Verified against cited date-page entry,20,100
14,CE,1964,December,Date page uses modern date presentation; original calendar date is not stated.,North America,GHC-DEC-14-02,Political change,"On 14 December 1964 CE, American Civil Rights Movement: Heart of Atlanta Motel v. United States: The Supreme Court of the United States rules that Congress can use the Constitution's Commerce Clause to fight discrimination.",American Civil Rights Movement: Heart of Atlanta Motel v. United States: The Supreme Court of the United States rules that Congress can use the Constitution's Commerce Clause to fight discrimination.,14 December 1964 CE,https://en.wikipedia.org/wiki/December_14,December 14,Not stated in source,Wikipedia — December 14,Exact date as listed,Politics and governance,United States,Calendar system not specified by source,Target met,International / transnational,Secondary reference source,20,Verified against cited date-page entry,20,96
14,CE,1939,December,Date page uses modern date presentation; original calendar date is not stated.,Europe,GHC-DEC-14-03,Conflict / political violence,"On 14 December 1939 CE, Winter War: The Soviet Union is expelled from the League of Nations for invading Finland.",Winter War: The Soviet Union is expelled from the League of Nations for invading Finland.,14 December 1939 CE,https://en.wikipedia.org/wiki/December_14,December 14,Not stated in source,Wikipedia — December 14,Exact date as listed,Military and conflict,Russia,Calendar system not specified by source,Target met,International,Secondary reference source,20,Verified against cited date-page entry,20,81
14,CE,1995,December,Date page uses modern date presentation; original calendar date is not stated.,Europe,GHC-DEC-14-04,Conflict / political violence,"On 14 December 1995 CE, Yugoslav Wars: The Dayton Agreement is signed in Paris by the leaders of the Federal Republic of Yugoslavia, Croatia, and Bosnia and Herzegovina. On the same day, NATO began ground peacekeeping operations in Bosnia and Herzegovina.","Yugoslav Wars: The Dayton Agreement is signed in Paris by the leaders of the Federal Republic of Yugoslavia, Croatia, and Bosnia and Herzegovina. On the same day, NATO began ground peacekeeping operations in Bosnia and Herzegovina.",14 December 1995 CE,https://en.wikipedia.org/wiki/December_14,December 14,Not stated in source,Wikipedia — December 14,Exact date as listed,Military and conflict,Former Yugoslavia,Calendar system not specified by source,Target met,International,Secondary reference source,20,Verified against cited date-page entry,20,81
14,CE,1542,December,Date page uses modern date presentation; original calendar date is not stated.,,GHC-DEC-14-05,Political change,"On 14 December 1542 CE, Princess Mary Stuart becomes Queen of Scots at the age of one week on the death of her father, King James V.","Princess Mary Stuart becomes Queen of Scots at the age of one week on the death of her father, King James V.",14 December 1542 CE,https://en.wikipedia.org/wiki/December_14,December 14,Not stated in source,Wikipedia — December 14,Exact date as listed,Politics and governance,,Calendar system not specified by source,Target met,International,Secondary reference source,20,Verified against cited date-page entry,20,77
14,CE,1913,December,Date page uses modern date presentation; original calendar date is not stated.,Asia,GHC-DEC-14-06,Conflict / political violence,"On 14 December 1913 CE, Haruna, the fourth and last Kongō-class ship, launches, eventually becoming one of the Japanese workhorses during World War I and World War II.","Haruna, the fourth and last Kongō-class ship, launches, eventually becoming one of the Japanese workhorses during World War I and World War II.",14 December 1913 CE,https://en.wikipedia.org/wiki/December_14,December 14,Not stated in source,Wikipedia — December 14,Exact date as listed,Military and conflict,Japan,Calendar system not specified by source,Target met,International,Secondary reference source,20,Verified against cited date-page entry,20,77
14,CE,1918,December,Date page uses modern date presentation; original calendar date is not stated.,,GHC-DEC-14-07,Political change,"On 14 December 1918 CE, Portuguese President Sidónio Pais is assassinated.",Portuguese President Sidónio Pais is assassinated.,14 December 1918 CE,https://en.wikipedia.org/wiki/December_14,December 14,Not stated in source,Wikipedia — December 14,Exact date as listed,Politics and governance,,Calendar system not specified by source,Target met,International,Secondary reference source,20,Verified against cited date-page entry,20,77
14,CE,1992,December,Date page uses modern date presentation; original calendar date is not stated.,Europe,GHC-DEC-14-08,Conflict / political violence,"On 14 December 1992 CE, War in Abkhazia: Siege of Tkvarcheli: A helicopter carrying evacuees from Tkvarcheli is shot down, resulting in at least 52 deaths, including 25 children. The incident catalyses more concerted Russian military intervention on behalf of Abkhazia.","War in Abkhazia: Siege of Tkvarcheli: A helicopter carrying evacuees from Tkvarcheli is shot down, resulting in at least 52 deaths, including 25 children. The incident catalyses more concerted Russian military intervention on behalf of Abkhazia.",14 December 1992 CE,https://en.wikipedia.org/wiki/December_14,December 14,Not stated in source,Wikipedia — December 14,Exact date as listed,Military and conflict,Russia,Calendar system not specified by source,Target met,International,Secondary reference source,20,Verified against cited date-page entry,20,77
14,CE,2003,December,Date page uses modern date presentation; original calendar date is not stated.,Asia,GHC-DEC-14-09,Political change,"On 14 December 2003 CE, Pakistani President Pervez Musharraf narrowly escapes an assassination attempt.",Pakistani President Pervez Musharraf narrowly escapes an assassination attempt.,14 December 2003 CE,https://en.wikipedia.org/wiki/December_14,December 14,Not stated in source,Wikipedia — December 14,Exact date as listed,Politics and governance,Pakistan,Calendar system not specified by source,Target met,International,Secondary reference source,20,Verified against cited date-page entry,20,77
14,CE,1918,December,Date page uses modern date presentation; original calendar date is not stated.,Europe,GHC-DEC-14-10,Political change,"On 14 December 1918 CE, The 1918 United Kingdom general election occurs, the first where women were permitted to vote. In Ireland the Irish republican political party Sinn Féin wins a landslide victory with nearly 47% of the popular vote.","The 1918 United Kingdom general election occurs, the first where women were permitted to vote. In Ireland the Irish republican political party Sinn Féin wins a landslide victory with nearly 47% of the popular vote.",14 December 1918 CE,https://en.wikipedia.org/wiki/December_14,December 14,Not stated in source,Wikipedia — December 14,Exact date as listed,Politics and governance,United Kingdom,Calendar system not specified by source,Target met,International,Secondary reference source,20,Verified against cited date-page entry,20,75
14,CE,1999,December,Date page uses modern date presentation; original calendar date is not stated.,South America,GHC-DEC-14-11,Disaster,"On 14 December 1999 CE, Torrential rains cause flash floods in Vargas, Venezuela, resulting in tens of thousands of deaths, the destruction of thousands of homes, and the complete collapse of the state's infrastructure.","Torrential rains cause flash floods in Vargas, Venezuela, resulting in tens of thousands of deaths, the destruction of thousands of homes, and the complete collapse of the state's infrastructure.",14 December 1999 CE,https://en.wikipedia.org/wiki/December_14,December 14,Not stated in source,Wikipedia — December 14,Exact date as listed,Disaster and accident,Venezuela,Calendar system not specified by source,Target met,National / regional,Secondary reference source,20,Verified against cited date-page entry,20,73
14,CE,872,December,Date page uses modern date presentation; original calendar date is not stated.,,GHC-DEC-14-12,Historical event,"On 14 December 872 CE, Pope John VIII is elected following the death of Hadrian II.",Pope John VIII is elected following the death of Hadrian II.,14 December 872 CE,https://en.wikipedia.org/wiki/December_14,December 14,Not stated in source,Wikipedia — December 14,Exact date as listed,General history,,Calendar system not specified by source,Target met,National / regional,Secondary reference source,20,Verified against cited date-page entry,20,67
14,CE,1918,December,Date page uses modern date presentation; original calendar date is not stated.,Europe,GHC-DEC-14-13,Political change,"On 14 December 1918 CE, Friedrich Karl von Hessen, a German prince elected by the Parliament of Finland to become King of Finland, renounces the throne.","Friedrich Karl von Hessen, a German prince elected by the Parliament of Finland to become King of Finland, renounces the throne.",14 December 1918 CE,https://en.wikipedia.org/wiki/December_14,December 14,Not stated in source,Wikipedia — December 14,Exact date as listed,Politics and governance,Germany,Calendar system not specified by source,Target met,National / regional,Secondary reference source,20,Verified against cited date-page entry,20,67
14,CE,1962,December,Date page uses modern date presentation; original calendar date is not stated.,,GHC-DEC-14-14,Science / technology,"On 14 December 1962 CE, NASA's Mariner 2 becomes the first spacecraft to fly by Venus.",NASA's Mariner 2 becomes the first spacecraft to fly by Venus.,14 December 1962 CE,https://en.wikipedia.org/wiki/December_14,December 14,Not stated in source,Wikipedia — December 14,Exact date as listed,Science and technology,,Calendar system not specified by source,Target met,National / regional,Secondary reference source,20,Verified against cited date-page entry,20,67
14,CE,1812,December,Date page uses modern date presentation; original calendar date is not stated.,Europe,GHC-DEC-14-15,Conflict / political violence,"On 14 December 1812 CE, The French invasion of Russia comes to an end as the remnants of the Grande Armée are expelled from Russia.",The French invasion of Russia comes to an end as the remnants of the Grande Armée are expelled from Russia.,14 December 1812 CE,https://en.wikipedia.org/wiki/December_14,December 14,Not stated in source,Wikipedia — December 14,Exact date as listed,Military and conflict,France,Calendar system not specified by source,Target met,National / regional,Secondary reference source,20,Verified against cited date-page entry,20,65
14,CE,1814,December,Date page uses modern date presentation; original calendar date is not stated.,,GHC-DEC-14-16,Conflict / political violence,"On 14 December 1814 CE, War of 1812: The Royal Navy seizes control of Lake Borgne, Louisiana.","War of 1812: The Royal Navy seizes control of Lake Borgne, Louisiana.",14 December 1814 CE,https://en.wikipedia.org/wiki/December_14,December 14,Not stated in source,Wikipedia — December 14,Exact date as listed,Military and conflict,,Calendar system not specified by source,Target met,National / regional,Secondary reference source,20,Verified against cited date-page entry,20,65
14,CE,1836,December,Date page uses modern date presentation; original calendar date is not stated.,,GHC-DEC-14-17,Conflict / political violence,"On 14 December 1836 CE, The Toledo War unofficially ends as the ""Frostbitten Convention"" votes to accept Congress' terms for admitting Michigan as a U.S. state.","The Toledo War unofficially ends as the ""Frostbitten Convention"" votes to accept Congress' terms for admitting Michigan as a U.S. state.",14 December 1836 CE,https://en.wikipedia.org/wiki/December_14,December 14,Not stated in source,Wikipedia — December 14,Exact date as listed,Military and conflict,,Calendar system not specified by source,Target met,National / regional,Secondary reference source,20,Verified against cited date-page entry,20,65
14,CE,1909,December,Date page uses modern date presentation; original calendar date is not stated.,Oceania,GHC-DEC-14-18,Political change,"On 14 December 1909 CE, New South Wales Premier Charles Wade signs the Seat of Government Surrender Act 1909, formally completing the transfer of State land to the Commonwealth to create the Australian Capital Territory.","New South Wales Premier Charles Wade signs the Seat of Government Surrender Act 1909, formally completing the transfer of State land to the Commonwealth to create the Australian Capital Territory.",14 December 1909 CE,https://en.wikipedia.org/wiki/December_14,December 14,Not stated in source,Wikipedia — December 14,Exact date as listed,Politics and governance,Australia,Calendar system not specified by source,Target met,National / regional,Secondary reference source,20,Verified against cited date-page entry,20,65
14,CE,1971,December,Date page uses modern date presentation; original calendar date is not stated.,Asia,GHC-DEC-14-19,Conflict / political violence,"On 14 December 1971 CE, Bangladesh Liberation War: Over 200 of East Pakistan' s intellectuals are executed by the Pakistan Army and their local allies. (The date is commemorated in Bangladesh as Martyred Intellectuals Day.)",Bangladesh Liberation War: Over 200 of East Pakistan' s intellectuals are executed by the Pakistan Army and their local allies. (The date is commemorated in Bangladesh as Martyred Intellectuals Day.),14 December 1971 CE,https://en.wikipedia.org/wiki/December_14,December 14,Not stated in source,Wikipedia — December 14,Exact date as listed,Military and conflict,Pakistan,Calendar system not specified by source,Target met,National / regional,Secondary reference source,20,Verified against cited date-page entry,20,65
14,CE,1986,December,Date page uses modern date presentation; original calendar date is not stated.,,GHC-DEC-14-20,Conflict / political violence,"On 14 December 1986 CE, Qasba Aligarh massacre: Over 400 Muhajirs killed in revenge killings in Qasba colony after a raid on Pashtun heroin processing and distribution center in Sohrab Goth by the security forces.",Qasba Aligarh massacre: Over 400 Muhajirs killed in revenge killings in Qasba colony after a raid on Pashtun heroin processing and distribution center in Sohrab Goth by the security forces.,14 December 1986 CE,https://en.wikipedia.org/wiki/December_14,December 14,Not stated in source,Wikipedia — December 14,Exact date as listed,Military and conflict,,Calendar system not specified by source,Target met,National / regional,Secondary reference source,20,Verified against cited date-page entry,20,65
15,CE,1862,December,Date page uses modern date presentation; original calendar date is not stated.,North America,GHC-DEC-15-01,Conflict / political violence,"On 15 December 1862 CE, American Civil War: The Battle of Fredericksburg ends in a Union defeat as General Ambrose Burnside withdraws the Army of the Potomac across the Rappahannock River.",American Civil War: The Battle of Fredericksburg ends in a Union defeat as General Ambrose Burnside withdraws the Army of the Potomac across the Rappahannock River.,15 December 1862 CE,https://en.wikipedia.org/wiki/December_15,December 15,Not stated in source,Wikipedia — December 15,Exact date as listed,Military and conflict,United States,Calendar system not specified by source,Target met,International / transnational,Secondary reference source,20,Verified against cited date-page entry,20,100
15,CE,1864,December,Date page uses modern date presentation; original calendar date is not stated.,North America,GHC-DEC-15-02,Conflict / political violence,"On 15 December 1864 CE, American Civil War: The Battle of Nashville begins at Nashville, Tennessee, and ends the following day with the destruction of the Confederate Army of Tennessee under General John Bell Hood as a fighting force by the Union Army of the Cumberland under General George H. Thomas.","American Civil War: The Battle of Nashville begins at Nashville, Tennessee, and ends the following day with the destruction of the Confederate Army of Tennessee under General John Bell Hood as a fighting force by the Union Army of the Cumberland under General George H. Thomas.",15 December 1864 CE,https://en.wikipedia.org/wiki/December_15,December 15,Not stated in source,Wikipedia — December 15,Exact date as listed,Military and conflict,United States,Calendar system not specified by source,Target met,International / transnational,Secondary reference source,20,Verified against cited date-page entry,20,100
15,CE,1651,December,Date page uses modern date presentation; original calendar date is not stated.,,GHC-DEC-15-03,Conflict / political violence,"On 15 December 1651 CE, Castle Cornet in Guernsey, the last stronghold which had supported the King in the Third English Civil War, surrenders.","Castle Cornet in Guernsey, the last stronghold which had supported the King in the Third English Civil War, surrenders.",15 December 1651 CE,https://en.wikipedia.org/wiki/December_15,December 15,Not stated in source,Wikipedia — December 15,Exact date as listed,Military and conflict,,Calendar system not specified by source,Target met,International / transnational,Secondary reference source,20,Verified against cited date-page entry,20,100
15,CE,1778,December,Date page uses modern date presentation; original calendar date is not stated.,North America,GHC-DEC-15-04,Conflict / political violence,"On 15 December 1778 CE, American Revolutionary War: British and French fleets clash in the Battle of St. Lucia.",American Revolutionary War: British and French fleets clash in the Battle of St. Lucia.,15 December 1778 CE,https://en.wikipedia.org/wiki/December_15,December 15,Not stated in source,Wikipedia — December 15,Exact date as listed,Military and conflict,United States,Calendar system not specified by source,Target met,International / transnational,Secondary reference source,20,Verified against cited date-page entry,20,100
15,CE,1161,December,Date page uses modern date presentation; original calendar date is not stated.,,GHC-DEC-15-05,Conflict / political violence,"On 15 December 1161 CE, Jin–Song wars: Military officers conspire against the emperor Wanyan Liang of the Jin dynasty after a military defeat at the Battle of Caishi, and assassinate the emperor at his camp.","Jin–Song wars: Military officers conspire against the emperor Wanyan Liang of the Jin dynasty after a military defeat at the Battle of Caishi, and assassinate the emperor at his camp.",15 December 1161 CE,https://en.wikipedia.org/wiki/December_15,December 15,Not stated in source,Wikipedia — December 15,Exact date as listed,Military and conflict,,Calendar system not specified by source,Target met,International / transnational,Secondary reference source,20,Verified against cited date-page entry,20,97
15,CE,533,December,Date page uses modern date presentation; original calendar date is not stated.,,GHC-DEC-15-06,Conflict / political violence,"On 15 December 533 CE, Vandalic War: Byzantine general Belisarius defeats the Vandals, commanded by King Gelimer, at the Battle of Tricamarum.","Vandalic War: Byzantine general Belisarius defeats the Vandals, commanded by King Gelimer, at the Battle of Tricamarum.",15 December 533 CE,https://en.wikipedia.org/wiki/December_15,December 15,Not stated in source,Wikipedia — December 15,Exact date as listed,Military and conflict,,Calendar system not specified by source,Target met,International / transnational,Secondary reference source,20,Verified against cited date-page entry,20,95
15,CE,1960,December,Date page uses modern date presentation; original calendar date is not stated.,,GHC-DEC-15-07,Political change,"On 15 December 1960 CE, King Mahendra of Nepal suspends the country's constitution, dissolves parliament, dismisses the cabinet, and imposes direct rule.","King Mahendra of Nepal suspends the country's constitution, dissolves parliament, dismisses the cabinet, and imposes direct rule.",15 December 1960 CE,https://en.wikipedia.org/wiki/December_15,December 15,Not stated in source,Wikipedia — December 15,Exact date as listed,Politics and governance,,Calendar system not specified by source,Target met,International,Secondary reference source,20,Verified against cited date-page entry,20,87
15,CE,1899,December,Date page uses modern date presentation; original calendar date is not stated.,Europe,GHC-DEC-15-08,Conflict / political violence,"On 15 December 1899 CE, British Army forces are defeated at the Battle of Colenso in Natal, South Africa, the third and final battle fought during the Black Week of the Second Boer War.","British Army forces are defeated at the Battle of Colenso in Natal, South Africa, the third and final battle fought during the Black Week of the Second Boer War.",15 December 1899 CE,https://en.wikipedia.org/wiki/December_15,December 15,Not stated in source,Wikipedia — December 15,Exact date as listed,Military and conflict,United Kingdom,Calendar system not specified by source,Target met,International,Secondary reference source,20,Verified against cited date-page entry,20,85
15,CE,1942,December,Date page uses modern date presentation; original calendar date is not stated.,Global / transnational,GHC-DEC-15-09,Conflict / political violence,"On 15 December 1942 CE, World War II: The Battle of Mount Austen, the Galloping Horse, and the Sea Horse begins during the Guadalcanal campaign.","World War II: The Battle of Mount Austen, the Galloping Horse, and the Sea Horse begins during the Guadalcanal campaign.",15 December 1942 CE,https://en.wikipedia.org/wiki/December_15,December 15,Not stated in source,Wikipedia — December 15,Exact date as listed,Military and conflict,,Calendar system not specified by source,Target met,International,Secondary reference source,20,Verified against cited date-page entry,20,85
15,CE,1943,December,Date page uses modern date presentation; original calendar date is not stated.,Global / transnational,GHC-DEC-15-10,Conflict / political violence,"On 15 December 1943 CE, World War II: The Battle of Arawe begins during the New Britain campaign.",World War II: The Battle of Arawe begins during the New Britain campaign.,15 December 1943 CE,https://en.wikipedia.org/wiki/December_15,December 15,Not stated in source,Wikipedia — December 15,Exact date as listed,Military and conflict,,Calendar system not specified by source,Target met,International,Secondary reference source,20,Verified against cited date-page entry,20,85
15,CE,1025,December,Date page uses modern date presentation; original calendar date is not stated.,,GHC-DEC-15-11,Political change,"On 15 December 1025 CE, Constantine VIII becomes sole emperor of the Byzantine Empire, 63 years after being crowned co-emperor.","Constantine VIII becomes sole emperor of the Byzantine Empire, 63 years after being crowned co-emperor.",15 December 1025 CE,https://en.wikipedia.org/wiki/December_15,December 15,Not stated in source,Wikipedia — December 15,Exact date as listed,Politics and governance,,Calendar system not specified by source,Target met,International,Secondary reference source,20,Verified against cited date-page entry,20,81
15,CE,1965,December,Date page uses modern date presentation; original calendar date is not stated.,,GHC-DEC-15-12,Science / technology,"On 15 December 1965 CE, Project Gemini: Gemini 6A, crewed by Wally Schirra and Thomas Stafford, is launched from Cape Kennedy, Florida. Four orbits later, it achieves the first space rendezvous, with Gemini 7.","Project Gemini: Gemini 6A, crewed by Wally Schirra and Thomas Stafford, is launched from Cape Kennedy, Florida. Four orbits later, it achieves the first space rendezvous, with Gemini 7.",15 December 1965 CE,https://en.wikipedia.org/wiki/December_15,December 15,Not stated in source,Wikipedia — December 15,Exact date as listed,Science and technology,,Calendar system not specified by source,Target met,International,Secondary reference source,20,Verified against cited date-page entry,20,79
15,CE,1960,December,Date page uses modern date presentation; original calendar date is not stated.,,GHC-DEC-15-13,Political change,"On 15 December 1960 CE, Richard Pavlick is arrested for plotting to assassinate U.S. President-Elect John F. Kennedy.",Richard Pavlick is arrested for plotting to assassinate U.S. President-Elect John F. Kennedy.,15 December 1960 CE,https://en.wikipedia.org/wiki/December_15,December 15,Not stated in source,Wikipedia — December 15,Exact date as listed,Politics and governance,,Calendar system not specified by source,Target met,International,Secondary reference source,20,Verified against cited date-page entry,20,77
15,CE,1989,December,Date page uses modern date presentation; original calendar date is not stated.,Global / transnational,GHC-DEC-15-14,Legal and social change,"On 15 December 1989 CE, Second Optional Protocol to the International Covenant on Civil and Political Rights relating the abolition of capital punishment is adopted.",Second Optional Protocol to the International Covenant on Civil and Political Rights relating the abolition of capital punishment is adopted.,15 December 1989 CE,https://en.wikipedia.org/wiki/December_15,December 15,Not stated in source,Wikipedia — December 15,Exact date as listed,Law and society,,Calendar system not specified by source,Target met,International,Secondary reference source,20,Verified against cited date-page entry,20,76
15,CE,1791,December,Date page uses modern date presentation; original calendar date is not stated.,North America,GHC-DEC-15-15,Legal and social change,"On 15 December 1791 CE, The United States Bill of Rights becomes law when ratified by the Virginia General Assembly.",The United States Bill of Rights becomes law when ratified by the Virginia General Assembly.,15 December 1791 CE,https://en.wikipedia.org/wiki/December_15,December 15,Not stated in source,Wikipedia — December 15,Exact date as listed,Law and society,United States,Calendar system not specified by source,Target met,International,Secondary reference source,20,Verified against cited date-page entry,20,75
15,CE,1871,December,Date page uses modern date presentation; original calendar date is not stated.,,GHC-DEC-15-16,Conflict / political violence,"On 15 December 1871 CE, Sixteen-year-old telegraphist Ella Stewart keys and sends the first telegraphed message from Arizona Territory at the Deseret Telegraph Company office in Pipe Spring.",Sixteen-year-old telegraphist Ella Stewart keys and sends the first telegraphed message from Arizona Territory at the Deseret Telegraph Company office in Pipe Spring.,15 December 1871 CE,https://en.wikipedia.org/wiki/December_15,December 15,Not stated in source,Wikipedia — December 15,Exact date as listed,Military and conflict,,Calendar system not specified by source,Target met,National / regional,Secondary reference source,20,Verified against cited date-page entry,20,73
15,CE,1961,December,Date page uses modern date presentation; original calendar date is not stated.,Asia,GHC-DEC-15-17,Legal and social change,"On 15 December 1961 CE, Eichmann trial: Adolf Eichmann is sentenced to death after being found guilty by an Israeli court of 15 criminal charges, including charges of crimes against humanity, crimes against the Jewish people, and membership of an outlawed organization.","Eichmann trial: Adolf Eichmann is sentenced to death after being found guilty by an Israeli court of 15 criminal charges, including charges of crimes against humanity, crimes against the Jewish people, and membership of an outlawed organization.",15 December 1961 CE,https://en.wikipedia.org/wiki/December_15,December 15,Not stated in source,Wikipedia — December 15,Exact date as listed,Law and society,Israel,Calendar system not specified by source,Target met,National / regional,Secondary reference source,20,Verified against cited date-page entry,20,71
15,CE,1546,December,Date page uses modern date presentation; original calendar date is not stated.,,GHC-DEC-15-18,Political change,"On 15 December 1546 CE, The town of Ekenäs (Finnish: Tammisaari) is founded by King Gustav Vasa of Sweden.",The town of Ekenäs (Finnish: Tammisaari) is founded by King Gustav Vasa of Sweden.,15 December 1546 CE,https://en.wikipedia.org/wiki/December_15,December 15,Not stated in source,Wikipedia — December 15,Exact date as listed,Politics and governance,,Calendar system not specified by source,Target met,National / regional,Secondary reference source,20,Verified against cited date-page entry,20,67
15,CE,1970,December,Date page uses modern date presentation; original calendar date is not stated.,Europe,GHC-DEC-15-19,Science / technology,"On 15 December 1970 CE, Soviet spacecraft Venera 7 successfully lands on Venus. It is the first successful soft landing on another planet.",Soviet spacecraft Venera 7 successfully lands on Venus. It is the first successful soft landing on another planet.,15 December 1970 CE,https://en.wikipedia.org/wiki/December_15,December 15,Not stated in source,Wikipedia — December 15,Exact date as listed,Science and technology,Russia,Calendar system not specified by source,Target met,National / regional,Secondary reference source,20,Verified against cited date-page entry,20,67
15,CE,1981,December,Date page uses modern date presentation; original calendar date is not stated.,Asia,GHC-DEC-15-20,Historical event,"On 15 December 1981 CE, A suicide car bombing targeting the Iraqi embassy in Beirut, Lebanon, levels the embassy and kills 61 people, including Iraq's ambassador to Lebanon. The attack is considered the first modern suicide bombing.","A suicide car bombing targeting the Iraqi embassy in Beirut, Lebanon, levels the embassy and kills 61 people, including Iraq's ambassador to Lebanon. The attack is considered the first modern suicide bombing.",15 December 1981 CE,https://en.wikipedia.org/wiki/December_15,December 15,Not stated in source,Wikipedia — December 15,Exact date as listed,General history,Iraq,Calendar system not specified by source,Target met,National / regional,Secondary reference source,20,Verified against cited date-page entry,20,67
16,CE,1864,December,Date page uses modern date presentation; original calendar date is not stated.,North America,GHC-DEC-16-01,Conflict / political violence,"On 16 December 1864 CE, American Civil War: The Battle of Nashville ends as the Union Army of the Cumberland under General George H. Thomas routs and destroys the Confederate Army of Tennessee under General John Bell Hood, ending its effectiveness as a combat unit.","American Civil War: The Battle of Nashville ends as the Union Army of the Cumberland under General George H. Thomas routs and destroys the Confederate Army of Tennessee under General John Bell Hood, ending its effectiveness as a combat unit.",16 December 1864 CE,https://en.wikipedia.org/wiki/December_16,December 16,Not stated in source,Wikipedia — December 16,Exact date as listed,Military and conflict,United States,Calendar system not specified by source,Target met,International / transnational,Secondary reference source,20,Verified against cited date-page entry,20,100
16,CE,1912,December,Date page uses modern date presentation; original calendar date is not stated.,Asia,GHC-DEC-16-02,Conflict / political violence,"On 16 December 1912 CE, First Balkan War: The Royal Hellenic Navy defeats the Ottoman Navy at the Battle of Elli.",First Balkan War: The Royal Hellenic Navy defeats the Ottoman Navy at the Battle of Elli.,16 December 1912 CE,https://en.wikipedia.org/wiki/December_16,December 16,Not stated in source,Wikipedia — December 16,Exact date as listed,Military and conflict,Turkey,Calendar system not specified by source,Target met,International,Secondary reference source,20,Verified against cited date-page entry,20,93
16,CE,1863,December,Date page uses modern date presentation; original calendar date is not stated.,North America,GHC-DEC-16-03,Conflict / political violence,"On 16 December 1863 CE, American Civil War: Confederate President Jefferson Davis appoints General Joseph E. Johnston to replace General Braxton Bragg as commander of the Army of Tennessee.",American Civil War: Confederate President Jefferson Davis appoints General Joseph E. Johnston to replace General Braxton Bragg as commander of the Army of Tennessee.,16 December 1863 CE,https://en.wikipedia.org/wiki/December_16,December 16,Not stated in source,Wikipedia — December 16,Exact date as listed,Military and conflict,United States,Calendar system not specified by source,Target met,International,Secondary reference source,20,Verified against cited date-page entry,20,92
16,CE,1431,December,Date page uses modern date presentation; original calendar date is not stated.,Europe,GHC-DEC-16-04,Conflict / political violence,"On 16 December 1431 CE, Hundred Years' War: Henry VI of England is crowned King of France at Notre Dame in Paris.",Hundred Years' War: Henry VI of England is crowned King of France at Notre Dame in Paris.,16 December 1431 CE,https://en.wikipedia.org/wiki/December_16,December 16,Not stated in source,Wikipedia — December 16,Exact date as listed,Military and conflict,United Kingdom,Calendar system not specified by source,Target met,International,Secondary reference source,20,Verified against cited date-page entry,20,87
16,CE,1880,December,Date page uses modern date presentation; original calendar date is not stated.,Europe,GHC-DEC-16-05,Conflict / political violence,"On 16 December 1880 CE, Outbreak of the First Boer War between the Boer South African Republic and the British Empire.",Outbreak of the First Boer War between the Boer South African Republic and the British Empire.,16 December 1880 CE,https://en.wikipedia.org/wiki/December_16,December 16,Not stated in source,Wikipedia — December 16,Exact date as listed,Military and conflict,United Kingdom,Calendar system not specified by source,Target met,International,Secondary reference source,20,Verified against cited date-page entry,20,87
16,CE,1598,December,Date page uses modern date presentation; original calendar date is not stated.,Asia,GHC-DEC-16-06,Conflict / political violence,"On 16 December 1598 CE, Seven-Year War: Battle of Noryang: The final battle of the Seven-Year War is fought between the China and the Korean allied forces and Japanese navies, resulting in a decisive allied forces victory.","Seven-Year War: Battle of Noryang: The final battle of the Seven-Year War is fought between the China and the Korean allied forces and Japanese navies, resulting in a decisive allied forces victory.",16 December 1598 CE,https://en.wikipedia.org/wiki/December_16,December 16,Not stated in source,Wikipedia — December 16,Exact date as listed,Military and conflict,China,Calendar system not specified by source,Target met,International,Secondary reference source,20,Verified against cited date-page entry,20,85
16,CE,1944,December,Date page uses modern date presentation; original calendar date is not stated.,Europe,GHC-DEC-16-07,Conflict / political violence,"On 16 December 1944 CE, World War II: The Battle of the Bulge begins with the surprise offensive of three German armies through the Ardennes forest.",World War II: The Battle of the Bulge begins with the surprise offensive of three German armies through the Ardennes forest.,16 December 1944 CE,https://en.wikipedia.org/wiki/December_16,December 16,Not stated in source,Wikipedia — December 16,Exact date as listed,Military and conflict,Germany,Calendar system not specified by source,Target met,International,Secondary reference source,20,Verified against cited date-page entry,20,85
16,CE,1971,December,Date page uses modern date presentation; original calendar date is not stated.,Asia,GHC-DEC-16-08,Conflict / political violence,"On 16 December 1971 CE, Bangladesh Liberation War and Indo-Pakistani War of 1971: The surrender of the Pakistan Army brings an end to both conflicts. This is commemorated annually as Victory Day in Bangladesh and Vijay Diwas in India respectively.",Bangladesh Liberation War and Indo-Pakistani War of 1971: The surrender of the Pakistan Army brings an end to both conflicts. This is commemorated annually as Victory Day in Bangladesh and Vijay Diwas in India respectively.,16 December 1971 CE,https://en.wikipedia.org/wiki/December_16,December 16,Not stated in source,Wikipedia — December 16,Exact date as listed,Military and conflict,India,Calendar system not specified by source,Target met,International,Secondary reference source,20,Verified against cited date-page entry,20,85
16,CE,1971,December,Date page uses modern date presentation; original calendar date is not stated.,Europe,GHC-DEC-16-09,Political change,"On 16 December 1971 CE, The United Kingdom recognizes Bahrain's independence, which is commemorated annually as Bahrain's National Day.","The United Kingdom recognizes Bahrain's independence, which is commemorated annually as Bahrain's National Day.",16 December 1971 CE,https://en.wikipedia.org/wiki/December_16,December 16,Not stated in source,Wikipedia — December 16,Exact date as listed,Politics and governance,United Kingdom,Calendar system not specified by source,Target met,International,Secondary reference source,20,Verified against cited date-page entry,20,79
16,CE,1973,December,Date page uses modern date presentation; original calendar date is not stated.,Europe,GHC-DEC-16-10,Political change,"On 16 December 1973 CE, Aeroflot Flight 2022 crashes in the Soviet Union's (now Russia) Volokolamsky District, killing all 51 aboard, including four Lithuanian doctors.","Aeroflot Flight 2022 crashes in the Soviet Union's (now Russia) Volokolamsky District, killing all 51 aboard, including four Lithuanian doctors.",16 December 1973 CE,https://en.wikipedia.org/wiki/December_16,December 16,Not stated in source,Wikipedia — December 16,Exact date as listed,Politics and governance,Russia,Calendar system not specified by source,Target met,National / regional,Secondary reference source,20,Verified against cited date-page entry,20,74
16,CE,1575,December,Date page uses modern date presentation; original calendar date is not stated.,South America,GHC-DEC-16-11,Disaster,"On 16 December 1575 CE, An earthquake with an estimated magnitude of 8.5 M w strikes Valdivia, Chile.","An earthquake with an estimated magnitude of 8.5 M w strikes Valdivia, Chile.",16 December 1575 CE,https://en.wikipedia.org/wiki/December_16,December 16,Not stated in source,Wikipedia — December 16,Exact date as listed,Disaster and accident,Chile,Calendar system not specified by source,Target met,National / regional,Secondary reference source,20,Verified against cited date-page entry,20,73
16,CE,1689,December,Date page uses modern date presentation; original calendar date is not stated.,,GHC-DEC-16-12,Political change,"On 16 December 1689 CE, Convention Parliament: The Declaration of Right is embodied in the Bill of Rights.",Convention Parliament: The Declaration of Right is embodied in the Bill of Rights.,16 December 1689 CE,https://en.wikipedia.org/wiki/December_16,December 16,Not stated in source,Wikipedia — December 16,Exact date as listed,Politics and governance,,Calendar system not specified by source,Target met,National / regional,Secondary reference source,20,Verified against cited date-page entry,20,73
16,CE,1811,December,Date page uses modern date presentation; original calendar date is not stated.,,GHC-DEC-16-13,Disaster,"On 16 December 1811 CE, The first two in a series of four severe earthquakes occur in the vicinity of New Madrid, Missouri.","The first two in a series of four severe earthquakes occur in the vicinity of New Madrid, Missouri.",16 December 1811 CE,https://en.wikipedia.org/wiki/December_16,December 16,Not stated in source,Wikipedia — December 16,Exact date as listed,Disaster and accident,,Calendar system not specified by source,Target met,National / regional,Secondary reference source,20,Verified against cited date-page entry,20,71
16,CE,1882,December,Date page uses modern date presentation; original calendar date is not stated.,Europe,GHC-DEC-16-14,Political change,"On 16 December 1882 CE, Wales and England contest the first Home Nations (now Six Nations) rugby union match.",Wales and England contest the first Home Nations (now Six Nations) rugby union match.,16 December 1882 CE,https://en.wikipedia.org/wiki/December_16,December 16,Not stated in source,Wikipedia — December 16,Exact date as listed,Politics and governance,United Kingdom,Calendar system not specified by source,Target met,National / regional,Secondary reference source,20,Verified against cited date-page entry,20,69
16,CE,1773,December,Date page uses modern date presentation; original calendar date is not stated.,North America,GHC-DEC-16-15,Historical event,"On 16 December 1773 CE, American Revolution: Boston Tea Party: Members of the Sons of Liberty disguised as Mohawk Indians dump hundreds of crates of tea into Boston harbor as a protest against the Tea Act.",American Revolution: Boston Tea Party: Members of the Sons of Liberty disguised as Mohawk Indians dump hundreds of crates of tea into Boston harbor as a protest against the Tea Act.,16 December 1773 CE,https://en.wikipedia.org/wiki/December_16,December 16,Not stated in source,Wikipedia — December 16,Exact date as listed,General history,United States,Calendar system not specified by source,Target met,National / regional,Secondary reference source,20,Verified against cited date-page entry,20,67
16,CE,1989,December,Date page uses modern date presentation; original calendar date is not stated.,Europe,GHC-DEC-16-16,Political change,"On 16 December 1989 CE, Romanian Revolution: Protests break out in Timișoara, Romania, in response to an attempt by the government to evict dissident Hungarian pastor László Tőkés.","Romanian Revolution: Protests break out in Timișoara, Romania, in response to an attempt by the government to evict dissident Hungarian pastor László Tőkés.",16 December 1989 CE,https://en.wikipedia.org/wiki/December_16,December 16,Not stated in source,Wikipedia — December 16,Exact date as listed,Politics and governance,Romania,Calendar system not specified by source,Target met,National / regional,Secondary reference source,20,Verified against cited date-page entry,20,67
16,CE,1761,December,Date page uses modern date presentation; original calendar date is not stated.,Europe,GHC-DEC-16-17,Conflict / political violence,"On 16 December 1761 CE, Seven Years' War: After a four-month siege, the Russians under Pyotr Rumyantsev take the Prussian fortress of Kołobrzeg.","Seven Years' War: After a four-month siege, the Russians under Pyotr Rumyantsev take the Prussian fortress of Kołobrzeg.",16 December 1761 CE,https://en.wikipedia.org/wiki/December_16,December 16,Not stated in source,Wikipedia — December 16,Exact date as listed,Military and conflict,Russia,Calendar system not specified by source,Target met,National / regional,Secondary reference source,20,Verified against cited date-page entry,20,65
16,CE,1826,December,Date page uses modern date presentation; original calendar date is not stated.,,GHC-DEC-16-18,Conflict / political violence,"On 16 December 1826 CE, Benjamin W. Edwards rides into Mexican-controlled Nacogdoches, Texas, and declares himself ruler of the Republic of Fredonia.","Benjamin W. Edwards rides into Mexican-controlled Nacogdoches, Texas, and declares himself ruler of the Republic of Fredonia.",16 December 1826 CE,https://en.wikipedia.org/wiki/December_16,December 16,Not stated in source,Wikipedia — December 16,Exact date as listed,Military and conflict,,Calendar system not specified by source,Target met,National / regional,Secondary reference source,20,Verified against cited date-page entry,20,65
16,CE,1838,December,Date page uses modern date presentation; original calendar date is not stated.,Africa,GHC-DEC-16-19,Conflict / political violence,"On 16 December 1838 CE, Great Trek: Battle of Blood River: Voortrekkers led by Andries Pretorius and Sarel Cilliers defeat Zulu impis, led by Dambuza (Nzobo) and Ndlela kaSompisi in what is today KwaZulu-Natal, South Africa.","Great Trek: Battle of Blood River: Voortrekkers led by Andries Pretorius and Sarel Cilliers defeat Zulu impis, led by Dambuza (Nzobo) and Ndlela kaSompisi in what is today KwaZulu-Natal, South Africa.",16 December 1838 CE,https://en.wikipedia.org/wiki/December_16,December 16,Not stated in source,Wikipedia — December 16,Exact date as listed,Military and conflict,South Africa,Calendar system not specified by source,Target met,National / regional,Secondary reference source,20,Verified against cited date-page entry,20,65
16,CE,1914,December,Date page uses modern date presentation; original calendar date is not stated.,Global / transnational,GHC-DEC-16-20,Conflict / political violence,"On 16 December 1914 CE, World War I: Admiral Franz von Hipper commands a raid on Scarborough, Hartlepool and Whitby.","World War I: Admiral Franz von Hipper commands a raid on Scarborough, Hartlepool and Whitby.",16 December 1914 CE,https://en.wikipedia.org/wiki/December_16,December 16,Not stated in source,Wikipedia — December 16,Exact date as listed,Military and conflict,,Calendar system not specified by source,Target met,National / regional,Secondary reference source,20,Verified against cited date-page entry,20,65
17,CE,1951,December,Date page uses modern date presentation; original calendar date is not stated.,North America,GHC-DEC-17-01,Legal and social change,"On 17 December 1951 CE, The American Civil Rights Congress delivers "" We Charge Genocide"" to the United Nations.","The American Civil Rights Congress delivers "" We Charge Genocide"" to the United Nations.",17 December 1951 CE,https://en.wikipedia.org/wiki/December_17,December 17,Not stated in source,Wikipedia — December 17,Exact date as listed,Law and society,United States,Calendar system not specified by source,Target met,International / transnational,Secondary reference source,20,Verified against cited date-page entry,20,100
17,CE,1944,December,Date page uses modern date presentation; original calendar date is not stated.,North America,GHC-DEC-17-02,Conflict / political violence,"On 17 December 1944 CE, World War II: Battle of the Bulge: Malmedy massacre: American 285th Field Artillery Observation Battalion POWs are shot by Waffen-SS Kampfgruppe Joachim Peiper.",World War II: Battle of the Bulge: Malmedy massacre: American 285th Field Artillery Observation Battalion POWs are shot by Waffen-SS Kampfgruppe Joachim Peiper.,17 December 1944 CE,https://en.wikipedia.org/wiki/December_17,December 17,Not stated in source,Wikipedia — December 17,Exact date as listed,Military and conflict,United States,Calendar system not specified by source,Target met,International / transnational,Secondary reference source,20,Verified against cited date-page entry,20,100
17,CE,1928,December,Date page uses modern date presentation; original calendar date is not stated.,Europe,GHC-DEC-17-03,Historical event,"On 17 December 1928 CE, Indian revolutionaries Bhagat Singh, Sukhdev Thapar and Shivaram Rajguru assassinate British police officer James Saunders in Lahore, Punjab, to avenge the death of Lala Lajpat Rai at the hands of the police. The three were executed in 1931.","Indian revolutionaries Bhagat Singh, Sukhdev Thapar and Shivaram Rajguru assassinate British police officer James Saunders in Lahore, Punjab, to avenge the death of Lala Lajpat Rai at the hands of the police. The three were executed in 1931.",17 December 1928 CE,https://en.wikipedia.org/wiki/December_17,December 17,Not stated in source,Wikipedia — December 17,Exact date as listed,General history,United Kingdom,Calendar system not specified by source,Target met,International / transnational,Secondary reference source,20,Verified against cited date-page entry,20,99
17,CE,2002,December,Date page uses modern date presentation; original calendar date is not stated.,Africa,GHC-DEC-17-04,Conflict / political violence,"On 17 December 2002 CE, Second Congo War: The Congolese parties of the Inter Congolese Dialogue sign a peace accord which makes provision for transitional governance and legislative and presidential elections within two years.",Second Congo War: The Congolese parties of the Inter Congolese Dialogue sign a peace accord which makes provision for transitional governance and legislative and presidential elections within two years.,17 December 2002 CE,https://en.wikipedia.org/wiki/December_17,December 17,Not stated in source,Wikipedia — December 17,Exact date as listed,Military and conflict,Congo,Calendar system not specified by source,Target met,International,Secondary reference source,20,Verified against cited date-page entry,20,89
17,CE,1354,December,Date page uses modern date presentation; original calendar date is not stated.,,GHC-DEC-17-05,Conflict / political violence,"On 17 December 1354 CE, Margaret II, Countess of Hainaut and Holy Roman Empress and her son William I, Duke of Bavaria, sign a peace treaty ending the Hook and Cod wars.","Margaret II, Countess of Hainaut and Holy Roman Empress and her son William I, Duke of Bavaria, sign a peace treaty ending the Hook and Cod wars.",17 December 1354 CE,https://en.wikipedia.org/wiki/December_17,December 17,Not stated in source,Wikipedia — December 17,Exact date as listed,Military and conflict,,Calendar system not specified by source,Target met,International,Secondary reference source,20,Verified against cited date-page entry,20,87
17,CE,1812,December,Date page uses modern date presentation; original calendar date is not stated.,,GHC-DEC-17-06,Conflict / political violence,"On 17 December 1812 CE, War of 1812: U.S. forces attack a Lenape village in the Battle of the Mississinewa.",War of 1812: U.S. forces attack a Lenape village in the Battle of the Mississinewa.,17 December 1812 CE,https://en.wikipedia.org/wiki/December_17,December 17,Not stated in source,Wikipedia — December 17,Exact date as listed,Military and conflict,,Calendar system not specified by source,Target met,International,Secondary reference source,20,Verified against cited date-page entry,20,85
17,CE,1939,December,Date page uses modern date presentation; original calendar date is not stated.,Global / transnational,GHC-DEC-17-07,Conflict / political violence,"On 17 December 1939 CE, World War II: Battle of the River Plate: The Admiral Graf Spee is scuttled by Captain Hans Langsdorff outside Montevideo.",World War II: Battle of the River Plate: The Admiral Graf Spee is scuttled by Captain Hans Langsdorff outside Montevideo.,17 December 1939 CE,https://en.wikipedia.org/wiki/December_17,December 17,Not stated in source,Wikipedia — December 17,Exact date as listed,Military and conflict,,Calendar system not specified by source,Target met,International,Secondary reference source,20,Verified against cited date-page entry,20,85
17,CE,1862,December,Date page uses modern date presentation; original calendar date is not stated.,North America,GHC-DEC-17-08,Conflict / political violence,"On 17 December 1862 CE, American Civil War: General Ulysses S. Grant issues General Order No. 11, expelling Jews from parts of Tennessee, Mississippi, and Kentucky.","American Civil War: General Ulysses S. Grant issues General Order No. 11, expelling Jews from parts of Tennessee, Mississippi, and Kentucky.",17 December 1862 CE,https://en.wikipedia.org/wiki/December_17,December 17,Not stated in source,Wikipedia — December 17,Exact date as listed,Military and conflict,United States,Calendar system not specified by source,Target met,International,Secondary reference source,20,Verified against cited date-page entry,20,80
17,CE,1989,December,Date page uses modern date presentation; original calendar date is not stated.,Europe,GHC-DEC-17-09,Political change,"On 17 December 1989 CE, Romanian Revolution: Protests continue in Timișoara, Romania, with rioters breaking into the Romanian Communist Party's District Committee building and attempting to set it on fire.","Romanian Revolution: Protests continue in Timișoara, Romania, with rioters breaking into the Romanian Communist Party's District Committee building and attempting to set it on fire.",17 December 1989 CE,https://en.wikipedia.org/wiki/December_17,December 17,Not stated in source,Wikipedia — December 17,Exact date as listed,Politics and governance,Romania,Calendar system not specified by source,Target met,International,Secondary reference source,20,Verified against cited date-page entry,20,77
17,CE,1989,December,Date page uses modern date presentation; original calendar date is not stated.,South America,GHC-DEC-17-10,Political change,"On 17 December 1989 CE, Fernando Collor de Mello defeats Luiz Inácio Lula da Silva in the second round of the Brazilian presidential election, becoming the first democratically elected President in almost 30 years.","Fernando Collor de Mello defeats Luiz Inácio Lula da Silva in the second round of the Brazilian presidential election, becoming the first democratically elected President in almost 30 years.",17 December 1989 CE,https://en.wikipedia.org/wiki/December_17,December 17,Not stated in source,Wikipedia — December 17,Exact date as listed,Politics and governance,Brazil,Calendar system not specified by source,Target met,International,Secondary reference source,20,Verified against cited date-page entry,20,77
17,CE,1997,December,Date page uses modern date presentation; original calendar date is not stated.,Asia,GHC-DEC-17-11,Political change,"On 17 December 1997 CE, Peruvian internal conflict: Fourteen members of the Túpac Amaru Revolutionary Movement provoke a hostage crisis by taking over the Japanese embassy in Lima.",Peruvian internal conflict: Fourteen members of the Túpac Amaru Revolutionary Movement provoke a hostage crisis by taking over the Japanese embassy in Lima.,17 December 1997 CE,https://en.wikipedia.org/wiki/December_17,December 17,Not stated in source,Wikipedia — December 17,Exact date as listed,Politics and governance,Japan,Calendar system not specified by source,Target met,International,Secondary reference source,20,Verified against cited date-page entry,20,77
17,CE,1907,December,Date page uses modern date presentation; original calendar date is not stated.,,GHC-DEC-17-12,Political change,"On 17 December 1907 CE, Ugyen Wangchuck is crowned first King of Bhutan.",Ugyen Wangchuck is crowned first King of Bhutan.,17 December 1907 CE,https://en.wikipedia.org/wiki/December_17,December 17,Not stated in source,Wikipedia — December 17,Exact date as listed,Politics and governance,,Calendar system not specified by source,Target met,International,Secondary reference source,20,Verified against cited date-page entry,20,75
17,CE,1960,December,Date page uses modern date presentation; original calendar date is not stated.,South America,GHC-DEC-17-13,Conflict / political violence,"On 17 December 1960 CE, Troops loyal to Emperor Haile Selassie in Ethiopia crush the coup that began December 13, returning power to their leader upon his return from Brazil. Haile Selassie absolves his son of any guilt.","Troops loyal to Emperor Haile Selassie in Ethiopia crush the coup that began December 13, returning power to their leader upon his return from Brazil. Haile Selassie absolves his son of any guilt.",17 December 1960 CE,https://en.wikipedia.org/wiki/December_17,December 17,Not stated in source,Wikipedia — December 17,Exact date as listed,Military and conflict,Brazil,Calendar system not specified by source,Target met,National / regional,Secondary reference source,20,Verified against cited date-page entry,20,73
17,CE,1819,December,Date page uses modern date presentation; original calendar date is not stated.,South America,GHC-DEC-17-14,Political change,"On 17 December 1819 CE, Simón Bolívar declares the independence of Gran Colombia in Angostura (now Ciudad Bolívar in Venezuela).",Simón Bolívar declares the independence of Gran Colombia in Angostura (now Ciudad Bolívar in Venezuela).,17 December 1819 CE,https://en.wikipedia.org/wiki/December_17,December 17,Not stated in source,Wikipedia — December 17,Exact date as listed,Politics and governance,Colombia,Calendar system not specified by source,Target met,National / regional,Secondary reference source,20,Verified against cited date-page entry,20,69
17,CE,920,December,Date page uses modern date presentation; original calendar date is not stated.,,GHC-DEC-17-15,Political change,"On 17 December 920 CE, Romanos I Lekapenos is crowned co-emperor of the underage Constantine VII.",Romanos I Lekapenos is crowned co-emperor of the underage Constantine VII.,17 December 920 CE,https://en.wikipedia.org/wiki/December_17,December 17,Not stated in source,Wikipedia — December 17,Exact date as listed,Politics and governance,,Calendar system not specified by source,Target met,National / regional,Secondary reference source,20,Verified against cited date-page entry,20,67
17,CE,1777,December,Date page uses modern date presentation; original calendar date is not stated.,North America,GHC-DEC-17-16,Historical event,"On 17 December 1777 CE, American Revolution: France formally recognizes the United States.",American Revolution: France formally recognizes the United States.,17 December 1777 CE,https://en.wikipedia.org/wiki/December_17,December 17,Not stated in source,Wikipedia — December 17,Exact date as listed,General history,United States,Calendar system not specified by source,Target met,National / regional,Secondary reference source,20,Verified against cited date-page entry,20,67
17,CE,1927,December,Date page uses modern date presentation; original calendar date is not stated.,Asia,GHC-DEC-17-17,Historical event,"On 17 December 1927 CE, Indian revolutionary Rajendra Lahiri is hanged in Gonda jail, Uttar Pradesh, India, two days before the scheduled date.","Indian revolutionary Rajendra Lahiri is hanged in Gonda jail, Uttar Pradesh, India, two days before the scheduled date.",17 December 1927 CE,https://en.wikipedia.org/wiki/December_17,December 17,Not stated in source,Wikipedia — December 17,Exact date as listed,General history,India,Calendar system not specified by source,Target met,National / regional,Secondary reference source,20,Verified against cited date-page entry,20,67
17,CE,2003,December,Date page uses modern date presentation; original calendar date is not stated.,,GHC-DEC-17-18,Science / technology,"On 17 December 2003 CE, SpaceShipOne, piloted by Brian Binnie, makes its first powered and first supersonic flight.","SpaceShipOne, piloted by Brian Binnie, makes its first powered and first supersonic flight.",17 December 2003 CE,https://en.wikipedia.org/wiki/December_17,December 17,Not stated in source,Wikipedia — December 17,Exact date as listed,Science and technology,,Calendar system not specified by source,Target met,National / regional,Secondary reference source,20,Verified against cited date-page entry,20,67
17,CE,942,December,Date page uses modern date presentation; original calendar date is not stated.,,GHC-DEC-17-19,Historical event,"On 17 December 942 CE, Assassination of William Longsword, Count of Normandy.","Assassination of William Longsword, Count of Normandy.",17 December 942 CE,https://en.wikipedia.org/wiki/December_17,December 17,Not stated in source,Wikipedia — December 17,Exact date as listed,General history,,Calendar system not specified by source,Target met,National / regional,Secondary reference source,20,Verified against cited date-page entry,20,65
17,CE,1583,December,Date page uses modern date presentation; original calendar date is not stated.,,GHC-DEC-17-20,Conflict / political violence,"On 17 December 1583 CE, Cologne War: Forces under Ernest of Bavaria defeat troops under Gebhard Truchsess von Waldburg at the Siege of Godesberg.",Cologne War: Forces under Ernest of Bavaria defeat troops under Gebhard Truchsess von Waldburg at the Siege of Godesberg.,17 December 1583 CE,https://en.wikipedia.org/wiki/December_17,December 17,Not stated in source,Wikipedia — December 17,Exact date as listed,Military and conflict,,Calendar system not specified by source,Target met,National / regional,Secondary reference source,20,Verified against cited date-page entry,20,65
18,CE,1939,December,Date page uses modern date presentation; original calendar date is not stated.,Global / transnational,GHC-DEC-18-01,Conflict / political violence,"On 18 December 1939 CE, World War II: The Battle of the Heligoland Bight, the first major air battle of the war, takes place.","World War II: The Battle of the Heligoland Bight, the first major air battle of the war, takes place.",18 December 1939 CE,https://en.wikipedia.org/wiki/December_18,December 18,Not stated in source,Wikipedia — December 18,Exact date as listed,Military and conflict,,Calendar system not specified by source,Target met,International,Secondary reference source,20,Verified against cited date-page entry,20,93
18,CE,2005,December,Date page uses modern date presentation; original calendar date is not stated.,,GHC-DEC-18-02,Conflict / political violence,"On 18 December 2005 CE, The Chadian Civil War begins when rebel groups, allegedly backed by neighbouring Sudan, launch an attack in Adré.","The Chadian Civil War begins when rebel groups, allegedly backed by neighbouring Sudan, launch an attack in Adré.",18 December 2005 CE,https://en.wikipedia.org/wiki/December_18,December 18,Not stated in source,Wikipedia — December 18,Exact date as listed,Military and conflict,,Calendar system not specified by source,Target met,International,Secondary reference source,20,Verified against cited date-page entry,20,92
18,CE,2006,December,Date page uses modern date presentation; original calendar date is not stated.,,GHC-DEC-18-03,Disaster,"On 18 December 2006 CE, The first of a series of floods strikes Malaysia. The death toll of all flooding is at least 118, with over 400,000 people displaced.","The first of a series of floods strikes Malaysia. The death toll of all flooding is at least 118, with over 400,000 people displaced.",18 December 2006 CE,https://en.wikipedia.org/wiki/December_18,December 18,Not stated in source,Wikipedia — December 18,Exact date as listed,Disaster and accident,,Calendar system not specified by source,Target met,International,Secondary reference source,20,Verified against cited date-page entry,20,91
18,CE,1865,December,Date page uses modern date presentation; original calendar date is not stated.,North America,GHC-DEC-18-04,Conflict / political violence,"On 18 December 1865 CE, US Secretary of State William Seward proclaims the adoption of the Thirteenth Amendment, prohibiting slavery throughout the United States.","US Secretary of State William Seward proclaims the adoption of the Thirteenth Amendment, prohibiting slavery throughout the United States.",18 December 1865 CE,https://en.wikipedia.org/wiki/December_18,December 18,Not stated in source,Wikipedia — December 18,Exact date as listed,Military and conflict,United States,Calendar system not specified by source,Target met,International,Secondary reference source,20,Verified against cited date-page entry,20,85
18,CE,1916,December,Date page uses modern date presentation; original calendar date is not stated.,Europe,GHC-DEC-18-05,Conflict / political violence,"On 18 December 1916 CE, World War I: The Battle of Verdun ends when the second French offensive pushes the Germans back two or three kilometres, causing them to cease their attacks.","World War I: The Battle of Verdun ends when the second French offensive pushes the Germans back two or three kilometres, causing them to cease their attacks.",18 December 1916 CE,https://en.wikipedia.org/wiki/December_18,December 18,Not stated in source,Wikipedia — December 18,Exact date as listed,Military and conflict,France,Calendar system not specified by source,Target met,International,Secondary reference source,20,Verified against cited date-page entry,20,85
18,CE,1972,December,Date page uses modern date presentation; original calendar date is not stated.,North America,GHC-DEC-18-06,Conflict / political violence,"On 18 December 1972 CE, Vietnam War: President Richard Nixon announces that the United States will engage North Vietnam in Operation Linebacker II, a series of Christmas bombings, after peace talks collapsed with North Vietnam on the 13th.","Vietnam War: President Richard Nixon announces that the United States will engage North Vietnam in Operation Linebacker II, a series of Christmas bombings, after peace talks collapsed with North Vietnam on the 13th.",18 December 1972 CE,https://en.wikipedia.org/wiki/December_18,December 18,Not stated in source,Wikipedia — December 18,Exact date as listed,Military and conflict,United States,Calendar system not specified by source,Target met,International,Secondary reference source,20,Verified against cited date-page entry,20,77
18,CE,1622,December,Date page uses modern date presentation; original calendar date is not stated.,Africa,GHC-DEC-18-07,Conflict / political violence,"On 18 December 1622 CE, Portuguese forces score a military victory over the Kingdom of Kongo at the Battle of Mbumbi in present-day Angola.",Portuguese forces score a military victory over the Kingdom of Kongo at the Battle of Mbumbi in present-day Angola.,18 December 1622 CE,https://en.wikipedia.org/wiki/December_18,December 18,Not stated in source,Wikipedia — December 18,Exact date as listed,Military and conflict,Angola,Calendar system not specified by source,Target met,International,Secondary reference source,20,Verified against cited date-page entry,20,75
18,CE,1867,December,Date page uses modern date presentation; original calendar date is not stated.,,GHC-DEC-18-08,Disaster,"On 18 December 1867 CE, A magnitude 7.0 earthquakes strikes off the coast of Taiwan, triggering a tsunami and killing at least 580 people.","A magnitude 7.0 earthquakes strikes off the coast of Taiwan, triggering a tsunami and killing at least 580 people.",18 December 1867 CE,https://en.wikipedia.org/wiki/December_18,December 18,Not stated in source,Wikipedia — December 18,Exact date as listed,Disaster and accident,,Calendar system not specified by source,Target met,National / regional,Secondary reference source,20,Verified against cited date-page entry,20,73
18,CE,1973,December,Date page uses modern date presentation; original calendar date is not stated.,Europe,GHC-DEC-18-09,Political change,"On 18 December 1973 CE, Soviet Soyuz Programme: Soyuz 13, crewed by cosmonauts Valentin Lebedev and Pyotr Klimuk, is launched from Baikonur in the Soviet Union.","Soviet Soyuz Programme: Soyuz 13, crewed by cosmonauts Valentin Lebedev and Pyotr Klimuk, is launched from Baikonur in the Soviet Union.",18 December 1973 CE,https://en.wikipedia.org/wiki/December_18,December 18,Not stated in source,Wikipedia — December 18,Exact date as listed,Politics and governance,Russia,Calendar system not specified by source,Target met,National / regional,Secondary reference source,20,Verified against cited date-page entry,20,73
18,CE,1271,December,Date page uses modern date presentation; original calendar date is not stated.,Asia,GHC-DEC-18-10,Political change,"On 18 December 1271 CE, Kublai Khan renames his empire ""Yuan"" (元 yuán), officially marking the start of the Yuan dynasty of Mongolia and China.","Kublai Khan renames his empire ""Yuan"" (元 yuán), officially marking the start of the Yuan dynasty of Mongolia and China.",18 December 1271 CE,https://en.wikipedia.org/wiki/December_18,December 18,Not stated in source,Wikipedia — December 18,Exact date as listed,Politics and governance,China,Calendar system not specified by source,Target met,National / regional,Secondary reference source,20,Verified against cited date-page entry,20,69
18,CE,1833,December,Date page uses modern date presentation; original calendar date is not stated.,Europe,GHC-DEC-18-11,Historical event,"On 18 December 1833 CE, The national anthem of the Russian Empire, "" God Save the Tsar!"", is first performed.","The national anthem of the Russian Empire, "" God Save the Tsar!"", is first performed.",18 December 1833 CE,https://en.wikipedia.org/wiki/December_18,December 18,Not stated in source,Wikipedia — December 18,Exact date as listed,General history,Russia,Calendar system not specified by source,Target met,National / regional,Secondary reference source,20,Verified against cited date-page entry,20,67
18,CE,1787,December,Date page uses modern date presentation; original calendar date is not stated.,,GHC-DEC-18-12,Political change,"On 18 December 1787 CE, New Jersey becomes the third state to ratify the U.S. Constitution.",New Jersey becomes the third state to ratify the U.S. Constitution.,18 December 1787 CE,https://en.wikipedia.org/wiki/December_18,December 18,Not stated in source,Wikipedia — December 18,Exact date as listed,Politics and governance,,Calendar system not specified by source,Target met,National / regional,Secondary reference source,20,Verified against cited date-page entry,20,65
18,CE,1854,December,Date page uses modern date presentation; original calendar date is not stated.,North America,GHC-DEC-18-13,Legal and social change,"On 18 December 1854 CE, The Legislative Assembly of the Province of Canada abolishes the seigneurial system.",The Legislative Assembly of the Province of Canada abolishes the seigneurial system.,18 December 1854 CE,https://en.wikipedia.org/wiki/December_18,December 18,Not stated in source,Wikipedia — December 18,Exact date as listed,Law and society,Canada,Calendar system not specified by source,Target met,National / regional,Secondary reference source,20,Verified against cited date-page entry,20,65
18,CE,1944,December,Date page uses modern date presentation; original calendar date is not stated.,Asia,GHC-DEC-18-14,Conflict / political violence,"On 18 December 1944 CE, World War II: XX Bomber Command responds to the Japanese Operation Ichi-Go offensive by dropping five hundred tons of incendiary bombs on a supply base in Hankow, China.","World War II: XX Bomber Command responds to the Japanese Operation Ichi-Go offensive by dropping five hundred tons of incendiary bombs on a supply base in Hankow, China.",18 December 1944 CE,https://en.wikipedia.org/wiki/December_18,December 18,Not stated in source,Wikipedia — December 18,Exact date as listed,Military and conflict,China,Calendar system not specified by source,Target met,National / regional,Secondary reference source,20,Verified against cited date-page entry,20,65
18,CE,1958,December,Date page uses modern date presentation; original calendar date is not stated.,Global / transnational,GHC-DEC-18-15,Science / technology,"On 18 December 1958 CE, Project SCORE, the world's first communications satellite, is launched.","Project SCORE, the world's first communications satellite, is launched.",18 December 1958 CE,https://en.wikipedia.org/wiki/December_18,December 18,Not stated in source,Wikipedia — December 18,Exact date as listed,Science and technology,,Calendar system not specified by source,Target met,National / regional,Secondary reference source,20,Verified against cited date-page entry,20,65
18,CE,2006,December,Date page uses modern date presentation; original calendar date is not stated.,,GHC-DEC-18-16,Political change,"On 18 December 2006 CE, United Arab Emirates holds its first-ever elections.",United Arab Emirates holds its first-ever elections.,18 December 2006 CE,https://en.wikipedia.org/wiki/December_18,December 18,Not stated in source,Wikipedia — December 18,Exact date as listed,Politics and governance,,Calendar system not specified by source,Target met,National / regional,Secondary reference source,20,Verified against cited date-page entry,20,65
18,CE,1777,December,Date page uses modern date presentation; original calendar date is not stated.,North America,GHC-DEC-18-17,Political change,"On 18 December 1777 CE, The United States celebrates its first Thanksgiving, marking the recent victory by the American rebels over British General John Burgoyne at Saratoga in October.","The United States celebrates its first Thanksgiving, marking the recent victory by the American rebels over British General John Burgoyne at Saratoga in October.",18 December 1777 CE,https://en.wikipedia.org/wiki/December_18,December 18,Not stated in source,Wikipedia — December 18,Exact date as listed,Politics and governance,United States,Calendar system not specified by source,Target met,National / regional,Secondary reference source,20,Verified against cited date-page entry,20,63
18,CE,1655,December,Date page uses modern date presentation; original calendar date is not stated.,Europe,GHC-DEC-18-18,Legal and social change,"On 18 December 1655 CE, The Whitehall Conference ends with the determination that there was no law preventing Jews from re-entering England after the Edict of Expulsion of 1290.",The Whitehall Conference ends with the determination that there was no law preventing Jews from re-entering England after the Edict of Expulsion of 1290.,18 December 1655 CE,https://en.wikipedia.org/wiki/December_18,December 18,Not stated in source,Wikipedia — December 18,Exact date as listed,Law and society,United Kingdom,Calendar system not specified by source,Target met,National / regional,Secondary reference source,20,Verified against cited date-page entry,20,59
18,CE,1977,December,Date page uses modern date presentation; original calendar date is not stated.,,GHC-DEC-18-19,Disaster,"On 18 December 1977 CE, United Airlines Flight 2860 crashes near Kaysville, Utah, killing all three crew members on board.","United Airlines Flight 2860 crashes near Kaysville, Utah, killing all three crew members on board.",18 December 1977 CE,https://en.wikipedia.org/wiki/December_18,December 18,Not stated in source,Wikipedia — December 18,Exact date as listed,Disaster and accident,,Calendar system not specified by source,Target met,National / regional,Secondary reference source,20,Verified against cited date-page entry,20,58
18,CE,1977,December,Date page uses modern date presentation; original calendar date is not stated.,Europe,GHC-DEC-18-20,Disaster,"On 18 December 1977 CE, SA de Transport Aérien Flight 730 crashes near Madeira Airport in Funchal, Madeira, Portugal, killing 36.","SA de Transport Aérien Flight 730 crashes near Madeira Airport in Funchal, Madeira, Portugal, killing 36.",18 December 1977 CE,https://en.wikipedia.org/wiki/December_18,December 18,Not stated in source,Wikipedia — December 18,Exact date as listed,Disaster and accident,Portugal,Calendar system not specified by source,Target met,National / regional,Secondary reference source,20,Verified against cited date-page entry,20,58
19,CE,1796,December,Date page uses modern date presentation; original calendar date is not stated.,Europe,GHC-DEC-19-01,Conflict / political violence,"On 19 December 1796 CE, French Revolutionary Wars: Two British frigates under Commodore Horatio Nelson and two Spanish frigates under Commodore Don Jacobo Stuart engage in battle off the coast of Murcia.",French Revolutionary Wars: Two British frigates under Commodore Horatio Nelson and two Spanish frigates under Commodore Don Jacobo Stuart engage in battle off the coast of Murcia.,19 December 1796 CE,https://en.wikipedia.org/wiki/December_19,December 19,Not stated in source,Wikipedia — December 19,Exact date as listed,Military and conflict,United Kingdom,Calendar system not specified by source,Target met,International / transnational,Secondary reference source,20,Verified against cited date-page entry,20,100
19,CE,1675,December,Date page uses modern date presentation; original calendar date is not stated.,,GHC-DEC-19-02,Conflict / political violence,"On 19 December 1675 CE, The Great Swamp Fight, a pivotal battle in King Philip's War, gives the English settlers a bitterly won victory.","The Great Swamp Fight, a pivotal battle in King Philip's War, gives the English settlers a bitterly won victory.",19 December 1675 CE,https://en.wikipedia.org/wiki/December_19,December 19,Not stated in source,Wikipedia — December 19,Exact date as listed,Military and conflict,,Calendar system not specified by source,Target met,International / transnational,Secondary reference source,20,Verified against cited date-page entry,20,95
19,CE,1793,December,Date page uses modern date presentation; original calendar date is not stated.,Europe,GHC-DEC-19-03,Conflict / political violence,"On 19 December 1793 CE, War of the First Coalition: The Siege of Toulon ends when Napoleon's French artillery forces the British to abandon the city, securing southern France from invasion.","War of the First Coalition: The Siege of Toulon ends when Napoleon's French artillery forces the British to abandon the city, securing southern France from invasion.",19 December 1793 CE,https://en.wikipedia.org/wiki/December_19,December 19,Not stated in source,Wikipedia — December 19,Exact date as listed,Military and conflict,United Kingdom,Calendar system not specified by source,Target met,International,Secondary reference source,20,Verified against cited date-page entry,20,93
19,CE,1929,December,Date page uses modern date presentation; original calendar date is not stated.,Asia,GHC-DEC-19-04,Conflict / political violence,"On 19 December 1929 CE, The Indian National Congress promulgates the Purna Swaraj (the Declaration of the Independence of India).",The Indian National Congress promulgates the Purna Swaraj (the Declaration of the Independence of India).,19 December 1929 CE,https://en.wikipedia.org/wiki/December_19,December 19,Not stated in source,Wikipedia — December 19,Exact date as listed,Military and conflict,India,Calendar system not specified by source,Target met,International,Secondary reference source,20,Verified against cited date-page entry,20,89
19,CE,1688,December,Date page uses modern date presentation; original calendar date is not stated.,Europe,GHC-DEC-19-05,Conflict / political violence,"On 19 December 1688 CE, Glorious Revolution: Williamite forces defeat Jacobites at Battle of Reading, forcing James II to flee England.","Glorious Revolution: Williamite forces defeat Jacobites at Battle of Reading, forcing James II to flee England.",19 December 1688 CE,https://en.wikipedia.org/wiki/December_19,December 19,Not stated in source,Wikipedia — December 19,Exact date as listed,Military and conflict,United Kingdom,Calendar system not specified by source,Target met,International,Secondary reference source,20,Verified against cited date-page entry,20,87
19,CE,1777,December,Date page uses modern date presentation; original calendar date is not stated.,North America,GHC-DEC-19-06,Conflict / political violence,"On 19 December 1777 CE, American Revolutionary War: George Washington's Continental Army goes into winter quarters at Valley Forge, Pennsylvania.","American Revolutionary War: George Washington's Continental Army goes into winter quarters at Valley Forge, Pennsylvania.",19 December 1777 CE,https://en.wikipedia.org/wiki/December_19,December 19,Not stated in source,Wikipedia — December 19,Exact date as listed,Military and conflict,United States,Calendar system not specified by source,Target met,International,Secondary reference source,20,Verified against cited date-page entry,20,87
19,CE,1562,December,Date page uses modern date presentation; original calendar date is not stated.,Europe,GHC-DEC-19-07,Conflict / political violence,"On 19 December 1562 CE, The Battle of Dreux takes place during the French Wars of Religion.",The Battle of Dreux takes place during the French Wars of Religion.,19 December 1562 CE,https://en.wikipedia.org/wiki/December_19,December 19,Not stated in source,Wikipedia — December 19,Exact date as listed,Military and conflict,France,Calendar system not specified by source,Target met,International,Secondary reference source,20,Verified against cited date-page entry,20,85
19,CE,1940,December,Date page uses modern date presentation; original calendar date is not stated.,Europe,GHC-DEC-19-08,Political change,"On 19 December 1940 CE, Risto Ryti, the Prime Minister of Finland, is elected President of the Republic of Finland in a presidential election, which is exceptionally held by the 1937 electoral college.","Risto Ryti, the Prime Minister of Finland, is elected President of the Republic of Finland in a presidential election, which is exceptionally held by the 1937 electoral college.",19 December 1940 CE,https://en.wikipedia.org/wiki/December_19,December 19,Not stated in source,Wikipedia — December 19,Exact date as listed,Politics and governance,Finland,Calendar system not specified by source,Target met,International,Secondary reference source,20,Verified against cited date-page entry,20,81
19,CE,1912,December,Date page uses modern date presentation; original calendar date is not stated.,,GHC-DEC-19-09,Conflict / political violence,"On 19 December 1912 CE, William Van Schaick, captain of the steamship General Slocum which caught fire and killed over one thousand people, is pardoned by U.S. President William Howard Taft after 3+ 1⁄ 2 years in Sing Sing prison.","William Van Schaick, captain of the steamship General Slocum which caught fire and killed over one thousand people, is pardoned by U.S. President William Howard Taft after 3+ 1⁄ 2 years in Sing Sing prison.",19 December 1912 CE,https://en.wikipedia.org/wiki/December_19,December 19,Not stated in source,Wikipedia — December 19,Exact date as listed,Military and conflict,,Calendar system not specified by source,Target met,International,Secondary reference source,20,Verified against cited date-page entry,20,77
19,CE,1974,December,Date page uses modern date presentation; original calendar date is not stated.,North America,GHC-DEC-19-10,Political change,"On 19 December 1974 CE, Nelson Rockefeller is sworn in as Vice President of the United States under President Gerald Ford under the provisions of the Twenty-fifth Amendment to the United States Constitution.",Nelson Rockefeller is sworn in as Vice President of the United States under President Gerald Ford under the provisions of the Twenty-fifth Amendment to the United States Constitution.,19 December 1974 CE,https://en.wikipedia.org/wiki/December_19,December 19,Not stated in source,Wikipedia — December 19,Exact date as listed,Politics and governance,United States,Calendar system not specified by source,Target met,International,Secondary reference source,20,Verified against cited date-page entry,20,77
19,CE,1941,December,Date page uses modern date presentation; original calendar date is not stated.,Global / transnational,GHC-DEC-19-11,Conflict / political violence,"On 19 December 1941 CE, World War II: Limpet mines placed by Italian divers heavily damage HMS Valiant and HMS Queen Elizabeth in Alexandria harbour.",World War II: Limpet mines placed by Italian divers heavily damage HMS Valiant and HMS Queen Elizabeth in Alexandria harbour.,19 December 1941 CE,https://en.wikipedia.org/wiki/December_19,December 19,Not stated in source,Wikipedia — December 19,Exact date as listed,Military and conflict,,Calendar system not specified by source,Target met,International,Secondary reference source,20,Verified against cited date-page entry,20,75
19,CE,1946,December,Date page uses modern date presentation; original calendar date is not stated.,,GHC-DEC-19-12,Conflict / political violence,"On 19 December 1946 CE, Start of the First Indochina War.",Start of the First Indochina War.,19 December 1946 CE,https://en.wikipedia.org/wiki/December_19,December 19,Not stated in source,Wikipedia — December 19,Exact date as listed,Military and conflict,,Calendar system not specified by source,Target met,National / regional,Secondary reference source,20,Verified against cited date-page entry,20,73
19,CE,1977,December,Date page uses modern date presentation; original calendar date is not stated.,Asia,GHC-DEC-19-13,Disaster,"On 19 December 1977 CE, The M s 5.8 Bob–Tangol earthquake strikes Kerman Province in Iran, destroying villages and killing 665 people.","The M s 5.8 Bob–Tangol earthquake strikes Kerman Province in Iran, destroying villages and killing 665 people.",19 December 1977 CE,https://en.wikipedia.org/wiki/December_19,December 19,Not stated in source,Wikipedia — December 19,Exact date as listed,Disaster and accident,Iran,Calendar system not specified by source,Target met,National / regional,Secondary reference source,20,Verified against cited date-page entry,20,73
19,CE,1999,December,Date page uses modern date presentation; original calendar date is not stated.,,GHC-DEC-19-14,Science / technology,"On 19 December 1999 CE, Space Shuttle Discovery is launched on STS-103, the third Hubble Space Telescope servicing mission.","Space Shuttle Discovery is launched on STS-103, the third Hubble Space Telescope servicing mission.",19 December 1999 CE,https://en.wikipedia.org/wiki/December_19,December 19,Not stated in source,Wikipedia — December 19,Exact date as listed,Science and technology,,Calendar system not specified by source,Target met,National / regional,Secondary reference source,20,Verified against cited date-page entry,20,71
19,CE,1783,December,Date page uses modern date presentation; original calendar date is not stated.,Europe,GHC-DEC-19-15,Political change,"On 19 December 1783 CE, William Pitt the Younger becomes the youngest Prime Minister of the United Kingdom at 24.",William Pitt the Younger becomes the youngest Prime Minister of the United Kingdom at 24.,19 December 1783 CE,https://en.wikipedia.org/wiki/December_19,December 19,Not stated in source,Wikipedia — December 19,Exact date as listed,Politics and governance,United Kingdom,Calendar system not specified by source,Target met,National / regional,Secondary reference source,20,Verified against cited date-page entry,20,67
19,CE,1920,December,Date page uses modern date presentation; original calendar date is not stated.,Europe,GHC-DEC-19-16,Political change,"On 19 December 1920 CE, King Constantine I is restored as King of the Hellenes after the death of his son Alexander of Greece and a plebiscite.",King Constantine I is restored as King of the Hellenes after the death of his son Alexander of Greece and a plebiscite.,19 December 1920 CE,https://en.wikipedia.org/wiki/December_19,December 19,Not stated in source,Wikipedia — December 19,Exact date as listed,Politics and governance,Greece,Calendar system not specified by source,Target met,National / regional,Secondary reference source,20,Verified against cited date-page entry,20,67
19,CE,1927,December,Date page uses modern date presentation; original calendar date is not stated.,Europe,GHC-DEC-19-17,Historical event,"On 19 December 1927 CE, Three Indian revolutionaries, Ram Prasad Bismil, Roshan Singh and Ashfaqulla Khan, are executed by the British Raj for participation in the Kakori conspiracy.","Three Indian revolutionaries, Ram Prasad Bismil, Roshan Singh and Ashfaqulla Khan, are executed by the British Raj for participation in the Kakori conspiracy.",19 December 1927 CE,https://en.wikipedia.org/wiki/December_19,December 19,Not stated in source,Wikipedia — December 19,Exact date as listed,General history,United Kingdom,Calendar system not specified by source,Target met,National / regional,Secondary reference source,20,Verified against cited date-page entry,20,67
19,CE,1606,December,Date page uses modern date presentation; original calendar date is not stated.,North America,GHC-DEC-19-18,Institutional development,"On 19 December 1606 CE, The ships Susan Constant, Godspeed, and Discovery depart England carrying settlers who founded, at Jamestown, Virginia, the first of the thirteen colonies that became the United States.","The ships Susan Constant, Godspeed, and Discovery depart England carrying settlers who founded, at Jamestown, Virginia, the first of the thirteen colonies that became the United States.",19 December 1606 CE,https://en.wikipedia.org/wiki/December_19,December 19,Not stated in source,Wikipedia — December 19,Exact date as listed,"Culture, education and institutions",United States,Calendar system not specified by source,Target met,National / regional,Secondary reference source,20,Verified against cited date-page entry,20,65
19,CE,1941,December,Date page uses modern date presentation; original calendar date is not stated.,Global / transnational,GHC-DEC-19-19,Conflict / political violence,"On 19 December 1941 CE, World War II: Adolf Hitler appoints himself as head of the Oberkommando des Heeres.",World War II: Adolf Hitler appoints himself as head of the Oberkommando des Heeres.,19 December 1941 CE,https://en.wikipedia.org/wiki/December_19,December 19,Not stated in source,Wikipedia — December 19,Exact date as listed,Military and conflict,,Calendar system not specified by source,Target met,National / regional,Secondary reference source,20,Verified against cited date-page entry,20,65
19,CE,1961,December,Date page uses modern date presentation; original calendar date is not stated.,Asia,GHC-DEC-19-20,Political change,"On 19 December 1961 CE, India annexes Daman and Diu, part of Portuguese India.","India annexes Daman and Diu, part of Portuguese India.",19 December 1961 CE,https://en.wikipedia.org/wiki/December_19,December 19,Not stated in source,Wikipedia — December 19,Exact date as listed,Politics and governance,India,Calendar system not specified by source,Target met,National / regional,Secondary reference source,20,Verified against cited date-page entry,20,63
20,CE,1941,December,Date page uses modern date presentation; original calendar date is not stated.,North America,GHC-DEC-20-01,Conflict / political violence,"On 20 December 1941 CE, World War II: First battle of the American Volunteer Group, better known as the "" Flying Tigers"", in Kunming, China.","World War II: First battle of the American Volunteer Group, better known as the "" Flying Tigers"", in Kunming, China.",20 December 1941 CE,https://en.wikipedia.org/wiki/December_20,December 20,Not stated in source,Wikipedia — December 20,Exact date as listed,Military and conflict,United States,Calendar system not specified by source,Target met,International,Secondary reference source,20,Verified against cited date-page entry,20,93
20,CE,1973,December,Date page uses modern date presentation; original calendar date is not stated.,Europe,GHC-DEC-20-02,Political change,"On 20 December 1973 CE, Assassination of Luis Carrero Blanco: A car bomb planted by ETA in Madrid kills three people, including the Prime Minister of Spain, Admiral Luis Carrero Blanco.","Assassination of Luis Carrero Blanco: A car bomb planted by ETA in Madrid kills three people, including the Prime Minister of Spain, Admiral Luis Carrero Blanco.",20 December 1973 CE,https://en.wikipedia.org/wiki/December_20,December 20,Not stated in source,Wikipedia — December 20,Exact date as listed,Politics and governance,Spain,Calendar system not specified by source,Target met,International,Secondary reference source,20,Verified against cited date-page entry,20,91
20,CE,1988,December,Date page uses modern date presentation; original calendar date is not stated.,Global / transnational,GHC-DEC-20-03,Conflict / political violence,"On 20 December 1988 CE, War on drugs: The United Nations agrees upon and promulgates the United Nations Convention Against Illicit Traffic in Narcotic Drugs and Psychotropic Substances, one of three major drug control treaties currently in force.","War on drugs: The United Nations agrees upon and promulgates the United Nations Convention Against Illicit Traffic in Narcotic Drugs and Psychotropic Substances, one of three major drug control treaties currently in force.",20 December 1988 CE,https://en.wikipedia.org/wiki/December_20,December 20,Not stated in source,Wikipedia — December 20,Exact date as listed,Military and conflict,,Calendar system not specified by source,Target met,International,Secondary reference source,20,Verified against cited date-page entry,20,83
20,CE,1848,December,Date page uses modern date presentation; original calendar date is not stated.,Europe,GHC-DEC-20-04,Political change,"On 20 December 1848 CE, French presidential election: Having won the popular vote in a landslide, Louis Napoleon Bonaparte is inaugurated in the chamber of the National Assembly as the first (and only) president of the French Second Republic.","French presidential election: Having won the popular vote in a landslide, Louis Napoleon Bonaparte is inaugurated in the chamber of the National Assembly as the first (and only) president of the French Second Republic.",20 December 1848 CE,https://en.wikipedia.org/wiki/December_20,December 20,Not stated in source,Wikipedia — December 20,Exact date as listed,Politics and governance,France,Calendar system not specified by source,Target met,International,Secondary reference source,20,Verified against cited date-page entry,20,77
20,CE,1946,December,Date page uses modern date presentation; original calendar date is not stated.,Asia,GHC-DEC-20-05,Disaster,"On 20 December 1946 CE, An earthquake in Nankaidō, Japan causes a tsunami which kills at least one thousand people and destroys 36,000 homes.","An earthquake in Nankaidō, Japan causes a tsunami which kills at least one thousand people and destroys 36,000 homes.",20 December 1946 CE,https://en.wikipedia.org/wiki/December_20,December 20,Not stated in source,Wikipedia — December 20,Exact date as listed,Disaster and accident,Japan,Calendar system not specified by source,Target met,International,Secondary reference source,20,Verified against cited date-page entry,20,77
20,CE,1960,December,Date page uses modern date presentation; original calendar date is not stated.,Asia,GHC-DEC-20-06,Conflict / political violence,"On 20 December 1960 CE, Vietnam War: The National Liberation Front of South Vietnam, popularly known as the Viet Cong, is formally established in Tân Lập village, present day Tây Ninh province.","Vietnam War: The National Liberation Front of South Vietnam, popularly known as the Viet Cong, is formally established in Tân Lập village, present day Tây Ninh province.",20 December 1960 CE,https://en.wikipedia.org/wiki/December_20,December 20,Not stated in source,Wikipedia — December 20,Exact date as listed,Military and conflict,Vietnam,Calendar system not specified by source,Target met,International,Secondary reference source,20,Verified against cited date-page entry,20,77
20,CE,1951,December,Date page uses modern date presentation; original calendar date is not stated.,,GHC-DEC-20-07,Science / technology,"On 20 December 1951 CE, The EBR-1 in Arco, Idaho becomes the first nuclear power plant to generate electricity. The electricity powered four light bulbs.","The EBR-1 in Arco, Idaho becomes the first nuclear power plant to generate electricity. The electricity powered four light bulbs.",20 December 1951 CE,https://en.wikipedia.org/wiki/December_20,December 20,Not stated in source,Wikipedia — December 20,Exact date as listed,Science and technology,,Calendar system not specified by source,Target met,National / regional,Secondary reference source,20,Verified against cited date-page entry,20,69
20,CE,1948,December,Date page uses modern date presentation; original calendar date is not stated.,Asia,GHC-DEC-20-08,Conflict / political violence,"On 20 December 1948 CE, Indonesian National Revolution: The Dutch military captures Yogyakarta, the temporary capital of the newly formed Republic of Indonesia.","Indonesian National Revolution: The Dutch military captures Yogyakarta, the temporary capital of the newly formed Republic of Indonesia.",20 December 1948 CE,https://en.wikipedia.org/wiki/December_20,December 20,Not stated in source,Wikipedia — December 20,Exact date as listed,Military and conflict,Indonesia,Calendar system not specified by source,Target met,National / regional,Secondary reference source,20,Verified against cited date-page entry,20,67
20,CE,1808,December,Date page uses modern date presentation; original calendar date is not stated.,,GHC-DEC-20-09,Conflict / political violence,"On 20 December 1808 CE, Peninsular War: The Siege of Zaragoza begins.",Peninsular War: The Siege of Zaragoza begins.,20 December 1808 CE,https://en.wikipedia.org/wiki/December_20,December 20,Not stated in source,Wikipedia — December 20,Exact date as listed,Military and conflict,,Calendar system not specified by source,Target met,National / regional,Secondary reference source,20,Verified against cited date-page entry,20,65
20,CE,1915,December,Date page uses modern date presentation; original calendar date is not stated.,Oceania,GHC-DEC-20-10,Conflict / political violence,"On 20 December 1915 CE, World War I: The last Australian troops are evacuated from Gallipoli.",World War I: The last Australian troops are evacuated from Gallipoli.,20 December 1915 CE,https://en.wikipedia.org/wiki/December_20,December 20,Not stated in source,Wikipedia — December 20,Exact date as listed,Military and conflict,Australia,Calendar system not specified by source,Target met,National / regional,Secondary reference source,20,Verified against cited date-page entry,20,65
20,CE,1917,December,Date page uses modern date presentation; original calendar date is not stated.,Europe,GHC-DEC-20-11,Institutional development,"On 20 December 1917 CE, Cheka, the first Soviet secret police force, is founded.","Cheka, the first Soviet secret police force, is founded.",20 December 1917 CE,https://en.wikipedia.org/wiki/December_20,December 20,Not stated in source,Wikipedia — December 20,Exact date as listed,"Culture, education and institutions",Russia,Calendar system not specified by source,Target met,National / regional,Secondary reference source,20,Verified against cited date-page entry,20,65
20,CE,1942,December,Date page uses modern date presentation; original calendar date is not stated.,Asia,GHC-DEC-20-12,Conflict / political violence,"On 20 December 1942 CE, World War II: Japanese air forces bomb Calcutta, India.","World War II: Japanese air forces bomb Calcutta, India.",20 December 1942 CE,https://en.wikipedia.org/wiki/December_20,December 20,Not stated in source,Wikipedia — December 20,Exact date as listed,Military and conflict,Japan,Calendar system not specified by source,Target met,National / regional,Secondary reference source,20,Verified against cited date-page entry,20,65
20,CE,1989,December,Date page uses modern date presentation; original calendar date is not stated.,North America,GHC-DEC-20-13,Conflict / political violence,"On 20 December 1989 CE, The United States invasion of Panama deposes Manuel Noriega.",The United States invasion of Panama deposes Manuel Noriega.,20 December 1989 CE,https://en.wikipedia.org/wiki/December_20,December 20,Not stated in source,Wikipedia — December 20,Exact date as listed,Military and conflict,United States,Calendar system not specified by source,Target met,National / regional,Secondary reference source,20,Verified against cited date-page entry,20,65
20,CE,2007,December,Date page uses modern date presentation; original calendar date is not stated.,Europe,GHC-DEC-20-14,Political change,"On 20 December 2007 CE, Elizabeth II becomes the oldest monarch in the history of the United Kingdom, surpassing Queen Victoria, who lived for 81 years and 243 days.","Elizabeth II becomes the oldest monarch in the history of the United Kingdom, surpassing Queen Victoria, who lived for 81 years and 243 days.",20 December 2007 CE,https://en.wikipedia.org/wiki/December_20,December 20,Not stated in source,Wikipedia — December 20,Exact date as listed,Politics and governance,United Kingdom,Calendar system not specified by source,Target met,National / regional,Secondary reference source,20,Verified against cited date-page entry,20,65
20,CE,1970,December,Date page uses modern date presentation; original calendar date is not stated.,North America,GHC-DEC-20-15,Legal and social change,"On 20 December 1970 CE, Koza riot: After a series of hit-and-runs and other vehicular incidents involving American service personnel, roughly 5,000 Okinawans take to the streets, clashing with American law enforcement in protest against the U.S. occupation of Okinawa.","Koza riot: After a series of hit-and-runs and other vehicular incidents involving American service personnel, roughly 5,000 Okinawans take to the streets, clashing with American law enforcement in protest against the U.S. occupation of Okinawa.",20 December 1970 CE,https://en.wikipedia.org/wiki/December_20,December 20,Not stated in source,Wikipedia — December 20,Exact date as listed,Law and society,United States,Calendar system not specified by source,Target met,National / regional,Secondary reference source,20,Verified against cited date-page entry,20,59
20,CE,1952,December,Date page uses modern date presentation; original calendar date is not stated.,North America,GHC-DEC-20-16,Disaster,"On 20 December 1952 CE, A United States Air Force C-124 crashes and burns in Moses Lake, Washington, killing 87 of the 115 people on board.","A United States Air Force C-124 crashes and burns in Moses Lake, Washington, killing 87 of the 115 people on board.",20 December 1952 CE,https://en.wikipedia.org/wiki/December_20,December 20,Not stated in source,Wikipedia — December 20,Exact date as listed,Disaster and accident,United States,Calendar system not specified by source,Target met,National / regional,Secondary reference source,20,Verified against cited date-page entry,20,58
20,CE,1995,December,Date page uses modern date presentation; original calendar date is not stated.,North America,GHC-DEC-20-17,Disaster,"On 20 December 1995 CE, American Airlines Flight 965, a Boeing 757, crashes into a mountain 50 km north of Cali, Colombia, killing 159 of the 163 people on board.","American Airlines Flight 965, a Boeing 757, crashes into a mountain 50 km north of Cali, Colombia, killing 159 of the 163 people on board.",20 December 1995 CE,https://en.wikipedia.org/wiki/December_20,December 20,Not stated in source,Wikipedia — December 20,Exact date as listed,Disaster and accident,United States,Calendar system not specified by source,Target met,National / regional,Secondary reference source,20,Verified against cited date-page entry,20,58
20,CE,1984,December,Date page uses modern date presentation; original calendar date is not stated.,,GHC-DEC-20-18,Historical event,"On 20 December 1984 CE, Disappearance of Jonelle Matthews from Greeley, Colorado. Her remains were discovered on July 23, 2019, located about 24 km (15 mi) southeast of Jonelle's home. The cause of death ""was a gunshot wound to the head.""","Disappearance of Jonelle Matthews from Greeley, Colorado. Her remains were discovered on July 23, 2019, located about 24 km (15 mi) southeast of Jonelle's home. The cause of death ""was a gunshot wound to the head.""",20 December 1984 CE,https://en.wikipedia.org/wiki/December_20,December 20,Not stated in source,Wikipedia — December 20,Exact date as listed,General history,,Calendar system not specified by source,Target met,National / regional,Secondary reference source,20,Verified against cited date-page entry,20,57
20,CE,1991,December,Date page uses modern date presentation; original calendar date is not stated.,,GHC-DEC-20-19,Legal and social change,"On 20 December 1991 CE, A Missouri court sentences the Palestinian militant Zein Isa and his wife Maria to death for the honor killing of their daughter Palestina.",A Missouri court sentences the Palestinian militant Zein Isa and his wife Maria to death for the honor killing of their daughter Palestina.,20 December 1991 CE,https://en.wikipedia.org/wiki/December_20,December 20,Not stated in source,Wikipedia — December 20,Exact date as listed,Law and society,,Calendar system not specified by source,Target met,National / regional,Secondary reference source,20,Verified against cited date-page entry,20,57
20,CE,944,December,Date page uses modern date presentation; original calendar date is not stated.,,GHC-DEC-20-20,Political change,"On 20 December 944 CE, Byzantine Emperor Romanos I Lekapenos is arrested by two of his sons, forced to abdicate and to live as a monk for the rest of his life.","Byzantine Emperor Romanos I Lekapenos is arrested by two of his sons, forced to abdicate and to live as a monk for the rest of his life.",20 December 944 CE,https://en.wikipedia.org/wiki/December_20,December 20,Not stated in source,Wikipedia — December 20,Exact date as listed,Politics and governance,,Calendar system not specified by source,Target met,National / regional,Secondary reference source,20,Verified against cited date-page entry,20,55
21,CE,1979,December,Date page uses modern date presentation; original calendar date is not stated.,,GHC-DEC-21-01,Conflict / political violence,"On 21 December 1979 CE, Lancaster House Agreement: An independence agreement for Rhodesia is signed in London by Lord Carrington, Sir Ian Gilmour, Robert Mugabe, Joshua Nkomo, Bishop Abel Muzorewa and S.C. Mundawarara.","Lancaster House Agreement: An independence agreement for Rhodesia is signed in London by Lord Carrington, Sir Ian Gilmour, Robert Mugabe, Joshua Nkomo, Bishop Abel Muzorewa and S.C. Mundawarara.",21 December 1979 CE,https://en.wikipedia.org/wiki/December_21,December 21,Not stated in source,Wikipedia — December 21,Exact date as listed,Military and conflict,,Calendar system not specified by source,Target met,International / transnational,Secondary reference source,20,Verified against cited date-page entry,20,100
21,CE,1923,December,Date page uses modern date presentation; original calendar date is not stated.,Europe,GHC-DEC-21-02,Political change,"On 21 December 1923 CE, United Kingdom and Nepal formally sign an agreement of friendship, called the Nepal–Britain Treaty of 1923, which superseded the Treaty of Sugauli signed in 1816.","United Kingdom and Nepal formally sign an agreement of friendship, called the Nepal–Britain Treaty of 1923, which superseded the Treaty of Sugauli signed in 1816.",21 December 1923 CE,https://en.wikipedia.org/wiki/December_21,December 21,Not stated in source,Wikipedia — December 21,Exact date as listed,Politics and governance,United Kingdom,Calendar system not specified by source,Target met,International,Secondary reference source,20,Verified against cited date-page entry,20,93
21,CE,1832,December,Date page uses modern date presentation; original calendar date is not stated.,Asia,GHC-DEC-21-03,Conflict / political violence,"On 21 December 1832 CE, Egyptian–Ottoman War: Egyptian forces decisively defeat Ottoman troops at the Battle of Konya.",Egyptian–Ottoman War: Egyptian forces decisively defeat Ottoman troops at the Battle of Konya.,21 December 1832 CE,https://en.wikipedia.org/wiki/December_21,December 21,Not stated in source,Wikipedia — December 21,Exact date as listed,Military and conflict,Turkey,Calendar system not specified by source,Target met,International,Secondary reference source,20,Verified against cited date-page entry,20,85
21,CE,1968,December,Date page uses modern date presentation; original calendar date is not stated.,,GHC-DEC-21-04,Science / technology,"On 21 December 1968 CE, Apollo program: Apollo 8 is launched from the Kennedy Space Center, placing its crew on a lunar trajectory for the first visit to another celestial body by humans.","Apollo program: Apollo 8 is launched from the Kennedy Space Center, placing its crew on a lunar trajectory for the first visit to another celestial body by humans.",21 December 1968 CE,https://en.wikipedia.org/wiki/December_21,December 21,Not stated in source,Wikipedia — December 21,Exact date as listed,Science and technology,,Calendar system not specified by source,Target met,International,Secondary reference source,20,Verified against cited date-page entry,20,79
21,CE,2004,December,Date page uses modern date presentation; original calendar date is not stated.,North America,GHC-DEC-21-05,Conflict / political violence,"On 21 December 2004 CE, Iraq War: A suicide bomber kills 22 at the forward operating base next to the main U.S. military airfield at Mosul, Iraq, the single deadliest suicide attack on American soldiers in Iraq.","Iraq War: A suicide bomber kills 22 at the forward operating base next to the main U.S. military airfield at Mosul, Iraq, the single deadliest suicide attack on American soldiers in Iraq.",21 December 2004 CE,https://en.wikipedia.org/wiki/December_21,December 21,Not stated in source,Wikipedia — December 21,Exact date as listed,Military and conflict,United States,Calendar system not specified by source,Target met,International,Secondary reference source,20,Verified against cited date-page entry,20,79
21,CE,1946,December,Date page uses modern date presentation; original calendar date is not stated.,Asia,GHC-DEC-21-06,Disaster,"On 21 December 1946 CE, An 8.1 M w earthquake and subsequent tsunami in Nankaidō, Japan, kills over 1,300 people and destroys over 38,000 homes.","An 8.1 M w earthquake and subsequent tsunami in Nankaidō, Japan, kills over 1,300 people and destroys over 38,000 homes.",21 December 1946 CE,https://en.wikipedia.org/wiki/December_21,December 21,Not stated in source,Wikipedia — December 21,Exact date as listed,Disaster and accident,Japan,Calendar system not specified by source,Target met,International,Secondary reference source,20,Verified against cited date-page entry,20,77
21,CE,1361,December,Date page uses modern date presentation; original calendar date is not stated.,Europe,GHC-DEC-21-07,Conflict / political violence,"On 21 December 1361 CE, The Battle of Linuesa is fought in the context of the Spanish Reconquista between the forces of the Emirate of Granada and the combined army of the Kingdom of Castile and of Jaén resulting in a Castilian victory.",The Battle of Linuesa is fought in the context of the Spanish Reconquista between the forces of the Emirate of Granada and the combined army of the Kingdom of Castile and of Jaén resulting in a Castilian victory.,21 December 1361 CE,https://en.wikipedia.org/wiki/December_21,December 21,Not stated in source,Wikipedia — December 21,Exact date as listed,Military and conflict,Spain,Calendar system not specified by source,Target met,International,Secondary reference source,20,Verified against cited date-page entry,20,75
21,CE,1907,December,Date page uses modern date presentation; original calendar date is not stated.,South America,GHC-DEC-21-08,Conflict / political violence,"On 21 December 1907 CE, The Chilean Army commits a massacre of at least 2,000 striking saltpeter miners in Iquique, Chile.","The Chilean Army commits a massacre of at least 2,000 striking saltpeter miners in Iquique, Chile.",21 December 1907 CE,https://en.wikipedia.org/wiki/December_21,December 21,Not stated in source,Wikipedia — December 21,Exact date as listed,Military and conflict,Chile,Calendar system not specified by source,Target met,International,Secondary reference source,20,Verified against cited date-page entry,20,75
21,CE,1861,December,Date page uses modern date presentation; original calendar date is not stated.,,GHC-DEC-21-09,Political change,"On 21 December 1861 CE, Medal of Honor: Public Resolution 82, containing a provision for a Navy Medal of Valor, is signed into law by President Abraham Lincoln.","Medal of Honor: Public Resolution 82, containing a provision for a Navy Medal of Valor, is signed into law by President Abraham Lincoln.",21 December 1861 CE,https://en.wikipedia.org/wiki/December_21,December 21,Not stated in source,Wikipedia — December 21,Exact date as listed,Politics and governance,,Calendar system not specified by source,Target met,National / regional,Secondary reference source,20,Verified against cited date-page entry,20,71
21,CE,1826,December,Date page uses modern date presentation; original calendar date is not stated.,North America,GHC-DEC-21-10,Conflict / political violence,"On 21 December 1826 CE, American settlers in Nacogdoches, Mexican Texas, declare their independence, starting the Fredonian Rebellion.","American settlers in Nacogdoches, Mexican Texas, declare their independence, starting the Fredonian Rebellion.",21 December 1826 CE,https://en.wikipedia.org/wiki/December_21,December 21,Not stated in source,Wikipedia — December 21,Exact date as listed,Military and conflict,United States,Calendar system not specified by source,Target met,National / regional,Secondary reference source,20,Verified against cited date-page entry,20,69
21,CE,1140,December,Date page uses modern date presentation; original calendar date is not stated.,Europe,GHC-DEC-21-11,Conflict / political violence,"On 21 December 1140 CE, After a siege of several weeks, the city of Weinsberg and its castle surrender to Conrad III of Germany.","After a siege of several weeks, the city of Weinsberg and its castle surrender to Conrad III of Germany.",21 December 1140 CE,https://en.wikipedia.org/wiki/December_21,December 21,Not stated in source,Wikipedia — December 21,Exact date as listed,Military and conflict,Germany,Calendar system not specified by source,Target met,National / regional,Secondary reference source,20,Verified against cited date-page entry,20,65
21,CE,1598,December,Date page uses modern date presentation; original calendar date is not stated.,Europe,GHC-DEC-21-12,Conflict / political violence,"On 21 December 1598 CE, Battle of Curalaba: The revolting Mapuche, led by cacique Pelentaru, inflict a major defeat on Spanish troops in southern Chile.","Battle of Curalaba: The revolting Mapuche, led by cacique Pelentaru, inflict a major defeat on Spanish troops in southern Chile.",21 December 1598 CE,https://en.wikipedia.org/wiki/December_21,December 21,Not stated in source,Wikipedia — December 21,Exact date as listed,Military and conflict,Spain,Calendar system not specified by source,Target met,National / regional,Secondary reference source,20,Verified against cited date-page entry,20,65
21,CE,1941,December,Date page uses modern date presentation; original calendar date is not stated.,Asia,GHC-DEC-21-13,Conflict / political violence,"On 21 December 1941 CE, World War II: A Thai-Japanese Pact of Alliance is signed.",World War II: A Thai-Japanese Pact of Alliance is signed.,21 December 1941 CE,https://en.wikipedia.org/wiki/December_21,December 21,Not stated in source,Wikipedia — December 21,Exact date as listed,Military and conflict,Japan,Calendar system not specified by source,Target met,National / regional,Secondary reference source,20,Verified against cited date-page entry,20,65
21,CE,1967,December,Date page uses modern date presentation; original calendar date is not stated.,Africa,GHC-DEC-21-14,Historical event,"On 21 December 1967 CE, Louis Washkansky, the first man to undergo a human-to-human heart transplant, dies in Cape Town, South Africa, having lived for 18 days after the transplant.","Louis Washkansky, the first man to undergo a human-to-human heart transplant, dies in Cape Town, South Africa, having lived for 18 days after the transplant.",21 December 1967 CE,https://en.wikipedia.org/wiki/December_21,December 21,Not stated in source,Wikipedia — December 21,Exact date as listed,General history,South Africa,Calendar system not specified by source,Target met,National / regional,Secondary reference source,20,Verified against cited date-page entry,20,61
21,CE,1991,December,Date page uses modern date presentation; original calendar date is not stated.,Europe,GHC-DEC-21-15,Political change,"On 21 December 1991 CE, Dissolution of the Soviet Union: The leaders of 11 now effectively autonomous Soviet republics sign the Alma-Ata Protocol establishing the Commonwealth of Independent States in place of the collapsing Soviet Union.",Dissolution of the Soviet Union: The leaders of 11 now effectively autonomous Soviet republics sign the Alma-Ata Protocol establishing the Commonwealth of Independent States in place of the collapsing Soviet Union.,21 December 1991 CE,https://en.wikipedia.org/wiki/December_21,December 21,Not stated in source,Wikipedia — December 21,Exact date as listed,Politics and governance,Russia,Calendar system not specified by source,Target met,National / regional,Secondary reference source,20,Verified against cited date-page entry,20,61
21,CE,1999,December,Date page uses modern date presentation; original calendar date is not stated.,Europe,GHC-DEC-21-16,Historical event,"On 21 December 1999 CE, The Spanish Civil Guard intercepts a van loaded with 950 kg of explosives that ETA intended to use to blow up Torre Picasso in Madrid, Spain.","The Spanish Civil Guard intercepts a van loaded with 950 kg of explosives that ETA intended to use to blow up Torre Picasso in Madrid, Spain.",21 December 1999 CE,https://en.wikipedia.org/wiki/December_21,December 21,Not stated in source,Wikipedia — December 21,Exact date as listed,General history,Spain,Calendar system not specified by source,Target met,National / regional,Secondary reference source,20,Verified against cited date-page entry,20,60
21,CE,1910,December,Date page uses modern date presentation; original calendar date is not stated.,Europe,GHC-DEC-21-17,Historical event,"On 21 December 1910 CE, An underground explosion at the Hulton Bank Colliery No. 3 Pit in Over Hulton, Westhoughton, England, kills 344 miners.","An underground explosion at the Hulton Bank Colliery No. 3 Pit in Over Hulton, Westhoughton, England, kills 344 miners.",21 December 1910 CE,https://en.wikipedia.org/wiki/December_21,December 21,Not stated in source,Wikipedia — December 21,Exact date as listed,General history,United Kingdom,Calendar system not specified by source,Target met,National / regional,Secondary reference source,20,Verified against cited date-page entry,20,59
21,CE,1992,December,Date page uses modern date presentation; original calendar date is not stated.,Europe,GHC-DEC-21-18,Disaster,"On 21 December 1992 CE, A Dutch DC-10, flight Martinair MP 495, crashes at Faro Airport, Portugal, killing 56.","A Dutch DC-10, flight Martinair MP 495, crashes at Faro Airport, Portugal, killing 56.",21 December 1992 CE,https://en.wikipedia.org/wiki/December_21,December 21,Not stated in source,Wikipedia — December 21,Exact date as listed,Disaster and accident,Portugal,Calendar system not specified by source,Target met,National / regional,Secondary reference source,20,Verified against cited date-page entry,20,58
21,CE,1124,December,Date page uses modern date presentation; original calendar date is not stated.,,GHC-DEC-21-19,Historical event,"On 21 December 1124 CE, Pope Honorius II is consecrated, having been elected after the controversial dethroning of Pope-Elect Celestine II.","Pope Honorius II is consecrated, having been elected after the controversial dethroning of Pope-Elect Celestine II.",21 December 1124 CE,https://en.wikipedia.org/wiki/December_21,December 21,Not stated in source,Wikipedia — December 21,Exact date as listed,General history,,Calendar system not specified by source,Target met,National / regional,Secondary reference source,20,Verified against cited date-page entry,20,55
21,CE,1973,December,Date page uses modern date presentation; original calendar date is not stated.,Asia,GHC-DEC-21-20,Institutional development,"On 21 December 1973 CE, The Geneva Conference on the Arab–Israeli conflict opens.",The Geneva Conference on the Arab–Israeli conflict opens.,21 December 1973 CE,https://en.wikipedia.org/wiki/December_21,December 21,Not stated in source,Wikipedia — December 21,Exact date as listed,"Culture, education and institutions",Israel,Calendar system not specified by source,Target met,National / regional,Secondary reference source,20,Verified against cited date-page entry,20,55
22,CE,1864,December,Date page uses modern date presentation; original calendar date is not stated.,North America,GHC-DEC-22-01,Conflict / political violence,"On 22 December 1864 CE, American Civil War: Savannah, Georgia, falls to the Union's Army of the Tennessee, and General Sherman tells President Abraham Lincoln: ""I beg to present you as a Christmas gift the city of Savannah"".","American Civil War: Savannah, Georgia, falls to the Union's Army of the Tennessee, and General Sherman tells President Abraham Lincoln: ""I beg to present you as a Christmas gift the city of Savannah"".",22 December 1864 CE,https://en.wikipedia.org/wiki/December_22,December 22,Not stated in source,Wikipedia — December 22,Exact date as listed,Military and conflict,United States,Calendar system not specified by source,Target met,International / transnational,Secondary reference source,20,Verified against cited date-page entry,20,100
22,CE,1944,December,Date page uses modern date presentation; original calendar date is not stated.,North America,GHC-DEC-22-02,Conflict / political violence,"On 22 December 1944 CE, World War II: Battle of the Bulge: German troops demand the surrender of United States troops at Bastogne, Belgium, prompting the famous one word reply by Brigadier General Anthony McAuliffe: ""Nuts!""","World War II: Battle of the Bulge: German troops demand the surrender of United States troops at Bastogne, Belgium, prompting the famous one word reply by Brigadier General Anthony McAuliffe: ""Nuts!""",22 December 1944 CE,https://en.wikipedia.org/wiki/December_22,December 22,Not stated in source,Wikipedia — December 22,Exact date as listed,Military and conflict,United States,Calendar system not specified by source,Target met,International / transnational,Secondary reference source,20,Verified against cited date-page entry,20,100
22,CE,1997,December,Date page uses modern date presentation; original calendar date is not stated.,Africa,GHC-DEC-22-03,Conflict / political violence,"On 22 December 1997 CE, Somali Civil War: Hussein Farrah Aidid relinquishes the disputed title of President of Somalia by signing the Cairo Declaration, in Cairo, Egypt. It is the first major step towards reconciliation in Somalia since 1991.","Somali Civil War: Hussein Farrah Aidid relinquishes the disputed title of President of Somalia by signing the Cairo Declaration, in Cairo, Egypt. It is the first major step towards reconciliation in Somalia since 1991.",22 December 1997 CE,https://en.wikipedia.org/wiki/December_22,December 22,Not stated in source,Wikipedia — December 22,Exact date as listed,Military and conflict,Egypt,Calendar system not specified by source,Target met,International / transnational,Secondary reference source,20,Verified against cited date-page entry,20,100
22,CE,1135,December,Date page uses modern date presentation; original calendar date is not stated.,Europe,GHC-DEC-22-04,Political change,"On 22 December 1135 CE, Three weeks after the death of King Henry I of England, Stephen of Blois claims the throne and is privately crowned King of England, beginning the English Anarchy.","Three weeks after the death of King Henry I of England, Stephen of Blois claims the throne and is privately crowned King of England, beginning the English Anarchy.",22 December 1135 CE,https://en.wikipedia.org/wiki/December_22,December 22,Not stated in source,Wikipedia — December 22,Exact date as listed,Politics and governance,United Kingdom,Calendar system not specified by source,Target met,International,Secondary reference source,20,Verified against cited date-page entry,20,79
22,CE,1989,December,Date page uses modern date presentation; original calendar date is not stated.,Europe,GHC-DEC-22-05,Political change,"On 22 December 1989 CE, Romanian Revolution: Communist President of Romania Nicolae Ceaușescu is overthrown by Ion Iliescu after days of bloody confrontations. The deposed dictator and his wife Elena flee Bucharest in a helicopter as protesters erupt in cheers.",Romanian Revolution: Communist President of Romania Nicolae Ceaușescu is overthrown by Ion Iliescu after days of bloody confrontations. The deposed dictator and his wife Elena flee Bucharest in a helicopter as protesters erupt in cheers.,22 December 1989 CE,https://en.wikipedia.org/wiki/December_22,December 22,Not stated in source,Wikipedia — December 22,Exact date as listed,Politics and governance,Romania,Calendar system not specified by source,Target met,International,Secondary reference source,20,Verified against cited date-page entry,20,79
22,CE,856,December,Date page uses modern date presentation; original calendar date is not stated.,,GHC-DEC-22-06,Disaster,"On 22 December 856 CE, Damghan earthquake: An earthquake near the Persian city of Damghan kills an estimated 200,000 people, the sixth deadliest earthquake in recorded history.","Damghan earthquake: An earthquake near the Persian city of Damghan kills an estimated 200,000 people, the sixth deadliest earthquake in recorded history.",22 December 856 CE,https://en.wikipedia.org/wiki/December_22,December 22,Not stated in source,Wikipedia — December 22,Exact date as listed,Disaster and accident,,Calendar system not specified by source,Target met,International,Secondary reference source,20,Verified against cited date-page entry,20,77
22,CE,1945,December,Date page uses modern date presentation; original calendar date is not stated.,Global / transnational,GHC-DEC-22-07,Conflict / political violence,"On 22 December 1945 CE, U.S. President Harry S. Truman issues an executive order giving World War II refugees precedence in visa applications under U.S. immigration quotas.",U.S. President Harry S. Truman issues an executive order giving World War II refugees precedence in visa applications under U.S. immigration quotas.,22 December 1945 CE,https://en.wikipedia.org/wiki/December_22,December 22,Not stated in source,Wikipedia — December 22,Exact date as listed,Military and conflict,,Calendar system not specified by source,Target met,International,Secondary reference source,20,Verified against cited date-page entry,20,77
22,CE,1788,December,Date page uses modern date presentation; original calendar date is not stated.,,GHC-DEC-22-08,Political change,"On 22 December 1788 CE, Nguyễn Huệ proclaims himself Emperor Quang Trung, in effect abolishing on his own the Lê dynasty.","Nguyễn Huệ proclaims himself Emperor Quang Trung, in effect abolishing on his own the Lê dynasty.",22 December 1788 CE,https://en.wikipedia.org/wiki/December_22,December 22,Not stated in source,Wikipedia — December 22,Exact date as listed,Politics and governance,,Calendar system not specified by source,Target met,International,Secondary reference source,20,Verified against cited date-page entry,20,75
22,CE,1939,December,Date page uses modern date presentation; original calendar date is not stated.,Europe,GHC-DEC-22-09,Conflict / political violence,"On 22 December 1939 CE, Indian Muslims observe a "" Day of Deliverance"" to celebrate the resignations of members of the Indian National Congress over their not having been consulted over the decision to enter World War II with the United Kingdom.","Indian Muslims observe a "" Day of Deliverance"" to celebrate the resignations of members of the Indian National Congress over their not having been consulted over the decision to enter World War II with the United Kingdom.",22 December 1939 CE,https://en.wikipedia.org/wiki/December_22,December 22,Not stated in source,Wikipedia — December 22,Exact date as listed,Military and conflict,United Kingdom,Calendar system not specified by source,Target met,International,Secondary reference source,20,Verified against cited date-page entry,20,75
22,CE,1906,December,Date page uses modern date presentation; original calendar date is not stated.,Asia,GHC-DEC-22-10,Disaster,"On 22 December 1906 CE, An M w 7.9 earthquake strikes Xinjiang, China, killing at least 280.","An M w 7.9 earthquake strikes Xinjiang, China, killing at least 280.",22 December 1906 CE,https://en.wikipedia.org/wiki/December_22,December 22,Not stated in source,Wikipedia — December 22,Exact date as listed,Disaster and accident,China,Calendar system not specified by source,Target met,National / regional,Secondary reference source,20,Verified against cited date-page entry,20,73
22,CE,1888,December,Date page uses modern date presentation; original calendar date is not stated.,,GHC-DEC-22-11,Political change,"On 22 December 1888 CE, The Christmas Meeting of 1888, considered to be the official start of the Faroese independence movement.","The Christmas Meeting of 1888, considered to be the official start of the Faroese independence movement.",22 December 1888 CE,https://en.wikipedia.org/wiki/December_22,December 22,Not stated in source,Wikipedia — December 22,Exact date as listed,Politics and governance,,Calendar system not specified by source,Target met,National / regional,Secondary reference source,20,Verified against cited date-page entry,20,69
22,CE,1990,December,Date page uses modern date presentation; original calendar date is not stated.,,GHC-DEC-22-12,Political change,"On 22 December 1990 CE, Final independence of Marshall Islands and Federated States of Micronesia after termination of trusteeship.",Final independence of Marshall Islands and Federated States of Micronesia after termination of trusteeship.,22 December 1990 CE,https://en.wikipedia.org/wiki/December_22,December 22,Not stated in source,Wikipedia — December 22,Exact date as listed,Politics and governance,,Calendar system not specified by source,Target met,National / regional,Secondary reference source,20,Verified against cited date-page entry,20,69
22,CE,1999,December,Date page uses modern date presentation; original calendar date is not stated.,Asia,GHC-DEC-22-13,Political change,"On 22 December 1999 CE, Just after taking off from London Stansted Airport, Korean Air Cargo Flight 8509 crashes into Hatfield Forest near Great Hallingbury, killing all four people on board.","Just after taking off from London Stansted Airport, Korean Air Cargo Flight 8509 crashes into Hatfield Forest near Great Hallingbury, killing all four people on board.",22 December 1999 CE,https://en.wikipedia.org/wiki/December_22,December 22,Not stated in source,Wikipedia — December 22,Exact date as listed,Politics and governance,Korea,Calendar system not specified by source,Target met,National / regional,Secondary reference source,20,Verified against cited date-page entry,20,68
22,CE,1968,December,Date page uses modern date presentation; original calendar date is not stated.,,GHC-DEC-22-14,Historical event,"On 22 December 1968 CE, Cultural Revolution: People's Daily posted the instructions of Mao Zedong that "" The intellectual youth must go to the country, and will be educated from living in rural poverty.""","Cultural Revolution: People's Daily posted the instructions of Mao Zedong that "" The intellectual youth must go to the country, and will be educated from living in rural poverty.""",22 December 1968 CE,https://en.wikipedia.org/wiki/December_22,December 22,Not stated in source,Wikipedia — December 22,Exact date as listed,General history,,Calendar system not specified by source,Target met,National / regional,Secondary reference source,20,Verified against cited date-page entry,20,67
22,CE,1769,December,Date page uses modern date presentation; original calendar date is not stated.,,GHC-DEC-22-15,Conflict / political violence,"On 22 December 1769 CE, Sino-Burmese War: The war ends with the Qing dynasty withdrawing from Burma forever.",Sino-Burmese War: The war ends with the Qing dynasty withdrawing from Burma forever.,22 December 1769 CE,https://en.wikipedia.org/wiki/December_22,December 22,Not stated in source,Wikipedia — December 22,Exact date as listed,Military and conflict,,Calendar system not specified by source,Target met,National / regional,Secondary reference source,20,Verified against cited date-page entry,20,65
22,CE,1885,December,Date page uses modern date presentation; original calendar date is not stated.,Asia,GHC-DEC-22-16,Political change,"On 22 December 1885 CE, Itō Hirobumi, a samurai, becomes the first Prime Minister of Japan.","Itō Hirobumi, a samurai, becomes the first Prime Minister of Japan.",22 December 1885 CE,https://en.wikipedia.org/wiki/December_22,December 22,Not stated in source,Wikipedia — December 22,Exact date as listed,Politics and governance,Japan,Calendar system not specified by source,Target met,National / regional,Secondary reference source,20,Verified against cited date-page entry,20,65
22,CE,1940,December,Date page uses modern date presentation; original calendar date is not stated.,Europe,GHC-DEC-22-17,Conflict / political violence,"On 22 December 1940 CE, World War II: Himara is captured by the Greek army.",World War II: Himara is captured by the Greek army.,22 December 1940 CE,https://en.wikipedia.org/wiki/December_22,December 22,Not stated in source,Wikipedia — December 22,Exact date as listed,Military and conflict,Greece,Calendar system not specified by source,Target met,National / regional,Secondary reference source,20,Verified against cited date-page entry,20,65
22,CE,1942,December,Date page uses modern date presentation; original calendar date is not stated.,Global / transnational,GHC-DEC-22-18,Conflict / political violence,"On 22 December 1942 CE, World War II: Adolf Hitler signs the order to develop the V-2 rocket as a weapon.",World War II: Adolf Hitler signs the order to develop the V-2 rocket as a weapon.,22 December 1942 CE,https://en.wikipedia.org/wiki/December_22,December 22,Not stated in source,Wikipedia — December 22,Exact date as listed,Military and conflict,,Calendar system not specified by source,Target met,National / regional,Secondary reference source,20,Verified against cited date-page entry,20,65
22,CE,1944,December,Date page uses modern date presentation; original calendar date is not stated.,Asia,GHC-DEC-22-19,Conflict / political violence,"On 22 December 1944 CE, World War II: The People's Army of Vietnam is formed to resist Japanese occupation of Indochina, now Vietnam.","World War II: The People's Army of Vietnam is formed to resist Japanese occupation of Indochina, now Vietnam.",22 December 1944 CE,https://en.wikipedia.org/wiki/December_22,December 22,Not stated in source,Wikipedia — December 22,Exact date as listed,Military and conflict,Japan,Calendar system not specified by source,Target met,National / regional,Secondary reference source,20,Verified against cited date-page entry,20,65
22,CE,1997,December,Date page uses modern date presentation; original calendar date is not stated.,,GHC-DEC-22-20,Conflict / political violence,"On 22 December 1997 CE, Acteal massacre: Attendees at a prayer meeting of Roman Catholic activists for indigenous causes in the small village of Acteal in the Mexican state of Chiapas are massacred by paramilitary forces.",Acteal massacre: Attendees at a prayer meeting of Roman Catholic activists for indigenous causes in the small village of Acteal in the Mexican state of Chiapas are massacred by paramilitary forces.,22 December 1997 CE,https://en.wikipedia.org/wiki/December_22,December 22,Not stated in source,Wikipedia — December 22,Exact date as listed,Military and conflict,,Calendar system not specified by source,Target met,National / regional,Secondary reference source,20,Verified against cited date-page entry,20,65
23,CE,1793,December,Date page uses modern date presentation; original calendar date is not stated.,Europe,GHC-DEC-23-01,Conflict / political violence,"On 23 December 1793 CE, The Battle of Savenay: A decisive defeat of the royalist counter-revolutionaries in War in the Vendée during the French Revolution.",The Battle of Savenay: A decisive defeat of the royalist counter-revolutionaries in War in the Vendée during the French Revolution.,23 December 1793 CE,https://en.wikipedia.org/wiki/December_23,December 23,Not stated in source,Wikipedia — December 23,Exact date as listed,Military and conflict,France,Calendar system not specified by source,Target met,International / transnational,Secondary reference source,20,Verified against cited date-page entry,20,100
23,CE,2007,December,Date page uses modern date presentation; original calendar date is not stated.,,GHC-DEC-23-02,Political change,"On 23 December 2007 CE, An agreement is made for the Kingdom of Nepal to be abolished and the country to become a federal republic with the Prime Minister becoming head of state.",An agreement is made for the Kingdom of Nepal to be abolished and the country to become a federal republic with the Prime Minister becoming head of state.,23 December 2007 CE,https://en.wikipedia.org/wiki/December_23,December 23,Not stated in source,Wikipedia — December 23,Exact date as listed,Politics and governance,,Calendar system not specified by source,Target met,International / transnational,Secondary reference source,20,Verified against cited date-page entry,20,100
23,CE,1688,December,Date page uses modern date presentation; original calendar date is not stated.,Europe,GHC-DEC-23-03,Political change,"On 23 December 1688 CE, As part of the Glorious Revolution, King James II of England flees from England to Paris after being deposed in favor of his son-in-law and nephew, William of Orange and his daughter Mary.","As part of the Glorious Revolution, King James II of England flees from England to Paris after being deposed in favor of his son-in-law and nephew, William of Orange and his daughter Mary.",23 December 1688 CE,https://en.wikipedia.org/wiki/December_23,December 23,Not stated in source,Wikipedia — December 23,Exact date as listed,Politics and governance,United Kingdom,Calendar system not specified by source,Target met,International,Secondary reference source,20,Verified against cited date-page entry,20,91
23,CE,2008,December,Date page uses modern date presentation; original calendar date is not stated.,,GHC-DEC-23-04,Conflict / political violence,"On 23 December 2008 CE, A coup d'état occurs in Guinea hours after the death of President Lansana Conté.",A coup d'état occurs in Guinea hours after the death of President Lansana Conté.,23 December 2008 CE,https://en.wikipedia.org/wiki/December_23,December 23,Not stated in source,Wikipedia — December 23,Exact date as listed,Military and conflict,,Calendar system not specified by source,Target met,International,Secondary reference source,20,Verified against cited date-page entry,20,87
23,CE,1299,December,Date page uses modern date presentation; original calendar date is not stated.,,GHC-DEC-23-05,Conflict / political violence,"On 23 December 1299 CE, The Ilkhanate ruler Ghazan defeats a Mamluk army that opposes his invasion into Syria in the Battle of Wadi al-Khaznadar near Homs.",The Ilkhanate ruler Ghazan defeats a Mamluk army that opposes his invasion into Syria in the Battle of Wadi al-Khaznadar near Homs.,23 December 1299 CE,https://en.wikipedia.org/wiki/December_23,December 23,Not stated in source,Wikipedia — December 23,Exact date as listed,Military and conflict,,Calendar system not specified by source,Target met,International,Secondary reference source,20,Verified against cited date-page entry,20,85
23,CE,1598,December,Date page uses modern date presentation; original calendar date is not stated.,South America,GHC-DEC-23-06,Conflict / political violence,"On 23 December 1598 CE, Arauco War: Governor of Chile Martín García Óñez de Loyola is killed in the Battle of Curalaba by Mapuches led by Pelantaru.",Arauco War: Governor of Chile Martín García Óñez de Loyola is killed in the Battle of Curalaba by Mapuches led by Pelantaru.,23 December 1598 CE,https://en.wikipedia.org/wiki/December_23,December 23,Not stated in source,Wikipedia — December 23,Exact date as listed,Military and conflict,Chile,Calendar system not specified by source,Target met,International,Secondary reference source,20,Verified against cited date-page entry,20,85
23,CE,1914,December,Date page uses modern date presentation; original calendar date is not stated.,Europe,GHC-DEC-23-07,Conflict / political violence,"On 23 December 1914 CE, World War I: During the Battle of Sarikamish, Ottoman forces mistook one another for Russian troops. The following friendly fire incident leaves 2,000 Ottomans dead and many more wounded.","World War I: During the Battle of Sarikamish, Ottoman forces mistook one another for Russian troops. The following friendly fire incident leaves 2,000 Ottomans dead and many more wounded.",23 December 1914 CE,https://en.wikipedia.org/wiki/December_23,December 23,Not stated in source,Wikipedia — December 23,Exact date as listed,Military and conflict,Russia,Calendar system not specified by source,Target met,International,Secondary reference source,20,Verified against cited date-page entry,20,85
23,CE,1916,December,Date page uses modern date presentation; original calendar date is not stated.,Global / transnational,GHC-DEC-23-08,Conflict / political violence,"On 23 December 1916 CE, World War I: Battle of Magdhaba: Allied forces defeat Turkish forces in the Sinai Peninsula.",World War I: Battle of Magdhaba: Allied forces defeat Turkish forces in the Sinai Peninsula.,23 December 1916 CE,https://en.wikipedia.org/wiki/December_23,December 23,Not stated in source,Wikipedia — December 23,Exact date as listed,Military and conflict,,Calendar system not specified by source,Target met,International,Secondary reference source,20,Verified against cited date-page entry,20,85
23,CE,1919,December,Date page uses modern date presentation; original calendar date is not stated.,Europe,GHC-DEC-23-09,Political change,"On 23 December 1919 CE, Sex Disqualification (Removal) Act 1919 becomes law in the United Kingdom, allowing women to serve as lawyers, civil servants, and in other professions, as well as to serve on juries.","Sex Disqualification (Removal) Act 1919 becomes law in the United Kingdom, allowing women to serve as lawyers, civil servants, and in other professions, as well as to serve on juries.",23 December 1919 CE,https://en.wikipedia.org/wiki/December_23,December 23,Not stated in source,Wikipedia — December 23,Exact date as listed,Politics and governance,United Kingdom,Calendar system not specified by source,Target met,International,Secondary reference source,20,Verified against cited date-page entry,20,84
23,CE,1979,December,Date page uses modern date presentation; original calendar date is not stated.,Europe,GHC-DEC-23-10,Conflict / political violence,"On 23 December 1979 CE, Soviet–Afghan War: Soviet Union forces occupy Kabul, the Afghan capital.","Soviet–Afghan War: Soviet Union forces occupy Kabul, the Afghan capital.",23 December 1979 CE,https://en.wikipedia.org/wiki/December_23,December 23,Not stated in source,Wikipedia — December 23,Exact date as listed,Military and conflict,Russia,Calendar system not specified by source,Target met,International,Secondary reference source,20,Verified against cited date-page entry,20,81
23,CE,1936,December,Date page uses modern date presentation; original calendar date is not stated.,Europe,GHC-DEC-23-11,Conflict / political violence,"On 23 December 1936 CE, Spanish Civil War: The Spanish Republic legalizes the Regional Defence Council of Aragon.",Spanish Civil War: The Spanish Republic legalizes the Regional Defence Council of Aragon.,23 December 1936 CE,https://en.wikipedia.org/wiki/December_23,December 23,Not stated in source,Wikipedia — December 23,Exact date as listed,Military and conflict,Spain,Calendar system not specified by source,Target met,International,Secondary reference source,20,Verified against cited date-page entry,20,80
23,CE,962,December,Date page uses modern date presentation; original calendar date is not stated.,,GHC-DEC-23-12,Conflict / political violence,"On 23 December 962 CE, The Sack of Aleppo as part of the Arab–Byzantine wars: Under the future Emperor Nicephorus Phocas, Byzantine troops storm the city of Aleppo.","The Sack of Aleppo as part of the Arab–Byzantine wars: Under the future Emperor Nicephorus Phocas, Byzantine troops storm the city of Aleppo.",23 December 962 CE,https://en.wikipedia.org/wiki/December_23,December 23,Not stated in source,Wikipedia — December 23,Exact date as listed,Military and conflict,,Calendar system not specified by source,Target met,International,Secondary reference source,20,Verified against cited date-page entry,20,75
23,CE,1950,December,Date page uses modern date presentation; original calendar date is not stated.,North America,GHC-DEC-23-13,Conflict / political violence,"On 23 December 1950 CE, Korean War: General Walton Walker dies in a jeep accident and is replaced by General Matthew Ridgway in the Eighth United States Army.",Korean War: General Walton Walker dies in a jeep accident and is replaced by General Matthew Ridgway in the Eighth United States Army.,23 December 1950 CE,https://en.wikipedia.org/wiki/December_23,December 23,Not stated in source,Wikipedia — December 23,Exact date as listed,Military and conflict,United States,Calendar system not specified by source,Target met,National / regional,Secondary reference source,20,Verified against cited date-page entry,20,73
23,CE,1972,December,Date page uses modern date presentation; original calendar date is not stated.,,GHC-DEC-23-14,Disaster,"On 23 December 1972 CE, A 6.5 magnitude earthquake strikes the Nicaraguan capital of Managua killing more than 10,000.","A 6.5 magnitude earthquake strikes the Nicaraguan capital of Managua killing more than 10,000.",23 December 1972 CE,https://en.wikipedia.org/wiki/December_23,December 23,Not stated in source,Wikipedia — December 23,Exact date as listed,Disaster and accident,,Calendar system not specified by source,Target met,National / regional,Secondary reference source,20,Verified against cited date-page entry,20,73
23,CE,1986,December,Date page uses modern date presentation; original calendar date is not stated.,Global / transnational,GHC-DEC-23-15,Conflict / political violence,"On 23 December 1986 CE, Voyager, piloted by Dick Rutan and Jeana Yeager, lands at Edwards Air Force Base in California becoming the first aircraft to fly non-stop around the world without aerial or ground refueling.","Voyager, piloted by Dick Rutan and Jeana Yeager, lands at Edwards Air Force Base in California becoming the first aircraft to fly non-stop around the world without aerial or ground refueling.",23 December 1986 CE,https://en.wikipedia.org/wiki/December_23,December 23,Not stated in source,Wikipedia — December 23,Exact date as listed,Military and conflict,,Calendar system not specified by source,Target met,National / regional,Secondary reference source,20,Verified against cited date-page entry,20,73
23,CE,1913,December,Date page uses modern date presentation; original calendar date is not stated.,,GHC-DEC-23-16,Political change,"On 23 December 1913 CE, The Federal Reserve Act is signed into law by President Woodrow Wilson, creating the Federal Reserve System.","The Federal Reserve Act is signed into law by President Woodrow Wilson, creating the Federal Reserve System.",23 December 1913 CE,https://en.wikipedia.org/wiki/December_23,December 23,Not stated in source,Wikipedia — December 23,Exact date as listed,Politics and governance,,Calendar system not specified by source,Target met,National / regional,Secondary reference source,20,Verified against cited date-page entry,20,71
23,CE,1876,December,Date page uses modern date presentation; original calendar date is not stated.,,GHC-DEC-23-17,Historical event,"On 23 December 1876 CE, First day of the Constantinople Conference which resulted in agreement for political reforms in the Balkans.",First day of the Constantinople Conference which resulted in agreement for political reforms in the Balkans.,23 December 1876 CE,https://en.wikipedia.org/wiki/December_23,December 23,Not stated in source,Wikipedia — December 23,Exact date as listed,General history,,Calendar system not specified by source,Target met,National / regional,Secondary reference source,20,Verified against cited date-page entry,20,69
23,CE,1990,December,Date page uses modern date presentation; original calendar date is not stated.,Europe,GHC-DEC-23-18,Political change,"On 23 December 1990 CE, History of Slovenia: In a referendum, 88.5% of Slovenia's overall electorate vote for independence from Yugoslavia.","History of Slovenia: In a referendum, 88.5% of Slovenia's overall electorate vote for independence from Yugoslavia.",23 December 1990 CE,https://en.wikipedia.org/wiki/December_23,December 23,Not stated in source,Wikipedia — December 23,Exact date as listed,Politics and governance,Former Yugoslavia,Calendar system not specified by source,Target met,National / regional,Secondary reference source,20,Verified against cited date-page entry,20,69
23,CE,558,December,Date page uses modern date presentation; original calendar date is not stated.,,GHC-DEC-23-19,Political change,"On 23 December 558 CE, Chlothar I is crowned King of the Franks.",Chlothar I is crowned King of the Franks.,23 December 558 CE,https://en.wikipedia.org/wiki/December_23,December 23,Not stated in source,Wikipedia — December 23,Exact date as listed,Politics and governance,,Calendar system not specified by source,Target met,National / regional,Secondary reference source,20,Verified against cited date-page entry,20,67
23,CE,583,December,Date page uses modern date presentation; original calendar date is not stated.,,GHC-DEC-23-20,Political change,"On 23 December 583 CE, Maya queen Yohl Ik'nal is crowned ruler of Palenque.",Maya queen Yohl Ik'nal is crowned ruler of Palenque.,23 December 583 CE,https://en.wikipedia.org/wiki/December_23,December 23,Not stated in source,Wikipedia — December 23,Exact date as listed,Politics and governance,,Calendar system not specified by source,Target met,National / regional,Secondary reference source,20,Verified against cited date-page entry,20,67
24,CE,1814,December,Date page uses modern date presentation; original calendar date is not stated.,North America,GHC-DEC-24-01,Conflict / political violence,"On 24 December 1814 CE, Representatives of the United Kingdom and the United States sign the Treaty of Ghent, ending the War of 1812.","Representatives of the United Kingdom and the United States sign the Treaty of Ghent, ending the War of 1812.",24 December 1814 CE,https://en.wikipedia.org/wiki/December_24,December 24,Not stated in source,Wikipedia — December 24,Exact date as listed,Military and conflict,United States,Calendar system not specified by source,Target met,International / transnational,Secondary reference source,20,Verified against cited date-page entry,20,97
24,CE,971,December,Date page uses modern date presentation; original calendar date is not stated.,Africa,GHC-DEC-24-02,Conflict / political violence,"On 24 December 971 CE, Battle of Ayn Shams: The Fatimids under Jawhar defeat the Qarmatians at the gates of Cairo, putting an end to the First Qarmatian invasion of Egypt.","Battle of Ayn Shams: The Fatimids under Jawhar defeat the Qarmatians at the gates of Cairo, putting an end to the First Qarmatian invasion of Egypt.",24 December 971 CE,https://en.wikipedia.org/wiki/December_24,December 24,Not stated in source,Wikipedia — December 24,Exact date as listed,Military and conflict,Egypt,Calendar system not specified by source,Target met,International,Secondary reference source,20,Verified against cited date-page entry,20,93
24,CE,1942,December,Date page uses modern date presentation; original calendar date is not stated.,Europe,GHC-DEC-24-03,Conflict / political violence,"On 24 December 1942 CE, World War II: French monarchist, Fernand Bonnier de La Chapelle, assassinates Vichy French Admiral François Darlan in Algiers, Algeria.","World War II: French monarchist, Fernand Bonnier de La Chapelle, assassinates Vichy French Admiral François Darlan in Algiers, Algeria.",24 December 1942 CE,https://en.wikipedia.org/wiki/December_24,December 24,Not stated in source,Wikipedia — December 24,Exact date as listed,Military and conflict,France,Calendar system not specified by source,Target met,International,Secondary reference source,20,Verified against cited date-page entry,20,85
24,CE,1737,December,Date page uses modern date presentation; original calendar date is not stated.,,GHC-DEC-24-04,Conflict / political violence,"On 24 December 1737 CE, The Marathas defeat the combined forces of the Mughal Empire, Rajputs of Jaipur, Nizam of Hyderabad, Nawab of Awadh and Nawab of Bengal in the Battle of Bhopal.","The Marathas defeat the combined forces of the Mughal Empire, Rajputs of Jaipur, Nizam of Hyderabad, Nawab of Awadh and Nawab of Bengal in the Battle of Bhopal.",24 December 1737 CE,https://en.wikipedia.org/wiki/December_24,December 24,Not stated in source,Wikipedia — December 24,Exact date as listed,Military and conflict,,Calendar system not specified by source,Target met,International,Secondary reference source,20,Verified against cited date-page entry,20,79
24,CE,1868,December,Date page uses modern date presentation; original calendar date is not stated.,Europe,GHC-DEC-24-05,Political change,"On 24 December 1868 CE, The Greek Presidential Guard is established as the royal escort by King George I.",The Greek Presidential Guard is established as the royal escort by King George I.,24 December 1868 CE,https://en.wikipedia.org/wiki/December_24,December 24,Not stated in source,Wikipedia — December 24,Exact date as listed,Politics and governance,Greece,Calendar system not specified by source,Target met,International,Secondary reference source,20,Verified against cited date-page entry,20,79
24,CE,1979,December,Date page uses modern date presentation; original calendar date is not stated.,,GHC-DEC-24-06,Science / technology,"On 24 December 1979 CE, The first Ariane 1 rocket is launched from ELA-1 at the Guiana Space Centre.",The first Ariane 1 rocket is launched from ELA-1 at the Guiana Space Centre.,24 December 1979 CE,https://en.wikipedia.org/wiki/December_24,December 24,Not stated in source,Wikipedia — December 24,Exact date as listed,Science and technology,,Calendar system not specified by source,Target met,International,Secondary reference source,20,Verified against cited date-page entry,20,79
24,CE,1997,December,Date page uses modern date presentation; original calendar date is not stated.,Africa,GHC-DEC-24-07,Conflict / political violence,"On 24 December 1997 CE, The Sid El-Antri massacre in Algeria kills between 50 and 100 people.",The Sid El-Antri massacre in Algeria kills between 50 and 100 people.,24 December 1997 CE,https://en.wikipedia.org/wiki/December_24,December 24,Not stated in source,Wikipedia — December 24,Exact date as listed,Military and conflict,Algeria,Calendar system not specified by source,Target met,International,Secondary reference source,20,Verified against cited date-page entry,20,79
24,CE,1929,December,Date page uses modern date presentation; original calendar date is not stated.,,GHC-DEC-24-08,Political change,"On 24 December 1929 CE, Assassination attempt on Argentine President Hipólito Yrigoyen.",Assassination attempt on Argentine President Hipólito Yrigoyen.,24 December 1929 CE,https://en.wikipedia.org/wiki/December_24,December 24,Not stated in source,Wikipedia — December 24,Exact date as listed,Politics and governance,,Calendar system not specified by source,Target met,International,Secondary reference source,20,Verified against cited date-page entry,20,77
24,CE,1939,December,Date page uses modern date presentation; original calendar date is not stated.,Global / transnational,GHC-DEC-24-09,Conflict / political violence,"On 24 December 1939 CE, World War II: Pope Pius XII makes a Christmas Eve appeal for peace.",World War II: Pope Pius XII makes a Christmas Eve appeal for peace.,24 December 1939 CE,https://en.wikipedia.org/wiki/December_24,December 24,Not stated in source,Wikipedia — December 24,Exact date as listed,Military and conflict,,Calendar system not specified by source,Target met,International,Secondary reference source,20,Verified against cited date-page entry,20,75
24,CE,1964,December,Date page uses modern date presentation; original calendar date is not stated.,North America,GHC-DEC-24-10,Conflict / political violence,"On 24 December 1964 CE, Vietnam War: Viet Cong operatives bomb the Brinks Hotel in Saigon, South Vietnam to demonstrate they can strike an American installation in the heavily guarded capital.","Vietnam War: Viet Cong operatives bomb the Brinks Hotel in Saigon, South Vietnam to demonstrate they can strike an American installation in the heavily guarded capital.",24 December 1964 CE,https://en.wikipedia.org/wiki/December_24,December 24,Not stated in source,Wikipedia — December 24,Exact date as listed,Military and conflict,United States,Calendar system not specified by source,Target met,International,Secondary reference source,20,Verified against cited date-page entry,20,75
24,CE,640,December,Date page uses modern date presentation; original calendar date is not stated.,,GHC-DEC-24-11,Historical event,"On 24 December 640 CE, Pope John IV is elected, several months after his predecessor's death.","Pope John IV is elected, several months after his predecessor's death.",24 December 640 CE,https://en.wikipedia.org/wiki/December_24,December 24,Not stated in source,Wikipedia — December 24,Exact date as listed,General history,,Calendar system not specified by source,Target met,National / regional,Secondary reference source,20,Verified against cited date-page entry,20,67
24,CE,1913,December,Date page uses modern date presentation; original calendar date is not stated.,,GHC-DEC-24-12,Political change,"On 24 December 1913 CE, The Italian Hall disaster in Calumet, Michigan results in the deaths of 73 striking workers families at a Christmas party participants (including 59 children) when someone falsely yells ""fire"".","The Italian Hall disaster in Calumet, Michigan results in the deaths of 73 striking workers families at a Christmas party participants (including 59 children) when someone falsely yells ""fire"".",24 December 1913 CE,https://en.wikipedia.org/wiki/December_24,December 24,Not stated in source,Wikipedia — December 24,Exact date as listed,Politics and governance,,Calendar system not specified by source,Target met,National / regional,Secondary reference source,20,Verified against cited date-page entry,20,67
24,CE,1914,December,Date page uses modern date presentation; original calendar date is not stated.,Global / transnational,GHC-DEC-24-13,Conflict / political violence,"On 24 December 1914 CE, World War I: The "" Christmas truce"" begins.","World War I: The "" Christmas truce"" begins.",24 December 1914 CE,https://en.wikipedia.org/wiki/December_24,December 24,Not stated in source,Wikipedia — December 24,Exact date as listed,Military and conflict,,Calendar system not specified by source,Target met,National / regional,Secondary reference source,20,Verified against cited date-page entry,20,65
24,CE,1920,December,Date page uses modern date presentation; original calendar date is not stated.,,GHC-DEC-24-14,Historical event,"On 24 December 1920 CE, Gabriele D'Annunzio surrendered the Italian Regency of Carnaro in the city of Fiume to Italian Armed Forces.",Gabriele D'Annunzio surrendered the Italian Regency of Carnaro in the city of Fiume to Italian Armed Forces.,24 December 1920 CE,https://en.wikipedia.org/wiki/December_24,December 24,Not stated in source,Wikipedia — December 24,Exact date as listed,General history,,Calendar system not specified by source,Target met,National / regional,Secondary reference source,20,Verified against cited date-page entry,20,65
24,CE,1941,December,Date page uses modern date presentation; original calendar date is not stated.,Asia,GHC-DEC-24-15,Conflict / political violence,"On 24 December 1941 CE, World War II: Kuching is conquered by Japanese forces.",World War II: Kuching is conquered by Japanese forces.,24 December 1941 CE,https://en.wikipedia.org/wiki/December_24,December 24,Not stated in source,Wikipedia — December 24,Exact date as listed,Military and conflict,Japan,Calendar system not specified by source,Target met,National / regional,Secondary reference source,20,Verified against cited date-page entry,20,65
24,CE,1941,December,Date page uses modern date presentation; original calendar date is not stated.,Europe,GHC-DEC-24-16,Conflict / political violence,"On 24 December 1941 CE, World War II: Benghazi is conquered by the British Eighth Army.",World War II: Benghazi is conquered by the British Eighth Army.,24 December 1941 CE,https://en.wikipedia.org/wiki/December_24,December 24,Not stated in source,Wikipedia — December 24,Exact date as listed,Military and conflict,United Kingdom,Calendar system not specified by source,Target met,National / regional,Secondary reference source,20,Verified against cited date-page entry,20,65
24,CE,1943,December,Date page uses modern date presentation; original calendar date is not stated.,Global / transnational,GHC-DEC-24-17,Conflict / political violence,"On 24 December 1943 CE, World War II: U.S. General Dwight D. Eisenhower is named Supreme Allied Commander for Operation Overlord.",World War II: U.S. General Dwight D. Eisenhower is named Supreme Allied Commander for Operation Overlord.,24 December 1943 CE,https://en.wikipedia.org/wiki/December_24,December 24,Not stated in source,Wikipedia — December 24,Exact date as listed,Military and conflict,,Calendar system not specified by source,Target met,National / regional,Secondary reference source,20,Verified against cited date-page entry,20,65
24,CE,1944,December,Date page uses modern date presentation; original calendar date is not stated.,Global / transnational,GHC-DEC-24-18,Conflict / political violence,"On 24 December 1944 CE, World War II: The Belgian Troopship Leopoldville was torpedoed and sank with the loss of 763 soldiers and 56 crew.",World War II: The Belgian Troopship Leopoldville was torpedoed and sank with the loss of 763 soldiers and 56 crew.,24 December 1944 CE,https://en.wikipedia.org/wiki/December_24,December 24,Not stated in source,Wikipedia — December 24,Exact date as listed,Military and conflict,,Calendar system not specified by source,Target met,National / regional,Secondary reference source,20,Verified against cited date-page entry,20,65
24,CE,2003,December,Date page uses modern date presentation; original calendar date is not stated.,Europe,GHC-DEC-24-19,Conflict / political violence,"On 24 December 2003 CE, The Spanish police thwart an attempt by ETA to detonate 50 kg of explosives at 3:55 p.m. inside Madrid's busy Chamartín Station.",The Spanish police thwart an attempt by ETA to detonate 50 kg of explosives at 3:55 p.m. inside Madrid's busy Chamartín Station.,24 December 2003 CE,https://en.wikipedia.org/wiki/December_24,December 24,Not stated in source,Wikipedia — December 24,Exact date as listed,Military and conflict,Spain,Calendar system not specified by source,Target met,National / regional,Secondary reference source,20,Verified against cited date-page entry,20,65
24,CE,1955,December,Date page uses modern date presentation; original calendar date is not stated.,,GHC-DEC-24-20,Disaster,"On 24 December 1955 CE, A flood devastates California, killing 74 people across portions of the state.","A flood devastates California, killing 74 people across portions of the state.",24 December 1955 CE,https://en.wikipedia.org/wiki/December_24,December 24,Not stated in source,Wikipedia — December 24,Exact date as listed,Disaster and accident,,Calendar system not specified by source,Target met,National / regional,Secondary reference source,20,Verified against cited date-page entry,20,61
25,CE,1915,December,Date page uses modern date presentation; original calendar date is not stated.,Asia,GHC-DEC-25-01,Conflict / political violence,"On 25 December 1915 CE, The National Protection War breaks out against the Empire of China, as military leaders Cai E and Tang Jiyao proclaim the independence of Yunnan and begin a campaign to restore the Republic.","The National Protection War breaks out against the Empire of China, as military leaders Cai E and Tang Jiyao proclaim the independence of Yunnan and begin a campaign to restore the Republic.",25 December 1915 CE,https://en.wikipedia.org/wiki/December_25,December 25,Not stated in source,Wikipedia — December 25,Exact date as listed,Military and conflict,China,Calendar system not specified by source,Target met,International / transnational,Secondary reference source,20,Verified against cited date-page entry,20,100
25,CE,1776,December,Date page uses modern date presentation; original calendar date is not stated.,North America,GHC-DEC-25-02,Conflict / political violence,"On 25 December 1776 CE, American Revolutionary War: General George Washington and the Continental Army cross the Delaware River at night to attack Hessian forces serving Great Britain at Trenton, New Jersey, the next day.","American Revolutionary War: General George Washington and the Continental Army cross the Delaware River at night to attack Hessian forces serving Great Britain at Trenton, New Jersey, the next day.",25 December 1776 CE,https://en.wikipedia.org/wiki/December_25,December 25,Not stated in source,Wikipedia — December 25,Exact date as listed,Military and conflict,United States,Calendar system not specified by source,Target met,International / transnational,Secondary reference source,20,Verified against cited date-page entry,20,100
25,CE,1962,December,Date page uses modern date presentation; original calendar date is not stated.,Europe,GHC-DEC-25-03,Political change,"On 25 December 1962 CE, The Soviet Union conducts its final above-ground nuclear weapon test, in anticipation of the 1963 Partial Nuclear Test Ban Treaty.","The Soviet Union conducts its final above-ground nuclear weapon test, in anticipation of the 1963 Partial Nuclear Test Ban Treaty.",25 December 1962 CE,https://en.wikipedia.org/wiki/December_25,December 25,Not stated in source,Wikipedia — December 25,Exact date as listed,Politics and governance,Russia,Calendar system not specified by source,Target met,International / transnational,Secondary reference source,20,Verified against cited date-page entry,20,99
25,CE,1989,December,Date page uses modern date presentation; original calendar date is not stated.,Europe,GHC-DEC-25-04,Political change,"On 25 December 1989 CE, Romanian Revolution: Deposed President of Romania Nicolae Ceaușescu and his wife, Elena, are condemned to death and executed after a summary trial.","Romanian Revolution: Deposed President of Romania Nicolae Ceaușescu and his wife, Elena, are condemned to death and executed after a summary trial.",25 December 1989 CE,https://en.wikipedia.org/wiki/December_25,December 25,Not stated in source,Wikipedia — December 25,Exact date as listed,Politics and governance,Romania,Calendar system not specified by source,Target met,International,Secondary reference source,20,Verified against cited date-page entry,20,91
25,CE,1356,December,Date page uses modern date presentation; original calendar date is not stated.,,GHC-DEC-25-05,Political change,"On 25 December 1356 CE, Charles IV, Holy Roman Emperor, promulgates the Golden Bull, a constitution for his empire.","Charles IV, Holy Roman Emperor, promulgates the Golden Bull, a constitution for his empire.",25 December 1356 CE,https://en.wikipedia.org/wiki/December_25,December 25,Not stated in source,Wikipedia — December 25,Exact date as listed,Politics and governance,,Calendar system not specified by source,Target met,International,Secondary reference source,20,Verified against cited date-page entry,20,89
25,CE,1977,December,Date page uses modern date presentation; original calendar date is not stated.,Asia,GHC-DEC-25-06,Conflict / political violence,"On 25 December 1977 CE, Israeli Prime Minister Menachem Begin meets in Egypt with its president Anwar Sadat.",Israeli Prime Minister Menachem Begin meets in Egypt with its president Anwar Sadat.,25 December 1977 CE,https://en.wikipedia.org/wiki/December_25,December 25,Not stated in source,Wikipedia — December 25,Exact date as listed,Military and conflict,Israel,Calendar system not specified by source,Target met,International,Secondary reference source,20,Verified against cited date-page entry,20,89
25,CE,1837,December,Date page uses modern date presentation; original calendar date is not stated.,North America,GHC-DEC-25-07,Conflict / political violence,"On 25 December 1837 CE, Second Seminole War: American general Zachary Taylor leads 1,100 troops against the Seminoles at the Battle of Lake Okeechobee.","Second Seminole War: American general Zachary Taylor leads 1,100 troops against the Seminoles at the Battle of Lake Okeechobee.",25 December 1837 CE,https://en.wikipedia.org/wiki/December_25,December 25,Not stated in source,Wikipedia — December 25,Exact date as listed,Military and conflict,United States,Calendar system not specified by source,Target met,International,Secondary reference source,20,Verified against cited date-page entry,20,85
25,CE,1941,December,Date page uses modern date presentation; original calendar date is not stated.,Asia,GHC-DEC-25-08,Conflict / political violence,"On 25 December 1941 CE, World War II: Battle of Hong Kong ends, beginning the Japanese occupation of Hong Kong.","World War II: Battle of Hong Kong ends, beginning the Japanese occupation of Hong Kong.",25 December 1941 CE,https://en.wikipedia.org/wiki/December_25,December 25,Not stated in source,Wikipedia — December 25,Exact date as listed,Military and conflict,Japan,Calendar system not specified by source,Target met,International,Secondary reference source,20,Verified against cited date-page entry,20,85
25,CE,1946,December,Date page uses modern date presentation; original calendar date is not stated.,Europe,GHC-DEC-25-09,Political change,"On 25 December 1946 CE, The first European self-sustaining nuclear chain reaction is initiated within the Soviet Union's F-1 nuclear reactor.",The first European self-sustaining nuclear chain reaction is initiated within the Soviet Union's F-1 nuclear reactor.,25 December 1946 CE,https://en.wikipedia.org/wiki/December_25,December 25,Not stated in source,Wikipedia — December 25,Exact date as listed,Politics and governance,Russia,Calendar system not specified by source,Target met,International,Secondary reference source,20,Verified against cited date-page entry,20,85
25,CE,1046,December,Date page uses modern date presentation; original calendar date is not stated.,,GHC-DEC-25-10,Political change,"On 25 December 1046 CE, Henry III is crowned Holy Roman Emperor by Pope Clement II.",Henry III is crowned Holy Roman Emperor by Pope Clement II.,25 December 1046 CE,https://en.wikipedia.org/wiki/December_25,December 25,Not stated in source,Wikipedia — December 25,Exact date as listed,Politics and governance,,Calendar system not specified by source,Target met,International,Secondary reference source,20,Verified against cited date-page entry,20,77
25,CE,1932,December,Date page uses modern date presentation; original calendar date is not stated.,Asia,GHC-DEC-25-11,Disaster,"On 25 December 1932 CE, A magnitude 7.6 earthquake in Gansu, China kills 275 people.","A magnitude 7.6 earthquake in Gansu, China kills 275 people.",25 December 1932 CE,https://en.wikipedia.org/wiki/December_25,December 25,Not stated in source,Wikipedia — December 25,Exact date as listed,Disaster and accident,China,Calendar system not specified by source,Target met,International,Secondary reference source,20,Verified against cited date-page entry,20,77
25,CE,1968,December,Date page uses modern date presentation; original calendar date is not stated.,,GHC-DEC-25-12,Conflict / political violence,"On 25 December 1968 CE, Kilvenmani massacre: Forty-four Dalits (untouchables) are burnt to death in Kizhavenmani village, Tamil Nadu, a retaliation for a campaign for higher wages by Dalit laborers.","Kilvenmani massacre: Forty-four Dalits (untouchables) are burnt to death in Kizhavenmani village, Tamil Nadu, a retaliation for a campaign for higher wages by Dalit laborers.",25 December 1968 CE,https://en.wikipedia.org/wiki/December_25,December 25,Not stated in source,Wikipedia — December 25,Exact date as listed,Military and conflict,,Calendar system not specified by source,Target met,International,Secondary reference source,20,Verified against cited date-page entry,20,77
25,CE,1951,December,Date page uses modern date presentation; original calendar date is not stated.,,GHC-DEC-25-13,Legal and social change,"On 25 December 1951 CE, A bomb explodes at the home of Harry T. Moore and Harriette V. S. Moore, early leaders of the Civil Rights Movement, killing Harry instantly and fatally wounding Harriette.","A bomb explodes at the home of Harry T. Moore and Harriette V. S. Moore, early leaders of the Civil Rights Movement, killing Harry instantly and fatally wounding Harriette.",25 December 1951 CE,https://en.wikipedia.org/wiki/December_25,December 25,Not stated in source,Wikipedia — December 25,Exact date as listed,Law and society,,Calendar system not specified by source,Target met,International,Secondary reference source,20,Verified against cited date-page entry,20,76
25,CE,1100,December,Date page uses modern date presentation; original calendar date is not stated.,,GHC-DEC-25-14,Political change,"On 25 December 1100 CE, Baldwin of Boulogne is crowned the first King of Jerusalem in the Church of the Nativity in Bethlehem.",Baldwin of Boulogne is crowned the first King of Jerusalem in the Church of the Nativity in Bethlehem.,25 December 1100 CE,https://en.wikipedia.org/wiki/December_25,December 25,Not stated in source,Wikipedia — December 25,Exact date as listed,Politics and governance,,Calendar system not specified by source,Target met,International,Secondary reference source,20,Verified against cited date-page entry,20,75
25,CE,1130,December,Date page uses modern date presentation; original calendar date is not stated.,,GHC-DEC-25-15,Political change,"On 25 December 1130 CE, Count Roger II of Sicily is crowned the first king of Sicily.",Count Roger II of Sicily is crowned the first king of Sicily.,25 December 1130 CE,https://en.wikipedia.org/wiki/December_25,December 25,Not stated in source,Wikipedia — December 25,Exact date as listed,Politics and governance,,Calendar system not specified by source,Target met,International,Secondary reference source,20,Verified against cited date-page entry,20,75
25,CE,1991,December,Date page uses modern date presentation; original calendar date is not stated.,Europe,GHC-DEC-25-16,Political change,"On 25 December 1991 CE, Mikhail Gorbachev resigns as President of the Soviet Union (the union itself is dissolved the next day). Ukraine's referendum is finalized and Ukraine officially leaves the Soviet Union.",Mikhail Gorbachev resigns as President of the Soviet Union (the union itself is dissolved the next day). Ukraine's referendum is finalized and Ukraine officially leaves the Soviet Union.,25 December 1991 CE,https://en.wikipedia.org/wiki/December_25,December 25,Not stated in source,Wikipedia — December 25,Exact date as listed,Politics and governance,Russia,Calendar system not specified by source,Target met,National / regional,Secondary reference source,20,Verified against cited date-page entry,20,73
25,CE,36,December,Date page uses modern date presentation; original calendar date is not stated.,Asia,GHC-DEC-25-17,Political change,"On 25 December 36 CE, Forces of Emperor Guangwu of the Eastern Han, under the command of Wu Han, conquer the separatist Chengjia empire, reuniting China.","Forces of Emperor Guangwu of the Eastern Han, under the command of Wu Han, conquer the separatist Chengjia empire, reuniting China.",25 December 36 CE,https://en.wikipedia.org/wiki/December_25,December 25,Not stated in source,Wikipedia — December 25,Exact date as listed,Politics and governance,China,Calendar system not specified by source,Target met,National / regional,Secondary reference source,20,Verified against cited date-page entry,20,69
25,CE,1013,December,Date page uses modern date presentation; original calendar date is not stated.,Europe,GHC-DEC-25-18,Political change,"On 25 December 1013 CE, Sweyn Forkbeard takes control of the Danelaw and is proclaimed king of England.",Sweyn Forkbeard takes control of the Danelaw and is proclaimed king of England.,25 December 1013 CE,https://en.wikipedia.org/wiki/December_25,December 25,Not stated in source,Wikipedia — December 25,Exact date as listed,Politics and governance,United Kingdom,Calendar system not specified by source,Target met,National / regional,Secondary reference source,20,Verified against cited date-page entry,20,69
25,CE,800,December,Date page uses modern date presentation; original calendar date is not stated.,,GHC-DEC-25-19,Political change,"On 25 December 800 CE, The coronation of Charlemagne as Holy Roman Emperor, in Rome.","The coronation of Charlemagne as Holy Roman Emperor, in Rome.",25 December 800 CE,https://en.wikipedia.org/wiki/December_25,December 25,Not stated in source,Wikipedia — December 25,Exact date as listed,Politics and governance,,Calendar system not specified by source,Target met,National / regional,Secondary reference source,20,Verified against cited date-page entry,20,67
25,CE,1000,December,Date page uses modern date presentation; original calendar date is not stated.,Europe,GHC-DEC-25-20,Political change,"On 25 December 1000 CE, The foundation of the Kingdom of Hungary: Hungary is established as a Christian kingdom by Stephen I of Hungary.",The foundation of the Kingdom of Hungary: Hungary is established as a Christian kingdom by Stephen I of Hungary.,25 December 1000 CE,https://en.wikipedia.org/wiki/December_25,December 25,Not stated in source,Wikipedia — December 25,Exact date as listed,Politics and governance,Hungary,Calendar system not specified by source,Target met,National / regional,Secondary reference source,20,Verified against cited date-page entry,20,67
26,CE,1862,December,Date page uses modern date presentation; original calendar date is not stated.,North America,GHC-DEC-26-01,Conflict / political violence,"On 26 December 1862 CE, American Civil War: The Battle of Chickasaw Bayou begins as Union General William T. Sherman starts landing his troops in an attempt to advance on Vicksburg, Mississippi.","American Civil War: The Battle of Chickasaw Bayou begins as Union General William T. Sherman starts landing his troops in an attempt to advance on Vicksburg, Mississippi.",26 December 1862 CE,https://en.wikipedia.org/wiki/December_26,December 26,Not stated in source,Wikipedia — December 26,Exact date as listed,Military and conflict,United States,Calendar system not specified by source,Target met,International / transnational,Secondary reference source,20,Verified against cited date-page entry,20,100
26,CE,1776,December,Date page uses modern date presentation; original calendar date is not stated.,North America,GHC-DEC-26-02,Conflict / political violence,"On 26 December 1776 CE, American Revolutionary War: In the Battle of Trenton, the Continental Army under General George Washington executes a successful surprise attack and defeats a garrison of Hessian forces serving Great Britain.","American Revolutionary War: In the Battle of Trenton, the Continental Army under General George Washington executes a successful surprise attack and defeats a garrison of Hessian forces serving Great Britain.",26 December 1776 CE,https://en.wikipedia.org/wiki/December_26,December 26,Not stated in source,Wikipedia — December 26,Exact date as listed,Military and conflict,United States,Calendar system not specified by source,Target met,International / transnational,Secondary reference source,20,Verified against cited date-page entry,20,100
26,CE,1790,December,Date page uses modern date presentation; original calendar date is not stated.,Europe,GHC-DEC-26-03,Political change,"On 26 December 1790 CE, Louis XVI of France gives his public assent to Civil Constitution of the Clergy during the French Revolution.",Louis XVI of France gives his public assent to Civil Constitution of the Clergy during the French Revolution.,26 December 1790 CE,https://en.wikipedia.org/wiki/December_26,December 26,Not stated in source,Wikipedia — December 26,Exact date as listed,Politics and governance,France,Calendar system not specified by source,Target met,International / transnational,Secondary reference source,20,Verified against cited date-page entry,20,100
26,CE,1861,December,Date page uses modern date presentation; original calendar date is not stated.,North America,GHC-DEC-26-04,Conflict / political violence,"On 26 December 1861 CE, American Civil War: The Trent Affair: Confederate diplomatic envoys James Murray Mason and John Slidell are freed by the United States government, thus easing tensions between the U.S. and the United Kingdom.","American Civil War: The Trent Affair: Confederate diplomatic envoys James Murray Mason and John Slidell are freed by the United States government, thus easing tensions between the U.S. and the United Kingdom.",26 December 1861 CE,https://en.wikipedia.org/wiki/December_26,December 26,Not stated in source,Wikipedia — December 26,Exact date as listed,Military and conflict,United States,Calendar system not specified by source,Target met,International,Secondary reference source,20,Verified against cited date-page entry,20,90
26,CE,1481,December,Date page uses modern date presentation; original calendar date is not stated.,,GHC-DEC-26-05,Conflict / political violence,"On 26 December 1481 CE, Battle of Westbroek: An army of 4,000 to 5,000 soldiers raised by David of Burgundy, Bishop of Utrecht, attacks an armed mob of people from nearby Utrecht who were trying to avenge the massacre of the inhabitants of Westbroek.","Battle of Westbroek: An army of 4,000 to 5,000 soldiers raised by David of Burgundy, Bishop of Utrecht, attacks an armed mob of people from nearby Utrecht who were trying to avenge the massacre of the inhabitants of Westbroek.",26 December 1481 CE,https://en.wikipedia.org/wiki/December_26,December 26,Not stated in source,Wikipedia — December 26,Exact date as listed,Military and conflict,,Calendar system not specified by source,Target met,International,Secondary reference source,20,Verified against cited date-page entry,20,85
26,CE,1704,December,Date page uses modern date presentation; original calendar date is not stated.,,GHC-DEC-26-06,Conflict / political violence,"On 26 December 1704 CE, Second Battle of Anandpur: In the Second Battle of Anandpur, Aurangzeb's two generals, Wazir Khan and Zaberdast Khan executed two children of Guru Gobind Singh, Zorawar Singh aged eight and Fateh Singh aged five, by burying them alive into a wall.","Second Battle of Anandpur: In the Second Battle of Anandpur, Aurangzeb's two generals, Wazir Khan and Zaberdast Khan executed two children of Guru Gobind Singh, Zorawar Singh aged eight and Fateh Singh aged five, by burying them alive into a wall.",26 December 1704 CE,https://en.wikipedia.org/wiki/December_26,December 26,Not stated in source,Wikipedia — December 26,Exact date as listed,Military and conflict,,Calendar system not specified by source,Target met,International,Secondary reference source,20,Verified against cited date-page entry,20,85
26,CE,1943,December,Date page uses modern date presentation; original calendar date is not stated.,Europe,GHC-DEC-26-07,Conflict / political violence,"On 26 December 1943 CE, World War II: German warship Scharnhorst is sunk off Norway's North Cape after a battle against major Royal Navy forces.",World War II: German warship Scharnhorst is sunk off Norway's North Cape after a battle against major Royal Navy forces.,26 December 1943 CE,https://en.wikipedia.org/wiki/December_26,December 26,Not stated in source,Wikipedia — December 26,Exact date as listed,Military and conflict,Germany,Calendar system not specified by source,Target met,International,Secondary reference source,20,Verified against cited date-page entry,20,85
26,CE,1991,December,Date page uses modern date presentation; original calendar date is not stated.,Europe,GHC-DEC-26-08,Conflict / political violence,"On 26 December 1991 CE, The Supreme Soviet of the Soviet Union meets and formally dissolves the Soviet Union, ending the Cold War.","The Supreme Soviet of the Soviet Union meets and formally dissolves the Soviet Union, ending the Cold War.",26 December 1991 CE,https://en.wikipedia.org/wiki/December_26,December 26,Not stated in source,Wikipedia — December 26,Exact date as listed,Military and conflict,Russia,Calendar system not specified by source,Target met,International,Secondary reference source,20,Verified against cited date-page entry,20,81
26,CE,1811,December,Date page uses modern date presentation; original calendar date is not stated.,,GHC-DEC-26-09,Political change,"On 26 December 1811 CE, A theater fire in Richmond, Virginia kills 72 people, including the Governor of Virginia George William Smith and the president of the First National Bank of Virginia Abraham B. Venable.","A theater fire in Richmond, Virginia kills 72 people, including the Governor of Virginia George William Smith and the president of the First National Bank of Virginia Abraham B. Venable.",26 December 1811 CE,https://en.wikipedia.org/wiki/December_26,December 26,Not stated in source,Wikipedia — December 26,Exact date as listed,Politics and governance,,Calendar system not specified by source,Target met,International,Secondary reference source,20,Verified against cited date-page entry,20,79
26,CE,2004,December,Date page uses modern date presentation; original calendar date is not stated.,Europe,GHC-DEC-26-10,Political change,"On 26 December 2004 CE, Orange Revolution: The final run-off election in Ukraine is held under heavy international scrutiny.",Orange Revolution: The final run-off election in Ukraine is held under heavy international scrutiny.,26 December 2004 CE,https://en.wikipedia.org/wiki/December_26,December 26,Not stated in source,Wikipedia — December 26,Exact date as listed,Politics and governance,Ukraine,Calendar system not specified by source,Target met,International,Secondary reference source,20,Verified against cited date-page entry,20,79
26,CE,1972,December,Date page uses modern date presentation; original calendar date is not stated.,North America,GHC-DEC-26-11,Conflict / political violence,"On 26 December 1972 CE, Vietnam War: As part of Operation Linebacker II, 120 American B-52 Stratofortress bombers attacked Hanoi, including 78 launched from Andersen Air Force Base in Guam, the largest single combat launch in Strategic Air Command history.","Vietnam War: As part of Operation Linebacker II, 120 American B-52 Stratofortress bombers attacked Hanoi, including 78 launched from Andersen Air Force Base in Guam, the largest single combat launch in Strategic Air Command history.",26 December 1972 CE,https://en.wikipedia.org/wiki/December_26,December 26,Not stated in source,Wikipedia — December 26,Exact date as listed,Military and conflict,United States,Calendar system not specified by source,Target met,International,Secondary reference source,20,Verified against cited date-page entry,20,77
26,CE,2004,December,Date page uses modern date presentation; original calendar date is not stated.,Asia,GHC-DEC-26-12,Disaster,"On 26 December 2004 CE, The 9.1–9.3 M w Indian Ocean earthquake shakes northern Sumatra with a maximum Mercalli intensity of IX (Violent). One of the largest observed tsunamis, it affected coastal and partially mainland areas of Thailand, India, Sri Lanka, the Maldives, Malaysia, Myanmar, Bangladesh, and Indonesia; death toll is estimated at 227,898.","The 9.1–9.3 M w Indian Ocean earthquake shakes northern Sumatra with a maximum Mercalli intensity of IX (Violent). One of the largest observed tsunamis, it affected coastal and partially mainland areas of Thailand, India, Sri Lanka, the Maldives, Malaysia, Myanmar, Bangladesh, and Indonesia; death toll is estimated at 227,898.",26 December 2004 CE,https://en.wikipedia.org/wiki/December_26,December 26,Not stated in source,Wikipedia — December 26,Exact date as listed,Disaster and accident,India,Calendar system not specified by source,Target met,International,Secondary reference source,20,Verified against cited date-page entry,20,75
26,CE,1799,December,Date page uses modern date presentation; original calendar date is not stated.,,GHC-DEC-26-13,Conflict / political violence,"On 26 December 1799 CE, Henry Lee III's eulogy to George Washington in congress declares him as ""first in war, first in peace and first in the hearts of his countrymen"".","Henry Lee III's eulogy to George Washington in congress declares him as ""first in war, first in peace and first in the hearts of his countrymen"".",26 December 1799 CE,https://en.wikipedia.org/wiki/December_26,December 26,Not stated in source,Wikipedia — December 26,Exact date as listed,Military and conflict,,Calendar system not specified by source,Target met,National / regional,Secondary reference source,20,Verified against cited date-page entry,20,73
26,CE,795,December,Date page uses modern date presentation; original calendar date is not stated.,,GHC-DEC-26-14,Political change,"On 26 December 795 CE, Election of Pope Leo III.",Election of Pope Leo III.,26 December 795 CE,https://en.wikipedia.org/wiki/December_26,December 26,Not stated in source,Wikipedia — December 26,Exact date as listed,Politics and governance,,Calendar system not specified by source,Target met,National / regional,Secondary reference source,20,Verified against cited date-page entry,20,67
26,CE,887,December,Date page uses modern date presentation; original calendar date is not stated.,Europe,GHC-DEC-26-15,Political change,"On 26 December 887 CE, Berengar I is elected as king of Italy by the lords of Lombardy. He is crowned with the Iron Crown of Lombardy at Pavia.",Berengar I is elected as king of Italy by the lords of Lombardy. He is crowned with the Iron Crown of Lombardy at Pavia.,26 December 887 CE,https://en.wikipedia.org/wiki/December_26,December 26,Not stated in source,Wikipedia — December 26,Exact date as listed,Politics and governance,Italy,Calendar system not specified by source,Target met,National / regional,Secondary reference source,20,Verified against cited date-page entry,20,67
26,CE,1805,December,Date page uses modern date presentation; original calendar date is not stated.,Europe,GHC-DEC-26-16,Political change,"On 26 December 1805 CE, Austria and France sign the Treaty of Pressburg.",Austria and France sign the Treaty of Pressburg.,26 December 1805 CE,https://en.wikipedia.org/wiki/December_26,December 26,Not stated in source,Wikipedia — December 26,Exact date as listed,Politics and governance,France,Calendar system not specified by source,Target met,National / regional,Secondary reference source,20,Verified against cited date-page entry,20,67
26,CE,1968,December,Date page uses modern date presentation; original calendar date is not stated.,Asia,GHC-DEC-26-17,Political change,"On 26 December 1968 CE, The Communist Party of the Philippines is established by Jose Maria Sison, breaking away from the Partido Komunista ng Pilipinas-1930.","The Communist Party of the Philippines is established by Jose Maria Sison, breaking away from the Partido Komunista ng Pilipinas-1930.",26 December 1968 CE,https://en.wikipedia.org/wiki/December_26,December 26,Not stated in source,Wikipedia — December 26,Exact date as listed,Politics and governance,Philippines,Calendar system not specified by source,Target met,National / regional,Secondary reference source,20,Verified against cited date-page entry,20,67
26,CE,1793,December,Date page uses modern date presentation; original calendar date is not stated.,Europe,GHC-DEC-26-18,Conflict / political violence,"On 26 December 1793 CE, Second Battle of Wissembourg: France defeats Austria.",Second Battle of Wissembourg: France defeats Austria.,26 December 1793 CE,https://en.wikipedia.org/wiki/December_26,December 26,Not stated in source,Wikipedia — December 26,Exact date as listed,Military and conflict,France,Calendar system not specified by source,Target met,National / regional,Secondary reference source,20,Verified against cited date-page entry,20,65
26,CE,1806,December,Date page uses modern date presentation; original calendar date is not stated.,Europe,GHC-DEC-26-19,Conflict / political violence,"On 26 December 1806 CE, Battles of Pultusk and Golymin: Russian forces hold French forces under Napoleon.",Battles of Pultusk and Golymin: Russian forces hold French forces under Napoleon.,26 December 1806 CE,https://en.wikipedia.org/wiki/December_26,December 26,Not stated in source,Wikipedia — December 26,Exact date as listed,Military and conflict,France,Calendar system not specified by source,Target met,National / regional,Secondary reference source,20,Verified against cited date-page entry,20,65
26,CE,1862,December,Date page uses modern date presentation; original calendar date is not stated.,North America,GHC-DEC-26-20,Conflict / political violence,"On 26 December 1862 CE, Dakota War of 1862: The largest mass-hanging in U.S. history takes place in Mankato, Minnesota, where 38 Native American prisoners are hanged.","Dakota War of 1862: The largest mass-hanging in U.S. history takes place in Mankato, Minnesota, where 38 Native American prisoners are hanged.",26 December 1862 CE,https://en.wikipedia.org/wiki/December_26,December 26,Not stated in source,Wikipedia — December 26,Exact date as listed,Military and conflict,United States,Calendar system not specified by source,Target met,National / regional,Secondary reference source,20,Verified against cited date-page entry,20,65
27,CE,1918,December,Date page uses modern date presentation; original calendar date is not stated.,Europe,GHC-DEC-27-01,Conflict / political violence,"On 27 December 1918 CE, Ukrainian War of Independence: The Revolutionary Insurgent Army of Ukraine occupies Yekaterinoslav and seizes seven airplanes from the UPRAF, establishing an Insurgent Air Fleet.","Ukrainian War of Independence: The Revolutionary Insurgent Army of Ukraine occupies Yekaterinoslav and seizes seven airplanes from the UPRAF, establishing an Insurgent Air Fleet.",27 December 1918 CE,https://en.wikipedia.org/wiki/December_27,December 27,Not stated in source,Wikipedia — December 27,Exact date as listed,Military and conflict,Ukraine,Calendar system not specified by source,Target met,International / transnational,Secondary reference source,20,Verified against cited date-page entry,20,100
27,CE,1949,December,Date page uses modern date presentation; original calendar date is not stated.,Asia,GHC-DEC-27-02,Political change,"On 27 December 1949 CE, Indonesian National Revolution: The Netherlands officially recognizes Indonesian independence. End of the Dutch East Indies.",Indonesian National Revolution: The Netherlands officially recognizes Indonesian independence. End of the Dutch East Indies.,27 December 1949 CE,https://en.wikipedia.org/wiki/December_27,December 27,Not stated in source,Wikipedia — December 27,Exact date as listed,Politics and governance,Indonesia,Calendar system not specified by source,Target met,International / transnational,Secondary reference source,20,Verified against cited date-page entry,20,99
27,CE,1814,December,Date page uses modern date presentation; original calendar date is not stated.,,GHC-DEC-27-03,Conflict / political violence,"On 27 December 1814 CE, War of 1812: The destruction of the schooner USS Carolina brings to an end Commodore Daniel Patterson's makeshift fleet, which fought a series of delaying actions that contributed to Andrew Jackson's victory at the Battle of New Orleans.","War of 1812: The destruction of the schooner USS Carolina brings to an end Commodore Daniel Patterson's makeshift fleet, which fought a series of delaying actions that contributed to Andrew Jackson's victory at the Battle of New Orleans.",27 December 1814 CE,https://en.wikipedia.org/wiki/December_27,December 27,Not stated in source,Wikipedia — December 27,Exact date as listed,Military and conflict,,Calendar system not specified by source,Target met,International,Secondary reference source,20,Verified against cited date-page entry,20,85
27,CE,1939,December,Date page uses modern date presentation; original calendar date is not stated.,Europe,GHC-DEC-27-04,Conflict / political violence,"On 27 December 1939 CE, Winter War: Finland holds off a Soviet attack in the Battle of Kelja.",Winter War: Finland holds off a Soviet attack in the Battle of Kelja.,27 December 1939 CE,https://en.wikipedia.org/wiki/December_27,December 27,Not stated in source,Wikipedia — December 27,Exact date as listed,Military and conflict,Russia,Calendar system not specified by source,Target met,International,Secondary reference source,20,Verified against cited date-page entry,20,85
27,CE,2007,December,Date page uses modern date presentation; original calendar date is not stated.,Asia,GHC-DEC-27-05,Political change,"On 27 December 2007 CE, Former Pakistani prime minister Benazir Bhutto is assassinated in a shooting incident.",Former Pakistani prime minister Benazir Bhutto is assassinated in a shooting incident.,27 December 2007 CE,https://en.wikipedia.org/wiki/December_27,December 27,Not stated in source,Wikipedia — December 27,Exact date as listed,Politics and governance,Pakistan,Calendar system not specified by source,Target met,International,Secondary reference source,20,Verified against cited date-page entry,20,77
27,CE,1997,December,Date page uses modern date presentation; original calendar date is not stated.,Europe,GHC-DEC-27-06,Conflict / political violence,"On 27 December 1997 CE, Protestant paramilitary leader Billy Wright is assassinated in Northern Ireland, United Kingdom.","Protestant paramilitary leader Billy Wright is assassinated in Northern Ireland, United Kingdom.",27 December 1997 CE,https://en.wikipedia.org/wiki/December_27,December 27,Not stated in source,Wikipedia — December 27,Exact date as listed,Military and conflict,United Kingdom,Calendar system not specified by source,Target met,International,Secondary reference source,20,Verified against cited date-page entry,20,75
27,CE,2007,December,Date page uses modern date presentation; original calendar date is not stated.,Africa,GHC-DEC-27-07,Political change,"On 27 December 2007 CE, Riots erupt in Mombasa, Kenya, after Mwai Kibaki is declared the winner of the presidential election, triggering a political, economic, and humanitarian crisis.","Riots erupt in Mombasa, Kenya, after Mwai Kibaki is declared the winner of the presidential election, triggering a political, economic, and humanitarian crisis.",27 December 2007 CE,https://en.wikipedia.org/wiki/December_27,December 27,Not stated in source,Wikipedia — December 27,Exact date as listed,Politics and governance,Kenya,Calendar system not specified by source,Target met,National / regional,Secondary reference source,20,Verified against cited date-page entry,20,69
27,CE,1703,December,Date page uses modern date presentation; original calendar date is not stated.,Europe,GHC-DEC-27-08,Political change,"On 27 December 1703 CE, Portugal and England sign the Methuen Treaty which allows Portugal to export wines to England on favorable trade terms.",Portugal and England sign the Methuen Treaty which allows Portugal to export wines to England on favorable trade terms.,27 December 1703 CE,https://en.wikipedia.org/wiki/December_27,December 27,Not stated in source,Wikipedia — December 27,Exact date as listed,Politics and governance,United Kingdom,Calendar system not specified by source,Target met,National / regional,Secondary reference source,20,Verified against cited date-page entry,20,67
27,CE,1989,December,Date page uses modern date presentation; original calendar date is not stated.,Europe,GHC-DEC-27-09,Historical event,"On 27 December 1989 CE, The Romanian Revolution concludes, as the last minor street confrontations and stray shootings abruptly end in the country's capital, Bucharest.","The Romanian Revolution concludes, as the last minor street confrontations and stray shootings abruptly end in the country's capital, Bucharest.",27 December 1989 CE,https://en.wikipedia.org/wiki/December_27,December 27,Not stated in source,Wikipedia — December 27,Exact date as listed,General history,Romania,Calendar system not specified by source,Target met,National / regional,Secondary reference source,20,Verified against cited date-page entry,20,67
27,CE,1655,December,Date page uses modern date presentation; original calendar date is not stated.,,GHC-DEC-27-10,Conflict / political violence,"On 27 December 1655 CE, Second Northern War/the Deluge: Monks at the Jasna Góra Monastery in Częstochowa are successful in fending off a month-long siege.",Second Northern War/the Deluge: Monks at the Jasna Góra Monastery in Częstochowa are successful in fending off a month-long siege.,27 December 1655 CE,https://en.wikipedia.org/wiki/December_27,December 27,Not stated in source,Wikipedia — December 27,Exact date as listed,Military and conflict,,Calendar system not specified by source,Target met,National / regional,Secondary reference source,20,Verified against cited date-page entry,20,65
27,CE,1927,December,Date page uses modern date presentation; original calendar date is not stated.,North America,GHC-DEC-27-11,Institutional development,"On 27 December 1927 CE, Kern and Hammerstein's musical play Show Boat, considered to be the first true American musical play, opens at the Ziegfeld Theatre on Broadway.","Kern and Hammerstein's musical play Show Boat, considered to be the first true American musical play, opens at the Ziegfeld Theatre on Broadway.",27 December 1927 CE,https://en.wikipedia.org/wiki/December_27,December 27,Not stated in source,Wikipedia — December 27,Exact date as listed,"Culture, education and institutions",United States,Calendar system not specified by source,Target met,National / regional,Secondary reference source,20,Verified against cited date-page entry,20,63
27,CE,1939,December,Date page uses modern date presentation; original calendar date is not stated.,Asia,GHC-DEC-27-12,Disaster,"On 27 December 1939 CE, The 7.8 M w Erzincan earthquake shakes eastern Turkey with a maximum Mercalli intensity of XI (Extreme). At least 32,700 people were killed.","The 7.8 M w Erzincan earthquake shakes eastern Turkey with a maximum Mercalli intensity of XI (Extreme). At least 32,700 people were killed.",27 December 1939 CE,https://en.wikipedia.org/wiki/December_27,December 27,Not stated in source,Wikipedia — December 27,Exact date as listed,Disaster and accident,Turkey,Calendar system not specified by source,Target met,National / regional,Secondary reference source,20,Verified against cited date-page entry,20,63
27,CE,1945,December,Date page uses modern date presentation; original calendar date is not stated.,Global / transnational,GHC-DEC-27-13,Historical event,"On 27 December 1945 CE, The International Monetary Fund is created with the signing of an agreement by 29 nations.",The International Monetary Fund is created with the signing of an agreement by 29 nations.,27 December 1945 CE,https://en.wikipedia.org/wiki/December_27,December 27,Not stated in source,Wikipedia — December 27,Exact date as listed,General history,,Calendar system not specified by source,Target met,National / regional,Secondary reference source,20,Verified against cited date-page entry,20,61
27,CE,1512,December,Date page uses modern date presentation; original calendar date is not stated.,Europe,GHC-DEC-27-14,Legal and social change,"On 27 December 1512 CE, The Spanish Crown issues the Laws of Burgos, governing the conduct of settlers with regard to native Indians in the New World.","The Spanish Crown issues the Laws of Burgos, governing the conduct of settlers with regard to native Indians in the New World.",27 December 1512 CE,https://en.wikipedia.org/wiki/December_27,December 27,Not stated in source,Wikipedia — December 27,Exact date as listed,Law and society,Spain,Calendar system not specified by source,Target met,National / regional,Secondary reference source,20,Verified against cited date-page entry,20,59
27,CE,1968,December,Date page uses modern date presentation; original calendar date is not stated.,Global / transnational,GHC-DEC-27-15,Disaster,"On 27 December 1968 CE, North Central Airlines Flight 458 crashes at O'Hare International Airport, killing 28.","North Central Airlines Flight 458 crashes at O'Hare International Airport, killing 28.",27 December 1968 CE,https://en.wikipedia.org/wiki/December_27,December 27,Not stated in source,Wikipedia — December 27,Exact date as listed,Disaster and accident,,Calendar system not specified by source,Target met,National / regional,Secondary reference source,20,Verified against cited date-page entry,20,58
27,CE,1991,December,Date page uses modern date presentation; original calendar date is not stated.,,GHC-DEC-27-16,Disaster,"On 27 December 1991 CE, Scandinavian Airlines System Flight 751 crashes in Gottröra in the Norrtälje Municipality in Sweden, injuring 92.","Scandinavian Airlines System Flight 751 crashes in Gottröra in the Norrtälje Municipality in Sweden, injuring 92.",27 December 1991 CE,https://en.wikipedia.org/wiki/December_27,December 27,Not stated in source,Wikipedia — December 27,Exact date as listed,Disaster and accident,,Calendar system not specified by source,Target met,National / regional,Secondary reference source,20,Verified against cited date-page entry,20,58
27,CE,2008,December,Date page uses modern date presentation; original calendar date is not stated.,Asia,GHC-DEC-27-17,Science / technology,"On 27 December 2008 CE, Operation Cast Lead: Israel launches three-week operation on Gaza.",Operation Cast Lead: Israel launches three-week operation on Gaza.,27 December 2008 CE,https://en.wikipedia.org/wiki/December_27,December 27,Not stated in source,Wikipedia — December 27,Exact date as listed,Science and technology,Israel,Calendar system not specified by source,Target met,National / regional,Secondary reference source,20,Verified against cited date-page entry,20,57
27,CE,2009,December,Date page uses modern date presentation; original calendar date is not stated.,Asia,GHC-DEC-27-18,Political change,"On 27 December 2009 CE, Iranian election protests: On the Day of Ashura in Tehran, Iran, government security forces fire upon demonstrators.","Iranian election protests: On the Day of Ashura in Tehran, Iran, government security forces fire upon demonstrators.",27 December 2009 CE,https://en.wikipedia.org/wiki/December_27,December 27,Not stated in source,Wikipedia — December 27,Exact date as listed,Politics and governance,Iran,Calendar system not specified by source,Target met,National / regional,Secondary reference source,20,Verified against cited date-page entry,20,57
27,CE,1932,December,Date page uses modern date presentation; original calendar date is not stated.,,GHC-DEC-27-19,Institutional development,"On 27 December 1932 CE, Radio City Music Hall, ""Showplace of the Nation"", opens in New York City.","Radio City Music Hall, ""Showplace of the Nation"", opens in New York City.",27 December 1932 CE,https://en.wikipedia.org/wiki/December_27,December 27,Not stated in source,Wikipedia — December 27,Exact date as listed,"Culture, education and institutions",,Calendar system not specified by source,Target met,National / regional,Secondary reference source,20,Verified against cited date-page entry,20,55
27,CE,1983,December,Date page uses modern date presentation; original calendar date is not stated.,,GHC-DEC-27-20,Historical event,"On 27 December 1983 CE, Pope John Paul II visits Mehmet Ali Ağca in Rebibbia's prison and personally forgives him for the 1981 attack on him in St. Peter's Square.",Pope John Paul II visits Mehmet Ali Ağca in Rebibbia's prison and personally forgives him for the 1981 attack on him in St. Peter's Square.,27 December 1983 CE,https://en.wikipedia.org/wiki/December_27,December 27,Not stated in source,Wikipedia — December 27,Exact date as listed,General history,,Calendar system not specified by source,Target met,National / regional,Secondary reference source,20,Verified against cited date-page entry,20,55
28,CE,1941,December,Date page uses modern date presentation; original calendar date is not stated.,Global / transnational,GHC-DEC-28-01,Conflict / political violence,"On 28 December 1941 CE, World War II: Operation Anthropoid, the plot to assassinate high-ranking Nazi officer Reinhard Heydrich, commences.","World War II: Operation Anthropoid, the plot to assassinate high-ranking Nazi officer Reinhard Heydrich, commences.",28 December 1941 CE,https://en.wikipedia.org/wiki/December_28,December 28,Not stated in source,Wikipedia — December 28,Exact date as listed,Military and conflict,,Calendar system not specified by source,Target met,International / transnational,Secondary reference source,20,Verified against cited date-page entry,20,95
28,CE,1836,December,Date page uses modern date presentation; original calendar date is not stated.,Europe,GHC-DEC-28-02,Political change,"On 28 December 1836 CE, Spain recognizes the independence of Mexico with the signing of the Santa María–Calatrava Treaty.",Spain recognizes the independence of Mexico with the signing of the Santa María–Calatrava Treaty.,28 December 1836 CE,https://en.wikipedia.org/wiki/December_28,December 28,Not stated in source,Wikipedia — December 28,Exact date as listed,Politics and governance,Spain,Calendar system not specified by source,Target met,International,Secondary reference source,20,Verified against cited date-page entry,20,91
28,CE,1943,December,Date page uses modern date presentation; original calendar date is not stated.,Europe,GHC-DEC-28-03,Conflict / political violence,"On 28 December 1943 CE, World War II: After eight days of brutal house-to-house fighting, the Battle of Ortona concludes with the victory of the 1st Canadian Infantry Division over the German 1st Parachute Division and the capture of the Italian town of Ortona.","World War II: After eight days of brutal house-to-house fighting, the Battle of Ortona concludes with the victory of the 1st Canadian Infantry Division over the German 1st Parachute Division and the capture of the Italian town of Ortona.",28 December 1943 CE,https://en.wikipedia.org/wiki/December_28,December 28,Not stated in source,Wikipedia — December 28,Exact date as listed,Military and conflict,Germany,Calendar system not specified by source,Target met,International,Secondary reference source,20,Verified against cited date-page entry,20,85
28,CE,1768,December,Date page uses modern date presentation; original calendar date is not stated.,,GHC-DEC-28-04,Political change,"On 28 December 1768 CE, King Taksin's coronation achieved through conquest as a king of Thailand and established Thonburi as a capital.",King Taksin's coronation achieved through conquest as a king of Thailand and established Thonburi as a capital.,28 December 1768 CE,https://en.wikipedia.org/wiki/December_28,December 28,Not stated in source,Wikipedia — December 28,Exact date as listed,Politics and governance,,Calendar system not specified by source,Target met,International,Secondary reference source,20,Verified against cited date-page entry,20,79
28,CE,1973,December,Date page uses modern date presentation; original calendar date is not stated.,North America,GHC-DEC-28-05,Political change,"On 28 December 1973 CE, The United States Endangered Species Act is signed into law by President Richard Nixon.",The United States Endangered Species Act is signed into law by President Richard Nixon.,28 December 1973 CE,https://en.wikipedia.org/wiki/December_28,December 28,Not stated in source,Wikipedia — December 28,Exact date as listed,Politics and governance,United States,Calendar system not specified by source,Target met,National / regional,Secondary reference source,20,Verified against cited date-page entry,20,71
28,CE,1972,December,Date page uses modern date presentation; original calendar date is not stated.,,GHC-DEC-28-06,Conflict / political violence,"On 28 December 1972 CE, The last scheduled day for induction into the military by the Selective Service System. Due to the fact that President Richard Nixon declared this day a national day of mourning due to former President Harry S Truman's death, approximately 300 men were not able to report due to most Federal offices being closed. Since the draft was not resumed in 1973, they were never drafted.","The last scheduled day for induction into the military by the Selective Service System. Due to the fact that President Richard Nixon declared this day a national day of mourning due to former President Harry S Truman's death, approximately 300 men were not able to report due to most Federal offices being closed. Since the draft was not resumed in 1973, they were never drafted.",28 December 1972 CE,https://en.wikipedia.org/wiki/December_28,December 28,Not stated in source,Wikipedia — December 28,Exact date as listed,Military and conflict,,Calendar system not specified by source,Target met,National / regional,Secondary reference source,20,Verified against cited date-page entry,20,69
28,CE,418,December,Date page uses modern date presentation; original calendar date is not stated.,,GHC-DEC-28-07,Political change,"On 28 December 418 CE, A papal election begins, resulting in the election of Pope Boniface I.","A papal election begins, resulting in the election of Pope Boniface I.",28 December 418 CE,https://en.wikipedia.org/wiki/December_28,December 28,Not stated in source,Wikipedia — December 28,Exact date as listed,Politics and governance,,Calendar system not specified by source,Target met,National / regional,Secondary reference source,20,Verified against cited date-page entry,20,67
28,CE,1065,December,Date page uses modern date presentation; original calendar date is not stated.,,GHC-DEC-28-08,Conflict / political violence,"On 28 December 1065 CE, Edward the Confessor's Romanesque monastic church at Westminster Abbey is consecrated.",Edward the Confessor's Romanesque monastic church at Westminster Abbey is consecrated.,28 December 1065 CE,https://en.wikipedia.org/wiki/December_28,December 28,Not stated in source,Wikipedia — December 28,Exact date as listed,Military and conflict,,Calendar system not specified by source,Target met,National / regional,Secondary reference source,20,Verified against cited date-page entry,20,65
28,CE,1659,December,Date page uses modern date presentation; original calendar date is not stated.,,GHC-DEC-28-09,Conflict / political violence,"On 28 December 1659 CE, The Marathas defeat the Adilshahi forces in the Battle of Kolhapur.",The Marathas defeat the Adilshahi forces in the Battle of Kolhapur.,28 December 1659 CE,https://en.wikipedia.org/wiki/December_28,December 28,Not stated in source,Wikipedia — December 28,Exact date as listed,Military and conflict,,Calendar system not specified by source,Target met,National / regional,Secondary reference source,20,Verified against cited date-page entry,20,65
28,CE,1832,December,Date page uses modern date presentation; original calendar date is not stated.,North America,GHC-DEC-28-10,Political change,"On 28 December 1832 CE, John C. Calhoun becomes the first Vice President of the United States to resign. He resigned after being elected Senator from South Carolina.",John C. Calhoun becomes the first Vice President of the United States to resign. He resigned after being elected Senator from South Carolina.,28 December 1832 CE,https://en.wikipedia.org/wiki/December_28,December 28,Not stated in source,Wikipedia — December 28,Exact date as listed,Politics and governance,United States,Calendar system not specified by source,Target met,National / regional,Secondary reference source,20,Verified against cited date-page entry,20,65
28,CE,1835,December,Date page uses modern date presentation; original calendar date is not stated.,North America,GHC-DEC-28-11,Conflict / political violence,"On 28 December 1835 CE, Osceola leads his Seminole warriors in Florida into the Second Seminole War against the United States Army.",Osceola leads his Seminole warriors in Florida into the Second Seminole War against the United States Army.,28 December 1835 CE,https://en.wikipedia.org/wiki/December_28,December 28,Not stated in source,Wikipedia — December 28,Exact date as listed,Military and conflict,United States,Calendar system not specified by source,Target met,National / regional,Secondary reference source,20,Verified against cited date-page entry,20,65
28,CE,1918,December,Date page uses modern date presentation; original calendar date is not stated.,Europe,GHC-DEC-28-12,Political change,"On 28 December 1918 CE, Constance Markievicz, while detained in Holloway prison, becomes the first woman to be elected Member of Parliament (MP) to the British House of Commons.","Constance Markievicz, while detained in Holloway prison, becomes the first woman to be elected Member of Parliament (MP) to the British House of Commons.",28 December 1918 CE,https://en.wikipedia.org/wiki/December_28,December 28,Not stated in source,Wikipedia — December 28,Exact date as listed,Politics and governance,United Kingdom,Calendar system not specified by source,Target met,National / regional,Secondary reference source,20,Verified against cited date-page entry,20,65
28,CE,2006,December,Date page uses modern date presentation; original calendar date is not stated.,Africa,GHC-DEC-28-13,Conflict / political violence,"On 28 December 2006 CE, War in Somalia: The militaries of Somalia's Transitional Federal Government and Ethiopian troops capture Mogadishu unopposed.",War in Somalia: The militaries of Somalia's Transitional Federal Government and Ethiopian troops capture Mogadishu unopposed.,28 December 2006 CE,https://en.wikipedia.org/wiki/December_28,December 28,Not stated in source,Wikipedia — December 28,Exact date as listed,Military and conflict,Ethiopia,Calendar system not specified by source,Target met,National / regional,Secondary reference source,20,Verified against cited date-page entry,20,65
28,CE,893,December,Date page uses modern date presentation; original calendar date is not stated.,,GHC-DEC-28-14,Disaster,"On 28 December 893 CE, An earthquake destroys the city of Dvin, Armenia.","An earthquake destroys the city of Dvin, Armenia.",28 December 893 CE,https://en.wikipedia.org/wiki/December_28,December 28,Not stated in source,Wikipedia — December 28,Exact date as listed,Disaster and accident,,Calendar system not specified by source,Target met,National / regional,Secondary reference source,20,Verified against cited date-page entry,20,63
28,CE,1908,December,Date page uses modern date presentation; original calendar date is not stated.,Europe,GHC-DEC-28-15,Disaster,"On 28 December 1908 CE, The 7.1 M w Messina earthquake shakes Southern Italy with a maximum Mercalli intensity of XI (Extreme), killing between about 80,000.","The 7.1 M w Messina earthquake shakes Southern Italy with a maximum Mercalli intensity of XI (Extreme), killing between about 80,000.",28 December 1908 CE,https://en.wikipedia.org/wiki/December_28,December 28,Not stated in source,Wikipedia — December 28,Exact date as listed,Disaster and accident,Italy,Calendar system not specified by source,Target met,National / regional,Secondary reference source,20,Verified against cited date-page entry,20,63
28,CE,1989,December,Date page uses modern date presentation; original calendar date is not stated.,Oceania,GHC-DEC-28-16,Disaster,"On 28 December 1989 CE, A magnitude 5.6 earthquake hits Newcastle, New South Wales, Australia, killing 13 people.","A magnitude 5.6 earthquake hits Newcastle, New South Wales, Australia, killing 13 people.",28 December 1989 CE,https://en.wikipedia.org/wiki/December_28,December 28,Not stated in source,Wikipedia — December 28,Exact date as listed,Disaster and accident,Australia,Calendar system not specified by source,Target met,National / regional,Secondary reference source,20,Verified against cited date-page entry,20,63
28,CE,1978,December,Date page uses modern date presentation; original calendar date is not stated.,Global / transnational,GHC-DEC-28-17,Disaster,"On 28 December 1978 CE, United Airlines Flight 173 crashes in a residential neighborhood near Portland International Airport, killing 10 people.","United Airlines Flight 173 crashes in a residential neighborhood near Portland International Airport, killing 10 people.",28 December 1978 CE,https://en.wikipedia.org/wiki/December_28,December 28,Not stated in source,Wikipedia — December 28,Exact date as listed,Disaster and accident,,Calendar system not specified by source,Target met,National / regional,Secondary reference source,20,Verified against cited date-page entry,20,58
28,CE,1836,December,Date page uses modern date presentation; original calendar date is not stated.,Oceania,GHC-DEC-28-18,Institutional development,"On 28 December 1836 CE, South Australia and Adelaide are founded.",South Australia and Adelaide are founded.,28 December 1836 CE,https://en.wikipedia.org/wiki/December_28,December 28,Not stated in source,Wikipedia — December 28,Exact date as listed,"Culture, education and institutions",Australia,Calendar system not specified by source,Target met,National / regional,Secondary reference source,20,Verified against cited date-page entry,20,57
28,CE,1885,December,Date page uses modern date presentation; original calendar date is not stated.,Europe,GHC-DEC-28-19,Institutional development,"On 28 December 1885 CE, The Indian National Congress is founded in Bombay Presidency, British India.","The Indian National Congress is founded in Bombay Presidency, British India.",28 December 1885 CE,https://en.wikipedia.org/wiki/December_28,December 28,Not stated in source,Wikipedia — December 28,Exact date as listed,"Culture, education and institutions",United Kingdom,Calendar system not specified by source,Target met,National / regional,Secondary reference source,20,Verified against cited date-page entry,20,57
28,CE,1943,December,Date page uses modern date presentation; original calendar date is not stated.,Europe,GHC-DEC-28-20,Science / technology,"On 28 December 1943 CE, Soviet authorities launch Operation Ulussy, beginning the deportation of the Kalmyk nation to Siberia and Central Asia.","Soviet authorities launch Operation Ulussy, beginning the deportation of the Kalmyk nation to Siberia and Central Asia.",28 December 1943 CE,https://en.wikipedia.org/wiki/December_28,December 28,Not stated in source,Wikipedia — December 28,Exact date as listed,Science and technology,Russia,Calendar system not specified by source,Target met,National / regional,Secondary reference source,20,Verified against cited date-page entry,20,57
29,CE,1862,December,Date page uses modern date presentation; original calendar date is not stated.,North America,GHC-DEC-29-01,Conflict / political violence,"On 29 December 1862 CE, American Civil War: The Battle of Chickasaw Bayou ends in a Union defeat as forces under General William T. Sherman are repulsed with heavy losses by Confederate troops under General John C. Pemberton.",American Civil War: The Battle of Chickasaw Bayou ends in a Union defeat as forces under General William T. Sherman are repulsed with heavy losses by Confederate troops under General John C. Pemberton.,29 December 1862 CE,https://en.wikipedia.org/wiki/December_29,December 29,Not stated in source,Wikipedia — December 29,Exact date as listed,Military and conflict,United States,Calendar system not specified by source,Target met,International / transnational,Secondary reference source,20,Verified against cited date-page entry,20,100
29,CE,1996,December,Date page uses modern date presentation; original calendar date is not stated.,,GHC-DEC-29-02,Conflict / political violence,"On 29 December 1996 CE, Guatemala and leaders of Guatemalan National Revolutionary Unity sign a peace accord ending a 36-year civil war.",Guatemala and leaders of Guatemalan National Revolutionary Unity sign a peace accord ending a 36-year civil war.,29 December 1996 CE,https://en.wikipedia.org/wiki/December_29,December 29,Not stated in source,Wikipedia — December 29,Exact date as listed,Military and conflict,,Calendar system not specified by source,Target met,International / transnational,Secondary reference source,20,Verified against cited date-page entry,20,100
29,CE,1170,December,Date page uses modern date presentation; original calendar date is not stated.,,GHC-DEC-29-03,Political change,"On 29 December 1170 CE, Thomas Becket, Archbishop of Canterbury, is assassinated inside Canterbury Cathedral by followers of King Henry II; he subsequently becomes a saint and martyr in the Anglican Communion and the Catholic Church.","Thomas Becket, Archbishop of Canterbury, is assassinated inside Canterbury Cathedral by followers of King Henry II; he subsequently becomes a saint and martyr in the Anglican Communion and the Catholic Church.",29 December 1170 CE,https://en.wikipedia.org/wiki/December_29,December 29,Not stated in source,Wikipedia — December 29,Exact date as listed,Politics and governance,,Calendar system not specified by source,Target met,International,Secondary reference source,20,Verified against cited date-page entry,20,91
29,CE,1778,December,Date page uses modern date presentation; original calendar date is not stated.,North America,GHC-DEC-29-04,Conflict / political violence,"On 29 December 1778 CE, American Revolutionary War: British forces under the command of Lieutenant Colonel Archibald Campbell defeat American forces under Major General Robert Howe and capture the port city of Savannah, Georgia.","American Revolutionary War: British forces under the command of Lieutenant Colonel Archibald Campbell defeat American forces under Major General Robert Howe and capture the port city of Savannah, Georgia.",29 December 1778 CE,https://en.wikipedia.org/wiki/December_29,December 29,Not stated in source,Wikipedia — December 29,Exact date as listed,Military and conflict,United States,Calendar system not specified by source,Target met,International,Secondary reference source,20,Verified against cited date-page entry,20,87
29,CE,1812,December,Date page uses modern date presentation; original calendar date is not stated.,South America,GHC-DEC-29-05,Conflict / political violence,"On 29 December 1812 CE, USS Constitution, under the command of Captain William Bainbridge, captures HMS Java off the coast of Brazil after a three-hour battle.","USS Constitution, under the command of Captain William Bainbridge, captures HMS Java off the coast of Brazil after a three-hour battle.",29 December 1812 CE,https://en.wikipedia.org/wiki/December_29,December 29,Not stated in source,Wikipedia — December 29,Exact date as listed,Military and conflict,Brazil,Calendar system not specified by source,Target met,International,Secondary reference source,20,Verified against cited date-page entry,20,85
29,CE,1874,December,Date page uses modern date presentation; original calendar date is not stated.,Europe,GHC-DEC-29-06,Conflict / political violence,"On 29 December 1874 CE, The military coup of Gen. Martinez Campos in Sagunto ends the failed First Spanish Republic and the monarchy is restored as Prince Alfonso is proclaimed King of Spain.",The military coup of Gen. Martinez Campos in Sagunto ends the failed First Spanish Republic and the monarchy is restored as Prince Alfonso is proclaimed King of Spain.,29 December 1874 CE,https://en.wikipedia.org/wiki/December_29,December 29,Not stated in source,Wikipedia — December 29,Exact date as listed,Military and conflict,Spain,Calendar system not specified by source,Target met,International,Secondary reference source,20,Verified against cited date-page entry,20,81
29,CE,1940,December,Date page uses modern date presentation; original calendar date is not stated.,Europe,GHC-DEC-29-07,Conflict / political violence,"On 29 December 1940 CE, World War II: in the Second Great Fire of London, the Luftwaffe fire-bombs London, England, killing almost 200 civilians.","World War II: in the Second Great Fire of London, the Luftwaffe fire-bombs London, England, killing almost 200 civilians.",29 December 1940 CE,https://en.wikipedia.org/wiki/December_29,December 29,Not stated in source,Wikipedia — December 29,Exact date as listed,Military and conflict,United Kingdom,Calendar system not specified by source,Target met,International,Secondary reference source,20,Verified against cited date-page entry,20,80
29,CE,1860,December,Date page uses modern date presentation; original calendar date is not stated.,,GHC-DEC-29-08,Conflict / political violence,"On 29 December 1860 CE, The launch of HMS Warrior, with her combination of screw propeller, iron hull and iron armour, renders all previous warships obsolete.","The launch of HMS Warrior, with her combination of screw propeller, iron hull and iron armour, renders all previous warships obsolete.",29 December 1860 CE,https://en.wikipedia.org/wiki/December_29,December 29,Not stated in source,Wikipedia — December 29,Exact date as listed,Military and conflict,,Calendar system not specified by source,Target met,International,Secondary reference source,20,Verified against cited date-page entry,20,77
29,CE,1911,December,Date page uses modern date presentation; original calendar date is not stated.,,GHC-DEC-29-09,Political change,"On 29 December 1911 CE, Mongolia gains independence from the Qing dynasty, enthroning 8th Jebtsundamba Khutughtu as Khagan of Mongolia.","Mongolia gains independence from the Qing dynasty, enthroning 8th Jebtsundamba Khutughtu as Khagan of Mongolia.",29 December 1911 CE,https://en.wikipedia.org/wiki/December_29,December 29,Not stated in source,Wikipedia — December 29,Exact date as listed,Politics and governance,,Calendar system not specified by source,Target met,National / regional,Secondary reference source,20,Verified against cited date-page entry,20,69
29,CE,1998,December,Date page uses modern date presentation; original calendar date is not stated.,Asia,GHC-DEC-29-10,Historical event,"On 29 December 1998 CE, Leaders of the Khmer Rouge apologize for the Cambodian genocide that claimed over one million lives.",Leaders of the Khmer Rouge apologize for the Cambodian genocide that claimed over one million lives.,29 December 1998 CE,https://en.wikipedia.org/wiki/December_29,December 29,Not stated in source,Wikipedia — December 29,Exact date as listed,General history,Cambodia,Calendar system not specified by source,Target met,National / regional,Secondary reference source,20,Verified against cited date-page entry,20,69
29,CE,1835,December,Date page uses modern date presentation; original calendar date is not stated.,North America,GHC-DEC-29-11,Political change,"On 29 December 1835 CE, The Treaty of New Echota is signed, ceding all the lands of the Cherokee east of the Mississippi River to the United States.","The Treaty of New Echota is signed, ceding all the lands of the Cherokee east of the Mississippi River to the United States.",29 December 1835 CE,https://en.wikipedia.org/wiki/December_29,December 29,Not stated in source,Wikipedia — December 29,Exact date as listed,Politics and governance,United States,Calendar system not specified by source,Target met,National / regional,Secondary reference source,20,Verified against cited date-page entry,20,67
29,CE,1934,December,Date page uses modern date presentation; original calendar date is not stated.,Asia,GHC-DEC-29-12,Political change,"On 29 December 1934 CE, Japan renounces the Washington Naval Treaty of 1922 and the London Naval Treaty of 1930.",Japan renounces the Washington Naval Treaty of 1922 and the London Naval Treaty of 1930.,29 December 1934 CE,https://en.wikipedia.org/wiki/December_29,December 29,Not stated in source,Wikipedia — December 29,Exact date as listed,Politics and governance,Japan,Calendar system not specified by source,Target met,National / regional,Secondary reference source,20,Verified against cited date-page entry,20,67
29,CE,1503,December,Date page uses modern date presentation; original calendar date is not stated.,Europe,GHC-DEC-29-13,Conflict / political violence,"On 29 December 1503 CE, The Battle of Garigliano was fought between a Spanish army under Gonzalo Fernández de Córdoba and a French army commanded by Ludovico II, Marquess of Saluzzo.","The Battle of Garigliano was fought between a Spanish army under Gonzalo Fernández de Córdoba and a French army commanded by Ludovico II, Marquess of Saluzzo.",29 December 1503 CE,https://en.wikipedia.org/wiki/December_29,December 29,Not stated in source,Wikipedia — December 29,Exact date as listed,Military and conflict,France,Calendar system not specified by source,Target met,National / regional,Secondary reference source,20,Verified against cited date-page entry,20,65
29,CE,1890,December,Date page uses modern date presentation; original calendar date is not stated.,North America,GHC-DEC-29-14,Conflict / political violence,"On 29 December 1890 CE, Wounded Knee Massacre: On Pine Ridge Indian Reservation, 300 Lakota are killed by the United States 7th Cavalry Regiment.","Wounded Knee Massacre: On Pine Ridge Indian Reservation, 300 Lakota are killed by the United States 7th Cavalry Regiment.",29 December 1890 CE,https://en.wikipedia.org/wiki/December_29,December 29,Not stated in source,Wikipedia — December 29,Exact date as listed,Military and conflict,United States,Calendar system not specified by source,Target met,National / regional,Secondary reference source,20,Verified against cited date-page entry,20,65
29,CE,1937,December,Date page uses modern date presentation; original calendar date is not stated.,Europe,GHC-DEC-29-15,Political change,"On 29 December 1937 CE, The Irish Free State is replaced by a new state called Ireland with the adoption of a new constitution.",The Irish Free State is replaced by a new state called Ireland with the adoption of a new constitution.,29 December 1937 CE,https://en.wikipedia.org/wiki/December_29,December 29,Not stated in source,Wikipedia — December 29,Exact date as listed,Politics and governance,Ireland,Calendar system not specified by source,Target met,National / regional,Secondary reference source,20,Verified against cited date-page entry,20,65
29,CE,1989,December,Date page uses modern date presentation; original calendar date is not stated.,Europe,GHC-DEC-29-16,Political change,"On 29 December 1989 CE, Czech writer, philosopher and dissident Václav Havel is elected the first post-communist President of Czechoslovakia.","Czech writer, philosopher and dissident Václav Havel is elected the first post-communist President of Czechoslovakia.",29 December 1989 CE,https://en.wikipedia.org/wiki/December_29,December 29,Not stated in source,Wikipedia — December 29,Exact date as listed,Politics and governance,Czech Republic,Calendar system not specified by source,Target met,National / regional,Secondary reference source,20,Verified against cited date-page entry,20,65
29,CE,1845,December,Date page uses modern date presentation; original calendar date is not stated.,North America,GHC-DEC-29-17,Political change,"On 29 December 1845 CE, The United States annexes the Republic of Texas and admits it as the 28th state.",The United States annexes the Republic of Texas and admits it as the 28th state.,29 December 1845 CE,https://en.wikipedia.org/wiki/December_29,December 29,Not stated in source,Wikipedia — December 29,Exact date as listed,Politics and governance,United States,Calendar system not specified by source,Target met,National / regional,Secondary reference source,20,Verified against cited date-page entry,20,63
29,CE,1972,December,Date page uses modern date presentation; original calendar date is not stated.,Global / transnational,GHC-DEC-29-18,Disaster,"On 29 December 1972 CE, Eastern Air Lines Flight 401 (a Lockheed L-1011 TriStar) crashes in the Florida Everglades on approach to Miami International Airport, Florida, killing 101 of the 176 people on board.","Eastern Air Lines Flight 401 (a Lockheed L-1011 TriStar) crashes in the Florida Everglades on approach to Miami International Airport, Florida, killing 101 of the 176 people on board.",29 December 1972 CE,https://en.wikipedia.org/wiki/December_29,December 29,Not stated in source,Wikipedia — December 29,Exact date as listed,Disaster and accident,,Calendar system not specified by source,Target met,National / regional,Secondary reference source,20,Verified against cited date-page entry,20,58
29,CE,1994,December,Date page uses modern date presentation; original calendar date is not stated.,Asia,GHC-DEC-29-19,Disaster,"On 29 December 1994 CE, Turkish Airlines Flight 278 (a Boeing 737-400) crashes on approach to Van Ferit Melen Airport in Van, Turkey, killing 57 of the 76 people on board.","Turkish Airlines Flight 278 (a Boeing 737-400) crashes on approach to Van Ferit Melen Airport in Van, Turkey, killing 57 of the 76 people on board.",29 December 1994 CE,https://en.wikipedia.org/wiki/December_29,December 29,Not stated in source,Wikipedia — December 29,Exact date as listed,Disaster and accident,Turkey,Calendar system not specified by source,Target met,National / regional,Secondary reference source,20,Verified against cited date-page entry,20,58
29,CE,1930,December,Date page uses modern date presentation; original calendar date is not stated.,Asia,GHC-DEC-29-20,Political change,"On 29 December 1930 CE, Sir Muhammad Iqbal's presidential address in Allahabad introduces the two-nation theory and outlines a vision for the creation of Pakistan.",Sir Muhammad Iqbal's presidential address in Allahabad introduces the two-nation theory and outlines a vision for the creation of Pakistan.,29 December 1930 CE,https://en.wikipedia.org/wiki/December_29,December 29,Not stated in source,Wikipedia — December 29,Exact date as listed,Politics and governance,Pakistan,Calendar system not specified by source,Target met,National / regional,Secondary reference source,20,Verified against cited date-page entry,20,57
30,CE,1641,December,Date page uses modern date presentation; original calendar date is not stated.,Europe,GHC-DEC-30-01,Conflict / political violence,"On 30 December 1641 CE, Reapers' War: Louis XIII of France swears the Catalan constitutions, being appointed Count of Barcelona and thus establishing the personal union of the Principality of Catalonia with the Kingdom of France.","Reapers' War: Louis XIII of France swears the Catalan constitutions, being appointed Count of Barcelona and thus establishing the personal union of the Principality of Catalonia with the Kingdom of France.",30 December 1641 CE,https://en.wikipedia.org/wiki/December_30,December 30,Not stated in source,Wikipedia — December 30,Exact date as listed,Military and conflict,France,Calendar system not specified by source,Target met,International / transnational,Secondary reference source,20,Verified against cited date-page entry,20,100
30,CE,1947,December,Date page uses modern date presentation; original calendar date is not stated.,Europe,GHC-DEC-30-02,Conflict / political violence,"On 30 December 1947 CE, Cold War: King Michael I of Romania is forced to abdicate by the Soviet Union-backed Communist government of Romania.",Cold War: King Michael I of Romania is forced to abdicate by the Soviet Union-backed Communist government of Romania.,30 December 1947 CE,https://en.wikipedia.org/wiki/December_30,December 30,Not stated in source,Wikipedia — December 30,Exact date as listed,Military and conflict,Russia,Calendar system not specified by source,Target met,International,Secondary reference source,20,Verified against cited date-page entry,20,91
30,CE,1419,December,Date page uses modern date presentation; original calendar date is not stated.,,GHC-DEC-30-03,Conflict / political violence,"On 30 December 1419 CE, Hundred Years' War: Battle of La Rochelle.",Hundred Years' War: Battle of La Rochelle.,30 December 1419 CE,https://en.wikipedia.org/wiki/December_30,December 30,Not stated in source,Wikipedia — December 30,Exact date as listed,Military and conflict,,Calendar system not specified by source,Target met,International,Secondary reference source,20,Verified against cited date-page entry,20,85
30,CE,1460,December,Date page uses modern date presentation; original calendar date is not stated.,,GHC-DEC-30-04,Conflict / political violence,"On 30 December 1460 CE, Wars of the Roses: Lancastrians kill the 3rd Duke of York and win the Battle of Wakefield.",Wars of the Roses: Lancastrians kill the 3rd Duke of York and win the Battle of Wakefield.,30 December 1460 CE,https://en.wikipedia.org/wiki/December_30,December 30,Not stated in source,Wikipedia — December 30,Exact date as listed,Military and conflict,,Calendar system not specified by source,Target met,International,Secondary reference source,20,Verified against cited date-page entry,20,85
30,CE,1890,December,Date page uses modern date presentation; original calendar date is not stated.,North America,GHC-DEC-30-05,Conflict / political violence,"On 30 December 1890 CE, Following the Wounded Knee Massacre, the United States Army and Lakota warriors face off in the Drexel Mission Fight.","Following the Wounded Knee Massacre, the United States Army and Lakota warriors face off in the Drexel Mission Fight.",30 December 1890 CE,https://en.wikipedia.org/wiki/December_30,December 30,Not stated in source,Wikipedia — December 30,Exact date as listed,Military and conflict,United States,Calendar system not specified by source,Target met,International,Secondary reference source,20,Verified against cited date-page entry,20,85
30,CE,2009,December,Date page uses modern date presentation; original calendar date is not stated.,Asia,GHC-DEC-30-06,Conflict / political violence,"On 30 December 2009 CE, A suicide bomber kills nine people at Forward Operating Base Chapman, a key facility of the Central Intelligence Agency in Afghanistan.","A suicide bomber kills nine people at Forward Operating Base Chapman, a key facility of the Central Intelligence Agency in Afghanistan.",30 December 2009 CE,https://en.wikipedia.org/wiki/December_30,December 30,Not stated in source,Wikipedia — December 30,Exact date as listed,Military and conflict,Afghanistan,Calendar system not specified by source,Target met,International,Secondary reference source,20,Verified against cited date-page entry,20,79
30,CE,1916,December,Date page uses modern date presentation; original calendar date is not stated.,Europe,GHC-DEC-30-07,Political change,"On 30 December 1916 CE, The last coronation in Hungary is performed for King Charles IV and Queen Zita.",The last coronation in Hungary is performed for King Charles IV and Queen Zita.,30 December 1916 CE,https://en.wikipedia.org/wiki/December_30,December 30,Not stated in source,Wikipedia — December 30,Exact date as listed,Politics and governance,Hungary,Calendar system not specified by source,Target met,International,Secondary reference source,20,Verified against cited date-page entry,20,77
30,CE,1934,December,Date page uses modern date presentation; original calendar date is not stated.,North America,GHC-DEC-30-08,Legal and social change,"On 30 December 1934 CE, Tony Serra, American criminal defense and civil rights attorney, political activist and tax resister","Tony Serra, American criminal defense and civil rights attorney, political activist and tax resister",30 December 1934 CE,https://en.wikipedia.org/wiki/December_30,December 30,Not stated in source,Wikipedia — December 30,Exact date as listed,Law and society,United States,Calendar system not specified by source,Target met,International,Secondary reference source,20,Verified against cited date-page entry,20,76
30,CE,999,December,Date page uses modern date presentation; original calendar date is not stated.,Europe,GHC-DEC-30-09,Conflict / political violence,"On 30 December 999 CE, Battle of Glenmama: The combined forces of Munster and Meath under king Brian Boru inflict a crushing defeat on the allied armies of Leinster and Dublin near Lyons Hill in Ireland.",Battle of Glenmama: The combined forces of Munster and Meath under king Brian Boru inflict a crushing defeat on the allied armies of Leinster and Dublin near Lyons Hill in Ireland.,30 December 999 CE,https://en.wikipedia.org/wiki/December_30,December 30,Not stated in source,Wikipedia — December 30,Exact date as listed,Military and conflict,Ireland,Calendar system not specified by source,Target met,International,Secondary reference source,20,Verified against cited date-page entry,20,75
30,CE,1702,December,Date page uses modern date presentation; original calendar date is not stated.,,GHC-DEC-30-10,Conflict / political violence,"On 30 December 1702 CE, Queen Anne's War: James Moore, Governor of the Province of Carolina, abandons the Siege of St. Augustine.","Queen Anne's War: James Moore, Governor of the Province of Carolina, abandons the Siege of St. Augustine.",30 December 1702 CE,https://en.wikipedia.org/wiki/December_30,December 30,Not stated in source,Wikipedia — December 30,Exact date as listed,Military and conflict,,Calendar system not specified by source,Target met,International,Secondary reference source,20,Verified against cited date-page entry,20,75
30,CE,1987,December,Date page uses modern date presentation; original calendar date is not stated.,Africa,GHC-DEC-30-11,Conflict / political violence,"On 30 December 1987 CE, Stella Sigcau, Prime minister of the South African Bantustan of Transkei, is ousted from power in a bloodless military coup led by General Bantu Holomisa.","Stella Sigcau, Prime minister of the South African Bantustan of Transkei, is ousted from power in a bloodless military coup led by General Bantu Holomisa.",30 December 1987 CE,https://en.wikipedia.org/wiki/December_30,December 30,Not stated in source,Wikipedia — December 30,Exact date as listed,Military and conflict,South Africa,Calendar system not specified by source,Target met,International,Secondary reference source,20,Verified against cited date-page entry,20,75
30,CE,1952,December,Date page uses modern date presentation; original calendar date is not stated.,,GHC-DEC-30-12,Disaster,"On 30 December 1952 CE, An RAF Avro Lancaster bomber crashes in Luqa, Malta after an engine failure, killing three crew members and a civilian on the ground.","An RAF Avro Lancaster bomber crashes in Luqa, Malta after an engine failure, killing three crew members and a civilian on the ground.",30 December 1952 CE,https://en.wikipedia.org/wiki/December_30,December 30,Not stated in source,Wikipedia — December 30,Exact date as listed,Disaster and accident,,Calendar system not specified by source,Target met,National / regional,Secondary reference source,20,Verified against cited date-page entry,20,73
30,CE,1921,December,Date page uses modern date presentation; original calendar date is not stated.,,GHC-DEC-30-13,Political change,"On 30 December 1921 CE, Rashid Karami, Lebanese lawyer and politician, 32nd Prime Minister of Lebanon (died 1987)","Rashid Karami, Lebanese lawyer and politician, 32nd Prime Minister of Lebanon (died 1987)",30 December 1921 CE,https://en.wikipedia.org/wiki/December_30,December 30,Not stated in source,Wikipedia — December 30,Exact date as listed,Politics and governance,,Calendar system not specified by source,Target met,National / regional,Secondary reference source,20,Verified against cited date-page entry,20,71
30,CE,1943,December,Date page uses modern date presentation; original calendar date is not stated.,Asia,GHC-DEC-30-14,Political change,"On 30 December 1943 CE, Subhas Chandra Bose raises the flag of Indian independence at Port Blair.",Subhas Chandra Bose raises the flag of Indian independence at Port Blair.,30 December 1943 CE,https://en.wikipedia.org/wiki/December_30,December 30,Not stated in source,Wikipedia — December 30,Exact date as listed,Politics and governance,India,Calendar system not specified by source,Target met,National / regional,Secondary reference source,20,Verified against cited date-page entry,20,69
30,CE,1816,December,Date page uses modern date presentation; original calendar date is not stated.,North America,GHC-DEC-30-15,Political change,"On 30 December 1816 CE, The Treaty of St. Louis between the United States and the united Ottawa, Ojibwa, and Potawatomi Indian tribes is proclaimed.","The Treaty of St. Louis between the United States and the united Ottawa, Ojibwa, and Potawatomi Indian tribes is proclaimed.",30 December 1816 CE,https://en.wikipedia.org/wiki/December_30,December 30,Not stated in source,Wikipedia — December 30,Exact date as listed,Politics and governance,United States,Calendar system not specified by source,Target met,National / regional,Secondary reference source,20,Verified against cited date-page entry,20,67
30,CE,1825,December,Date page uses modern date presentation; original calendar date is not stated.,North America,GHC-DEC-30-16,Political change,"On 30 December 1825 CE, The Treaty of St. Louis between the United States and the Shawnee Nation is proclaimed.",The Treaty of St. Louis between the United States and the Shawnee Nation is proclaimed.,30 December 1825 CE,https://en.wikipedia.org/wiki/December_30,December 30,Not stated in source,Wikipedia — December 30,Exact date as listed,Politics and governance,United States,Calendar system not specified by source,Target met,National / regional,Secondary reference source,20,Verified against cited date-page entry,20,67
30,CE,1066,December,Date page uses modern date presentation; original calendar date is not stated.,,GHC-DEC-30-17,Conflict / political violence,"On 30 December 1066 CE, Granada massacre: A Muslim mob storms the royal palace in Granada, crucifies Jewish vizier Joseph ibn Naghrela and massacres most of the Jewish population of the city.","Granada massacre: A Muslim mob storms the royal palace in Granada, crucifies Jewish vizier Joseph ibn Naghrela and massacres most of the Jewish population of the city.",30 December 1066 CE,https://en.wikipedia.org/wiki/December_30,December 30,Not stated in source,Wikipedia — December 30,Exact date as listed,Military and conflict,,Calendar system not specified by source,Target met,National / regional,Secondary reference source,20,Verified against cited date-page entry,20,65
30,CE,1813,December,Date page uses modern date presentation; original calendar date is not stated.,Europe,GHC-DEC-30-18,Conflict / political violence,"On 30 December 1813 CE, War of 1812: British soldiers burn Buffalo, New York.","War of 1812: British soldiers burn Buffalo, New York.",30 December 1813 CE,https://en.wikipedia.org/wiki/December_30,December 30,Not stated in source,Wikipedia — December 30,Exact date as listed,Military and conflict,United Kingdom,Calendar system not specified by source,Target met,National / regional,Secondary reference source,20,Verified against cited date-page entry,20,65
30,CE,1905,December,Date page uses modern date presentation; original calendar date is not stated.,,GHC-DEC-30-19,Historical event,"On 30 December 1905 CE, Former Idaho governor Frank Steunenberg is assassinated at the front gate of his home in Caldwell.",Former Idaho governor Frank Steunenberg is assassinated at the front gate of his home in Caldwell.,30 December 1905 CE,https://en.wikipedia.org/wiki/December_30,December 30,Not stated in source,Wikipedia — December 30,Exact date as listed,General history,,Calendar system not specified by source,Target met,National / regional,Secondary reference source,20,Verified against cited date-page entry,20,65
30,CE,1935,December,Date page uses modern date presentation; original calendar date is not stated.,,GHC-DEC-30-20,Conflict / political violence,"On 30 December 1935 CE, The Italian Air Force bombs a Swedish Red Cross hospital during the Second Italo-Abyssinian War.",The Italian Air Force bombs a Swedish Red Cross hospital during the Second Italo-Abyssinian War.,30 December 1935 CE,https://en.wikipedia.org/wiki/December_30,December 30,Not stated in source,Wikipedia — December 30,Exact date as listed,Military and conflict,,Calendar system not specified by source,Target met,National / regional,Secondary reference source,20,Verified against cited date-page entry,20,65
31,CE,1862,December,Date page uses modern date presentation; original calendar date is not stated.,North America,GHC-DEC-31-01,Conflict / political violence,"On 31 December 1862 CE, American Civil War: The three-day Battle of Stones River begins near Murfreesboro, Tennessee between the Confederate Army of Tennessee under General Braxton Bragg and the Union Army of the Cumberland under General William S. Rosecrans.","American Civil War: The three-day Battle of Stones River begins near Murfreesboro, Tennessee between the Confederate Army of Tennessee under General Braxton Bragg and the Union Army of the Cumberland under General William S. Rosecrans.",31 December 1862 CE,https://en.wikipedia.org/wiki/December_31,December 31,Not stated in source,Wikipedia — December 31,Exact date as listed,Military and conflict,United States,Calendar system not specified by source,Target met,International / transnational,Secondary reference source,20,Verified against cited date-page entry,20,100
31,CE,1775,December,Date page uses modern date presentation; original calendar date is not stated.,North America,GHC-DEC-31-02,Conflict / political violence,"On 31 December 1775 CE, American Revolutionary War: Battle of Quebec: British forces under General Guy Carleton repulse an attack by Continental Army General Richard Montgomery in a snowstorm.",American Revolutionary War: Battle of Quebec: British forces under General Guy Carleton repulse an attack by Continental Army General Richard Montgomery in a snowstorm.,31 December 1775 CE,https://en.wikipedia.org/wiki/December_31,December 31,Not stated in source,Wikipedia — December 31,Exact date as listed,Military and conflict,United States,Calendar system not specified by source,Target met,International / transnational,Secondary reference source,20,Verified against cited date-page entry,20,100
31,CE,1862,December,Date page uses modern date presentation; original calendar date is not stated.,North America,GHC-DEC-31-03,Conflict / political violence,"On 31 December 1862 CE, American Civil War: Abraham Lincoln signs an enabling act that would admit West Virginia to the Union, thus dividing Virginia in two.","American Civil War: Abraham Lincoln signs an enabling act that would admit West Virginia to the Union, thus dividing Virginia in two.",31 December 1862 CE,https://en.wikipedia.org/wiki/December_31,December 31,Not stated in source,Wikipedia — December 31,Exact date as listed,Military and conflict,United States,Calendar system not specified by source,Target met,International / transnational,Secondary reference source,20,Verified against cited date-page entry,20,96
31,CE,1942,December,Date page uses modern date presentation; original calendar date is not stated.,Global / transnational,GHC-DEC-31-04,Conflict / political violence,"On 31 December 1942 CE, World War II: The Royal Navy defeats the Kriegsmarine at the Battle of the Barents Sea. This leads to the resignation of Grand Admiral Erich Raeder a month later.",World War II: The Royal Navy defeats the Kriegsmarine at the Battle of the Barents Sea. This leads to the resignation of Grand Admiral Erich Raeder a month later.,31 December 1942 CE,https://en.wikipedia.org/wiki/December_31,December 31,Not stated in source,Wikipedia — December 31,Exact date as listed,Military and conflict,,Calendar system not specified by source,Target met,International,Secondary reference source,20,Verified against cited date-page entry,20,85
31,CE,1844,December,Date page uses modern date presentation; original calendar date is not stated.,Europe,GHC-DEC-31-05,Political change,"On 31 December 1844 CE, The Philippines skipped this date in order to align the country with the rest of Asia, as the trading interest switched to China, Dutch East Indies and neighboring territories after Mexico gained independence from Spain on 27 September 1821. In the islands, Monday, 30 December 1844 was immediately followed by Wednesday, 1 January 1845.","The Philippines skipped this date in order to align the country with the rest of Asia, as the trading interest switched to China, Dutch East Indies and neighboring territories after Mexico gained independence from Spain on 27 September 1821. In the islands, Monday, 30 December 1844 was immediately followed by Wednesday, 1 January 1845.",31 December 1844 CE,https://en.wikipedia.org/wiki/December_31,December 31,Not stated in source,Wikipedia — December 31,Exact date as listed,Politics and governance,Spain,Calendar system not specified by source,Target met,International,Secondary reference source,20,Verified against cited date-page entry,20,77
31,CE,1946,December,Date page uses modern date presentation; original calendar date is not stated.,Global / transnational,GHC-DEC-31-06,Conflict / political violence,"On 31 December 1946 CE, President Harry S. Truman officially proclaims the end of hostilities in World War II.",President Harry S. Truman officially proclaims the end of hostilities in World War II.,31 December 1946 CE,https://en.wikipedia.org/wiki/December_31,December 31,Not stated in source,Wikipedia — December 31,Exact date as listed,Military and conflict,,Calendar system not specified by source,Target met,International,Secondary reference source,20,Verified against cited date-page entry,20,77
31,CE,1999,December,Date page uses modern date presentation; original calendar date is not stated.,Europe,GHC-DEC-31-07,Political change,"On 31 December 1999 CE, The first President of Russia, Boris Yeltsin, resigns from office, leaving Prime Minister Vladimir Putin as the acting President and successor.","The first President of Russia, Boris Yeltsin, resigns from office, leaving Prime Minister Vladimir Putin as the acting President and successor.",31 December 1999 CE,https://en.wikipedia.org/wiki/December_31,December 31,Not stated in source,Wikipedia — December 31,Exact date as listed,Politics and governance,Russia,Calendar system not specified by source,Target met,International,Secondary reference source,20,Verified against cited date-page entry,20,77
31,CE,870,December,Date page uses modern date presentation; original calendar date is not stated.,,GHC-DEC-31-08,Conflict / political violence,"On 31 December 870 CE, Battle of Englefield: The Vikings clash with ealdormanÆthelwulf of Berkshire. The invaders are driven back to Reading (East Anglia); many Danes are killed.",Battle of Englefield: The Vikings clash with ealdormanÆthelwulf of Berkshire. The invaders are driven back to Reading (East Anglia); many Danes are killed.,31 December 870 CE,https://en.wikipedia.org/wiki/December_31,December 31,Not stated in source,Wikipedia — December 31,Exact date as listed,Military and conflict,,Calendar system not specified by source,Target met,International,Secondary reference source,20,Verified against cited date-page entry,20,75
31,CE,1965,December,Date page uses modern date presentation; original calendar date is not stated.,,GHC-DEC-31-09,Conflict / political violence,"On 31 December 1965 CE, Jean-Bédel Bokassa, leader of the Central African Republic army, and his military officers begin a coup d'état against the government of President David Dacko.","Jean-Bédel Bokassa, leader of the Central African Republic army, and his military officers begin a coup d'état against the government of President David Dacko.",31 December 1965 CE,https://en.wikipedia.org/wiki/December_31,December 31,Not stated in source,Wikipedia — December 31,Exact date as listed,Military and conflict,,Calendar system not specified by source,Target met,International,Secondary reference source,20,Verified against cited date-page entry,20,75
31,CE,1981,December,Date page uses modern date presentation; original calendar date is not stated.,,GHC-DEC-31-10,Conflict / political violence,"On 31 December 1981 CE, A coup d'état in Ghana removes President Hilla Limann's PNP government and replaces it with the Provisional National Defence Council led by Flight lieutenant Jerry Rawlings.",A coup d'état in Ghana removes President Hilla Limann's PNP government and replaces it with the Provisional National Defence Council led by Flight lieutenant Jerry Rawlings.,31 December 1981 CE,https://en.wikipedia.org/wiki/December_31,December 31,Not stated in source,Wikipedia — December 31,Exact date as listed,Military and conflict,,Calendar system not specified by source,Target met,International,Secondary reference source,20,Verified against cited date-page entry,20,75
31,CE,1501,December,Date page uses modern date presentation; original calendar date is not stated.,,GHC-DEC-31-11,Conflict / political violence,"On 31 December 1501 CE, The First Battle of Cannanore commences, seeing the first use of the naval line of battle. [citation needed]","The First Battle of Cannanore commences, seeing the first use of the naval line of battle. [citation needed]",31 December 1501 CE,https://en.wikipedia.org/wiki/December_31,December 31,Not stated in source,Wikipedia — December 31,Exact date as listed,Military and conflict,,Calendar system not specified by source,Target met,National / regional,Secondary reference source,20,Verified against cited date-page entry,20,73
31,CE,1983,December,Date page uses modern date presentation; original calendar date is not stated.,North America,GHC-DEC-31-12,Conflict / political violence,"On 31 December 1983 CE, Benjamin Ward is appointed New York City Police Department's first ever African American police commissioner.",Benjamin Ward is appointed New York City Police Department's first ever African American police commissioner.,31 December 1983 CE,https://en.wikipedia.org/wiki/December_31,December 31,Not stated in source,Wikipedia — December 31,Exact date as listed,Military and conflict,United States,Calendar system not specified by source,Target met,National / regional,Secondary reference source,20,Verified against cited date-page entry,20,73
31,CE,1994,December,Date page uses modern date presentation; original calendar date is not stated.,Europe,GHC-DEC-31-13,Conflict / political violence,"On 31 December 1994 CE, The First Chechen War: The Russian Ground Forces begin a New Year's storming of Grozny.",The First Chechen War: The Russian Ground Forces begin a New Year's storming of Grozny.,31 December 1994 CE,https://en.wikipedia.org/wiki/December_31,December 31,Not stated in source,Wikipedia — December 31,Exact date as listed,Military and conflict,Russia,Calendar system not specified by source,Target met,National / regional,Secondary reference source,20,Verified against cited date-page entry,20,73
31,CE,1968,December,Date page uses modern date presentation; original calendar date is not stated.,Global / transnational,GHC-DEC-31-14,Historical event,"On 31 December 1968 CE, The first flight of the Tupolev Tu-144, the first civilian supersonic transport in the world.","The first flight of the Tupolev Tu-144, the first civilian supersonic transport in the world.",31 December 1968 CE,https://en.wikipedia.org/wiki/December_31,December 31,Not stated in source,Wikipedia — December 31,Exact date as listed,General history,,Calendar system not specified by source,Target met,National / regional,Secondary reference source,20,Verified against cited date-page entry,20,68
31,CE,406,December,Date page uses modern date presentation; original calendar date is not stated.,,GHC-DEC-31-15,Conflict / political violence,"On 31 December 406 CE, Vandals, Alans and Suebians cross the Rhine, beginning an invasion of Gaul.","Vandals, Alans and Suebians cross the Rhine, beginning an invasion of Gaul.",31 December 406 CE,https://en.wikipedia.org/wiki/December_31,December 31,Not stated in source,Wikipedia — December 31,Exact date as listed,Military and conflict,,Calendar system not specified by source,Target met,National / regional,Secondary reference source,20,Verified against cited date-page entry,20,65
31,CE,1906,December,Date page uses modern date presentation; original calendar date is not stated.,,GHC-DEC-31-16,Political change,"On 31 December 1906 CE, Mozaffar ad-Din Shah Qajar signs the Persian Constitution of 1906.",Mozaffar ad-Din Shah Qajar signs the Persian Constitution of 1906.,31 December 1906 CE,https://en.wikipedia.org/wiki/December_31,December 31,Not stated in source,Wikipedia — December 31,Exact date as listed,Politics and governance,,Calendar system not specified by source,Target met,National / regional,Secondary reference source,20,Verified against cited date-page entry,20,65
31,CE,1944,December,Date page uses modern date presentation; original calendar date is not stated.,Global / transnational,GHC-DEC-31-17,Conflict / political violence,"On 31 December 1944 CE, World War II: Operation Nordwind, the last major Wehrmacht offensive on the Western Front, begins.","World War II: Operation Nordwind, the last major Wehrmacht offensive on the Western Front, begins.",31 December 1944 CE,https://en.wikipedia.org/wiki/December_31,December 31,Not stated in source,Wikipedia — December 31,Exact date as listed,Military and conflict,,Calendar system not specified by source,Target met,National / regional,Secondary reference source,20,Verified against cited date-page entry,20,65
31,CE,1951,December,Date page uses modern date presentation; original calendar date is not stated.,,GHC-DEC-31-18,Conflict / political violence,"On 31 December 1951 CE, Cold War: The Marshall Plan expires after distributing more than US$13.3 billion in foreign aid to rebuild Western Europe.",Cold War: The Marshall Plan expires after distributing more than US$13.3 billion in foreign aid to rebuild Western Europe.,31 December 1951 CE,https://en.wikipedia.org/wiki/December_31,December 31,Not stated in source,Wikipedia — December 31,Exact date as listed,Military and conflict,,Calendar system not specified by source,Target met,National / regional,Secondary reference source,20,Verified against cited date-page entry,20,65
31,CE,1878,December,Date page uses modern date presentation; original calendar date is not stated.,Europe,GHC-DEC-31-19,Political change,"On 31 December 1878 CE, Karl Benz, working in Mannheim, Germany, files for a patent on his first reliable two-stroke gas engine. He was granted the patent in 1879.","Karl Benz, working in Mannheim, Germany, files for a patent on his first reliable two-stroke gas engine. He was granted the patent in 1879.",31 December 1878 CE,https://en.wikipedia.org/wiki/December_31,December 31,Not stated in source,Wikipedia — December 31,Exact date as listed,Politics and governance,Germany,Calendar system not specified by source,Target met,National / regional,Secondary reference source,20,Verified against cited date-page entry,20,63
31,CE,1983,December,Date page uses modern date presentation; original calendar date is not stated.,Africa,GHC-DEC-31-20,Conflict / political violence,"On 31 December 1983 CE, In Nigeria, a coup d'état led by Major General Muhammadu Buhari ends the Second Nigerian Republic.","In Nigeria, a coup d'état led by Major General Muhammadu Buhari ends the Second Nigerian Republic.",31 December 1983 CE,https://en.wikipedia.org/wiki/December_31,December 31,Not stated in source,Wikipedia — December 31,Exact date as listed,Military and conflict,Nigeria,Calendar system not specified by source,Target met,National / regional,Secondary reference source,20,Verified against cited date-page entry,20,63