Day,Era,Year,Month,Notes,Region,Event ID,Event type,Description,Event title,Date display,Source 1 URL,Source 2 URL,Calendar date,City location,Original date,Source 1 name,Source 2 name,Date certainty,Event category,Modern country,Calendar system,Coverage status,People involved,Historical entity,Significance scope,Source reliability,Target event count,Verification status,Verified event count,Historical significance score
1,CE,1327,February,The country was ruled by Queen Isabella and Roger Mortimer. Listed under this Gregorian calendar date; original historical calendar/date is not separately stated by the source.,Europe,FEB-01-1327-01,political,"The teenaged Edward III is crowned King of England, but the country is ruled by his mother Queen Isabella and her lover Roger Mortimer.","The teenaged Edward III is crowned King of England, but the country is ruled by his mother Queen Isabella and her lover Roger Mortimer.",1 February 1327 CE,https://en.wikipedia.org/wiki/February_1,,--02-01,,"Not separately stated; listed as February 1, 1327",Wikipedia — February 1,,exact,English coronation,United Kingdom,Gregorian calendar date-page normalization,meets target,Edward III; Queen Isabella; Roger Mortimer,Kingdom of England,national,Wikipedia date-page; single-source verification,20,verified—single source,20,8
1,CE,1411,February,Listed under this Gregorian calendar date; original historical calendar/date is not separately stated by the source.,Europe,FEB-01-1411-02,political,"The First Peace of Thorn is signed in Thorn (Toruń), Monastic State of the Teutonic Knights (Prussia).","The First Peace of Thorn is signed in Thorn (Toruń), Monastic State of the Teutonic Knights (Prussia).",1 February 1411 CE,https://en.wikipedia.org/wiki/February_1,,--02-01,Thorn (Toruń),"Not separately stated; listed as February 1, 1411",Wikipedia — February 1,,exact,Peace of Thorn,Poland,Gregorian calendar date-page normalization,meets target,,Monastic State of the Teutonic Knights,regional,Wikipedia date-page; single-source verification,20,verified—single source,20,7
1,CE,1662,February,The siege lasted nine months. Listed under this Gregorian calendar date; original historical calendar/date is not separately stated by the source.,Asia,FEB-01-1662-03,war,The Chinese general Koxinga seizes the island of Taiwan after a nine-month siege.,The Chinese general Koxinga seizes the island of Taiwan after a nine-month siege.,1 February 1662 CE,https://en.wikipedia.org/wiki/February_1,,--02-01,,"Not separately stated; listed as February 1, 1662",Wikipedia — February 1,,exact,Koxinga conquest of Taiwan,Taiwan,Gregorian calendar date-page normalization,meets target,Koxinga,Taiwan,regional,Wikipedia date-page; single-source verification,20,verified—single source,20,8
1,CE,1793,February,Listed under this Gregorian calendar date; original historical calendar/date is not separately stated by the source.,Europe,FEB-01-1793-04,war,French Revolutionary Wars: France declares war on the United Kingdom and the Netherlands.,French Revolutionary Wars: France declares war on the United Kingdom and the Netherlands.,1 February 1793 CE,https://en.wikipedia.org/wiki/February_1,,--02-01,,"Not separately stated; listed as February 1, 1793",Wikipedia — February 1,,exact,French Revolutionary Wars,France; United Kingdom; Netherlands,Gregorian calendar date-page normalization,meets target,,French Revolutionary Wars,global,Wikipedia date-page; single-source verification,20,verified—single source,20,9
1,CE,1814,February,"Around 1,200 people were killed; described as the volcano's most devastating eruption. Listed under this Gregorian calendar date; original historical calendar/date is not separately stated by the source.",Asia,FEB-01-1814-05,disaster,"Mayon in the Philippines erupts, killing around 1,200 people, which was the most devastating eruption of the volcano.","Mayon in the Philippines erupts, killing around 1,200 people, which was the most devastating eruption of the volcano.",1 February 1814 CE,https://en.wikipedia.org/wiki/February_1,,--02-01,,"Not separately stated; listed as February 1, 1814",Wikipedia — February 1,,exact,Mayon eruption,Philippines,Gregorian calendar date-page normalization,meets target,,Mayon,national,Wikipedia date-page; single-source verification,20,verified—single source,20,7
1,CE,1835,February,Listed under this Gregorian calendar date; original historical calendar/date is not separately stated by the source.,Africa,FEB-01-1835-06,independence,Slavery is abolished in Mauritius.,Slavery is abolished in Mauritius.,1 February 1835 CE,https://en.wikipedia.org/wiki/February_1,,--02-01,,"Not separately stated; listed as February 1, 1835",Wikipedia — February 1,,exact,Abolition of slavery,Mauritius,Gregorian calendar date-page normalization,meets target,,Mauritius,national,Wikipedia date-page; single-source verification,20,verified—single source,20,8
1,CE,1861,February,Texas joined the Confederacy a week later. Listed under this Gregorian calendar date; original historical calendar/date is not separately stated by the source.,Americas,FEB-01-1861-07,independence,American Civil War: Texas secedes from the United States and joins the Confederacy a week later.,American Civil War: Texas secedes from the United States and joins the Confederacy a week later.,1 February 1861 CE,https://en.wikipedia.org/wiki/February_1,,--02-01,,"Not separately stated; listed as February 1, 1861",Wikipedia — February 1,,exact,Texas secession,United States,Gregorian calendar date-page normalization,meets target,,Texas; Confederate States of America,national,Wikipedia date-page; single-source verification,20,verified—single source,20,9
1,CE,1864,February,Prussian forces crossed the border into Schleswig. Listed under this Gregorian calendar date; original historical calendar/date is not separately stated by the source.,Europe,FEB-01-1864-08,war,"Second Schleswig War: Prussian forces crossed the border into Schleswig, starting the war.","Second Schleswig War: Prussian forces crossed the border into Schleswig, starting the war.",1 February 1864 CE,https://en.wikipedia.org/wiki/February_1,,--02-01,Schleswig,"Not separately stated; listed as February 1, 1864",Wikipedia — February 1,,exact,Second Schleswig War,Germany; Denmark,Gregorian calendar date-page normalization,meets target,,Second Schleswig War,regional,Wikipedia date-page; single-source verification,20,verified—single source,20,8
1,CE,1865,February,Listed under this Gregorian calendar date; original historical calendar/date is not separately stated by the source.,Americas,FEB-01-1865-09,political,President Abraham Lincoln signs the Thirteenth Amendment to the United States Constitution.,President Abraham Lincoln signs the Thirteenth Amendment to the United States Constitution.,1 February 1865 CE,https://en.wikipedia.org/wiki/February_1,,--02-01,,"Not separately stated; listed as February 1, 1865",Wikipedia — February 1,,exact,Thirteenth Amendment,United States,Gregorian calendar date-page normalization,meets target,Abraham Lincoln,United States Constitution,national,Wikipedia date-page; single-source verification,20,verified—single source,20,10
1,CE,1884,February,The first volume covered A to Ant. Listed under this Gregorian calendar date; original historical calendar/date is not separately stated by the source.,Europe,FEB-01-1884-10,literature_culture,The first volume (A to Ant) of the Oxford English Dictionary is published.,The first volume (A to Ant) of the Oxford English Dictionary is published.,1 February 1884 CE,https://en.wikipedia.org/wiki/February_1,,--02-01,,"Not separately stated; listed as February 1, 1884",Wikipedia — February 1,,exact,Oxford English Dictionary,United Kingdom,Gregorian calendar date-page normalization,meets target,,Oxford English Dictionary,global,Wikipedia date-page; single-source verification,20,verified—single source,20,8
1,CE,1908,February,Both were shot dead. Listed under this Gregorian calendar date; original historical calendar/date is not separately stated by the source.,Europe,FEB-01-1908-11,political,Lisbon Regicide: King Carlos I of Portugal and Infante Luis Filipe are shot dead in Lisbon.,Lisbon Regicide: King Carlos I of Portugal and Infante Luis Filipe are shot dead in Lisbon.,1 February 1908 CE,https://en.wikipedia.org/wiki/February_1,,--02-01,Lisbon,"Not separately stated; listed as February 1, 1908",Wikipedia — February 1,,exact,Lisbon Regicide,Portugal,Gregorian calendar date-page normalization,meets target,Carlos I; Infante Luis Filipe,Portuguese monarchy,national,Wikipedia date-page; single-source verification,20,verified—single source,20,8
1,CE,1942,February,Described as the first offensive action by the United States against Japanese forces in the Pacific Theater. Listed under this Gregorian calendar date; original historical calendar/date is not separately stated by the source.,multi-regional,FEB-01-1942-12,war,"World War II: U.S. Navy conducts Marshalls–Gilberts raids, the first offensive action by the United States against Japanese forces in the Pacific Theater.","World War II: U.S. Navy conducts Marshalls–Gilberts raids, the first offensive action by the United States against Japanese forces in the Pacific Theater.",1 February 1942 CE,https://en.wikipedia.org/wiki/February_1,,--02-01,,"Not separately stated; listed as February 1, 1942",Wikipedia — February 1,,exact,Marshalls–Gilberts raids,United States; Marshall Islands; Kiribati,Gregorian calendar date-page normalization,meets target,,World War II,global,Wikipedia date-page; single-source verification,20,verified—single source,20,9
1,CE,1942,February,Programs were aimed at areas controlled by the Axis powers. Listed under this Gregorian calendar date; original historical calendar/date is not separately stated by the source.,multi-regional,FEB-01-1942-13,technology,"Voice of America, the official external radio and television service of the United States government, begins broadcasting with programs aimed at areas controlled by the Axis powers.","Voice of America, the official external radio and television service of the United States government, begins broadcasting with programs aimed at areas controlled by the Axis powers.",1 February 1942 CE,https://en.wikipedia.org/wiki/February_1,,--02-01,,"Not separately stated; listed as February 1, 1942",Wikipedia — February 1,,exact,Voice of America launch,United States,Gregorian calendar date-page normalization,meets target,,Voice of America,global,Wikipedia date-page; single-source verification,20,verified—single source,20,8
1,CE,1946,February,Trygve Lie was selected as the first United Nations Secretary-General. Listed under this Gregorian calendar date; original historical calendar/date is not separately stated by the source.,multi-regional,FEB-01-1946-14,political,Trygve Lie of Norway is picked to be the first United Nations Secretary-General.,Trygve Lie of Norway is picked to be the first United Nations Secretary-General.,1 February 1946 CE,https://en.wikipedia.org/wiki/February_1,,--02-01,,"Not separately stated; listed as February 1, 1946",Wikipedia — February 1,,exact,First UN Secretary-General,Norway,Gregorian calendar date-page normalization,meets target,Trygve Lie,United Nations,global,Wikipedia date-page; single-source verification,20,verified—single source,20,9
1,CE,1946,February,The monarchy was abolished after nine centuries. Listed under this Gregorian calendar date; original historical calendar/date is not separately stated by the source.,Europe,FEB-01-1946-15,political,"The Parliament of Hungary abolishes the monarchy after nine centuries, and proclaims the Hungarian Republic.","The Parliament of Hungary abolishes the monarchy after nine centuries, and proclaims the Hungarian Republic.",1 February 1946 CE,https://en.wikipedia.org/wiki/February_1,,--02-01,,"Not separately stated; listed as February 1, 1946",Wikipedia — February 1,,exact,Hungarian Republic proclaimed,Hungary,Gregorian calendar date-page normalization,meets target,,Hungarian Republic,national,Wikipedia date-page; single-source verification,20,verified—single source,20,8
1,CE,1960,February,The students staged the first of the Greensboro sit-ins at a lunch counter. Listed under this Gregorian calendar date; original historical calendar/date is not separately stated by the source.,Americas,FEB-01-1960-16,social_history,"Four black students stage the first of the Greensboro sit-ins at a lunch counter in Greensboro, North Carolina.","Four black students stage the first of the Greensboro sit-ins at a lunch counter in Greensboro, North Carolina.",1 February 1960 CE,https://en.wikipedia.org/wiki/February_1,,--02-01,Greensboro,"Not separately stated; listed as February 1, 1960",Wikipedia — February 1,,exact,Greensboro sit-ins,United States,Gregorian calendar date-page normalization,meets target,Four black students,Civil rights movement,national,Wikipedia date-page; single-source verification,20,verified—single source,20,9
1,CE,1979,February,Khomeini returned after nearly 15 years of exile. Listed under this Gregorian calendar date; original historical calendar/date is not separately stated by the source.,Middle East,FEB-01-1979-17,political,Iranian Ayatollah Ruhollah Khomeini returns to Tehran after nearly 15 years of exile.,Iranian Ayatollah Ruhollah Khomeini returns to Tehran after nearly 15 years of exile.,1 February 1979 CE,https://en.wikipedia.org/wiki/February_1,,--02-01,Tehran,"Not separately stated; listed as February 1, 1979",Wikipedia — February 1,,exact,Khomeini returns to Iran,Iran,Gregorian calendar date-page normalization,meets target,Ruhollah Khomeini,Iranian Revolution,global,Wikipedia date-page; single-source verification,20,verified—single source,20,10
1,CE,2003,February,Columbia disintegrated during reentry; all seven astronauts aboard were killed. Listed under this Gregorian calendar date; original historical calendar/date is not separately stated by the source.,multi-regional,FEB-01-2003-18,space,"Space Shuttle Columbia disintegrated during the reentry of mission STS-107 into the Earth's atmosphere, killing all seven astronauts aboard.","Space Shuttle Columbia disintegrated during the reentry of mission STS-107 into the Earth's atmosphere, killing all seven astronauts aboard.",1 February 2003 CE,https://en.wikipedia.org/wiki/February_1,https://www.nasa.gov/mission/sts-107/,--02-01,,"Not separately stated; listed as February 1, 2003",Wikipedia — February 1,NASA — STS-107,exact,Columbia disaster,United States,Gregorian calendar date-page normalization,meets target,Seven astronauts,Space Shuttle Columbia; STS-107,global,Cross-checked with institutional/primary source,20,cross-checked,20,9
1,CE,2005,February,Gyanendra became Chairman of the Councils of Ministers. Listed under this Gregorian calendar date; original historical calendar/date is not separately stated by the source.,Asia,FEB-01-2005-19,political,"King Gyanendra of Nepal carries out a coup d'état to capture the democracy, becoming Chairman of the Councils of ministers.","King Gyanendra of Nepal carries out a coup d'état to capture the democracy, becoming Chairman of the Councils of ministers.",1 February 2005 CE,https://en.wikipedia.org/wiki/February_1,,--02-01,,"Not separately stated; listed as February 1, 2005",Wikipedia — February 1,,exact,Nepalese coup,Nepal,Gregorian calendar date-page normalization,meets target,King Gyanendra,Kingdom of Nepal,national,Wikipedia date-page; single-source verification,20,verified—single source,20,8
1,CE,2009,February,Described as Iceland's first female prime minister and the world's first openly gay head of government. Listed under this Gregorian calendar date; original historical calendar/date is not separately stated by the source.,Europe,FEB-01-2009-20,political,"The first cabinet of Jóhanna Sigurðardóttir was formed in Iceland, making her the country's first female prime minister and the world's first openly gay head of government.","The first cabinet of Jóhanna Sigurðardóttir was formed in Iceland, making her the country's first female prime minister and the world's first openly gay head of government.",1 February 2009 CE,https://en.wikipedia.org/wiki/February_1,,--02-01,,"Not separately stated; listed as February 1, 2009",Wikipedia — February 1,,exact,First openly gay head of government,Iceland,Gregorian calendar date-page normalization,meets target,Jóhanna Sigurðardóttir,Government of Iceland,global,Wikipedia date-page; single-source verification,20,verified—single source,20,8
2,CE,506,February,Listed under this Gregorian calendar date; original historical calendar/date is not separately stated by the source.,Europe,FEB-02-0506-01,political,"Alaric II, eighth king of the Visigoths, promulgates the Breviary of Alaric (Breviarium Alaricianum or Lex Romana Visigothorum), a collection of "" Roman law"".","Alaric II, eighth king of the Visigoths, promulgates the Breviary of Alaric (Breviarium Alaricianum or Lex Romana Visigothorum), a collection of "" Roman law"".",2 February 506 CE,https://en.wikipedia.org/wiki/February_2,,--02-02,,"Not separately stated; listed as February 2, 506",Wikipedia — February 2,,exact,Roman law compilation,France; Spain,Gregorian calendar date-page normalization,meets target,Alaric II,Visigothic Kingdom,regional,Wikipedia date-page; single-source verification,20,verified—single source,20,7
2,CE,962,February,The entry describes Otto I as the first Holy Roman Emperor in nearly 40 years. Listed under this Gregorian calendar date; original historical calendar/date is not separately stated by the source.,Europe,FEB-02-0962-02,political,"Translatio imperii: Pope John XII crowns Otto I, Holy Roman Emperor, the first Holy Roman Emperor in nearly 40 years.","Translatio imperii: Pope John XII crowns Otto I, Holy Roman Emperor, the first Holy Roman Emperor in nearly 40 years.",2 February 962 CE,https://en.wikipedia.org/wiki/February_2,,--02-02,,"Not separately stated; listed as February 2, 962",Wikipedia — February 2,,exact,Imperial coronation,Germany; Italy,Gregorian calendar date-page normalization,meets target,Otto I; Pope John XII,Holy Roman Empire,global,Wikipedia date-page; single-source verification,20,verified—single source,20,9
2,CE,1141,February,Listed under this Gregorian calendar date; original historical calendar/date is not separately stated by the source.,Europe,FEB-02-1141-03,war,"The Battle of Lincoln, at which Stephen, King of England is defeated and captured by the allies of Empress Matilda.","The Battle of Lincoln, at which Stephen, King of England is defeated and captured by the allies of Empress Matilda.",2 February 1141 CE,https://en.wikipedia.org/wiki/February_2,,--02-02,Lincoln,"Not separately stated; listed as February 2, 1141",Wikipedia — February 2,,exact,Battle of Lincoln,United Kingdom,Gregorian calendar date-page normalization,meets target,Stephen; Empress Matilda,English succession conflict,national,Wikipedia date-page; single-source verification,20,verified—single source,20,8
2,CE,1207,February,The entry says Terra Mariana eventually comprised present-day Latvia and Estonia. Listed under this Gregorian calendar date; original historical calendar/date is not separately stated by the source.,Europe,FEB-02-1207-04,independence,"Terra Mariana, eventually comprising present-day Latvia and Estonia, is established.","Terra Mariana, eventually comprising present-day Latvia and Estonia, is established.",2 February 1207 CE,https://en.wikipedia.org/wiki/February_2,,--02-02,,"Not separately stated; listed as February 2, 1207",Wikipedia — February 2,,exact,Terra Mariana established,Latvia; Estonia,Gregorian calendar date-page normalization,meets target,,Terra Mariana,regional,Wikipedia date-page; single-source verification,20,verified—single source,20,7
2,CE,1428,February,Widespread destruction and heavy casualties were reported. Listed under this Gregorian calendar date; original historical calendar/date is not separately stated by the source.,Europe,FEB-02-1428-05,disaster,"An intense earthquake struck the Principality of Catalonia, with the epicenter near Camprodon. Widespread destruction and heavy casualties were reported.","An intense earthquake struck the Principality of Catalonia, with the epicenter near Camprodon. Widespread destruction and heavy casualties were reported.",2 February 1428 CE,https://en.wikipedia.org/wiki/February_2,,--02-02,Camprodon,"Not separately stated; listed as February 2, 1428",Wikipedia — February 2,,exact,Catalonia earthquake,Spain,Gregorian calendar date-page normalization,meets target,,Principality of Catalonia,regional,Wikipedia date-page; single-source verification,20,verified—single source,20,7
2,CE,1536,February,Listed under this Gregorian calendar date; original historical calendar/date is not separately stated by the source.,Americas,FEB-02-1536-06,exploration,"Spaniard Pedro de Mendoza founds Buenos Aires, Argentina.","Spaniard Pedro de Mendoza founds Buenos Aires, Argentina.",2 February 1536 CE,https://en.wikipedia.org/wiki/February_2,,--02-02,Buenos Aires,"Not separately stated; listed as February 2, 1536",Wikipedia — February 2,,exact,Buenos Aires founded,Argentina,Gregorian calendar date-page normalization,meets target,Pedro de Mendoza,Buenos Aires,global,Wikipedia date-page; single-source verification,20,verified—single source,20,8
2,CE,1653,February,The entry identifies New Amsterdam as later renamed the City of New York. Listed under this Gregorian calendar date; original historical calendar/date is not separately stated by the source.,Americas,FEB-02-1653-07,political,New Amsterdam (later renamed The City of New York) is incorporated.,New Amsterdam (later renamed The City of New York) is incorporated.,2 February 1653 CE,https://en.wikipedia.org/wiki/February_2,,--02-02,New York City,"Not separately stated; listed as February 2, 1653",Wikipedia — February 2,,exact,New Amsterdam incorporated,United States,Gregorian calendar date-page normalization,meets target,,New Amsterdam,global,Wikipedia date-page; single-source verification,20,verified—single source,20,8
2,CE,1797,February,The entry says the fall secured French control over Northern Italy and set the stage for the end of the War of the First Coalition. Listed under this Gregorian calendar date; original historical calendar/date is not separately stated by the source.,Europe,FEB-02-1797-08,war,"The siege of Mantua ends after eight months when Count Dagobert Sigmund von Wurmser surrenders the fortress of Mantua to Napoleon Bonaparte. The fall of Mantua secures French control over Northern Italy and marks the beginning of the conclusion of the Italian campaign of 1796-1797, and sets the stage for the end of the War of the First Coalition.","The siege of Mantua ends after eight months when Count Dagobert Sigmund von Wurmser surrenders the fortress of Mantua to Napoleon Bonaparte. The fall of Mantua secures French control over Northern Italy and marks the beginning of the conclusion of the Italian campaign of 1796-1797, and sets the stage for the end of the War of the First Coalition.",2 February 1797 CE,https://en.wikipedia.org/wiki/February_2,,--02-02,Mantua,"Not separately stated; listed as February 2, 1797",Wikipedia — February 2,,exact,Siege of Mantua ends,Italy,Gregorian calendar date-page normalization,meets target,Napoleon Bonaparte; Count Dagobert Sigmund von Wurmser,War of the First Coalition,regional,Wikipedia date-page; single-source verification,20,verified—single source,20,8
2,CE,1848,February,The entry states that the treaty was signed. Listed under this Gregorian calendar date; original historical calendar/date is not separately stated by the source.,Americas,FEB-02-1848-09,political,Mexican–American War: The Treaty of Guadalupe Hidalgo is signed.,Mexican–American War: The Treaty of Guadalupe Hidalgo is signed.,2 February 1848 CE,https://en.wikipedia.org/wiki/February_2,,--02-02,,"Not separately stated; listed as February 2, 1848",Wikipedia — February 2,,exact,Treaty of Guadalupe Hidalgo,Mexico; United States,Gregorian calendar date-page normalization,meets target,,Mexican–American War,global,Wikipedia date-page; single-source verification,20,verified—single source,20,9
2,CE,1868,February,The castle was burned to the ground. Listed under this Gregorian calendar date; original historical calendar/date is not separately stated by the source.,Asia,FEB-02-1868-10,war,Pro-Imperial forces capture Osaka Castle from the Tokugawa shogunate and burn it to the ground.,Pro-Imperial forces capture Osaka Castle from the Tokugawa shogunate and burn it to the ground.,2 February 1868 CE,https://en.wikipedia.org/wiki/February_2,,--02-02,Osaka,"Not separately stated; listed as February 2, 1868",Wikipedia — February 2,,exact,Capture of Osaka Castle,Japan,Gregorian calendar date-page normalization,meets target,,Tokugawa shogunate,national,Wikipedia date-page; single-source verification,20,verified—single source,20,8
2,CE,1876,February,Listed under this Gregorian calendar date; original historical calendar/date is not separately stated by the source.,Americas,FEB-02-1876-11,social_history,The National League of Professional Baseball Clubs of Major League Baseball is formed.,The National League of Professional Baseball Clubs of Major League Baseball is formed.,2 February 1876 CE,https://en.wikipedia.org/wiki/February_2,,--02-02,,"Not separately stated; listed as February 2, 1876",Wikipedia — February 2,,exact,National League founded,United States,Gregorian calendar date-page normalization,meets target,,Major League Baseball,global,Wikipedia date-page; single-source verification,20,verified—single source,20,7
2,CE,1882,February,"The entry identifies him as an Irish novelist, short story writer, and poet. Listed under this Gregorian calendar date; original historical calendar/date is not separately stated by the source.",Europe,FEB-02-1882-20,birth,"James Joyce, Irish novelist, short story writer, and poet (died 1941)","James Joyce, Irish novelist, short story writer, and poet (died 1941)",2 February 1882 CE,https://en.wikipedia.org/wiki/February_2,,--02-02,,"Not separately stated; listed as February 2, 1882",Wikipedia — February 2,,exact,James Joyce born,Ireland,Gregorian calendar date-page normalization,meets target,James Joyce,James Joyce,global,Wikipedia date-page; single-source verification,20,verified—single source,20,9
2,CE,1899,February,The conference decided to locate Australia's capital between Sydney and Melbourne. Listed under this Gregorian calendar date; original historical calendar/date is not separately stated by the source.,Oceania,FEB-02-1899-12,political,"The Australian Premiers' Conference held in Melbourne decides to locate Australia's capital city, Canberra, between Sydney and Melbourne.","The Australian Premiers' Conference held in Melbourne decides to locate Australia's capital city, Canberra, between Sydney and Melbourne.",2 February 1899 CE,https://en.wikipedia.org/wiki/February_2,,--02-02,Melbourne,"Not separately stated; listed as February 2, 1899",Wikipedia — February 2,,exact,Australian capital decision,Australia,Gregorian calendar date-page normalization,meets target,,Australian federation,national,Wikipedia date-page; single-source verification,20,verified—single source,20,7
2,CE,1913,February,Listed under this Gregorian calendar date; original historical calendar/date is not separately stated by the source.,Americas,FEB-02-1913-13,technology,Grand Central Terminal opens in New York City.,Grand Central Terminal opens in New York City.,2 February 1913 CE,https://en.wikipedia.org/wiki/February_2,,--02-02,New York City,"Not separately stated; listed as February 2, 1913",Wikipedia — February 2,,exact,Grand Central Terminal opens,United States,Gregorian calendar date-page normalization,meets target,,Grand Central Terminal,global,Wikipedia date-page; single-source verification,20,verified—single source,20,8
2,CE,1920,February,Listed under this Gregorian calendar date; original historical calendar/date is not separately stated by the source.,Europe,FEB-02-1920-14,independence,The Tartu Peace Treaty is signed between Estonia and Russia.,The Tartu Peace Treaty is signed between Estonia and Russia.,2 February 1920 CE,https://en.wikipedia.org/wiki/February_2,,--02-02,Tartu,"Not separately stated; listed as February 2, 1920",Wikipedia — February 2,,exact,Tartu Peace Treaty,Estonia; Russia,Gregorian calendar date-page normalization,meets target,,Estonia–Russia,regional,Wikipedia date-page; single-source verification,20,verified—single source,20,8
2,CE,1922,February,Listed under this Gregorian calendar date; original historical calendar/date is not separately stated by the source.,Europe,FEB-02-1922-15,literature_culture,Ulysses by James Joyce is published.,Ulysses by James Joyce is published.,2 February 1922 CE,https://en.wikipedia.org/wiki/February_2,,--02-02,,"Not separately stated; listed as February 2, 1922",Wikipedia — February 2,,exact,Ulysses published,Ireland,Gregorian calendar date-page normalization,meets target,James Joyce,Ulysses,global,Wikipedia date-page; single-source verification,20,verified—single source,20,9
2,CE,1925,February,The entry says the event inspired the Iditarod race. Listed under this Gregorian calendar date; original historical calendar/date is not separately stated by the source.,Americas,FEB-02-1925-16,medicine,"Serum run to Nome: Dog sleds reach Nome, Alaska with diphtheria serum, inspiring the Iditarod race.","Serum run to Nome: Dog sleds reach Nome, Alaska with diphtheria serum, inspiring the Iditarod race.",2 February 1925 CE,https://en.wikipedia.org/wiki/February_2,,--02-02,Nome,"Not separately stated; listed as February 2, 1925",Wikipedia — February 2,,exact,Nome serum run,United States,Gregorian calendar date-page normalization,meets target,,Nome serum run,global,Wikipedia date-page; single-source verification,20,verified—single source,20,8
2,CE,1943,February,The last organized German troops in the city surrendered. Listed under this Gregorian calendar date; original historical calendar/date is not separately stated by the source.,Europe,FEB-02-1943-17,war,World War II: The Battle of Stalingrad comes to an end when Soviet troops accept the surrender of the last organized German troops in the city.,World War II: The Battle of Stalingrad comes to an end when Soviet troops accept the surrender of the last organized German troops in the city.,2 February 1943 CE,https://en.wikipedia.org/wiki/February_2,,--02-02,Stalingrad,"Not separately stated; listed as February 2, 1943",Wikipedia — February 2,,exact,Battle of Stalingrad ends,Russia,Gregorian calendar date-page normalization,meets target,,World War II,global,Wikipedia date-page; single-source verification,20,verified—single source,20,10
2,CE,1971,February,The convention concerns conservation and sustainable utilization of wetlands. Listed under this Gregorian calendar date; original historical calendar/date is not separately stated by the source.,Middle East,FEB-02-1971-18,political,"The international Ramsar Convention for the conservation and sustainable utilization of wetlands is signed in Ramsar, Mazandaran, Iran.","The international Ramsar Convention for the conservation and sustainable utilization of wetlands is signed in Ramsar, Mazandaran, Iran.",2 February 1971 CE,https://en.wikipedia.org/wiki/February_2,,--02-02,Ramsar,"Not separately stated; listed as February 2, 1971",Wikipedia — February 2,,exact,Ramsar Convention signed,Iran,Gregorian calendar date-page normalization,meets target,,Ramsar Convention,global,Wikipedia date-page; single-source verification,20,verified—single source,20,9
2,CE,1990,February,The entry says F. W. de Klerk also promised to release Nelson Mandela. Listed under this Gregorian calendar date; original historical calendar/date is not separately stated by the source.,Africa,FEB-02-1990-19,political,Apartheid: F. W. de Klerk announces the unbanning of the African National Congress and promises to release Nelson Mandela.,Apartheid: F. W. de Klerk announces the unbanning of the African National Congress and promises to release Nelson Mandela.,2 February 1990 CE,https://en.wikipedia.org/wiki/February_2,,--02-02,,"Not separately stated; listed as February 2, 1990",Wikipedia — February 2,,exact,ANC unbanned,South Africa,Gregorian calendar date-page normalization,meets target,F. W. de Klerk; Nelson Mandela,Apartheid,global,Wikipedia date-page; single-source verification,20,verified—single source,20,10
3,CE,1488,February,Described as the first known European to travel so far south. Listed under this Gregorian calendar date; original historical calendar/date is not separately stated by the source.,Africa,FEB-03-1488-01,exploration,"Bartolomeu Dias of Portugal lands in Mossel Bay after rounding the Cape of Good Hope, becoming the first known European to travel so far south.","Bartolomeu Dias of Portugal lands in Mossel Bay after rounding the Cape of Good Hope, becoming the first known European to travel so far south.",3 February 1488 CE,https://en.wikipedia.org/wiki/February_3,,--02-03,Mossel Bay,"Not separately stated; listed as February 3, 1488",Wikipedia — February 3,,exact,Cape of Good Hope rounding,South Africa,Gregorian calendar date-page normalization,meets target,Bartolomeu Dias,Portugal,global,Wikipedia date-page; single-source verification,20,verified—single source,20,9
3,CE,1509,February,Listed under this Gregorian calendar date; original historical calendar/date is not separately stated by the source.,Asia,FEB-03-1509-02,war,"The Portuguese navy defeats a joint fleet of the Ottoman Empire, the Republic of Venice, the Sultan of Gujarat, the Mamlûk Burji Sultanate of Egypt, the Zamorin of Calicut, and the Republic of Ragusa at the Battle of Diu in Diu, India.","The Portuguese navy defeats a joint fleet of the Ottoman Empire, the Republic of Venice, the Sultan of Gujarat, the Mamlûk Burji Sultanate of Egypt, the Zamorin of Calicut, and the Republic of Ragusa at the Battle of Diu in Diu, India.",3 February 1509 CE,https://en.wikipedia.org/wiki/February_3,,--02-03,Diu,"Not separately stated; listed as February 3, 1509",Wikipedia — February 3,,exact,Battle of Diu,India,Gregorian calendar date-page normalization,meets target,,Portuguese navy,regional,Wikipedia date-page; single-source verification,20,verified—single source,20,8
3,CE,1637,February,Listed under this Gregorian calendar date; original historical calendar/date is not separately stated by the source.,Europe,FEB-03-1637-03,economics,Tulip Mania collapses within the Dutch Republic.,Tulip Mania collapses within the Dutch Republic.,3 February 1637 CE,https://en.wikipedia.org/wiki/February_3,,--02-03,,"Not separately stated; listed as February 3, 1637",Wikipedia — February 3,,exact,Tulip Mania collapse,Netherlands,Gregorian calendar date-page normalization,meets target,,Dutch Republic,global,Wikipedia date-page; single-source verification,20,verified—single source,20,8
3,CE,1690,February,Listed under this Gregorian calendar date; original historical calendar/date is not separately stated by the source.,Americas,FEB-03-1690-04,economics,The colony of Massachusetts issues the first paper money in the Americas.,The colony of Massachusetts issues the first paper money in the Americas.,3 February 1690 CE,https://en.wikipedia.org/wiki/February_3,,--02-03,,"Not separately stated; listed as February 3, 1690",Wikipedia — February 3,,exact,First paper money in the Americas,United States,Gregorian calendar date-page normalization,meets target,,Massachusetts,regional,Wikipedia date-page; single-source verification,20,verified—single source,20,8
3,CE,1716,February,"The sequence began with an Mw 7.0 mainshock; 20,000 were killed. Listed under this Gregorian calendar date; original historical calendar/date is not separately stated by the source.",Africa,FEB-03-1716-05,disaster,"The 1716 Algiers earthquake sequence began with an M w 7.0 mainshock that caused severe damage and killed 20,000 in Algeria.","The 1716 Algiers earthquake sequence began with an M w 7.0 mainshock that caused severe damage and killed 20,000 in Algeria.",3 February 1716 CE,https://en.wikipedia.org/wiki/February_3,,--02-03,Algiers,"Not separately stated; listed as February 3, 1716",Wikipedia — February 3,,exact,Algiers earthquake,Algeria,Gregorian calendar date-page normalization,meets target,,Algiers,regional,Wikipedia date-page; single-source verification,20,verified—single source,20,8
3,CE,1807,February,Listed under this Gregorian calendar date; original historical calendar/date is not separately stated by the source.,Americas,FEB-03-1807-06,war,"A British military force, under Brigadier-General Sir Samuel Auchmuty captures the Spanish Empire city of Montevideo, now the capital of Uruguay.","A British military force, under Brigadier-General Sir Samuel Auchmuty captures the Spanish Empire city of Montevideo, now the capital of Uruguay.",3 February 1807 CE,https://en.wikipedia.org/wiki/February_3,,--02-03,Montevideo,"Not separately stated; listed as February 3, 1807",Wikipedia — February 3,,exact,Capture of Montevideo,Uruguay,Gregorian calendar date-page normalization,meets target,Samuel Auchmuty,Spanish Empire,regional,Wikipedia date-page; single-source verification,20,verified—single source,20,8
3,CE,1830,February,The London Protocol established full independence and sovereignty of Greece. Listed under this Gregorian calendar date; original historical calendar/date is not separately stated by the source.,Europe,FEB-03-1830-07,independence,The London Protocol of 1830 establishes the full independence and sovereignty of Greece from the Ottoman Empire as the final result of the Greek War of Independence.,The London Protocol of 1830 establishes the full independence and sovereignty of Greece from the Ottoman Empire as the final result of the Greek War of Independence.,3 February 1830 CE,https://en.wikipedia.org/wiki/February_3,,--02-03,London,"Not separately stated; listed as February 3, 1830",Wikipedia — February 3,,exact,Greek independence,Greece;Turkey,Gregorian calendar date-page normalization,meets target,,Ottoman Empire; Greece,regional,Wikipedia date-page; single-source verification,20,verified—single source,20,9
3,CE,1862,February,Listed under this Gregorian calendar date; original historical calendar/date is not separately stated by the source.,Europe,FEB-03-1862-08,political,Moldavia and Wallachia formally unite to create the Romanian United Principalities.,Moldavia and Wallachia formally unite to create the Romanian United Principalities.,3 February 1862 CE,https://en.wikipedia.org/wiki/February_3,,--02-03,,"Not separately stated; listed as February 3, 1862",Wikipedia — February 3,,exact,Romanian United Principalities,Romania,Gregorian calendar date-page normalization,meets target,,Moldavia and Wallachia,regional,Wikipedia date-page; single-source verification,20,verified—single source,20,8
3,CE,1870,February,The entry specifies voting rights for male citizens regardless of race. Listed under this Gregorian calendar date; original historical calendar/date is not separately stated by the source.,Americas,FEB-03-1870-09,political,"The Fifteenth Amendment to the United States Constitution is ratified, guaranteeing voting rights to male citizens regardless of race.","The Fifteenth Amendment to the United States Constitution is ratified, guaranteeing voting rights to male citizens regardless of race.",3 February 1870 CE,https://en.wikipedia.org/wiki/February_3,,--02-03,,"Not separately stated; listed as February 3, 1870",Wikipedia — February 3,,exact,Fifteenth Amendment,United States,Gregorian calendar date-page normalization,meets target,,United States Constitution,national,Wikipedia date-page; single-source verification,20,verified—single source,20,9
3,CE,1913,February,Authorized the federal government to impose and collect an income tax. Listed under this Gregorian calendar date; original historical calendar/date is not separately stated by the source.,Americas,FEB-03-1913-10,economics,"The Sixteenth Amendment to the United States Constitution is ratified, authorizing the Federal government to impose and collect an income tax.","The Sixteenth Amendment to the United States Constitution is ratified, authorizing the Federal government to impose and collect an income tax.",3 February 1913 CE,https://en.wikipedia.org/wiki/February_3,,--02-03,,"Not separately stated; listed as February 3, 1913",Wikipedia — February 3,,exact,Sixteenth Amendment,United States,Gregorian calendar date-page normalization,meets target,,United States Constitution,national,Wikipedia date-page; single-source verification,20,verified—single source,20,8
3,CE,1917,February,The entry describes this as the beginning of American entry into World War I. Listed under this Gregorian calendar date; original historical calendar/date is not separately stated by the source.,multi-regional,FEB-03-1917-11,war,World War I: The American entry into World War I begins when diplomatic relations with Germany are severed due to its unrestricted submarine warfare.,World War I: The American entry into World War I begins when diplomatic relations with Germany are severed due to its unrestricted submarine warfare.,3 February 1917 CE,https://en.wikipedia.org/wiki/February_3,,--02-03,,"Not separately stated; listed as February 3, 1917",Wikipedia — February 3,,exact,United States breaks diplomatic relations with Germany,United States;Germany,Gregorian calendar date-page normalization,meets target,,World War I,global,Wikipedia date-page; single-source verification,20,verified—single source,20,9
3,CE,1930,February,Founded at a Unification Conference held in British Hong Kong. Listed under this Gregorian calendar date; original historical calendar/date is not separately stated by the source.,Asia,FEB-03-1930-12,political,"The Communist Party of Vietnam is founded at a ""Unification Conference"" held in Kowloon, British Hong Kong.","The Communist Party of Vietnam is founded at a ""Unification Conference"" held in Kowloon, British Hong Kong.",3 February 1930 CE,https://en.wikipedia.org/wiki/February_3,,--02-03,Kowloon,"Not separately stated; listed as February 3, 1930",Wikipedia — February 3,,exact,Communist Party of Vietnam founded,Vietnam;China,Gregorian calendar date-page normalization,meets target,,Communist Party of Vietnam,national,Wikipedia date-page; single-source verification,20,verified—single source,20,8
3,CE,1931,February,Described as New Zealand's worst natural disaster; 258 were killed. Listed under this Gregorian calendar date; original historical calendar/date is not separately stated by the source.,Oceania,FEB-03-1931-13,disaster,"The Hawke's Bay earthquake, New Zealand's worst natural disaster, kills 258.","The Hawke's Bay earthquake, New Zealand's worst natural disaster, kills 258.",3 February 1931 CE,https://en.wikipedia.org/wiki/February_3,,--02-03,,"Not separately stated; listed as February 3, 1931",Wikipedia — February 3,,exact,Hawke's Bay earthquake,New Zealand,Gregorian calendar date-page normalization,meets target,,Hawke's Bay,national,Wikipedia date-page; single-source verification,20,verified—single source,20,8
3,CE,1944,February,Listed under this Gregorian calendar date; original historical calendar/date is not separately stated by the source.,Oceania,FEB-03-1944-14,war,"World War II: During the Gilbert and Marshall Islands campaign, U.S. Army and Marine forces seize Kwajalein Atoll from the defending Japanese garrison.","World War II: During the Gilbert and Marshall Islands campaign, U.S. Army and Marine forces seize Kwajalein Atoll from the defending Japanese garrison.",3 February 1944 CE,https://en.wikipedia.org/wiki/February_3,,--02-03,Kwajalein Atoll,"Not separately stated; listed as February 3, 1944",Wikipedia — February 3,,exact,Capture of Kwajalein Atoll,Marshall Islands;United States;Japan,Gregorian calendar date-page normalization,meets target,,World War II,global,Wikipedia date-page; single-source verification,20,verified—single source,20,8
3,CE,1945,February,The entry describes a month-long battle to retake Manila. Listed under this Gregorian calendar date; original historical calendar/date is not separately stated by the source.,Asia,FEB-03-1945-15,war,World War II: The United States and the Philippine Commonwealth begin a month-long battle to retake Manila from Japan.,World War II: The United States and the Philippine Commonwealth begin a month-long battle to retake Manila from Japan.,3 February 1945 CE,https://en.wikipedia.org/wiki/February_3,,--02-03,Manila,"Not separately stated; listed as February 3, 1945",Wikipedia — February 3,,exact,Battle of Manila,Philippines;United States;Japan,Gregorian calendar date-page normalization,meets target,,World War II,global,Wikipedia date-page; single-source verification,20,verified—single source,20,9
3,CE,1958,February,Described as a testing ground for a later European Economic Community. Listed under this Gregorian calendar date; original historical calendar/date is not separately stated by the source.,Europe,FEB-03-1958-16,economics,"Founding of the Benelux Economic Union, creating a testing ground for a later European Economic Community.","Founding of the Benelux Economic Union, creating a testing ground for a later European Economic Community.",3 February 1958 CE,https://en.wikipedia.org/wiki/February_3,,--02-03,,"Not separately stated; listed as February 3, 1958",Wikipedia — February 3,,exact,Benelux Economic Union founded,Belgium;Netherlands;Luxembourg,Gregorian calendar date-page normalization,meets target,,Benelux Economic Union,regional,Wikipedia date-page; single-source verification,20,verified—single source,20,8
3,CE,1966,February,Described as the first spacecraft to make a soft landing on the Moon and take pictures from its surface. Listed under this Gregorian calendar date; original historical calendar/date is not separately stated by the source.,Polar,FEB-03-1966-17,space,"The Soviet Union's Luna 9 becomes the first spacecraft to make a soft landing on the Moon, and the first spacecraft to take pictures from the surface of the Moon.","The Soviet Union's Luna 9 becomes the first spacecraft to make a soft landing on the Moon, and the first spacecraft to take pictures from the surface of the Moon.",3 February 1966 CE,https://en.wikipedia.org/wiki/February_3,https://nssdc.gsfc.nasa.gov/nmc/spacecraft/display.action?id=1966-006A,--02-03,,"Not separately stated; listed as February 3, 1966",Wikipedia — February 3,NASA/NSSDC — Luna 9,exact,Luna 9 soft landing,Russia,Gregorian calendar date-page normalization,meets target,,Soviet Union,global,Cross-checked with institutional/primary source,20,cross-checked,20,10
3,CE,1984,February,Described as history's first embryo transfer from one woman to another resulting in a live birth. Listed under this Gregorian calendar date; original historical calendar/date is not separately stated by the source.,Americas,FEB-03-1984-18,medicine,"Doctor John Buster and a research team at Harbor-UCLA Medical Center in the United States announce history's first embryo transfer, from one woman to another resulting in a live birth.","Doctor John Buster and a research team at Harbor-UCLA Medical Center in the United States announce history's first embryo transfer, from one woman to another resulting in a live birth.",3 February 1984 CE,https://en.wikipedia.org/wiki/February_3,,--02-03,,"Not separately stated; listed as February 3, 1984",Wikipedia — February 3,,exact,First embryo transfer,United States,Gregorian calendar date-page normalization,meets target,John Buster,Harbor-UCLA Medical Center,global,Wikipedia date-page; single-source verification,20,verified—single source,20,9
3,CE,1989,February,"The coup overthrew Stroessner, described as dictator since 1954. Listed under this Gregorian calendar date; original historical calendar/date is not separately stated by the source.",Americas,FEB-03-1989-19,political,"A military coup overthrows Alfredo Stroessner, dictator of Paraguay since 1954.","A military coup overthrows Alfredo Stroessner, dictator of Paraguay since 1954.",3 February 1989 CE,https://en.wikipedia.org/wiki/February_3,,--02-03,,"Not separately stated; listed as February 3, 1989",Wikipedia — February 3,,exact,Paraguayan coup,Paraguay,Gregorian calendar date-page normalization,meets target,Alfredo Stroessner,Paraguay,national,Wikipedia date-page; single-source verification,20,verified—single source,20,8
3,CE,1995,February,Listed under this Gregorian calendar date; original historical calendar/date is not separately stated by the source.,Americas,FEB-03-1995-20,space,Astronaut Eileen Collins becomes the first woman to pilot the Space Shuttle as mission STS-63 gets underway from Kennedy Space Center in Florida.,Astronaut Eileen Collins becomes the first woman to pilot the Space Shuttle as mission STS-63 gets underway from Kennedy Space Center in Florida.,3 February 1995 CE,https://en.wikipedia.org/wiki/February_3,,--02-03,Kennedy Space Center,"Not separately stated; listed as February 3, 1995",Wikipedia — February 3,,exact,First woman to pilot the Space Shuttle,United States,Gregorian calendar date-page normalization,meets target,Eileen Collins,Space Shuttle program,global,Wikipedia date-page; single-source verification,20,verified—single source,20,8
4,CE,960,February,Listed under this Gregorian calendar date; original historical calendar/date is not separately stated by the source.,Asia,FEB-04-0960-01,political,"Zhao Kuangyin declares himself Emperor Taizu of Song, ending the Later Zhou and beginning the Song dynasty.","Zhao Kuangyin declares himself Emperor Taizu of Song, ending the Later Zhou and beginning the Song dynasty.",4 February 960 CE,https://en.wikipedia.org/wiki/February_4,,--02-04,,"Not separately stated; listed as February 4, 960",Wikipedia — February 4,,exact,Song dynasty founded,China,Gregorian calendar date-page normalization,meets target,Zhao Kuangyin,Song dynasty,regional,Wikipedia date-page; single-source verification,20,verified—single source,20,9
4,CE,1169,February,Caused tens of thousands of injuries and deaths. Listed under this Gregorian calendar date; original historical calendar/date is not separately stated by the source.,Europe,FEB-04-1169-02,disaster,"A strong earthquake strikes the Ionian coast of Sicily, causing tens of thousands of injuries and deaths, especially in Catania.","A strong earthquake strikes the Ionian coast of Sicily, causing tens of thousands of injuries and deaths, especially in Catania.",4 February 1169 CE,https://en.wikipedia.org/wiki/February_4,,--02-04,Catania,"Not separately stated; listed as February 4, 1169",Wikipedia — February 4,,exact,Ionian coast earthquake,Italy,Gregorian calendar date-page normalization,meets target,,Ionian coast of Sicily,regional,Wikipedia date-page; single-source verification,20,verified—single source,20,7
4,CE,1454,February,Listed under this Gregorian calendar date; original historical calendar/date is not separately stated by the source.,Europe,FEB-04-1454-03,war,"Thirteen Years' War: The Secret Council of the Prussian Confederation sends a formal act of disobedience to the Grand Master of the Teutonic Knights, sparking the Thirteen Years' War.","Thirteen Years' War: The Secret Council of the Prussian Confederation sends a formal act of disobedience to the Grand Master of the Teutonic Knights, sparking the Thirteen Years' War.",4 February 1454 CE,https://en.wikipedia.org/wiki/February_4,,--02-04,,"Not separately stated; listed as February 4, 1454",Wikipedia — February 4,,exact,Thirteen Years' War begins,Poland;Germany,Gregorian calendar date-page normalization,meets target,,Prussian Confederation;Teutonic Knights,regional,Wikipedia date-page; single-source verification,20,verified—single source,20,8
4,CE,1555,February,John Rogers became the first English Protestant martyr under Queen Mary I. Listed under this Gregorian calendar date; original historical calendar/date is not separately stated by the source.,Europe,FEB-04-1555-04,religion,"John Rogers is burned at the stake, becoming the first English Protestant martyr under Queen Mary I.","John Rogers is burned at the stake, becoming the first English Protestant martyr under Queen Mary I.",4 February 1555 CE,https://en.wikipedia.org/wiki/February_4,,--02-04,,"Not separately stated; listed as February 4, 1555",Wikipedia — February 4,,exact,English Protestant martyrdom,United Kingdom,Gregorian calendar date-page normalization,meets target,John Rogers;Mary I,English Protestant Reformation,national,Wikipedia date-page; single-source verification,20,verified—single source,20,7
4,CE,1789,February,Unanimously elected by the U.S. Electoral College. Listed under this Gregorian calendar date; original historical calendar/date is not separately stated by the source.,Americas,FEB-04-1789-05,political,George Washington is unanimously elected as the first President of the United States by the U.S. Electoral College.,George Washington is unanimously elected as the first President of the United States by the U.S. Electoral College.,4 February 1789 CE,https://en.wikipedia.org/wiki/February_4,,--02-04,,"Not separately stated; listed as February 4, 1789",Wikipedia — February 4,,exact,Washington elected president,United States,Gregorian calendar date-page normalization,meets target,George Washington,United States presidency,national,Wikipedia date-page; single-source verification,20,verified—single source,20,9
4,CE,1794,February,Slavery was reestablished in the French West Indies in 1802. Listed under this Gregorian calendar date; original historical calendar/date is not separately stated by the source.,multi-regional,FEB-04-1794-06,independence,The French legislature abolishes slavery throughout all territories of the French First Republic. It would be reestablished in the French West Indies in 1802.,The French legislature abolishes slavery throughout all territories of the French First Republic. It would be reestablished in the French West Indies in 1802.,4 February 1794 CE,https://en.wikipedia.org/wiki/February_4,,--02-04,,"Not separately stated; listed as February 4, 1794",Wikipedia — February 4,,exact,Slavery abolished in French territories,France,Gregorian calendar date-page normalization,meets target,,French First Republic,global,Wikipedia date-page; single-source verification,20,verified—single source,20,9
4,CE,1797,February,"Caused up to 40,000 casualties. Listed under this Gregorian calendar date; original historical calendar/date is not separately stated by the source.",Americas,FEB-04-1797-07,disaster,"The Riobamba earthquake strikes Ecuador, causing up to 40,000 casualties.","The Riobamba earthquake strikes Ecuador, causing up to 40,000 casualties.",4 February 1797 CE,https://en.wikipedia.org/wiki/February_4,,--02-04,Riobamba,"Not separately stated; listed as February 4, 1797",Wikipedia — February 4,,exact,Riobamba earthquake,Ecuador,Gregorian calendar date-page normalization,meets target,,Riobamba earthquake,national,Wikipedia date-page; single-source verification,20,verified—single source,20,7
4,CE,1859,February,Listed under this Gregorian calendar date; original historical calendar/date is not separately stated by the source.,Africa,FEB-04-1859-08,religion,The Codex Sinaiticus is discovered in Egypt.,The Codex Sinaiticus is discovered in Egypt.,4 February 1859 CE,https://en.wikipedia.org/wiki/February_4,,--02-04,,"Not separately stated; listed as February 4, 1859",Wikipedia — February 4,,exact,Codex Sinaiticus discovered,Egypt,Gregorian calendar date-page normalization,meets target,,Codex Sinaiticus,global,Wikipedia date-page; single-source verification,20,verified—single source,20,8
4,CE,1899,February,The entry identifies the Battle of Manila as the spark. Listed under this Gregorian calendar date; original historical calendar/date is not separately stated by the source.,Asia,FEB-04-1899-09,war,"The Philippine–American War begins when four Filipino soldiers enter the ""American Zone"" in Manila, igniting the Battle of Manila.","The Philippine–American War begins when four Filipino soldiers enter the ""American Zone"" in Manila, igniting the Battle of Manila.",4 February 1899 CE,https://en.wikipedia.org/wiki/February_4,,--02-04,Manila,"Not separately stated; listed as February 4, 1899",Wikipedia — February 4,,exact,Philippine–American War begins,Philippines;United States,Gregorian calendar date-page normalization,meets target,,Philippine–American War,regional,Wikipedia date-page; single-source verification,20,verified—single source,20,8
4,CE,1913,February,American civil rights activist. Listed under this Gregorian calendar date; original historical calendar/date is not separately stated by the source.,Americas,FEB-04-1913-20,birth,"Rosa Parks, American civil rights activist (died 2005)","Rosa Parks, American civil rights activist (died 2005)",4 February 1913 CE,https://en.wikipedia.org/wiki/February_4,,--02-04,,"Not separately stated; listed as February 4, 1913",Wikipedia — February 4,,exact,Birth of Rosa Parks,United States,Gregorian calendar date-page normalization,meets target,Rosa Parks,Rosa Parks,global,Wikipedia date-page; single-source verification,20,verified—single source,20,8
4,CE,1932,February,Listed under this Gregorian calendar date; original historical calendar/date is not separately stated by the source.,Asia,FEB-04-1932-10,war,"Second Sino-Japanese War: Harbin, Manchuria, falls to Japan.","Second Sino-Japanese War: Harbin, Manchuria, falls to Japan.",4 February 1932 CE,https://en.wikipedia.org/wiki/February_4,,--02-04,Harbin,"Not separately stated; listed as February 4, 1932",Wikipedia — February 4,,exact,Harbin falls to Japan,China;Japan,Gregorian calendar date-page normalization,meets target,,Second Sino-Japanese War,regional,Wikipedia date-page; single-source verification,20,verified—single source,20,8
4,CE,1945,February,Listed under this Gregorian calendar date; original historical calendar/date is not separately stated by the source.,multi-regional,FEB-04-1945-11,political,"World War II: The Yalta Conference between the ""Big Three"" (Churchill, Roosevelt, and Stalin) opens at the Livadia Palace in the Crimea.","World War II: The Yalta Conference between the ""Big Three"" (Churchill, Roosevelt, and Stalin) opens at the Livadia Palace in the Crimea.",4 February 1945 CE,https://en.wikipedia.org/wiki/February_4,,--02-04,Livadia Palace,"Not separately stated; listed as February 4, 1945",Wikipedia — February 4,,exact,Yalta Conference opens,Ukraine;United Kingdom;United States;Russia,Gregorian calendar date-page normalization,meets target,Winston Churchill;Franklin D. Roosevelt;Joseph Stalin,Yalta Conference,global,Wikipedia date-page; single-source verification,20,verified—single source,20,10
4,CE,1948,February,Later renamed Sri Lanka; became independent within the British Commonwealth. Listed under this Gregorian calendar date; original historical calendar/date is not separately stated by the source.,Asia,FEB-04-1948-12,independence,Ceylon (later renamed Sri Lanka) becomes independent within the British Commonwealth.,Ceylon (later renamed Sri Lanka) becomes independent within the British Commonwealth.,4 February 1948 CE,https://en.wikipedia.org/wiki/February_4,,--02-04,,"Not separately stated; listed as February 4, 1948",Wikipedia — February 4,,exact,Ceylon becomes independent,Sri Lanka;United Kingdom,Gregorian calendar date-page normalization,meets target,,Ceylon,national,Wikipedia date-page; single-source verification,20,verified—single source,20,8
4,CE,1961,February,The entry also identifies the beginning of the greater Portuguese Colonial War. Listed under this Gregorian calendar date; original historical calendar/date is not separately stated by the source.,Africa,FEB-04-1961-13,independence,The Angolan War of Independence and the greater Portuguese Colonial War begin.,The Angolan War of Independence and the greater Portuguese Colonial War begin.,4 February 1961 CE,https://en.wikipedia.org/wiki/February_4,,--02-04,,"Not separately stated; listed as February 4, 1961",Wikipedia — February 4,,exact,Angolan War of Independence begins,Angola;Portugal,Gregorian calendar date-page normalization,meets target,,Angolan War of Independence,regional,Wikipedia date-page; single-source verification,20,verified—single source,20,8
4,CE,1967,February,Mission aimed to identify possible landing sites for Surveyor and Apollo spacecraft. Listed under this Gregorian calendar date; original historical calendar/date is not separately stated by the source.,multi-regional,FEB-04-1967-14,space,Lunar Orbiter program: Lunar Orbiter 3 lifts off from Cape Canaveral's Launch Complex 13 on its mission to identify possible landing sites for the Surveyor and Apollo spacecraft.,Lunar Orbiter program: Lunar Orbiter 3 lifts off from Cape Canaveral's Launch Complex 13 on its mission to identify possible landing sites for the Surveyor and Apollo spacecraft.,4 February 1967 CE,https://en.wikipedia.org/wiki/February_4,,--02-04,Cape Canaveral,"Not separately stated; listed as February 4, 1967",Wikipedia — February 4,,exact,Lunar Orbiter 3 launch,United States,Gregorian calendar date-page normalization,meets target,,Lunar Orbiter program,global,Wikipedia date-page; single-source verification,20,verified—single source,20,8
4,CE,1975,February,Magnitude 7.3 on the Richter scale. Listed under this Gregorian calendar date; original historical calendar/date is not separately stated by the source.,Asia,FEB-04-1975-15,disaster,"Haicheng earthquake (magnitude 7.3 on the Richter scale) occurs in Haicheng, Liaoning, China.","Haicheng earthquake (magnitude 7.3 on the Richter scale) occurs in Haicheng, Liaoning, China.",4 February 1975 CE,https://en.wikipedia.org/wiki/February_4,,--02-04,Haicheng,"Not separately stated; listed as February 4, 1975",Wikipedia — February 4,,exact,Haicheng earthquake,China,Gregorian calendar date-page normalization,meets target,,Haicheng earthquake,national,Wikipedia date-page; single-source verification,20,verified—single source,20,7
4,CE,1976,February,"Killed more than 22,000. Listed under this Gregorian calendar date; original historical calendar/date is not separately stated by the source.",Americas,FEB-04-1976-16,disaster,"In Guatemala and Honduras an earthquake kills more than 22,000.","In Guatemala and Honduras an earthquake kills more than 22,000.",4 February 1976 CE,https://en.wikipedia.org/wiki/February_4,,--02-04,,"Not separately stated; listed as February 4, 1976",Wikipedia — February 4,,exact,Guatemala–Honduras earthquake,Guatemala;Honduras,Gregorian calendar date-page normalization,meets target,,Guatemala–Honduras earthquake,regional,Wikipedia date-page; single-source verification,20,verified—single source,20,8
4,CE,1992,February,Listed under this Gregorian calendar date; original historical calendar/date is not separately stated by the source.,Americas,FEB-04-1992-17,political,A coup d'état is led by Hugo Chávez against Venezuelan President Carlos Andrés Pérez.,A coup d'état is led by Hugo Chávez against Venezuelan President Carlos Andrés Pérez.,4 February 1992 CE,https://en.wikipedia.org/wiki/February_4,,--02-04,,"Not separately stated; listed as February 4, 1992",Wikipedia — February 4,,exact,Venezuelan coup attempt,Venezuela,Gregorian calendar date-page normalization,meets target,Hugo Chávez;Carlos Andrés Pérez,1992 Venezuelan coup d'état attempt,national,Wikipedia date-page; single-source verification,20,verified—single source,20,8
4,CE,2000,February,"The charter initiated World Cancer Day, held on February 4 every year. Listed under this Gregorian calendar date; original historical calendar/date is not separately stated by the source.",multi-regional,FEB-04-2000-18,medicine,"The World Summit Against Cancer for the New Millennium, Charter of Paris is signed by the President of France, Jacques Chirac and the Director General of UNESCO, Koichiro Matsuura, initiating World Cancer Day which is held on February 4 every year.","The World Summit Against Cancer for the New Millennium, Charter of Paris is signed by the President of France, Jacques Chirac and the Director General of UNESCO, Koichiro Matsuura, initiating World Cancer Day which is held on February 4 every year.",4 February 2000 CE,https://en.wikipedia.org/wiki/February_4,,--02-04,,"Not separately stated; listed as February 4, 2000",Wikipedia — February 4,,exact,World Cancer Day initiated,France,Gregorian calendar date-page normalization,meets target,Jacques Chirac;Koichiro Matsuura,Charter of Paris,global,Wikipedia date-page; single-source verification,20,verified—single source,20,7
4,CE,2004,February,Described in the entry as a mainstream online social networking site. Listed under this Gregorian calendar date; original historical calendar/date is not separately stated by the source.,Americas,FEB-04-2004-19,technology,"Facebook, a mainstream online social networking site, is founded by Mark Zuckerberg and Eduardo Saverin.","Facebook, a mainstream online social networking site, is founded by Mark Zuckerberg and Eduardo Saverin.",4 February 2004 CE,https://en.wikipedia.org/wiki/February_4,,--02-04,,"Not separately stated; listed as February 4, 2004",Wikipedia — February 4,,exact,Facebook founded,United States,Gregorian calendar date-page normalization,meets target,Mark Zuckerberg;Eduardo Saverin,Facebook,global,Wikipedia date-page; single-source verification,20,verified—single source,20,8
5,CE,756,February,An Lushan proclaimed himself Emperor of China and founded the short-lived state of Yan. Listed under this Gregorian calendar date; original historical calendar/date is not separately stated by the source.,Asia,FEB-05-0756-01,war,"An Lushan proclaims himself Emperor of China, founding the short-lived state of Yan.","An Lushan proclaims himself Emperor of China, founding the short-lived state of Yan.",5 February 756 CE,https://en.wikipedia.org/wiki/February_5,,--02-05,,"Not separately stated; listed as February 5, 756",Wikipedia — February 5,,exact,An Lushan Rebellion,China,Gregorian calendar date-page normalization,meets target,An Lushan,Yan,regional,Wikipedia date-page; single-source verification,20,verified—single source,20,8
5,CE,1597,February,The group was killed by Japan's new government for being seen as a threat to Japanese society. Listed under this Gregorian calendar date; original historical calendar/date is not separately stated by the source.,Asia,FEB-05-1597-02,religion,A group of early Japanese Christians are killed by the new government of Japan for being seen as a threat to Japanese society.,A group of early Japanese Christians are killed by the new government of Japan for being seen as a threat to Japanese society.,5 February 1597 CE,https://en.wikipedia.org/wiki/February_5,,--02-05,,"Not separately stated; listed as February 5, 1597",Wikipedia — February 5,,exact,Martyrdom of Japanese Christians,Japan,Gregorian calendar date-page normalization,meets target,,Early Japanese Christians,national,Wikipedia date-page; single-source verification,20,verified—single source,20,7
5,CE,1783,February,A sequence of strong earthquakes began. Listed under this Gregorian calendar date; original historical calendar/date is not separately stated by the source.,Europe,FEB-05-1783-03,disaster,"In Calabria, a sequence of strong earthquakes begins.","In Calabria, a sequence of strong earthquakes begins.",5 February 1783 CE,https://en.wikipedia.org/wiki/February_5,,--02-05,Calabria,"Not separately stated; listed as February 5, 1783",Wikipedia — February 5,,exact,Calabrian earthquakes,Italy,Gregorian calendar date-page normalization,meets target,,Calabria,regional,Wikipedia date-page; single-source verification,20,verified—single source,20,7
5,CE,1818,February,Listed under this Gregorian calendar date; original historical calendar/date is not separately stated by the source.,Europe,FEB-05-1818-04,political,Jean-Baptiste Bernadotte ascends to the thrones of Sweden and Norway.,Jean-Baptiste Bernadotte ascends to the thrones of Sweden and Norway.,5 February 1818 CE,https://en.wikipedia.org/wiki/February_5,,--02-05,,"Not separately stated; listed as February 5, 1818",Wikipedia — February 5,,exact,Bernadotte succession,Sweden; Norway,Gregorian calendar date-page normalization,meets target,Jean-Baptiste Bernadotte,Swedish-Norwegian monarchy,regional,Wikipedia date-page; single-source verification,20,verified—single source,20,8
5,CE,1852,February,Described as one of the largest and oldest museums in the world. Listed under this Gregorian calendar date; original historical calendar/date is not separately stated by the source.,Europe,FEB-05-1852-05,literature_culture,"The New Hermitage Museum in Saint Petersburg, Russia, one of the largest and oldest museums in the world, opens to the public.","The New Hermitage Museum in Saint Petersburg, Russia, one of the largest and oldest museums in the world, opens to the public.",5 February 1852 CE,https://en.wikipedia.org/wiki/February_5,,--02-05,Saint Petersburg,"Not separately stated; listed as February 5, 1852",Wikipedia — February 5,,exact,Hermitage opening,Russia,Gregorian calendar date-page normalization,meets target,,New Hermitage Museum,global,Wikipedia date-page; single-source verification,20,verified—single source,20,7
5,CE,1859,February,The personal union of Moldavia and Wallachia is described as ushering in the birth of the modern Romanian state. Listed under this Gregorian calendar date; original historical calendar/date is not separately stated by the source.,Europe,FEB-05-1859-06,independence,"Alexandru Ioan Cuza, Prince of Moldavia, is also elected as prince of Wallachia, joining the two principalities as a personal union called the United Principalities, an autonomous region within the Ottoman Empire, which ushered in the birth of the modern Romanian state.","Alexandru Ioan Cuza, Prince of Moldavia, is also elected as prince of Wallachia, joining the two principalities as a personal union called the United Principalities, an autonomous region within the Ottoman Empire, which ushered in the birth of the modern Romanian state.",5 February 1859 CE,https://en.wikipedia.org/wiki/February_5,,--02-05,,"Not separately stated; listed as February 5, 1859",Wikipedia — February 5,,exact,United Principalities,Romania; Moldova,Gregorian calendar date-page normalization,meets target,Alexandru Ioan Cuza,United Principalities,regional,Wikipedia date-page; single-source verification,20,verified—single source,20,9
5,CE,1885,February,The Congo was established as a personal possession of King Leopold II of Belgium. Listed under this Gregorian calendar date; original historical calendar/date is not separately stated by the source.,Africa,FEB-05-1885-07,political,King Leopold II of Belgium establishes the Congo as a personal possession.,King Leopold II of Belgium establishes the Congo as a personal possession.,5 February 1885 CE,https://en.wikipedia.org/wiki/February_5,,--02-05,,"Not separately stated; listed as February 5, 1885",Wikipedia — February 5,,exact,Congo personal possession,Democratic Republic of the Congo,Gregorian calendar date-page normalization,meets target,Leopold II,Congo,global,Wikipedia date-page; single-source verification,20,verified—single source,20,9
5,CE,1907,February,Described as the world's first synthetic plastic. Listed under this Gregorian calendar date; original historical calendar/date is not separately stated by the source.,Europe,FEB-05-1907-08,technology,"Belgian chemist Leo Baekeland announces the creation of Bakelite, the world's first synthetic plastic.","Belgian chemist Leo Baekeland announces the creation of Bakelite, the world's first synthetic plastic.",5 February 1907 CE,https://en.wikipedia.org/wiki/February_5,,--02-05,,"Not separately stated; listed as February 5, 1907",Wikipedia — February 5,,exact,Bakelite,,Gregorian calendar date-page normalization,meets target,Leo Baekeland,Bakelite,global,Wikipedia date-page; single-source verification,20,verified—single source,20,8
5,CE,1917,February,"Established a federal republic with separated executive, legislative, and judicial powers. Listed under this Gregorian calendar date; original historical calendar/date is not separately stated by the source.",Americas,FEB-05-1917-09,political,"The current constitution of Mexico is adopted, establishing a federal republic with powers separated into independent executive, legislative, and judicial branches.","The current constitution of Mexico is adopted, establishing a federal republic with powers separated into independent executive, legislative, and judicial branches.",5 February 1917 CE,https://en.wikipedia.org/wiki/February_5,,--02-05,,"Not separately stated; listed as February 5, 1917",Wikipedia — February 5,,exact,Mexican Constitution,Mexico,Gregorian calendar date-page normalization,meets target,,Constitution of Mexico,national,Wikipedia date-page; single-source verification,20,verified—single source,20,9
5,CE,1917,February,Passed over President Woodrow Wilson's veto. Listed under this Gregorian calendar date; original historical calendar/date is not separately stated by the source.,Americas,FEB-05-1917-10,social_history,The Congress of the United States passes the Immigration Act of 1917 over President Woodrow Wilson's veto.,The Congress of the United States passes the Immigration Act of 1917 over President Woodrow Wilson's veto.,5 February 1917 CE,https://en.wikipedia.org/wiki/February_5,,--02-05,"Washington, D.C.","Not separately stated; listed as February 5, 1917",Wikipedia — February 5,,exact,Immigration Act of 1917,United States,Gregorian calendar date-page normalization,meets target,Woodrow Wilson,Immigration Act of 1917,national,Wikipedia date-page; single-source verification,20,verified—single source,20,8
5,CE,1919,February,Listed under this Gregorian calendar date; original historical calendar/date is not separately stated by the source.,Americas,FEB-05-1919-11,literature_culture,"Charlie Chaplin, Mary Pickford, Douglas Fairbanks, and D. W. Griffith launch United Artists.","Charlie Chaplin, Mary Pickford, Douglas Fairbanks, and D. W. Griffith launch United Artists.",5 February 1919 CE,https://en.wikipedia.org/wiki/February_5,,--02-05,,"Not separately stated; listed as February 5, 1919",Wikipedia — February 5,,exact,United Artists founded,United States,Gregorian calendar date-page normalization,meets target,Charlie Chaplin; Mary Pickford; Douglas Fairbanks; D. W. Griffith,United Artists,global,Wikipedia date-page; single-source verification,20,verified—single source,20,8
5,CE,1924,February,The observatory began broadcasting hourly time signals. Listed under this Gregorian calendar date; original historical calendar/date is not separately stated by the source.,Europe,FEB-05-1924-12,technology,The Royal Greenwich Observatory begins broadcasting the hourly time signals known as the Greenwich Time Signal.,The Royal Greenwich Observatory begins broadcasting the hourly time signals known as the Greenwich Time Signal.,5 February 1924 CE,https://en.wikipedia.org/wiki/February_5,,--02-05,Greenwich,"Not separately stated; listed as February 5, 1924",Wikipedia — February 5,,exact,Greenwich Time Signal,United Kingdom,Gregorian calendar date-page normalization,meets target,,Royal Greenwich Observatory,global,Wikipedia date-page; single-source verification,20,verified—single source,20,7
5,CE,1941,February,Allied forces began the battle to capture Keren. Listed under this Gregorian calendar date; original historical calendar/date is not separately stated by the source.,Africa,FEB-05-1941-13,war,"World War II: Allied forces begin the Battle of Keren to capture Keren, Eritrea.","World War II: Allied forces begin the Battle of Keren to capture Keren, Eritrea.",5 February 1941 CE,https://en.wikipedia.org/wiki/February_5,,--02-05,Keren,"Not separately stated; listed as February 5, 1941",Wikipedia — February 5,,exact,Battle of Keren,Eritrea,Gregorian calendar date-page normalization,meets target,,World War II,global,Wikipedia date-page; single-source verification,20,verified—single source,20,8
5,CE,1945,February,General Douglas MacArthur returned to Manila during World War II. Listed under this Gregorian calendar date; original historical calendar/date is not separately stated by the source.,Southeast Asia,FEB-05-1945-20,military_return,World War II: General Douglas MacArthur returns to Manila.,World War II: General Douglas MacArthur returns to Manila.,5 February 1945 CE,https://en.wikipedia.org/wiki/February_5,,--02-05,Manila,"Not separately stated; listed as February 5, 1945",Wikipedia — February 5,,exact,World War II,Philippines,Gregorian calendar date-page normalization,meets target,['Douglas MacArthur'],United States; Commonwealth of the Philippines; Empire of Japan,international,Wikipedia date-page; single-source verification,20,verified—single source,20,8
5,CE,1958,February,Gamal Abdel Nasser was nominated as its first president. Listed under this Gregorian calendar date; original historical calendar/date is not separately stated by the source.,Middle East,FEB-05-1958-14,political,Gamal Abdel Nasser is nominated to be the first president of the United Arab Republic.,Gamal Abdel Nasser is nominated to be the first president of the United Arab Republic.,5 February 1958 CE,https://en.wikipedia.org/wiki/February_5,,--02-05,,"Not separately stated; listed as February 5, 1958",Wikipedia — February 5,,exact,United Arab Republic,Egypt; Syria,Gregorian calendar date-page normalization,meets target,Gamal Abdel Nasser,United Arab Republic,regional,Wikipedia date-page; single-source verification,20,verified—single source,20,8
5,CE,1962,February,The French president called for Algeria to be granted independence. Listed under this Gregorian calendar date; original historical calendar/date is not separately stated by the source.,Africa,FEB-05-1962-15,independence,French President Charles de Gaulle calls for Algeria to be granted independence.,French President Charles de Gaulle calls for Algeria to be granted independence.,5 February 1962 CE,https://en.wikipedia.org/wiki/February_5,,--02-05,,"Not separately stated; listed as February 5, 1962",Wikipedia — February 5,,exact,Algerian independence,Algeria; France,Gregorian calendar date-page normalization,meets target,Charles de Gaulle,Algeria,global,Wikipedia date-page; single-source verification,20,verified—single source,20,9
5,CE,1963,February,The ruling established the principle of direct effect in European Union law. Listed under this Gregorian calendar date; original historical calendar/date is not separately stated by the source.,Europe,FEB-05-1963-16,political,"The European Court of Justice's ruling in Van Gend en Loos v Nederlandse Administratie der Belastingen establishes the principle of direct effect, one of the most important, if not the most important, decisions in the development of European Union law.","The European Court of Justice's ruling in Van Gend en Loos v Nederlandse Administratie der Belastingen establishes the principle of direct effect, one of the most important, if not the most important, decisions in the development of European Union law.",5 February 1963 CE,https://en.wikipedia.org/wiki/February_5,,--02-05,,"Not separately stated; listed as February 5, 1963",Wikipedia — February 5,,exact,Van Gend en Loos ruling,Netherlands; European Union member states,Gregorian calendar date-page normalization,meets target,,European Court of Justice,regional,Wikipedia date-page; single-source verification,20,verified—single source,20,9
5,CE,1971,February,Astronauts landed on the Moon. Listed under this Gregorian calendar date; original historical calendar/date is not separately stated by the source.,Polar,FEB-05-1971-17,space,Astronauts land on the Moon in the Apollo 14 mission.,Astronauts land on the Moon in the Apollo 14 mission.,5 February 1971 CE,https://en.wikipedia.org/wiki/February_5,,--02-05,Moon,"Not separately stated; listed as February 5, 1971",Wikipedia — February 5,,exact,Apollo 14 lunar landing,United States,Gregorian calendar date-page normalization,meets target,,Apollo 14,global,Wikipedia date-page; single-source verification,20,verified—single source,20,10
5,CE,1981,February,Police arrested just under 300 people; the raids triggered mass protests and rallies. Listed under this Gregorian calendar date; original historical calendar/date is not separately stated by the source.,Americas,FEB-05-1981-18,social_history,"Operation Soap: The Metropolitan Toronto Police Force raids four gay bathhouses in Toronto, Ontario, Canada, arresting just under 300, triggering mass protest and rallies.","Operation Soap: The Metropolitan Toronto Police Force raids four gay bathhouses in Toronto, Ontario, Canada, arresting just under 300, triggering mass protest and rallies.",5 February 1981 CE,https://en.wikipedia.org/wiki/February_5,,--02-05,Toronto,"Not separately stated; listed as February 5, 1981",Wikipedia — February 5,,exact,Operation Soap,Canada,Gregorian calendar date-page normalization,meets target,,Operation Soap,national,Wikipedia date-page; single-source verification,20,verified—single source,20,8
5,CE,2004,February,"Rebels captured Gonaïves, starting the 2004 Haiti rebellion. Listed under this Gregorian calendar date; original historical calendar/date is not separately stated by the source.",Americas,FEB-05-2004-19,war,"Rebels from the Revolutionary Artibonite Resistance Front capture the city of Gonaïves, starting the 2004 Haiti rebellion.","Rebels from the Revolutionary Artibonite Resistance Front capture the city of Gonaïves, starting the 2004 Haiti rebellion.",5 February 2004 CE,https://en.wikipedia.org/wiki/February_5,,--02-05,Gonaïves,"Not separately stated; listed as February 5, 2004",Wikipedia — February 5,,exact,2004 Haiti rebellion,Haiti,Gregorian calendar date-page normalization,meets target,,Revolutionary Artibonite Resistance Front,national,Wikipedia date-page; single-source verification,20,verified—single source,20,8
6,CE,337,February,Listed under this Gregorian calendar date; original historical calendar/date is not separately stated by the source.,Europe,FEB-06-0337-01,religion,Election of Pope Julius I.,Election of Pope Julius I.,6 February 337 CE,https://en.wikipedia.org/wiki/February_6,,--02-06,Rome,"Not separately stated; listed as February 6, 337",Wikipedia — February 6,,exact,Papal election,Italy,Gregorian calendar date-page normalization,meets target,Pope Julius I,Papacy,global,Wikipedia date-page; single-source verification,20,verified—single source,20,6
6,CE,1465,February,Italian mathematician and theorist. Listed under this Gregorian calendar date; original historical calendar/date is not separately stated by the source.,Europe,FEB-06-1465-16,birth,"Scipione del Ferro, Italian mathematician and theorist (died 1526)","Scipione del Ferro, Italian mathematician and theorist (died 1526)",6 February 1465 CE,https://en.wikipedia.org/wiki/February_6,,--02-06,,"Not separately stated; listed as February 6, 1465",Wikipedia — February 6,,exact,Mathematician born,Italy,Gregorian calendar date-page normalization,meets target,Scipione del Ferro,Scipione del Ferro,global,Wikipedia date-page; single-source verification,20,verified—single source,20,7
6,CE,1579,February,Erected by papal bull. Listed under this Gregorian calendar date; original historical calendar/date is not separately stated by the source.,Asia,FEB-06-1579-02,religion,"The Diocese of Manila is erected by papal bull, with Domingo de Salazar appointed its first bishop.","The Diocese of Manila is erected by papal bull, with Domingo de Salazar appointed its first bishop.",6 February 1579 CE,https://en.wikipedia.org/wiki/February_6,,--02-06,Manila,"Not separately stated; listed as February 6, 1579",Wikipedia — February 6,,exact,Diocese established,Philippines,Gregorian calendar date-page normalization,meets target,Domingo de Salazar,Diocese of Manila,regional,Wikipedia date-page; single-source verification,20,verified—single source,20,7
6,CE,1778,February,The treaties signaled official recognition of the new republic. Listed under this Gregorian calendar date; original historical calendar/date is not separately stated by the source.,multi-regional,FEB-06-1778-03,political,American Revolutionary War: In Paris the Treaty of Alliance and the Treaty of Amity and Commerce are signed by the United States and France signaling official recognition of the new republic.,American Revolutionary War: In Paris the Treaty of Alliance and the Treaty of Amity and Commerce are signed by the United States and France signaling official recognition of the new republic.,6 February 1778 CE,https://en.wikipedia.org/wiki/February_6,,--02-06,Paris,"Not separately stated; listed as February 6, 1778",Wikipedia — February 6,,exact,Franco-American alliance,United States; France,Gregorian calendar date-page normalization,meets target,,United States and France,global,Wikipedia date-page; single-source verification,20,verified—single source,20,9
6,CE,1802,February,English-French physicist and cryptographer. Listed under this Gregorian calendar date; original historical calendar/date is not separately stated by the source.,Europe,FEB-06-1802-17,birth,"Charles Wheatstone, English-French physicist and cryptographer (died 1875)","Charles Wheatstone, English-French physicist and cryptographer (died 1875)",6 February 1802 CE,https://en.wikipedia.org/wiki/February_6,,--02-06,,"Not separately stated; listed as February 6, 1802",Wikipedia — February 6,,exact,Physics and cryptography,United Kingdom; France,Gregorian calendar date-page normalization,meets target,Charles Wheatstone,Charles Wheatstone,global,Wikipedia date-page; single-source verification,20,verified—single source,20,8
6,CE,1819,February,Recognised as the founding of modern Singapore. Listed under this Gregorian calendar date; original historical calendar/date is not separately stated by the source.,Asia,FEB-06-1819-04,political,"The Treaty of Singapore was signed by Sir Thomas Stamford Raffles, Hussein Shah of Johor, and Temenggong Abdul Rahman, and it is now recognised as the founding of modern Singapore.","The Treaty of Singapore was signed by Sir Thomas Stamford Raffles, Hussein Shah of Johor, and Temenggong Abdul Rahman, and it is now recognised as the founding of modern Singapore.",6 February 1819 CE,https://en.wikipedia.org/wiki/February_6,,--02-06,Singapore,"Not separately stated; listed as February 6, 1819",Wikipedia — February 6,,exact,Founding treaty,Singapore; Malaysia,Gregorian calendar date-page normalization,meets target,Sir Thomas Stamford Raffles; Hussein Shah of Johor; Temenggong Abdul Rahman,Singapore,regional,Wikipedia date-page; single-source verification,20,verified—single source,20,8
6,CE,1840,February,Established New Zealand as a British colony. Listed under this Gregorian calendar date; original historical calendar/date is not separately stated by the source.,Oceania,FEB-06-1840-05,independence,"Signing of the Treaty of Waitangi, establishing New Zealand as a British colony.","Signing of the Treaty of Waitangi, establishing New Zealand as a British colony.",6 February 1840 CE,https://en.wikipedia.org/wiki/February_6,,--02-06,,"Not separately stated; listed as February 6, 1840",Wikipedia — February 6,,exact,Treaty of Waitangi,New Zealand; United Kingdom,Gregorian calendar date-page normalization,meets target,,New Zealand,national,Wikipedia date-page; single-source verification,20,verified—single source,20,9
6,CE,1862,February,The Union's first victory of the American Civil War. Listed under this Gregorian calendar date; original historical calendar/date is not separately stated by the source.,Americas,FEB-06-1862-06,war,"American Civil War: Forces under the command of Ulysses S. Grant and Andrew H. Foote give the Union its first victory of the war, capturing Fort Henry, Tennessee in the Battle of Fort Henry.","American Civil War: Forces under the command of Ulysses S. Grant and Andrew H. Foote give the Union its first victory of the war, capturing Fort Henry, Tennessee in the Battle of Fort Henry.",6 February 1862 CE,https://en.wikipedia.org/wiki/February_6,,--02-06,"Fort Henry, Tennessee","Not separately stated; listed as February 6, 1862",Wikipedia — February 6,,exact,Battle of Fort Henry,United States,Gregorian calendar date-page normalization,meets target,Ulysses S. Grant; Andrew H. Foote,Union forces,national,Wikipedia date-page; single-source verification,20,verified—single source,20,8
6,CE,1890,February,Pakistani activist and politician. Listed under this Gregorian calendar date; original historical calendar/date is not separately stated by the source.,Asia,FEB-06-1890-18,birth,"Khan Abdul Ghaffar Khan, Pakistani activist and politician (died 1988)","Khan Abdul Ghaffar Khan, Pakistani activist and politician (died 1988)",6 February 1890 CE,https://en.wikipedia.org/wiki/February_6,,--02-06,,"Not separately stated; listed as February 6, 1890",Wikipedia — February 6,,exact,Nonviolent activist born,Pakistan,Gregorian calendar date-page normalization,meets target,Khan Abdul Ghaffar Khan,Khan Abdul Ghaffar Khan,regional,Wikipedia date-page; single-source verification,20,verified—single source,20,8
6,CE,1900,February,Created when the Senate of the Netherlands ratified an 1899 peace conference decree. Listed under this Gregorian calendar date; original historical calendar/date is not separately stated by the source.,Europe,FEB-06-1900-07,political,"The Permanent Court of Arbitration, an international arbitration court at The Hague, is created when the Senate of the Netherlands ratifies an 1899 peace conference decree.","The Permanent Court of Arbitration, an international arbitration court at The Hague, is created when the Senate of the Netherlands ratifies an 1899 peace conference decree.",6 February 1900 CE,https://en.wikipedia.org/wiki/February_6,,--02-06,The Hague,"Not separately stated; listed as February 6, 1900",Wikipedia — February 6,,exact,Permanent Court of Arbitration created,Netherlands,Gregorian calendar date-page normalization,meets target,,Permanent Court of Arbitration,global,Wikipedia date-page; single-source verification,20,verified—single source,20,8
6,CE,1911,February,American actor and politician; 40th President of the United States. Listed under this Gregorian calendar date; original historical calendar/date is not separately stated by the source.,Americas,FEB-06-1911-19,birth,"Ronald Reagan, American actor and politician, 40th President of the United States (died 2004)","Ronald Reagan, American actor and politician, 40th President of the United States (died 2004)",6 February 1911 CE,https://en.wikipedia.org/wiki/February_6,,--02-06,,"Not separately stated; listed as February 6, 1911",Wikipedia — February 6,,exact,U.S. president born,United States,Gregorian calendar date-page normalization,meets target,Ronald Reagan,Ronald Reagan,global,Wikipedia date-page; single-source verification,20,verified—single source,20,9
6,CE,1918,February,Applied to women over 30 meeting minimum property qualifications. Listed under this Gregorian calendar date; original historical calendar/date is not separately stated by the source.,Europe,FEB-06-1918-08,social_history,"British women over the age of 30 who meet minimum property qualifications, get the right to vote when Representation of the People Act 1918 is passed by Parliament.","British women over the age of 30 who meet minimum property qualifications, get the right to vote when Representation of the People Act 1918 is passed by Parliament.",6 February 1918 CE,https://en.wikipedia.org/wiki/February_6,,--02-06,London,"Not separately stated; listed as February 6, 1918",Wikipedia — February 6,,exact,Women's suffrage,United Kingdom,Gregorian calendar date-page normalization,meets target,,Representation of the People Act 1918,national,Wikipedia date-page; single-source verification,20,verified—single source,20,9
6,CE,1922,February,Limited naval armaments of the five signatory powers. Listed under this Gregorian calendar date; original historical calendar/date is not separately stated by the source.,multi-regional,FEB-06-1922-09,war,"The Washington Naval Treaty is signed in Washington, D.C., limiting the naval armaments of United States, Britain, Japan, France, and Italy.","The Washington Naval Treaty is signed in Washington, D.C., limiting the naval armaments of United States, Britain, Japan, France, and Italy.",6 February 1922 CE,https://en.wikipedia.org/wiki/February_6,,--02-06,"Washington, D.C.","Not separately stated; listed as February 6, 1922",Wikipedia — February 6,,exact,Washington Naval Treaty,United States; United Kingdom; Japan; France; Italy,Gregorian calendar date-page normalization,meets target,,Washington Naval Treaty,global,Wikipedia date-page; single-source verification,20,verified—single source,20,9
6,CE,1934,February,Far-right leagues rallied in an attempted coup. Listed under this Gregorian calendar date; original historical calendar/date is not separately stated by the source.,Europe,FEB-06-1934-10,political,"Far-right leagues rally in front of the Palais Bourbon in an attempted coup against the French Third Republic, creating a political crisis in France.","Far-right leagues rally in front of the Palais Bourbon in an attempted coup against the French Third Republic, creating a political crisis in France.",6 February 1934 CE,https://en.wikipedia.org/wiki/February_6,,--02-06,Paris,"Not separately stated; listed as February 6, 1934",Wikipedia — February 6,,exact,French political crisis,France,Gregorian calendar date-page normalization,meets target,,French Third Republic,national,Wikipedia date-page; single-source verification,20,verified—single source,20,7
6,CE,1952,February,Succession occurred upon the death of George VI. Listed under this Gregorian calendar date; original historical calendar/date is not separately stated by the source.,multi-regional,FEB-06-1952-11,political,"Elizabeth II becomes Queen of the United Kingdom and her other Realms and Territories and Head of the Commonwealth upon the death of her father, George VI. At the exact moment of succession, she was in a tree house at the Treetops Hotel in Kenya.","Elizabeth II becomes Queen of the United Kingdom and her other Realms and Territories and Head of the Commonwealth upon the death of her father, George VI. At the exact moment of succession, she was in a tree house at the Treetops Hotel in Kenya.",6 February 1952 CE,https://en.wikipedia.org/wiki/February_6,,--02-06,"Treetops Hotel, Kenya","Not separately stated; listed as February 6, 1952",Wikipedia — February 6,,exact,Elizabeth II succeeds George VI,United Kingdom; Kenya,Gregorian calendar date-page normalization,meets target,Elizabeth II; George VI,British monarchy,global,Wikipedia date-page; single-source verification,20,verified—single source,20,9
6,CE,1958,February,Eight Manchester United F.C. players and 15 other passengers were killed. Listed under this Gregorian calendar date; original historical calendar/date is not separately stated by the source.,Europe,FEB-06-1958-12,disaster,Eight Manchester United F.C. players and 15 other passengers are killed in the Munich air disaster.,Eight Manchester United F.C. players and 15 other passengers are killed in the Munich air disaster.,6 February 1958 CE,https://en.wikipedia.org/wiki/February_6,,--02-06,Munich,"Not separately stated; listed as February 6, 1958",Wikipedia — February 6,,exact,Munich air disaster,Germany; United Kingdom,Gregorian calendar date-page normalization,meets target,Manchester United F.C. players,Munich air disaster,global,Wikipedia date-page; single-source verification,20,verified—single source,20,8
6,CE,1959,February,First patent for an integrated circuit. Listed under this Gregorian calendar date; original historical calendar/date is not separately stated by the source.,Americas,FEB-06-1959-13,technology,Jack Kilby of Texas Instruments files the first patent for an integrated circuit.,Jack Kilby of Texas Instruments files the first patent for an integrated circuit.,6 February 1959 CE,https://en.wikipedia.org/wiki/February_6,,--02-06,,"Not separately stated; listed as February 6, 1959",Wikipedia — February 6,,exact,Integrated circuit patent,United States,Gregorian calendar date-page normalization,meets target,Jack Kilby,Integrated circuit,global,Wikipedia date-page; single-source verification,20,verified—single source,20,10
6,CE,1989,February,Marked the beginning of the overthrow of communism in Eastern Europe. Listed under this Gregorian calendar date; original historical calendar/date is not separately stated by the source.,Europe,FEB-06-1989-14,political,"The Round Table Talks start in Poland, thus marking the beginning of the overthrow of communism in Eastern Europe.","The Round Table Talks start in Poland, thus marking the beginning of the overthrow of communism in Eastern Europe.",6 February 1989 CE,https://en.wikipedia.org/wiki/February_6,,--02-06,Warsaw,"Not separately stated; listed as February 6, 1989",Wikipedia — February 6,,exact,Polish Round Table Talks,Poland,Gregorian calendar date-page normalization,meets target,,Poland,regional,Wikipedia date-page; single-source verification,20,verified—single source,20,9
6,CE,2000,February,Forced the separatist Chechen Republic of Ichkeria government into exile. Listed under this Gregorian calendar date; original historical calendar/date is not separately stated by the source.,Europe,FEB-06-2000-15,war,"Second Chechen War: Russia captures Grozny, Chechnya, forcing the separatist Chechen Republic of Ichkeria government into exile.","Second Chechen War: Russia captures Grozny, Chechnya, forcing the separatist Chechen Republic of Ichkeria government into exile.",6 February 2000 CE,https://en.wikipedia.org/wiki/February_6,,--02-06,Grozny,"Not separately stated; listed as February 6, 2000",Wikipedia — February 6,,exact,Capture of Grozny,Russia,Gregorian calendar date-page normalization,meets target,,Second Chechen War,regional,Wikipedia date-page; single-source verification,20,verified—single source,20,8
6,CE,2006,February,Stephen Harper becomes Prime Minister of Canada. Listed under this Gregorian calendar date; original historical calendar/date is not separately stated by the source.,North America,FEB-06-2006-20,political event,Stephen Harper becomes Prime Minister of Canada.,Stephen Harper becomes Prime Minister of Canada.,6 February 2006 CE,https://en.wikipedia.org/wiki/February_6,,--02-06,None,"Not separately stated; listed as February 6, 2006",Wikipedia — February 6,,exact,government and politics,Canada,Gregorian calendar date-page normalization,meets target,['Stephen Harper'],Government of Canada,national,Wikipedia date-page; single-source verification,20,verified—single source,20,8
7,CE,457,February,Listed under this Gregorian calendar date; original historical calendar/date is not separately stated by the source.,Europe,FEB-07-0457-01,political,Leo I becomes the Eastern Roman emperor.,Leo I becomes the Eastern Roman emperor.,7 February 457 CE,https://en.wikipedia.org/wiki/February_7,,--02-07,Constantinople,"Not separately stated; listed as February 7, 457",Wikipedia — February 7,,exact,imperial accession,Türkiye,Gregorian calendar date-page normalization,meets target,Leo I,Eastern Roman Empire,regional,Wikipedia date-page; single-source verification,20,verified—single source,20,8
7,CE,1301,February,Listed under this Gregorian calendar date; original historical calendar/date is not separately stated by the source.,Europe,FEB-07-1301-02,political,Edward of Caernarvon (later King Edward II of England) becomes the first English Prince of Wales.,Edward of Caernarvon (later King Edward II of England) becomes the first English Prince of Wales.,7 February 1301 CE,https://en.wikipedia.org/wiki/February_7,,--02-07,,"Not separately stated; listed as February 7, 1301",Wikipedia — February 7,,exact,creation of principality,United Kingdom,Gregorian calendar date-page normalization,meets target,Edward of Caernarvon,Principality of Wales,national,Wikipedia date-page; single-source verification,20,verified—single source,20,7
7,CE,1497,February,Listed under this Gregorian calendar date; original historical calendar/date is not separately stated by the source.,Europe,FEB-07-1497-03,religion,"In Florence, Italy, supporters of Girolamo Savonarola burn cosmetics, art, and books, in a "" Bonfire of the vanities"".","In Florence, Italy, supporters of Girolamo Savonarola burn cosmetics, art, and books, in a "" Bonfire of the vanities"".",7 February 1497 CE,https://en.wikipedia.org/wiki/February_7,,--02-07,Florence,"Not separately stated; listed as February 7, 1497",Wikipedia — February 7,,exact,Bonfire of the Vanities,Italy,Gregorian calendar date-page normalization,meets target,Girolamo Savonarola,Florentine religious movement,regional,Wikipedia date-page; single-source verification,20,verified—single source,20,7
7,CE,1783,February,Listed under this Gregorian calendar date; original historical calendar/date is not separately stated by the source.,Europe,FEB-07-1783-04,war,American Revolutionary War: French and Spanish forces lift the Great Siege of Gibraltar.,American Revolutionary War: French and Spanish forces lift the Great Siege of Gibraltar.,7 February 1783 CE,https://en.wikipedia.org/wiki/February_7,,--02-07,Gibraltar,"Not separately stated; listed as February 7, 1783",Wikipedia — February 7,,exact,Siege of Gibraltar,United Kingdom;Spain,Gregorian calendar date-page normalization,meets target,,American Revolutionary War,global,Wikipedia date-page; single-source verification,20,verified—single source,20,8
7,CE,1795,February,Listed under this Gregorian calendar date; original historical calendar/date is not separately stated by the source.,Americas,FEB-07-1795-05,political,The 11th Amendment to the United States Constitution is ratified.,The 11th Amendment to the United States Constitution is ratified.,7 February 1795 CE,https://en.wikipedia.org/wiki/February_7,,--02-07,,"Not separately stated; listed as February 7, 1795",Wikipedia — February 7,,exact,constitutional amendment,United States,Gregorian calendar date-page normalization,meets target,,United States Constitution,national,Wikipedia date-page; single-source verification,20,verified—single source,20,8
7,CE,1807,February,The battle continued the next day. Listed under this Gregorian calendar date; original historical calendar/date is not separately stated by the source.,Europe,FEB-07-1807-06,war,"Napoleonic Wars: Napoleon finds Bennigsen's Russian forces taking a stand at Eylau. After bitter fighting, the French take the town, but the Russians resume the battle the next day.","Napoleonic Wars: Napoleon finds Bennigsen's Russian forces taking a stand at Eylau. After bitter fighting, the French take the town, but the Russians resume the battle the next day.",7 February 1807 CE,https://en.wikipedia.org/wiki/February_7,,--02-07,Eylau,"Not separately stated; listed as February 7, 1807",Wikipedia — February 7,,exact,Battle of Eylau,Russia,Gregorian calendar date-page normalization,meets target,Napoleon;Bennigsen,Napoleonic Wars,global,Wikipedia date-page; single-source verification,20,verified—single source,20,8
7,CE,1812,February,The strongest in a series of earthquakes. Listed under this Gregorian calendar date; original historical calendar/date is not separately stated by the source.,Americas,FEB-07-1812-07,disaster,"The strongest in a series of earthquakes strikes New Madrid, Missouri.","The strongest in a series of earthquakes strikes New Madrid, Missouri.",7 February 1812 CE,https://en.wikipedia.org/wiki/February_7,,--02-07,"New Madrid, Missouri","Not separately stated; listed as February 7, 1812",Wikipedia — February 7,,exact,New Madrid earthquake,United States,Gregorian calendar date-page normalization,meets target,,New Madrid seismic sequence,national,Wikipedia date-page; single-source verification,20,verified—single source,20,8
7,CE,1819,February,Listed under this Gregorian calendar date; original historical calendar/date is not separately stated by the source.,Asia,FEB-07-1819-08,exploration,"Sir Thomas Stamford Raffles leaves Singapore after just taking it over, leaving it in the hands of William Farquhar.","Sir Thomas Stamford Raffles leaves Singapore after just taking it over, leaving it in the hands of William Farquhar.",7 February 1819 CE,https://en.wikipedia.org/wiki/February_7,,--02-07,Singapore,"Not separately stated; listed as February 7, 1819",Wikipedia — February 7,,exact,Singapore takeover,Singapore,Gregorian calendar date-page normalization,meets target,Thomas Stamford Raffles;William Farquhar,Singapore,global,Wikipedia date-page; single-source verification,20,verified—single source,20,8
7,CE,1854,February,"Lectures started October 16, 1855. Listed under this Gregorian calendar date; original historical calendar/date is not separately stated by the source.",Europe,FEB-07-1854-09,education,"A law is approved to found the Swiss Federal Institute of Technology. Lectures started October 16, 1855.","A law is approved to found the Swiss Federal Institute of Technology. Lectures started October 16, 1855.",7 February 1854 CE,https://en.wikipedia.org/wiki/February_7,,--02-07,Zürich,"Not separately stated; listed as February 7, 1854",Wikipedia — February 7,,exact,technical institute founding,Switzerland,Gregorian calendar date-page normalization,meets target,,Swiss Federal Institute of Technology,global,Wikipedia date-page; single-source verification,20,verified—single source,20,8
7,CE,1863,February,189 people were killed. Listed under this Gregorian calendar date; original historical calendar/date is not separately stated by the source.,Oceania,FEB-07-1863-10,disaster,"HMS Orpheus sinks off the coast of Auckland, New Zealand, killing 189.","HMS Orpheus sinks off the coast of Auckland, New Zealand, killing 189.",7 February 1863 CE,https://en.wikipedia.org/wiki/February_7,,--02-07,Auckland,"Not separately stated; listed as February 7, 1863",Wikipedia — February 7,,exact,naval sinking,New Zealand,Gregorian calendar date-page normalization,meets target,,HMS Orpheus,national,Wikipedia date-page; single-source verification,20,verified—single source,20,7
7,CE,1898,February,Zola was tried for libel after publishing J'Accuse...!. Listed under this Gregorian calendar date; original historical calendar/date is not separately stated by the source.,Europe,FEB-07-1898-11,political,Dreyfus affair: Émile Zola is brought to trial for libel for publishing J'Accuse...!,Dreyfus affair: Émile Zola is brought to trial for libel for publishing J'Accuse...!,7 February 1898 CE,https://en.wikipedia.org/wiki/February_7,,--02-07,,"Not separately stated; listed as February 7, 1898",Wikipedia — February 7,,exact,Dreyfus affair trial,France,Gregorian calendar date-page normalization,meets target,Émile Zola,Dreyfus affair,global,Wikipedia date-page; single-source verification,20,verified—single source,20,9
7,CE,1900,February,British troops failed in their third attempt to lift the siege. Listed under this Gregorian calendar date; original historical calendar/date is not separately stated by the source.,Africa,FEB-07-1900-12,war,Second Boer War: British troops fail in their third attempt to lift the Siege of Ladysmith.,Second Boer War: British troops fail in their third attempt to lift the Siege of Ladysmith.,7 February 1900 CE,https://en.wikipedia.org/wiki/February_7,,--02-07,Ladysmith,"Not separately stated; listed as February 7, 1900",Wikipedia — February 7,,exact,Siege of Ladysmith,South Africa;United Kingdom,Gregorian calendar date-page normalization,meets target,,Second Boer War,global,Wikipedia date-page; single-source verification,20,verified—single source,20,8
7,CE,1900,February,A Chinese immigrant fell ill. Listed under this Gregorian calendar date; original historical calendar/date is not separately stated by the source.,Americas,FEB-07-1900-13,medicine,A Chinese immigrant in San Francisco falls ill to bubonic plague in the first plague epidemic in the continental United States.,A Chinese immigrant in San Francisco falls ill to bubonic plague in the first plague epidemic in the continental United States.,7 February 1900 CE,https://en.wikipedia.org/wiki/February_7,,--02-07,San Francisco,"Not separately stated; listed as February 7, 1900",Wikipedia — February 7,,exact,plague epidemic,United States,Gregorian calendar date-page normalization,meets target,,First plague epidemic in the continental United States,national,Wikipedia date-page; single-source verification,20,verified—single source,20,8
7,CE,1904,February,"Over 1,500 buildings were destroyed in 30 hours. Listed under this Gregorian calendar date; original historical calendar/date is not separately stated by the source.",Americas,FEB-07-1904-14,disaster,"The Great Baltimore Fire begins in Baltimore, Maryland; it destroys over 1,500 buildings in 30 hours.","The Great Baltimore Fire begins in Baltimore, Maryland; it destroys over 1,500 buildings in 30 hours.",7 February 1904 CE,https://en.wikipedia.org/wiki/February_7,,--02-07,Baltimore,"Not separately stated; listed as February 7, 1904",Wikipedia — February 7,,exact,Great Baltimore Fire,United States,Gregorian calendar date-page normalization,meets target,,Great Baltimore Fire,national,Wikipedia date-page; single-source verification,20,verified—single source,20,8
7,CE,1943,February,Operation Ke ended Japanese attempts to retake the island. Listed under this Gregorian calendar date; original historical calendar/date is not separately stated by the source.,Oceania,FEB-07-1943-15,war,"World War II: Imperial Japanese Navy forces complete the evacuation of Imperial Japanese Army troops from Guadalcanal during Operation Ke, ending Japanese attempts to retake the island from Allied forces in the Guadalcanal campaign.","World War II: Imperial Japanese Navy forces complete the evacuation of Imperial Japanese Army troops from Guadalcanal during Operation Ke, ending Japanese attempts to retake the island from Allied forces in the Guadalcanal campaign.",7 February 1943 CE,https://en.wikipedia.org/wiki/February_7,,--02-07,Guadalcanal,"Not separately stated; listed as February 7, 1943",Wikipedia — February 7,,exact,Guadalcanal evacuation,Solomon Islands;Japan;United States,Gregorian calendar date-page normalization,meets target,,World War II,global,Wikipedia date-page; single-source verification,20,verified—single source,20,9
7,CE,1974,February,Listed under this Gregorian calendar date; original historical calendar/date is not separately stated by the source.,Americas,FEB-07-1974-16,independence,Grenada gains independence from the United Kingdom.,Grenada gains independence from the United Kingdom.,7 February 1974 CE,https://en.wikipedia.org/wiki/February_7,,--02-07,,"Not separately stated; listed as February 7, 1974",Wikipedia — February 7,,exact,independence from the United Kingdom,Grenada;United Kingdom,Gregorian calendar date-page normalization,meets target,,Grenada,national,Wikipedia date-page; single-source verification,20,verified—single source,20,8
7,CE,1984,February,First untethered space walk using the Manned Maneuvering Unit. Listed under this Gregorian calendar date; original historical calendar/date is not separately stated by the source.,multi-regional,FEB-07-1984-17,space,Space Shuttle program: STS-41-B Mission: astronauts Bruce McCandless II and Robert L. Stewart make the first untethered space walk using the Manned Maneuvering Unit (MMU).,Space Shuttle program: STS-41-B Mission: astronauts Bruce McCandless II and Robert L. Stewart make the first untethered space walk using the Manned Maneuvering Unit (MMU).,7 February 1984 CE,https://en.wikipedia.org/wiki/February_7,,--02-07,,"Not separately stated; listed as February 7, 1984",Wikipedia — February 7,,exact,untethered spacewalk,United States,Gregorian calendar date-page normalization,meets target,Bruce McCandless II;Robert L. Stewart,Space Shuttle program,global,Wikipedia date-page; single-source verification,20,verified—single source,20,9
7,CE,1990,February,The Central Committee agreed to give up its monopoly on power. Listed under this Gregorian calendar date; original historical calendar/date is not separately stated by the source.,Europe,FEB-07-1990-18,political,Dissolution of the Soviet Union: The Central Committee of the Soviet Communist Party agrees to give up its monopoly on power.,Dissolution of the Soviet Union: The Central Committee of the Soviet Communist Party agrees to give up its monopoly on power.,7 February 1990 CE,https://en.wikipedia.org/wiki/February_7,,--02-07,,"Not separately stated; listed as February 7, 1990",Wikipedia — February 7,,exact,end of Communist Party monopoly,Russia,Gregorian calendar date-page normalization,meets target,,Soviet Communist Party,global,Wikipedia date-page; single-source verification,20,verified—single source,20,9
7,CE,1992,February,The treaty led to the creation of the European Union. Listed under this Gregorian calendar date; original historical calendar/date is not separately stated by the source.,Europe,FEB-07-1992-19,political,"The Maastricht Treaty is signed, leading to the creation of the European Union.","The Maastricht Treaty is signed, leading to the creation of the European Union.",7 February 1992 CE,https://en.wikipedia.org/wiki/February_7,,--02-07,Maastricht,"Not separately stated; listed as February 7, 1992",Wikipedia — February 7,,exact,Maastricht Treaty,Netherlands;European Union member states,Gregorian calendar date-page normalization,meets target,,European Union,global,Wikipedia date-page; single-source verification,20,verified—single source,20,10
7,CE,2001,February,Space Shuttle Atlantis carried the Destiny laboratory module. Listed under this Gregorian calendar date; original historical calendar/date is not separately stated by the source.,multi-regional,FEB-07-2001-20,space,"Space Shuttle program: Space Shuttle Atlantis is launched on mission STS-98, carrying the Destiny laboratory module to the International Space Station.","Space Shuttle program: Space Shuttle Atlantis is launched on mission STS-98, carrying the Destiny laboratory module to the International Space Station.",7 February 2001 CE,https://en.wikipedia.org/wiki/February_7,,--02-07,,"Not separately stated; listed as February 7, 2001",Wikipedia — February 7,,exact,Destiny laboratory launch,United States,Gregorian calendar date-page normalization,meets target,,International Space Station,global,Wikipedia date-page; single-source verification,20,verified—single source,20,8
8,CE,120,February,"Greek astronomer, mathematician, and astrologer. Listed under this Gregorian calendar date; original historical calendar/date is not separately stated by the source.",Europe,FEB-08-0120-17,birth,"Vettius Valens, Greek astronomer, mathematician, and astrologer (died ~175)","Vettius Valens, Greek astronomer, mathematician, and astrologer (died ~175)",8 February 120 CE,https://en.wikipedia.org/wiki/February_8,,--02-08,,"Not separately stated; listed as February 8, 120",Wikipedia — February 8,,exact,Birth of Vettius Valens,,Gregorian calendar date-page normalization,meets target,Vettius Valens,Greco-Roman scholarship,regional,Wikipedia date-page; single-source verification,20,verified—single source,20,6
8,CE,1587,February,Executed on suspicion of involvement in the Babington Plot. Listed under this Gregorian calendar date; original historical calendar/date is not separately stated by the source.,Europe,FEB-08-1587-01,political,"Mary, Queen of Scots is executed on suspicion of having been involved in the Babington Plot to murder her cousin, Queen Elizabeth I.","Mary, Queen of Scots is executed on suspicion of having been involved in the Babington Plot to murder her cousin, Queen Elizabeth I.",8 February 1587 CE,https://en.wikipedia.org/wiki/February_8,,--02-08,,"Not separately stated; listed as February 8, 1587",Wikipedia — February 8,,exact,"Execution of Mary, Queen of Scots",United Kingdom,Gregorian calendar date-page normalization,meets target,"Mary, Queen of Scots; Queen Elizabeth I",Kingdom of Scotland; Kingdom of England,regional,Wikipedia date-page; single-source verification,20,verified—single source,20,9
8,CE,1700,February,Dutch-Swiss mathematician and physicist. Listed under this Gregorian calendar date; original historical calendar/date is not separately stated by the source.,Europe,FEB-08-1700-18,birth,"Daniel Bernoulli, Dutch-Swiss mathematician and physicist (died 1782)","Daniel Bernoulli, Dutch-Swiss mathematician and physicist (died 1782)",8 February 1700 CE,https://en.wikipedia.org/wiki/February_8,,--02-08,,"Not separately stated; listed as February 8, 1700",Wikipedia — February 8,,exact,Birth of Daniel Bernoulli,Netherlands; Switzerland,Gregorian calendar date-page normalization,meets target,Daniel Bernoulli,Mathematics and physics,global,Wikipedia date-page; single-source verification,20,verified—single source,20,9
8,CE,1807,February,Listed under this Gregorian calendar date; original historical calendar/date is not separately stated by the source.,Europe,FEB-08-1807-02,war,Napoleon defeats the coalition forces of Russian General Bennigsen and Prussian General L'Estocq at the Battle of Eylau.,Napoleon defeats the coalition forces of Russian General Bennigsen and Prussian General L'Estocq at the Battle of Eylau.,8 February 1807 CE,https://en.wikipedia.org/wiki/February_8,,--02-08,Eylau,"Not separately stated; listed as February 8, 1807",Wikipedia — February 8,,exact,Battle of Eylau,Russia,Gregorian calendar date-page normalization,meets target,Napoleon; General Bennigsen; General L'Estocq,Napoleonic Wars,regional,Wikipedia date-page; single-source verification,20,verified—single source,20,8
8,CE,1817,February,The army crossed the Andes to join San Martín in the liberation of Chile from Spain. Listed under this Gregorian calendar date; original historical calendar/date is not separately stated by the source.,Americas,FEB-08-1817-03,independence,An army led by Grand Marshal Las Heras crosses the Andes to join San Martín in the liberation of Chile from Spain.,An army led by Grand Marshal Las Heras crosses the Andes to join San Martín in the liberation of Chile from Spain.,8 February 1817 CE,https://en.wikipedia.org/wiki/February_8,,--02-08,,"Not separately stated; listed as February 8, 1817",Wikipedia — February 8,,exact,Andes crossing,Argentina; Chile,Gregorian calendar date-page normalization,meets target,Grand Marshal Las Heras; José de San Martín,South American independence movement,regional,Wikipedia date-page; single-source verification,20,verified—single source,20,8
8,CE,1828,February,"French author, poet, and playwright. Listed under this Gregorian calendar date; original historical calendar/date is not separately stated by the source.",Europe,FEB-08-1828-19,birth,"Jules Verne, French author, poet, and playwright (died 1905)","Jules Verne, French author, poet, and playwright (died 1905)",8 February 1828 CE,https://en.wikipedia.org/wiki/February_8,,--02-08,,"Not separately stated; listed as February 8, 1828",Wikipedia — February 8,,exact,Birth of Jules Verne,France,Gregorian calendar date-page normalization,meets target,Jules Verne,Literature,global,Wikipedia date-page; single-source verification,20,verified—single source,20,9
8,CE,1834,February,Russian chemist and academic. Listed under this Gregorian calendar date; original historical calendar/date is not separately stated by the source.,Europe,FEB-08-1834-20,birth,"Dmitri Mendeleev, Russian chemist and academic (died 1907)","Dmitri Mendeleev, Russian chemist and academic (died 1907)",8 February 1834 CE,https://en.wikipedia.org/wiki/February_8,,--02-08,,"Not separately stated; listed as February 8, 1834",Wikipedia — February 8,,exact,Birth of Dmitri Mendeleev,Russia,Gregorian calendar date-page normalization,meets target,Dmitri Mendeleev,Chemistry,global,Wikipedia date-page; single-source verification,20,verified—single source,20,10
8,CE,1865,February,"Delaware refused ratification; national adoption occurred on December 6, 1865. Listed under this Gregorian calendar date; original historical calendar/date is not separately stated by the source.",Americas,FEB-08-1865-04,social_history,"Delaware refuses to ratify the Thirteenth Amendment to the U.S. Constitution, delaying the criminalization of slavery until the amendment's national adoption on December 6, 1865. The amendment is ultimately ratified by Delaware on February 12, 1901, the 92nd anniversary of Abraham Lincoln's birth.","Delaware refuses to ratify the Thirteenth Amendment to the U.S. Constitution, delaying the criminalization of slavery until the amendment's national adoption on December 6, 1865. The amendment is ultimately ratified by Delaware on February 12, 1901, the 92nd anniversary of Abraham Lincoln's birth.",8 February 1865 CE,https://en.wikipedia.org/wiki/February_8,,--02-08,,"Not separately stated; listed as February 8, 1865",Wikipedia — February 8,,exact,Thirteenth Amendment ratification,United States,Gregorian calendar date-page normalization,meets target,,United States Constitution,national,Wikipedia date-page; single-source verification,20,verified—single source,20,8
8,CE,1879,February,Proposed at a meeting of the Royal Canadian Institute. Listed under this Gregorian calendar date; original historical calendar/date is not separately stated by the source.,Americas,FEB-08-1879-05,technology,Sandford Fleming first proposes the adoption of Universal Standard Time at a meeting of the Royal Canadian Institute.,Sandford Fleming first proposes the adoption of Universal Standard Time at a meeting of the Royal Canadian Institute.,8 February 1879 CE,https://en.wikipedia.org/wiki/February_8,,--02-08,,"Not separately stated; listed as February 8, 1879",Wikipedia — February 8,,exact,Universal Standard Time proposal,Canada,Gregorian calendar date-page normalization,meets target,Sandford Fleming,Universal Standard Time,global,Wikipedia date-page; single-source verification,20,verified—single source,20,8
8,CE,1887,February,Authorized division of Native American tribal land into individual allotments. Listed under this Gregorian calendar date; original historical calendar/date is not separately stated by the source.,Americas,FEB-08-1887-06,political,"The Dawes Act is enacted, authorizing the U.S. President to divide Native American tribal land into individual allotments.","The Dawes Act is enacted, authorizing the U.S. President to divide Native American tribal land into individual allotments.",8 February 1887 CE,https://en.wikipedia.org/wiki/February_8,,--02-08,,"Not separately stated; listed as February 8, 1887",Wikipedia — February 8,,exact,Dawes Act,United States,Gregorian calendar date-page normalization,meets target,,Native American tribal land policy,national,Wikipedia date-page; single-source verification,20,verified—single source,20,9
8,CE,1904,February,A surprise attack marking the start of the Russo-Japanese War. Listed under this Gregorian calendar date; original historical calendar/date is not separately stated by the source.,Asia,FEB-08-1904-07,war,"Japanese forces launch a surprise attack against Russian-controlled Port Arthur, marking the start of the Russo-Japanese war.","Japanese forces launch a surprise attack against Russian-controlled Port Arthur, marking the start of the Russo-Japanese war.",8 February 1904 CE,https://en.wikipedia.org/wiki/February_8,,--02-08,Port Arthur,"Not separately stated; listed as February 8, 1904",Wikipedia — February 8,,exact,Attack on Port Arthur,China; Japan; Russia,Gregorian calendar date-page normalization,meets target,,Russo-Japanese War,global,Wikipedia date-page; single-source verification,20,verified—single source,20,9
8,CE,1910,February,Listed under this Gregorian calendar date; original historical calendar/date is not separately stated by the source.,Americas,FEB-08-1910-08,social_history,The Boy Scouts of America is incorporated by William D. Boyce.,The Boy Scouts of America is incorporated by William D. Boyce.,8 February 1910 CE,https://en.wikipedia.org/wiki/February_8,,--02-08,,"Not separately stated; listed as February 8, 1910",Wikipedia — February 8,,exact,Boy Scouts of America incorporation,United States,Gregorian calendar date-page normalization,meets target,William D. Boyce,Boy Scouts of America,national,Wikipedia date-page; single-source verification,20,verified—single source,20,7
8,CE,1942,February,Listed under this Gregorian calendar date; original historical calendar/date is not separately stated by the source.,Asia,FEB-08-1942-09,war,World War II: Japan invades Singapore.,World War II: Japan invades Singapore.,8 February 1942 CE,https://en.wikipedia.org/wiki/February_8,,--02-08,Singapore,"Not separately stated; listed as February 8, 1942",Wikipedia — February 8,,exact,Invasion of Singapore,Singapore; Japan; United Kingdom,Gregorian calendar date-page normalization,meets target,,World War II,global,Wikipedia date-page; single-source verification,20,verified—single source,20,10
8,CE,1945,February,British and Canadian forces commenced operations to occupy land between the Maas and Rhine rivers. Listed under this Gregorian calendar date; original historical calendar/date is not separately stated by the source.,Europe,FEB-08-1945-10,war,World War II: British and Canadian forces commence Operation Veritable to occupy land between the Maas and Rhine rivers.,World War II: British and Canadian forces commence Operation Veritable to occupy land between the Maas and Rhine rivers.,8 February 1945 CE,https://en.wikipedia.org/wiki/February_8,,--02-08,,"Not separately stated; listed as February 8, 1945",Wikipedia — February 8,,exact,Operation Veritable,Germany; Netherlands; United Kingdom; Canada,Gregorian calendar date-page normalization,meets target,,World War II,global,Wikipedia date-page; single-source verification,20,verified—single source,20,9
8,CE,1950,February,The Stasi was the secret police of East Germany. Listed under this Gregorian calendar date; original historical calendar/date is not separately stated by the source.,Europe,FEB-08-1950-11,political,"The Stasi, the secret police of East Germany, is established.","The Stasi, the secret police of East Germany, is established.",8 February 1950 CE,https://en.wikipedia.org/wiki/February_8,,--02-08,,"Not separately stated; listed as February 8, 1950",Wikipedia — February 8,,exact,Establishment of the Stasi,Germany,Gregorian calendar date-page normalization,meets target,,East Germany,regional,Wikipedia date-page; single-source verification,20,verified—single source,20,9
8,CE,1963,February,The regime of Prime Minister Abd al-Karim Qasim was overthrown by the Ba'ath Party. Listed under this Gregorian calendar date; original historical calendar/date is not separately stated by the source.,Middle East,FEB-08-1963-12,political,The regime of Prime Minister of Iraq Abd al-Karim Qasim is overthrown by the Ba'ath Party.,The regime of Prime Minister of Iraq Abd al-Karim Qasim is overthrown by the Ba'ath Party.,8 February 1963 CE,https://en.wikipedia.org/wiki/February_8,,--02-08,,"Not separately stated; listed as February 8, 1963",Wikipedia — February 8,,exact,Ba'athist coup in Iraq,Iraq,Gregorian calendar date-page normalization,meets target,Abd al-Karim Qasim,Iraq,regional,Wikipedia date-page; single-source verification,20,verified—single source,20,9
8,CE,1968,February,An attack on Black students protesting racial segregation left three dead and 28 injured. Listed under this Gregorian calendar date; original historical calendar/date is not separately stated by the source.,Americas,FEB-08-1968-13,social_history,"American civil rights movement: An attack on Black students from South Carolina State University who are protesting racial segregation leaves three dead and 28 injured in Orangeburg, South Carolina.","American civil rights movement: An attack on Black students from South Carolina State University who are protesting racial segregation leaves three dead and 28 injured in Orangeburg, South Carolina.",8 February 1968 CE,https://en.wikipedia.org/wiki/February_8,,--02-08,"Orangeburg, South Carolina","Not separately stated; listed as February 8, 1968",Wikipedia — February 8,,exact,Orangeburg massacre,United States,Gregorian calendar date-page normalization,meets target,,American civil rights movement,national,Wikipedia date-page; single-source verification,20,verified—single source,20,8
8,CE,1971,February,The incursion aimed to cut off the Ho Chi Minh trail and stop communist infiltration. Listed under this Gregorian calendar date; original historical calendar/date is not separately stated by the source.,Asia,FEB-08-1971-14,war,South Vietnamese ground troops launch an incursion into Laos to try to cut off the Ho Chi Minh trail and stop communist infiltration into the country.,South Vietnamese ground troops launch an incursion into Laos to try to cut off the Ho Chi Minh trail and stop communist infiltration into the country.,8 February 1971 CE,https://en.wikipedia.org/wiki/February_8,,--02-08,Laos,"Not separately stated; listed as February 8, 1971",Wikipedia — February 8,,exact,South Vietnamese incursion into Laos,Vietnam; Laos,Gregorian calendar date-page normalization,meets target,,Vietnam War,regional,Wikipedia date-page; single-source verification,20,verified—single source,20,8
8,CE,1974,February,The last mission to visit Skylab returned after 84 days in space. Listed under this Gregorian calendar date; original historical calendar/date is not separately stated by the source.,Polar,FEB-08-1974-15,space,"The crew of Skylab 4, the last mission to visit the American space station Skylab, returns to Earth after 84 days in space.","The crew of Skylab 4, the last mission to visit the American space station Skylab, returns to Earth after 84 days in space.",8 February 1974 CE,https://en.wikipedia.org/wiki/February_8,,--02-08,,"Not separately stated; listed as February 8, 1974",Wikipedia — February 8,,exact,Return of Skylab 4 crew,United States,Gregorian calendar date-page normalization,meets target,,Skylab,global,Wikipedia date-page; single-source verification,20,verified—single source,20,8
8,CE,1986,February,Twenty-three people were killed; it was described as one of Canada's worst rail accidents. Listed under this Gregorian calendar date; original historical calendar/date is not separately stated by the source.,Americas,FEB-08-1986-16,disaster,"Twenty-three people are killed when a VIA Rail passenger train collides with a Canadian National freight train near the town of Hinton, Alberta, making it one of the worst rail accidents in Canada.","Twenty-three people are killed when a VIA Rail passenger train collides with a Canadian National freight train near the town of Hinton, Alberta, making it one of the worst rail accidents in Canada.",8 February 1986 CE,https://en.wikipedia.org/wiki/February_8,,--02-08,"Hinton, Alberta","Not separately stated; listed as February 8, 1986",Wikipedia — February 8,,exact,Hinton rail collision,Canada,Gregorian calendar date-page normalization,meets target,,Canadian rail transport,national,Wikipedia date-page; single-source verification,20,verified—single source,20,7
9,CE,1098,February,A First Crusade army won a major battle during the siege of Antioch. Listed under this Gregorian calendar date; original historical calendar/date is not separately stated by the source.,Middle East,FEB-09-1098-01,war,A First Crusade army led by Bohemond of Taranto wins a major battle against the Seljuq emir Ridwan of Aleppo during the siege of Antioch.,A First Crusade army led by Bohemond of Taranto wins a major battle against the Seljuq emir Ridwan of Aleppo during the siege of Antioch.,9 February 1098 CE,https://en.wikipedia.org/wiki/February_9,,--02-09,Antioch,"Not separately stated; listed as February 9, 1098",Wikipedia — February 9,,exact,First Crusade battle,Turkey,Gregorian calendar date-page normalization,meets target,Bohemond of Taranto; Ridwan of Aleppo,First Crusade,regional,Wikipedia date-page; single-source verification,20,verified—single source,20,8
9,CE,1775,February,The British Parliament declared Massachusetts in rebellion. Listed under this Gregorian calendar date; original historical calendar/date is not separately stated by the source.,Americas,FEB-09-1775-02,war,American Revolutionary War: The British Parliament declares Massachusetts in rebellion.,American Revolutionary War: The British Parliament declares Massachusetts in rebellion.,9 February 1775 CE,https://en.wikipedia.org/wiki/February_9,,--02-09,,"Not separately stated; listed as February 9, 1775",Wikipedia — February 9,,exact,Massachusetts declared in rebellion,United States,Gregorian calendar date-page normalization,meets target,,American Revolutionary War,global,Wikipedia date-page; single-source verification,20,verified—single source,20,9
9,CE,1778,February,Rhode Island became the fourth US state to ratify the Articles of Confederation. Listed under this Gregorian calendar date; original historical calendar/date is not separately stated by the source.,Americas,FEB-09-1778-03,political,Rhode Island becomes the fourth US state to ratify the Articles of Confederation.,Rhode Island becomes the fourth US state to ratify the Articles of Confederation.,9 February 1778 CE,https://en.wikipedia.org/wiki/February_9,,--02-09,,"Not separately stated; listed as February 9, 1778",Wikipedia — February 9,,exact,Articles of Confederation ratification,United States,Gregorian calendar date-page normalization,meets target,,Rhode Island,national,Wikipedia date-page; single-source verification,20,verified—single source,20,8
9,CE,1822,February,Haiti attacked the newly established Dominican Republic. Listed under this Gregorian calendar date; original historical calendar/date is not separately stated by the source.,Americas,FEB-09-1822-04,war,Haiti attacks the newly established Dominican Republic on the other side of the island of Hispaniola.,Haiti attacks the newly established Dominican Republic on the other side of the island of Hispaniola.,9 February 1822 CE,https://en.wikipedia.org/wiki/February_9,,--02-09,,"Not separately stated; listed as February 9, 1822",Wikipedia — February 9,,exact,Haitian attack on Dominican Republic,Haiti; Dominican Republic,Gregorian calendar date-page normalization,meets target,,Hispaniola,regional,Wikipedia date-page; single-source verification,20,verified—single source,20,8
9,CE,1825,February,The House elected John Quincy Adams after no candidate received a majority of electoral votes. Listed under this Gregorian calendar date; original historical calendar/date is not separately stated by the source.,Americas,FEB-09-1825-05,political,"After no candidate receives a majority of electoral votes in the US presidential election of 1824, the United States House of Representatives elects John Quincy Adams as sixth President of the United States in a contingent election.","After no candidate receives a majority of electoral votes in the US presidential election of 1824, the United States House of Representatives elects John Quincy Adams as sixth President of the United States in a contingent election.",9 February 1825 CE,https://en.wikipedia.org/wiki/February_9,,--02-09,"Washington, D.C.","Not separately stated; listed as February 9, 1825",Wikipedia — February 9,,exact,Contingent presidential election,United States,Gregorian calendar date-page normalization,meets target,John Quincy Adams,United States House of Representatives,global,Wikipedia date-page; single-source verification,20,verified—single source,20,9
9,CE,1849,February,The new Roman Republic was declared. Listed under this Gregorian calendar date; original historical calendar/date is not separately stated by the source.,Europe,FEB-09-1849-06,political,The new Roman Republic is declared.,The new Roman Republic is declared.,9 February 1849 CE,https://en.wikipedia.org/wiki/February_9,,--02-09,Rome,"Not separately stated; listed as February 9, 1849",Wikipedia — February 9,,exact,Roman Republic declared,Italy,Gregorian calendar date-page normalization,meets target,,Roman Republic,regional,Wikipedia date-page; single-source verification,20,verified—single source,20,8
9,CE,1861,February,Jefferson Davis was elected Provisional President by the Provisional Confederate Congress. Listed under this Gregorian calendar date; original historical calendar/date is not separately stated by the source.,Americas,FEB-09-1861-07,political,"American Civil War: Jefferson Davis is elected the Provisional President of the Confederate States of America by the Provisional Confederate Congress at Montgomery, Alabama.","American Civil War: Jefferson Davis is elected the Provisional President of the Confederate States of America by the Provisional Confederate Congress at Montgomery, Alabama.",9 February 1861 CE,https://en.wikipedia.org/wiki/February_9,,--02-09,Montgomery,"Not separately stated; listed as February 9, 1861",Wikipedia — February 9,,exact,Jefferson Davis elected provisional president,United States,Gregorian calendar date-page normalization,meets target,Jefferson Davis,Confederate States of America,global,Wikipedia date-page; single-source verification,20,verified—single source,20,9
9,CE,1870,February,A joint resolution of Congress established the U.S. Weather Bureau. Listed under this Gregorian calendar date; original historical calendar/date is not separately stated by the source.,Americas,FEB-09-1870-08,science,US president Ulysses S. Grant signs a joint resolution of Congress establishing the U.S. Weather Bureau.,US president Ulysses S. Grant signs a joint resolution of Congress establishing the U.S. Weather Bureau.,9 February 1870 CE,https://en.wikipedia.org/wiki/February_9,,--02-09,,"Not separately stated; listed as February 9, 1870",Wikipedia — February 9,,exact,US Weather Bureau established,United States,Gregorian calendar date-page normalization,meets target,Ulysses S. Grant,U.S. Weather Bureau,national,Wikipedia date-page; single-source verification,20,verified—single source,20,7
9,CE,1893,February,Verdi's last opera premiered at La Scala. Listed under this Gregorian calendar date; original historical calendar/date is not separately stated by the source.,Europe,FEB-09-1893-09,literature_culture,"Verdi's last opera, Falstaff, premieres at La Scala, Milan.","Verdi's last opera, Falstaff, premieres at La Scala, Milan.",9 February 1893 CE,https://en.wikipedia.org/wiki/February_9,,--02-09,Milan,"Not separately stated; listed as February 9, 1893",Wikipedia — February 9,,exact,Falstaff premiere,Italy,Gregorian calendar date-page normalization,meets target,Giuseppe Verdi,Opera,global,Wikipedia date-page; single-source verification,20,verified—single source,20,8
9,CE,1895,February,"William G. Morgan created a game called Mintonette, soon referred to as volleyball. Listed under this Gregorian calendar date; original historical calendar/date is not separately stated by the source.",Americas,FEB-09-1895-10,social_history,"William G. Morgan creates a game called Mintonette, which soon comes to be referred to as volleyball.","William G. Morgan creates a game called Mintonette, which soon comes to be referred to as volleyball.",9 February 1895 CE,https://en.wikipedia.org/wiki/February_9,,--02-09,,"Not separately stated; listed as February 9, 1895",Wikipedia — February 9,,exact,Volleyball created,United States,Gregorian calendar date-page normalization,meets target,William G. Morgan,Volleyball,global,Wikipedia date-page; single-source verification,20,verified—single source,20,7
9,CE,1904,February,The Battle of Port Arthur concluded. Listed under this Gregorian calendar date; original historical calendar/date is not separately stated by the source.,Asia,FEB-09-1904-11,war,Russo-Japanese War: Battle of Port Arthur concludes.,Russo-Japanese War: Battle of Port Arthur concludes.,9 February 1904 CE,https://en.wikipedia.org/wiki/February_9,,--02-09,Port Arthur,"Not separately stated; listed as February 9, 1904",Wikipedia — February 9,,exact,Battle of Port Arthur concludes,China; Japan; Russia,Gregorian calendar date-page normalization,meets target,,Russo-Japanese War,regional,Wikipedia date-page; single-source verification,20,verified—single source,20,8
9,CE,1907,February,The Mud March was the first large procession organized by the NUWSS. Listed under this Gregorian calendar date; original historical calendar/date is not separately stated by the source.,Europe,FEB-09-1907-12,social_history,The Mud March is the first large procession organised by the National Union of Women's Suffrage Societies (NUWSS).,The Mud March is the first large procession organised by the National Union of Women's Suffrage Societies (NUWSS).,9 February 1907 CE,https://en.wikipedia.org/wiki/February_9,,--02-09,London,"Not separately stated; listed as February 9, 1907",Wikipedia — February 9,,exact,Mud March suffrage procession,United Kingdom,Gregorian calendar date-page normalization,meets target,,National Union of Women's Suffrage Societies,national,Wikipedia date-page; single-source verification,20,verified—single source,20,8
9,CE,1920,February,International diplomacy recognized Norwegian sovereignty and designated Svalbard as demilitarized. Listed under this Gregorian calendar date; original historical calendar/date is not separately stated by the source.,Polar,FEB-09-1920-13,political,"Under the terms of the Svalbard Treaty, international diplomacy recognizes Norwegian sovereignty over Arctic archipelago Svalbard, and designates it as demilitarized.","Under the terms of the Svalbard Treaty, international diplomacy recognizes Norwegian sovereignty over Arctic archipelago Svalbard, and designates it as demilitarized.",9 February 1920 CE,https://en.wikipedia.org/wiki/February_9,,--02-09,Svalbard,"Not separately stated; listed as February 9, 1920",Wikipedia — February 9,,exact,Svalbard Treaty,Norway,Gregorian calendar date-page normalization,meets target,,Svalbard Treaty,global,Wikipedia date-page; single-source verification,20,verified—single source,20,8
9,CE,1934,February,"The Balkan Entente was formed between Greece, Romania, Yugoslavia, and Turkey. Listed under this Gregorian calendar date; original historical calendar/date is not separately stated by the source.",Europe,FEB-09-1934-14,political,"The Balkan Entente is formed between Greece, Romania, Yugoslavia, and Turkey.","The Balkan Entente is formed between Greece, Romania, Yugoslavia, and Turkey.",9 February 1934 CE,https://en.wikipedia.org/wiki/February_9,,--02-09,,"Not separately stated; listed as February 9, 1934",Wikipedia — February 9,,exact,Balkan Entente formed,Greece; Romania; Serbia; Turkey,Gregorian calendar date-page normalization,meets target,,Balkan Entente,regional,Wikipedia date-page; single-source verification,20,verified—single source,20,8
9,CE,1943,February,Allied authorities declared Guadalcanal secure after Japan evacuated its remaining forces. Listed under this Gregorian calendar date; original historical calendar/date is not separately stated by the source.,Oceania,FEB-09-1943-15,war,"World War II: Pacific War: Allied authorities declare Guadalcanal secure after Imperial Japan evacuates its remaining forces from the island, ending the Battle of Guadalcanal.","World War II: Pacific War: Allied authorities declare Guadalcanal secure after Imperial Japan evacuates its remaining forces from the island, ending the Battle of Guadalcanal.",9 February 1943 CE,https://en.wikipedia.org/wiki/February_9,,--02-09,Guadalcanal,"Not separately stated; listed as February 9, 1943",Wikipedia — February 9,,exact,Battle of Guadalcanal ends,Solomon Islands; Japan; United States,Gregorian calendar date-page normalization,meets target,,Pacific War,global,Wikipedia date-page; single-source verification,20,verified—single source,20,9
9,CE,1950,February,Joseph McCarthy accused the Department of State of being filled with Communists. Listed under this Gregorian calendar date; original historical calendar/date is not separately stated by the source.,Americas,FEB-09-1950-16,political,Second Red Scare: US Senator Joseph McCarthy accuses the United States Department of State of being filled with Communists.,Second Red Scare: US Senator Joseph McCarthy accuses the United States Department of State of being filled with Communists.,9 February 1950 CE,https://en.wikipedia.org/wiki/February_9,,--02-09,,"Not separately stated; listed as February 9, 1950",Wikipedia — February 9,,exact,McCarthy's Communist accusations,United States,Gregorian calendar date-page normalization,meets target,Joseph McCarthy,Second Red Scare,global,Wikipedia date-page; single-source verification,20,verified—single source,20,9
9,CE,1959,February,The entry identifies the R-7 as the first intercontinental ballistic missile. Listed under this Gregorian calendar date; original historical calendar/date is not separately stated by the source.,Europe,FEB-09-1959-17,technology,"The R-7 Semyorka, the first intercontinental ballistic missile, becomes operational at Plesetsk, USSR.","The R-7 Semyorka, the first intercontinental ballistic missile, becomes operational at Plesetsk, USSR.",9 February 1959 CE,https://en.wikipedia.org/wiki/February_9,,--02-09,Plesetsk,"Not separately stated; listed as February 9, 1959",Wikipedia — February 9,,exact,R-7 ICBM becomes operational,Russia,Gregorian calendar date-page normalization,meets target,,R-7 Semyorka,global,Wikipedia date-page; single-source verification,20,verified—single source,20,9
9,CE,1971,February,Apollo 14 returned after the third human Moon landing. Listed under this Gregorian calendar date; original historical calendar/date is not separately stated by the source.,multi-regional,FEB-09-1971-19,space,Apollo program: Apollo 14 returns to Earth after the third human Moon landing.,Apollo program: Apollo 14 returns to Earth after the third human Moon landing.,9 February 1971 CE,https://en.wikipedia.org/wiki/February_9,,--02-09,,"Not separately stated; listed as February 9, 1971",Wikipedia — February 9,,exact,Apollo 14 returns to Earth,United States,Gregorian calendar date-page normalization,meets target,,Apollo program,global,Wikipedia date-page; single-source verification,20,verified—single source,20,9
9,CE,1971,February,"The earthquake killed 64 and injured 2,000. Listed under this Gregorian calendar date; original historical calendar/date is not separately stated by the source.",Americas,FEB-09-1971-18,disaster,"The 6.5–6.7 M w Sylmar earthquake hits the Greater Los Angeles Area with a maximum Mercalli intensity of XI (Extreme), killing 64 and injuring 2,000.","The 6.5–6.7 M w Sylmar earthquake hits the Greater Los Angeles Area with a maximum Mercalli intensity of XI (Extreme), killing 64 and injuring 2,000.",9 February 1971 CE,https://en.wikipedia.org/wiki/February_9,,--02-09,Greater Los Angeles Area,"Not separately stated; listed as February 9, 1971",Wikipedia — February 9,,exact,Sylmar earthquake,United States,Gregorian calendar date-page normalization,meets target,,Sylmar earthquake,national,Wikipedia date-page; single-source verification,20,verified—single source,20,8
9,CE,1991,February,Voters in Lithuania voted for independence from the Soviet Union. Listed under this Gregorian calendar date; original historical calendar/date is not separately stated by the source.,Europe,FEB-09-1991-20,independence,Dissolution of the Soviet Union: Voters in Lithuania vote for independence from the Soviet Union.,Dissolution of the Soviet Union: Voters in Lithuania vote for independence from the Soviet Union.,9 February 1991 CE,https://en.wikipedia.org/wiki/February_9,,--02-09,,"Not separately stated; listed as February 9, 1991",Wikipedia — February 9,,exact,Lithuanian independence referendum,Lithuania; Russia,Gregorian calendar date-page normalization,meets target,,Dissolution of the Soviet Union,global,Wikipedia date-page; single-source verification,20,verified—single source,20,9
10,CE,1258,February,Listed under this Gregorian calendar date; original historical calendar/date is not separately stated by the source.,Middle East,FEB-10-1258-01,war,"The Siege of Baghdad ends with the surrender of the last Abbasid caliph to Hulegu Khan, a prince of the Mongol Empire.","The Siege of Baghdad ends with the surrender of the last Abbasid caliph to Hulegu Khan, a prince of the Mongol Empire.",10 February 1258 CE,https://en.wikipedia.org/wiki/February_10,,--02-10,Baghdad,"Not separately stated; listed as February 10, 1258",Wikipedia — February 10,,exact,Mongol conquest of Baghdad,Iraq,Gregorian calendar date-page normalization,meets target,Hulegu Khan; last Abbasid caliph,Abbasid Caliphate; Mongol Empire,global,Wikipedia date-page; single-source verification,20,verified—single source,20,10
10,CE,1306,February,The entry states that the murder sparked the revolution in the Wars of Scottish Independence. Listed under this Gregorian calendar date; original historical calendar/date is not separately stated by the source.,Europe,FEB-10-1306-02,political,"In front of the high altar of Greyfriars Church in Dumfries, Robert the Bruce murders John Comyn, sparking the revolution in the Wars of Scottish Independence.","In front of the high altar of Greyfriars Church in Dumfries, Robert the Bruce murders John Comyn, sparking the revolution in the Wars of Scottish Independence.",10 February 1306 CE,https://en.wikipedia.org/wiki/February_10,,--02-10,Dumfries,"Not separately stated; listed as February 10, 1306",Wikipedia — February 10,,exact,Assassination of John Comyn,United Kingdom,Gregorian calendar date-page normalization,meets target,Robert the Bruce; John Comyn,Kingdom of Scotland,national,Wikipedia date-page; single-source verification,20,verified—single source,20,8
10,CE,1502,February,Listed under this Gregorian calendar date; original historical calendar/date is not separately stated by the source.,multi-regional,FEB-10-1502-03,exploration,"Vasco da Gama sets sail from Lisbon, Portugal, on his second voyage to India.","Vasco da Gama sets sail from Lisbon, Portugal, on his second voyage to India.",10 February 1502 CE,https://en.wikipedia.org/wiki/February_10,,--02-10,Lisbon,"Not separately stated; listed as February 10, 1502",Wikipedia — February 10,,exact,Second voyage to India,Portugal; India,Gregorian calendar date-page normalization,meets target,Vasco da Gama,Portuguese maritime empire,global,Wikipedia date-page; single-source verification,20,verified—single source,20,8
10,CE,1763,February,The entry states that the treaty ended the French and Indian War and France ceded Quebec to Great Britain. Listed under this Gregorian calendar date; original historical calendar/date is not separately stated by the source.,multi-regional,FEB-10-1763-04,political,French and Indian War: The Treaty of Paris ends the war and France cedes Quebec to Great Britain.,French and Indian War: The Treaty of Paris ends the war and France cedes Quebec to Great Britain.,10 February 1763 CE,https://en.wikipedia.org/wiki/February_10,,--02-10,Paris,"Not separately stated; listed as February 10, 1763",Wikipedia — February 10,,exact,Treaty of Paris,France; United Kingdom; Canada,Gregorian calendar date-page normalization,meets target,,French and British empires,global,Wikipedia date-page; single-source verification,20,verified—single source,20,9
10,CE,1846,February,The entry identifies it as the final battle of the First Anglo-Sikh War. Listed under this Gregorian calendar date; original historical calendar/date is not separately stated by the source.,Asia,FEB-10-1846-05,war,First Anglo-Sikh War: Battle of Sobraon: British defeat Sikhs in the final battle of the war.,First Anglo-Sikh War: Battle of Sobraon: British defeat Sikhs in the final battle of the war.,10 February 1846 CE,https://en.wikipedia.org/wiki/February_10,,--02-10,Sobraon,"Not separately stated; listed as February 10, 1846",Wikipedia — February 10,,exact,Battle of Sobraon,India,Gregorian calendar date-page normalization,meets target,,British Empire; Sikh Empire,regional,Wikipedia date-page; single-source verification,20,verified—single source,20,7
10,CE,1861,February,Listed under this Gregorian calendar date; original historical calendar/date is not separately stated by the source.,Americas,FEB-10-1861-06,political,Jefferson Davis is notified by telegraph that he has been chosen as provisional President of the Confederate States of America.,Jefferson Davis is notified by telegraph that he has been chosen as provisional President of the Confederate States of America.,10 February 1861 CE,https://en.wikipedia.org/wiki/February_10,,--02-10,,"Not separately stated; listed as February 10, 1861",Wikipedia — February 10,,exact,Jefferson Davis selected provisional president,United States,Gregorian calendar date-page normalization,meets target,Jefferson Davis,Confederate States of America,national,Wikipedia date-page; single-source verification,20,verified—single source,20,8
10,CE,1906,February,The entry describes HMS Dreadnought as the first of a revolutionary new breed of battleships. Listed under this Gregorian calendar date; original historical calendar/date is not separately stated by the source.,Europe,FEB-10-1906-07,technology,"HMS Dreadnought, the first of a revolutionary new breed of battleships, is christened.","HMS Dreadnought, the first of a revolutionary new breed of battleships, is christened.",10 February 1906 CE,https://en.wikipedia.org/wiki/February_10,,--02-10,,"Not separately stated; listed as February 10, 1906",Wikipedia — February 10,,exact,HMS Dreadnought,United Kingdom,Gregorian calendar date-page normalization,meets target,,Royal Navy,global,Wikipedia date-page; single-source verification,20,verified—single source,20,9
10,CE,1920,February,The entry describes the ceremony as symbolic and celebrating restitution of Polish access to open sea. Listed under this Gregorian calendar date; original historical calendar/date is not separately stated by the source.,Europe,FEB-10-1920-08,political,"Józef Haller de Hallenburg performs the symbolic wedding of Poland to the sea, celebrating restitution of Polish access to open sea.","Józef Haller de Hallenburg performs the symbolic wedding of Poland to the sea, celebrating restitution of Polish access to open sea.",10 February 1920 CE,https://en.wikipedia.org/wiki/February_10,,--02-10,,"Not separately stated; listed as February 10, 1920",Wikipedia — February 10,,exact,Polish access to the sea,Poland,Gregorian calendar date-page normalization,meets target,Józef Haller de Hallenburg,Second Polish Republic,national,Wikipedia date-page; single-source verification,20,verified—single source,20,7
10,CE,1920,February,About 75% of the population in Zone I voted to join Denmark. Listed under this Gregorian calendar date; original historical calendar/date is not separately stated by the source.,Europe,FEB-10-1920-09,political,About 75% of the population in Zone I votes to join Denmark in the 1920 Schleswig plebiscites.,About 75% of the population in Zone I votes to join Denmark in the 1920 Schleswig plebiscites.,10 February 1920 CE,https://en.wikipedia.org/wiki/February_10,,--02-10,,"Not separately stated; listed as February 10, 1920",Wikipedia — February 10,,exact,Schleswig plebiscite,Denmark; Germany,Gregorian calendar date-page normalization,meets target,,1920 Schleswig plebiscites,regional,Wikipedia date-page; single-source verification,20,verified—single source,20,7
10,CE,1930,February,The entry describes the mutiny as failed and intended to overthrow the French protectorate. Listed under this Gregorian calendar date; original historical calendar/date is not separately stated by the source.,Asia,FEB-10-1930-10,independence,The Việt Nam Quốc Dân Đảng launches the failed Yên Bái mutiny in hope of overthrowing French protectorate over Vietnam.,The Việt Nam Quốc Dân Đảng launches the failed Yên Bái mutiny in hope of overthrowing French protectorate over Vietnam.,10 February 1930 CE,https://en.wikipedia.org/wiki/February_10,,--02-10,Yên Bái,"Not separately stated; listed as February 10, 1930",Wikipedia — February 10,,exact,Yên Bái mutiny,Vietnam; France,Gregorian calendar date-page normalization,meets target,,Việt Nam Quốc Dân Đảng; French protectorate over Vietnam,national,Wikipedia date-page; single-source verification,20,verified—single source,20,8
10,CE,1936,February,The entry identifies the battle as part of the Second Italo-Abyssinian War. Listed under this Gregorian calendar date; original historical calendar/date is not separately stated by the source.,Africa,FEB-10-1936-11,war,Second Italo-Abyssinian War: Italian troops launch the Battle of Amba Aradam against Ethiopian defenders.,Second Italo-Abyssinian War: Italian troops launch the Battle of Amba Aradam against Ethiopian defenders.,10 February 1936 CE,https://en.wikipedia.org/wiki/February_10,,--02-10,Amba Aradam,"Not separately stated; listed as February 10, 1936",Wikipedia — February 10,,exact,Battle of Amba Aradam,Ethiopia; Italy,Gregorian calendar date-page normalization,meets target,,Ethiopian Empire; Kingdom of Italy,regional,Wikipedia date-page; single-source verification,20,verified—single source,20,7
10,CE,1939,February,The entry states that Nationalist forces concluded their conquest of Catalonia and sealed the border with France. Listed under this Gregorian calendar date; original historical calendar/date is not separately stated by the source.,Europe,FEB-10-1939-12,war,Spanish Civil War: The Nationalists conclude their conquest of Catalonia and seal the border with France.,Spanish Civil War: The Nationalists conclude their conquest of Catalonia and seal the border with France.,10 February 1939 CE,https://en.wikipedia.org/wiki/February_10,,--02-10,Catalonia,"Not separately stated; listed as February 10, 1939",Wikipedia — February 10,,exact,Conquest of Catalonia,Spain; France,Gregorian calendar date-page normalization,meets target,,Spanish Civil War; Nationalists,national,Wikipedia date-page; single-source verification,20,verified—single source,20,8
10,CE,1940,February,The entry states that mass deportations of Polish citizens to Siberia began. Listed under this Gregorian calendar date; original historical calendar/date is not separately stated by the source.,Europe,FEB-10-1940-13,social_history,The Soviet Union begins mass deportations of Polish citizens from occupied eastern Poland to Siberia.,The Soviet Union begins mass deportations of Polish citizens from occupied eastern Poland to Siberia.,10 February 1940 CE,https://en.wikipedia.org/wiki/February_10,,--02-10,,"Not separately stated; listed as February 10, 1940",Wikipedia — February 10,,exact,Deportations from occupied Poland,Poland; Russia,Gregorian calendar date-page normalization,meets target,,Soviet Union; occupied eastern Poland,regional,Wikipedia date-page; single-source verification,20,verified—single source,20,9
10,CE,1943,February,The entry identifies the battle as an attempt to completely lift the Siege of Leningrad. Listed under this Gregorian calendar date; original historical calendar/date is not separately stated by the source.,Europe,FEB-10-1943-14,war,"World War II: Attempting to completely lift the Siege of Leningrad, the Soviet Red Army engages German troops and Spanish volunteers in the Battle of Krasny Bor.","World War II: Attempting to completely lift the Siege of Leningrad, the Soviet Red Army engages German troops and Spanish volunteers in the Battle of Krasny Bor.",10 February 1943 CE,https://en.wikipedia.org/wiki/February_10,,--02-10,Krasny Bor,"Not separately stated; listed as February 10, 1943",Wikipedia — February 10,,exact,Battle of Krasny Bor,Russia; Germany; Spain,Gregorian calendar date-page normalization,meets target,,Soviet Union; Germany; Spanish volunteers,regional,Wikipedia date-page; single-source verification,20,verified—single source,20,8
10,CE,1947,February,"The entry states that treaties were signed by Italy, Romania, Hungary, Bulgaria, Finland and the Allies of World War II. Listed under this Gregorian calendar date; original historical calendar/date is not separately stated by the source.",Europe,FEB-10-1947-15,political,"The Paris Peace Treaties are signed by Italy, Romania, Hungary, Bulgaria, Finland and the Allies of World War II.","The Paris Peace Treaties are signed by Italy, Romania, Hungary, Bulgaria, Finland and the Allies of World War II.",10 February 1947 CE,https://en.wikipedia.org/wiki/February_10,,--02-10,Paris,"Not separately stated; listed as February 10, 1947",Wikipedia — February 10,,exact,Paris Peace Treaties,Italy; Romania; Hungary; Bulgaria; Finland,Gregorian calendar date-page normalization,meets target,,Paris Peace Treaties; Allies of World War II,global,Wikipedia date-page; single-source verification,20,verified—single source,20,9
10,CE,1962,February,The entry identifies both men as captured spies. Listed under this Gregorian calendar date; original historical calendar/date is not separately stated by the source.,multi-regional,FEB-10-1962-16,political,Cold War: Captured American U2 spy-plane pilot Gary Powers is exchanged for captured Soviet spy Rudolf Abel.,Cold War: Captured American U2 spy-plane pilot Gary Powers is exchanged for captured Soviet spy Rudolf Abel.,10 February 1962 CE,https://en.wikipedia.org/wiki/February_10,,--02-10,,"Not separately stated; listed as February 10, 1962",Wikipedia — February 10,,exact,Gary Powers–Rudolf Abel exchange,United States; Russia,Gregorian calendar date-page normalization,meets target,Gary Powers; Rudolf Abel,Cold War,global,Wikipedia date-page; single-source verification,20,verified—single source,20,9
10,CE,1967,February,Listed under this Gregorian calendar date; original historical calendar/date is not separately stated by the source.,Americas,FEB-10-1967-17,political,The 25th Amendment to the United States Constitution is ratified.,The 25th Amendment to the United States Constitution is ratified.,10 February 1967 CE,https://en.wikipedia.org/wiki/February_10,,--02-10,,"Not separately stated; listed as February 10, 1967",Wikipedia — February 10,,exact,Twenty-Fifth Amendment ratification,United States,Gregorian calendar date-page normalization,meets target,,United States Constitution,national,Wikipedia date-page; single-source verification,20,verified—single source,20,8
10,CE,1972,February,"The entry states that Ras Al Khaimah joined the United Arab Emirates, making up seven emirates. Listed under this Gregorian calendar date; original historical calendar/date is not separately stated by the source.",Middle East,FEB-10-1972-18,independence,"Ras Al Khaimah joins the United Arab Emirates, now making up seven emirates.","Ras Al Khaimah joins the United Arab Emirates, now making up seven emirates.",10 February 1972 CE,https://en.wikipedia.org/wiki/February_10,,--02-10,Ras Al Khaimah,"Not separately stated; listed as February 10, 1972",Wikipedia — February 10,,exact,United Arab Emirates federation,United Arab Emirates,Gregorian calendar date-page normalization,meets target,,United Arab Emirates,national,Wikipedia date-page; single-source verification,20,verified—single source,20,8
10,CE,1984,February,"The entry gives an estimated death toll of 5,000. Listed under this Gregorian calendar date; original historical calendar/date is not separately stated by the source.",Africa,FEB-10-1984-19,social_history,"Kenyan soldiers kill an estimated 5,000 ethnic Somali Kenyans in the Wagalla massacre.","Kenyan soldiers kill an estimated 5,000 ethnic Somali Kenyans in the Wagalla massacre.",10 February 1984 CE,https://en.wikipedia.org/wiki/February_10,,--02-10,Wagalla,"Not separately stated; listed as February 10, 1984",Wikipedia — February 10,,exact,Wagalla massacre,Kenya,Gregorian calendar date-page normalization,meets target,,Kenya; Somali Kenyans,national,Wikipedia date-page; single-source verification,20,verified—single source,20,8
10,CE,1996,February,The entry states that Deep Blue defeated Kasparov in chess for the first time. Listed under this Gregorian calendar date; original historical calendar/date is not separately stated by the source.,multi-regional,FEB-10-1996-20,technology,IBM supercomputer Deep Blue defeats Garry Kasparov in chess for the first time.,IBM supercomputer Deep Blue defeats Garry Kasparov in chess for the first time.,10 February 1996 CE,https://en.wikipedia.org/wiki/February_10,,--02-10,,"Not separately stated; listed as February 10, 1996",Wikipedia — February 10,,exact,Deep Blue defeats Kasparov,United States; Russia,Gregorian calendar date-page normalization,meets target,Garry Kasparov,IBM Deep Blue,global,Wikipedia date-page; single-source verification,20,verified—single source,20,8
11,CE,660,February,Traditional date Listed under this Gregorian calendar date; original historical calendar/date is not separately stated by the source.,Asia,FEB-11-0660-01,other,Traditional date for the foundation of Japan by Emperor Jimmu.,Traditional date for the foundation of Japan by Emperor Jimmu.,11 February 660 CE,https://en.wikipedia.org/wiki/February_11,,--02-11,,"Not separately stated; listed as February 11, 660",Wikipedia — February 11,,traditional,traditional foundation,Japan,Gregorian calendar date-page normalization,meets target,Emperor Jimmu,Japan,national,Wikipedia date-page; single-source verification,20,verified—single source,20,8
11,CE,1534,February,Listed under this Gregorian calendar date; original historical calendar/date is not separately stated by the source.,Europe,FEB-11-1534-02,religion,"At the Convocation of Canterbury, the Catholic bishops comprising the Upper House of the Province of Canterbury agree to style Henry VIII supreme head of the English church and clergy ""so far as the law of Christ allows"".","At the Convocation of Canterbury, the Catholic bishops comprising the Upper House of the Province of Canterbury agree to style Henry VIII supreme head of the English church and clergy ""so far as the law of Christ allows"".",11 February 1534 CE,https://en.wikipedia.org/wiki/February_11,,--02-11,Canterbury,"Not separately stated; listed as February 11, 1534",Wikipedia — February 11,,exact,English church supremacy,United Kingdom,Gregorian calendar date-page normalization,meets target,Henry VIII,Church of England,national,Wikipedia date-page; single-source verification,20,verified—single source,20,9
11,CE,1586,February,Listed under this Gregorian calendar date; original historical calendar/date is not separately stated by the source.,Americas,FEB-11-1586-03,war,"Sir Francis Drake with an English force captures and occupies the Spanish colonial port of Cartagena de Indias for two months, obtaining a ransom and booty.","Sir Francis Drake with an English force captures and occupies the Spanish colonial port of Cartagena de Indias for two months, obtaining a ransom and booty.",11 February 1586 CE,https://en.wikipedia.org/wiki/February_11,,--02-11,Cartagena de Indias,"Not separately stated; listed as February 11, 1586",Wikipedia — February 11,,exact,capture of Cartagena,Colombia; Spain; United Kingdom,Gregorian calendar date-page normalization,meets target,Sir Francis Drake,Spanish colonial Cartagena,regional,Wikipedia date-page; single-source verification,20,verified—single source,20,7
11,CE,1794,February,Listed under this Gregorian calendar date; original historical calendar/date is not separately stated by the source.,Americas,FEB-11-1794-04,political,First session of United States Senate opens to the public.,First session of United States Senate opens to the public.,11 February 1794 CE,https://en.wikipedia.org/wiki/February_11,,--02-11,,"Not separately stated; listed as February 11, 1794",Wikipedia — February 11,,exact,Senate opens publicly,United States,Gregorian calendar date-page normalization,meets target,,United States Senate,national,Wikipedia date-page; single-source verification,20,verified—single source,20,7
11,CE,1823,February,About 110 boys were killed Listed under this Gregorian calendar date; original historical calendar/date is not separately stated by the source.,Europe,FEB-11-1823-05,disaster,"Carnival tragedy of 1823: About 110 boys are killed during a human crush at the Convent of the Minori Osservanti in Valletta, Malta.","Carnival tragedy of 1823: About 110 boys are killed during a human crush at the Convent of the Minori Osservanti in Valletta, Malta.",11 February 1823 CE,https://en.wikipedia.org/wiki/February_11,,--02-11,Valletta,"Not separately stated; listed as February 11, 1823",Wikipedia — February 11,,exact,crowd crush,Malta,Gregorian calendar date-page normalization,meets target,,Carnival tragedy of 1823,national,Wikipedia date-page; single-source verification,20,verified—single source,20,6
11,CE,1826,February,Founded as University of London Listed under this Gregorian calendar date; original historical calendar/date is not separately stated by the source.,Europe,FEB-11-1826-06,education,University College London is founded as University of London.,University College London is founded as University of London.,11 February 1826 CE,https://en.wikipedia.org/wiki/February_11,,--02-11,London,"Not separately stated; listed as February 11, 1826",Wikipedia — February 11,,exact,university founding,United Kingdom,Gregorian calendar date-page normalization,meets target,,University of London,global,Wikipedia date-page; single-source verification,20,verified—single source,20,8
11,CE,1855,February,Listed under this Gregorian calendar date; original historical calendar/date is not separately stated by the source.,Africa,FEB-11-1855-07,political,"Kassa Hailu is crowned Tewodros II, Emperor of Ethiopia.","Kassa Hailu is crowned Tewodros II, Emperor of Ethiopia.",11 February 1855 CE,https://en.wikipedia.org/wiki/February_11,,--02-11,,"Not separately stated; listed as February 11, 1855",Wikipedia — February 11,,exact,Ethiopian accession,Ethiopia,Gregorian calendar date-page normalization,meets target,Kassa Hailu; Tewodros II,Ethiopian Empire,regional,Wikipedia date-page; single-source verification,20,verified—single source,20,8
11,CE,1856,February,Listed under this Gregorian calendar date; original historical calendar/date is not separately stated by the source.,Asia,FEB-11-1856-08,political,"The Kingdom of Awadh is annexed by the British East India Company and Wajid Ali Shah, the king of Awadh, is deposed.","The Kingdom of Awadh is annexed by the British East India Company and Wajid Ali Shah, the king of Awadh, is deposed.",11 February 1856 CE,https://en.wikipedia.org/wiki/February_11,,--02-11,,"Not separately stated; listed as February 11, 1856",Wikipedia — February 11,,exact,annexation of Awadh,India; United Kingdom,Gregorian calendar date-page normalization,meets target,Wajid Ali Shah,Kingdom of Awadh; British East India Company,regional,Wikipedia date-page; single-source verification,20,verified—single source,20,9
11,CE,1868,February,Listed under this Gregorian calendar date; original historical calendar/date is not separately stated by the source.,Europe,FEB-11-1868-20,death,"Léon Foucault, French physicist and academic (born 1819)","Léon Foucault, French physicist and academic (born 1819)",11 February 1868 CE,https://en.wikipedia.org/wiki/February_11,,--02-11,,"Not separately stated; listed as February 11, 1868",Wikipedia — February 11,,exact,Foucault's death,France,Gregorian calendar date-page normalization,meets target,Léon Foucault,Léon Foucault,global,Wikipedia date-page; single-source verification,20,verified—single source,20,8
11,CE,1873,February,Listed under this Gregorian calendar date; original historical calendar/date is not separately stated by the source.,Europe,FEB-11-1873-09,political,"King Amadeo I of Spain abdicates, triggering the proclamation of the First Spanish Republic.","King Amadeo I of Spain abdicates, triggering the proclamation of the First Spanish Republic.",11 February 1873 CE,https://en.wikipedia.org/wiki/February_11,,--02-11,,"Not separately stated; listed as February 11, 1873",Wikipedia — February 11,,exact,Spanish republic proclaimed,Spain,Gregorian calendar date-page normalization,meets target,Amadeo I,First Spanish Republic,national,Wikipedia date-page; single-source verification,20,verified—single source,20,8
11,CE,1889,February,Listed under this Gregorian calendar date; original historical calendar/date is not separately stated by the source.,Asia,FEB-11-1889-10,political,The Meiji Constitution of Japan is adopted.,The Meiji Constitution of Japan is adopted.,11 February 1889 CE,https://en.wikipedia.org/wiki/February_11,,--02-11,,"Not separately stated; listed as February 11, 1889",Wikipedia — February 11,,exact,Meiji Constitution,Japan,Gregorian calendar date-page normalization,meets target,,Empire of Japan,national,Wikipedia date-page; single-source verification,20,verified—single source,20,9
11,CE,1898,February,Listed under this Gregorian calendar date; original historical calendar/date is not separately stated by the source.,Europe,FEB-11-1898-19,birth,"Leo Szilard, Hungarian-American physicist and academic (died 1964)","Leo Szilard, Hungarian-American physicist and academic (died 1964)",11 February 1898 CE,https://en.wikipedia.org/wiki/February_11,,--02-11,,"Not separately stated; listed as February 11, 1898",Wikipedia — February 11,,exact,physicist born,Hungary; United States,Gregorian calendar date-page normalization,meets target,Leo Szilard,Leo Szilard,global,Wikipedia date-page; single-source verification,20,verified—single source,20,8
11,CE,1929,February,Listed under this Gregorian calendar date; original historical calendar/date is not separately stated by the source.,Europe,FEB-11-1929-11,political,The Kingdom of Italy and the Vatican sign the Lateran Treaty.,The Kingdom of Italy and the Vatican sign the Lateran Treaty.,11 February 1929 CE,https://en.wikipedia.org/wiki/February_11,,--02-11,Rome,"Not separately stated; listed as February 11, 1929",Wikipedia — February 11,,exact,Lateran Treaty,Italy; Vatican City,Gregorian calendar date-page normalization,meets target,,Kingdom of Italy; Vatican City,global,Wikipedia date-page; single-source verification,20,verified—single source,20,9
11,CE,1937,February,Listed under this Gregorian calendar date; original historical calendar/date is not separately stated by the source.,Americas,FEB-11-1937-12,social_history,The Flint sit-down strike ends when General Motors recognizes the United Auto Workers trade union.,The Flint sit-down strike ends when General Motors recognizes the United Auto Workers trade union.,11 February 1937 CE,https://en.wikipedia.org/wiki/February_11,,--02-11,Flint,"Not separately stated; listed as February 11, 1937",Wikipedia — February 11,,exact,Flint sit-down strike,United States,Gregorian calendar date-page normalization,meets target,,General Motors; United Auto Workers,national,Wikipedia date-page; single-source verification,20,verified—single source,20,9
11,CE,1938,February,Described as the world's first science fiction television programme Listed under this Gregorian calendar date; original historical calendar/date is not separately stated by the source.,Europe,FEB-11-1938-13,technology,"BBC Television produces the world's first ever science fiction television programme, an adaptation of a section of the Karel Čapek play R.U.R. that coined the term "" robot"".","BBC Television produces the world's first ever science fiction television programme, an adaptation of a section of the Karel Čapek play R.U.R. that coined the term "" robot"".",11 February 1938 CE,https://en.wikipedia.org/wiki/February_11,,--02-11,,"Not separately stated; listed as February 11, 1938",Wikipedia — February 11,,exact,science fiction television,United Kingdom,Gregorian calendar date-page normalization,meets target,Karel Čapek,BBC Television,global,Wikipedia date-page; single-source verification,20,verified—single source,20,7
11,CE,1970,February,Japan became the fourth nation to put an object into orbit using its own booster Listed under this Gregorian calendar date; original historical calendar/date is not separately stated by the source.,Asia,FEB-11-1970-14,space,"Japan launches Ohsumi, becoming the fourth nation to put an object into orbit using its own booster.","Japan launches Ohsumi, becoming the fourth nation to put an object into orbit using its own booster.",11 February 1970 CE,https://en.wikipedia.org/wiki/February_11,,--02-11,,"Not separately stated; listed as February 11, 1970",Wikipedia — February 11,,exact,Japanese orbital launch,Japan,Gregorian calendar date-page normalization,meets target,,Ohsumi,global,Wikipedia date-page; single-source verification,20,verified—single source,20,9
11,CE,1971,February,Listed under this Gregorian calendar date; original historical calendar/date is not separately stated by the source.,multi-regional,FEB-11-1971-15,political,"Cold War: The Seabed Arms Control Treaty opens for signature, outlawing nuclear weapons on the ocean floor in international waters.","Cold War: The Seabed Arms Control Treaty opens for signature, outlawing nuclear weapons on the ocean floor in international waters.",11 February 1971 CE,https://en.wikipedia.org/wiki/February_11,,--02-11,,"Not separately stated; listed as February 11, 1971",Wikipedia — February 11,,exact,seabed arms treaty,,Gregorian calendar date-page normalization,meets target,,Seabed Arms Control Treaty,global,Wikipedia date-page; single-source verification,20,verified—single source,20,8
11,CE,1979,February,Listed under this Gregorian calendar date; original historical calendar/date is not separately stated by the source.,Middle East,FEB-11-1979-16,political,The Iranian Revolution establishes an Islamic theocracy under the leadership of Ayatollah Ruhollah Khomeini.,The Iranian Revolution establishes an Islamic theocracy under the leadership of Ayatollah Ruhollah Khomeini.,11 February 1979 CE,https://en.wikipedia.org/wiki/February_11,,--02-11,,"Not separately stated; listed as February 11, 1979",Wikipedia — February 11,,exact,Iranian Revolution,Iran,Gregorian calendar date-page normalization,meets target,Ayatollah Ruhollah Khomeini,Islamic Republic of Iran,global,Wikipedia date-page; single-source verification,20,verified—single source,20,10
11,CE,1990,February,Listed under this Gregorian calendar date; original historical calendar/date is not separately stated by the source.,Africa,FEB-11-1990-17,independence,"Nelson Mandela is released from Victor Verster Prison outside Cape Town, South Africa after 27 years as a political prisoner.","Nelson Mandela is released from Victor Verster Prison outside Cape Town, South Africa after 27 years as a political prisoner.",11 February 1990 CE,https://en.wikipedia.org/wiki/February_11,https://libguides.nypl.org/NYPLMandelaDay/biography,--02-11,Cape Town,"Not separately stated; listed as February 11, 1990",Wikipedia — February 11,New York Public Library — Nelson Mandela Biography,exact,Mandela released,South Africa,Gregorian calendar date-page normalization,meets target,Nelson Mandela,Anti-apartheid movement,global,Cross-checked with institutional/primary source,20,cross-checked,20,10
11,CE,2000,February,Listed under this Gregorian calendar date; original historical calendar/date is not separately stated by the source.,multi-regional,FEB-11-2000-18,space,Space Shuttle Endeavour is launched on STS-99 to conduct the Shuttle Radar Topography Mission.,Space Shuttle Endeavour is launched on STS-99 to conduct the Shuttle Radar Topography Mission.,11 February 2000 CE,https://en.wikipedia.org/wiki/February_11,,--02-11,,"Not separately stated; listed as February 11, 2000",Wikipedia — February 11,,exact,Shuttle Radar Topography Mission,United States,Gregorian calendar date-page normalization,meets target,,Space Shuttle Endeavour,global,Wikipedia date-page; single-source verification,20,verified—single source,20,8
12,CE,1059,February,The entry states that Bruno of Toul was elected pope Leo IX and initiated reforms. Listed under this Gregorian calendar date; original historical calendar/date is not separately stated by the source.,Europe,FEB-12-1059-01,religion,"Upon reaching Rome, Bruno of Toul is elected as pope Leo IX and starts initiating reforms.","Upon reaching Rome, Bruno of Toul is elected as pope Leo IX and starts initiating reforms.",12 February 1059 CE,https://en.wikipedia.org/wiki/February_12,,--02-12,Rome,"Not separately stated; listed as February 12, 1059",Wikipedia — February 12,,exact,Papal election,Italy,Gregorian calendar date-page normalization,meets target,Bruno of Toul; Pope Leo IX,Papacy,global,Wikipedia date-page; single-source verification,20,verified—single source,20,8
12,CE,1404,February,The entry describes this as the first post-mortem autopsy for teaching and demonstration. Listed under this Gregorian calendar date; original historical calendar/date is not separately stated by the source.,Europe,FEB-12-1404-02,medicine,The Italian professor Galeazzo di Santa Sofia performs the first post-mortem autopsy for the purposes of teaching and demonstration at the Heiligen–Geist Spital in Vienna.,The Italian professor Galeazzo di Santa Sofia performs the first post-mortem autopsy for the purposes of teaching and demonstration at the Heiligen–Geist Spital in Vienna.,12 February 1404 CE,https://en.wikipedia.org/wiki/February_12,,--02-12,Vienna,"Not separately stated; listed as February 12, 1404",Wikipedia — February 12,,exact,Teaching autopsy,Austria,Gregorian calendar date-page normalization,meets target,Galeazzo di Santa Sofia,Medical teaching,regional,Wikipedia date-page; single-source verification,20,verified—single source,20,7
12,CE,1429,February,English forces defended a supply convoy during the siege of Orléans. Listed under this Gregorian calendar date; original historical calendar/date is not separately stated by the source.,Europe,FEB-12-1429-03,war,English forces under Sir John Fastolf defend a supply convoy carrying rations to the army besieging Orléans in the Battle of the Herrings.,English forces under Sir John Fastolf defend a supply convoy carrying rations to the army besieging Orléans in the Battle of the Herrings.,12 February 1429 CE,https://en.wikipedia.org/wiki/February_12,,--02-12,Orléans,"Not separately stated; listed as February 12, 1429",Wikipedia — February 12,,exact,Battle of the Herrings,France,Gregorian calendar date-page normalization,meets target,Sir John Fastolf,English forces,regional,Wikipedia date-page; single-source verification,20,verified—single source,20,6
12,CE,1502,February,The entry states that the edict forced virtually all Muslim subjects to convert to Christianity. Listed under this Gregorian calendar date; original historical calendar/date is not separately stated by the source.,Europe,FEB-12-1502-04,religion,"Isabella I issues an edict outlawing Islam in the Crown of Castile, forcing virtually all her Muslim subjects to convert to Christianity.","Isabella I issues an edict outlawing Islam in the Crown of Castile, forcing virtually all her Muslim subjects to convert to Christianity.",12 February 1502 CE,https://en.wikipedia.org/wiki/February_12,,--02-12,,"Not separately stated; listed as February 12, 1502",Wikipedia — February 12,,exact,Anti-Islamic edict,Spain,Gregorian calendar date-page normalization,meets target,Isabella I,Crown of Castile,national,Wikipedia date-page; single-source verification,20,verified—single source,20,8
12,CE,1502,February,The entry states that da Gama sailed with 15 ships and 800 men on his second voyage to India. Listed under this Gregorian calendar date; original historical calendar/date is not separately stated by the source.,multi-regional,FEB-12-1502-05,exploration,"Vasco da Gama sets sail with 15 ships and 800 men from Lisbon, Portugal on his second voyage to India.","Vasco da Gama sets sail with 15 ships and 800 men from Lisbon, Portugal on his second voyage to India.",12 February 1502 CE,https://en.wikipedia.org/wiki/February_12,,--02-12,Lisbon,"Not separately stated; listed as February 12, 1502",Wikipedia — February 12,,exact,Voyage to India,Portugal; India,Gregorian calendar date-page normalization,meets target,Vasco da Gama,Portuguese maritime expansion,global,Wikipedia date-page; single-source verification,20,verified—single source,20,8
12,CE,1541,February,Listed under this Gregorian calendar date; original historical calendar/date is not separately stated by the source.,Americas,FEB-12-1541-06,other,"Santiago, Chile is founded by Pedro de Valdivia.","Santiago, Chile is founded by Pedro de Valdivia.",12 February 1541 CE,https://en.wikipedia.org/wiki/February_12,,--02-12,Santiago,"Not separately stated; listed as February 12, 1541",Wikipedia — February 12,,exact,Foundation of Santiago,Chile,Gregorian calendar date-page normalization,meets target,Pedro de Valdivia,Santiago,national,Wikipedia date-page; single-source verification,20,verified—single source,20,7
12,CE,1593,February,"The entry states that approximately 3,000 Joseon defenders repelled more than 30,000 Japanese forces. Listed under this Gregorian calendar date; original historical calendar/date is not separately stated by the source.",Asia,FEB-12-1593-07,war,"Japanese invasion of Korea: Approximately 3,000 Joseon defenders led by general Kwŏn Yul successfully repel more than 30,000 Japanese forces in the Siege of Haengju.","Japanese invasion of Korea: Approximately 3,000 Joseon defenders led by general Kwŏn Yul successfully repel more than 30,000 Japanese forces in the Siege of Haengju.",12 February 1593 CE,https://en.wikipedia.org/wiki/February_12,,--02-12,Haengju,"Not separately stated; listed as February 12, 1593",Wikipedia — February 12,,exact,Siege of Haengju,South Korea; Japan,Gregorian calendar date-page normalization,meets target,Kwŏn Yul,Japanese invasion of Korea,regional,Wikipedia date-page; single-source verification,20,verified—single source,20,7
12,CE,1689,February,The Convention Parliament declared James II's flight to France an abdication. Listed under this Gregorian calendar date; original historical calendar/date is not separately stated by the source.,Europe,FEB-12-1689-08,political,"The Convention Parliament declares that the flight to France in 1688 by James II, the last Roman Catholic British monarch, constitutes an abdication.","The Convention Parliament declares that the flight to France in 1688 by James II, the last Roman Catholic British monarch, constitutes an abdication.",12 February 1689 CE,https://en.wikipedia.org/wiki/February_12,,--02-12,,"Not separately stated; listed as February 12, 1689",Wikipedia — February 12,,exact,James II declared abdicated,United Kingdom,Gregorian calendar date-page normalization,meets target,James II,Convention Parliament,national,Wikipedia date-page; single-source verification,20,verified—single source,20,8
12,CE,1733,February,The entry identifies Georgia as the 13th colony of the Thirteen Colonies. Listed under this Gregorian calendar date; original historical calendar/date is not separately stated by the source.,Americas,FEB-12-1733-09,political,"Georgia Day: Englishman James Oglethorpe founds Georgia, the 13th colony of the Thirteen Colonies, by settling at Savannah.","Georgia Day: Englishman James Oglethorpe founds Georgia, the 13th colony of the Thirteen Colonies, by settling at Savannah.",12 February 1733 CE,https://en.wikipedia.org/wiki/February_12,,--02-12,Savannah,"Not separately stated; listed as February 12, 1733",Wikipedia — February 12,,exact,Founding of Georgia,United States,Gregorian calendar date-page normalization,meets target,James Oglethorpe,Georgia colony,national,Wikipedia date-page; single-source verification,20,verified—single source,20,8
12,CE,1817,February,The entry states that the army defeated Spanish troops after crossing the Andes. Listed under this Gregorian calendar date; original historical calendar/date is not separately stated by the source.,Americas,FEB-12-1817-10,war,"An Argentine/Chilean patriotic army, after crossing the Andes, defeats Spanish troops at the Battle of Chacabuco.","An Argentine/Chilean patriotic army, after crossing the Andes, defeats Spanish troops at the Battle of Chacabuco.",12 February 1817 CE,https://en.wikipedia.org/wiki/February_12,,--02-12,Chacabuco,"Not separately stated; listed as February 12, 1817",Wikipedia — February 12,,exact,Battle of Chacabuco,Chile; Argentina,Gregorian calendar date-page normalization,meets target,,Argentine-Chilean patriotic army,regional,Wikipedia date-page; single-source verification,20,verified—single source,20,8
12,CE,1818,February,Listed under this Gregorian calendar date; original historical calendar/date is not separately stated by the source.,Americas,FEB-12-1818-11,independence,"Bernardo O'Higgins formally approves the Chilean Declaration of Independence near Concepción, Chile.","Bernardo O'Higgins formally approves the Chilean Declaration of Independence near Concepción, Chile.",12 February 1818 CE,https://en.wikipedia.org/wiki/February_12,,--02-12,Concepción,"Not separately stated; listed as February 12, 1818",Wikipedia — February 12,,exact,Chilean Declaration of Independence,Chile,Gregorian calendar date-page normalization,meets target,Bernardo O'Higgins,Chile,national,Wikipedia date-page; single-source verification,20,verified—single source,20,9
12,CE,1832,February,Listed under this Gregorian calendar date; original historical calendar/date is not separately stated by the source.,Americas,FEB-12-1832-12,political,Ecuador annexes the Galápagos Islands.,Ecuador annexes the Galápagos Islands.,12 February 1832 CE,https://en.wikipedia.org/wiki/February_12,,--02-12,,"Not separately stated; listed as February 12, 1832",Wikipedia — February 12,,exact,Annexation of Galápagos,Ecuador,Gregorian calendar date-page normalization,meets target,,Galápagos Islands,national,Wikipedia date-page; single-source verification,20,verified—single source,20,7
12,CE,1894,February,The entry states that this is considered one of the first acts of modern terrorism. Listed under this Gregorian calendar date; original historical calendar/date is not separately stated by the source.,Europe,FEB-12-1894-13,social_history,Café Terminus bombing by Émile Henry during the *Ère des attentats* (1892–1894). This is considered one of the first acts of modern terrorism.,Café Terminus bombing by Émile Henry during the *Ère des attentats* (1892–1894). This is considered one of the first acts of modern terrorism.,12 February 1894 CE,https://en.wikipedia.org/wiki/February_12,,--02-12,,"Not separately stated; listed as February 12, 1894",Wikipedia — February 12,,exact,Café Terminus bombing,France,Gregorian calendar date-page normalization,meets target,Émile Henry,Ère des attentats,regional,Wikipedia date-page; single-source verification,20,verified—single source,20,8
12,CE,1909,February,Listed under this Gregorian calendar date; original historical calendar/date is not separately stated by the source.,Americas,FEB-12-1909-14,social_history,The National Association for the Advancement of Colored People (NAACP) is founded.,The National Association for the Advancement of Colored People (NAACP) is founded.,12 February 1909 CE,https://en.wikipedia.org/wiki/February_12,,--02-12,,"Not separately stated; listed as February 12, 1909",Wikipedia — February 12,,exact,NAACP founding,United States,Gregorian calendar date-page normalization,meets target,,National Association for the Advancement of Colored People,global,Wikipedia date-page; single-source verification,20,verified—single source,20,9
12,CE,1912,February,The entry identifies him as the last Emperor of China. Listed under this Gregorian calendar date; original historical calendar/date is not separately stated by the source.,Asia,FEB-12-1912-15,political,"The Xuantong Emperor, the last Emperor of China, abdicates.","The Xuantong Emperor, the last Emperor of China, abdicates.",12 February 1912 CE,https://en.wikipedia.org/wiki/February_12,,--02-12,,"Not separately stated; listed as February 12, 1912",Wikipedia — February 12,,exact,Abdication of Xuantong Emperor,China,Gregorian calendar date-page normalization,meets target,Xuantong Emperor,Chinese imperial monarchy,global,Wikipedia date-page; single-source verification,20,verified—single source,20,10
12,CE,1921,February,The entry describes the revolt as preliminary to the Red Army invasion of Georgia. Listed under this Gregorian calendar date; original historical calendar/date is not separately stated by the source.,Asia,FEB-12-1921-16,war,Bolsheviks launch a revolt in Georgia as a preliminary to the Red Army invasion of Georgia.,Bolsheviks launch a revolt in Georgia as a preliminary to the Red Army invasion of Georgia.,12 February 1921 CE,https://en.wikipedia.org/wiki/February_12,,--02-12,,"Not separately stated; listed as February 12, 1921",Wikipedia — February 12,,exact,Bolshevik revolt in Georgia,Georgia,Gregorian calendar date-page normalization,meets target,,Bolsheviks,regional,Wikipedia date-page; single-source verification,20,verified—single source,20,8
12,CE,1946,February,The entry states that 121 of 154 captured U-boats were scuttled. Listed under this Gregorian calendar date; original historical calendar/date is not separately stated by the source.,multi-regional,FEB-12-1946-17,war,World War II: Operation Deadlight ends after scuttling 121 of 154 captured U-boats.,World War II: Operation Deadlight ends after scuttling 121 of 154 captured U-boats.,12 February 1946 CE,https://en.wikipedia.org/wiki/February_12,,--02-12,,"Not separately stated; listed as February 12, 1946",Wikipedia — February 12,,exact,Operation Deadlight,United Kingdom; Germany,Gregorian calendar date-page normalization,meets target,,Captured German U-boats,global,Wikipedia date-page; single-source verification,20,verified—single source,20,7
12,CE,1961,February,The spacecraft was launched toward Venus. Listed under this Gregorian calendar date; original historical calendar/date is not separately stated by the source.,multi-regional,FEB-12-1961-18,space,The Soviet Union launches *Venera 1* towards Venus.,The Soviet Union launches *Venera 1* towards Venus.,12 February 1961 CE,https://en.wikipedia.org/wiki/February_12,,--02-12,,"Not separately stated; listed as February 12, 1961",Wikipedia — February 12,,exact,Venera 1 launch,Russia,Gregorian calendar date-page normalization,meets target,,Soviet space program,global,Wikipedia date-page; single-source verification,20,verified—single source,20,8
12,CE,1974,February,The entry identifies Solzhenitsyn as the 1970 Nobel Prize in Literature winner. Listed under this Gregorian calendar date; original historical calendar/date is not separately stated by the source.,Europe,FEB-12-1974-19,political,"Aleksandr Solzhenitsyn, winner of the Nobel Prize in Literature in 1970, is exiled from the Soviet Union.","Aleksandr Solzhenitsyn, winner of the Nobel Prize in Literature in 1970, is exiled from the Soviet Union.",12 February 1974 CE,https://en.wikipedia.org/wiki/February_12,,--02-12,,"Not separately stated; listed as February 12, 1974",Wikipedia — February 12,,exact,Solzhenitsyn exile,Russia,Gregorian calendar date-page normalization,meets target,Aleksandr Solzhenitsyn,Soviet Union,global,Wikipedia date-page; single-source verification,20,verified—single source,20,8
12,CE,2001,February,The entry states that NEAR Shoemaker became the first spacecraft to land on an asteroid. Listed under this Gregorian calendar date; original historical calendar/date is not separately stated by the source.,Polar,FEB-12-2001-20,space,"NEAR Shoemaker spacecraft touches down in the ""saddle"" region of 433 Eros, becoming the first spacecraft to land on an asteroid.","NEAR Shoemaker spacecraft touches down in the ""saddle"" region of 433 Eros, becoming the first spacecraft to land on an asteroid.",12 February 2001 CE,https://en.wikipedia.org/wiki/February_12,,--02-12,,"Not separately stated; listed as February 12, 2001",Wikipedia — February 12,,exact,First asteroid landing,United States,Gregorian calendar date-page normalization,meets target,,NEAR Shoemaker,global,Wikipedia date-page; single-source verification,20,verified—single source,20,10
13,CE,1258,February,Listed under this Gregorian calendar date; original historical calendar/date is not separately stated by the source.,Middle East,FEB-13-1258-01,war,"Siege of Baghdad: Hulegu Khan, a prince of the Mongol Empire, orders his army to sack and plunder the city of Baghdad, which they had just captured.","Siege of Baghdad: Hulegu Khan, a prince of the Mongol Empire, orders his army to sack and plunder the city of Baghdad, which they had just captured.",13 February 1258 CE,https://en.wikipedia.org/wiki/February_13,,--02-13,Baghdad,"Not separately stated; listed as February 13, 1258",Wikipedia — February 13,,exact,Mongol sack of Baghdad,Iraq,Gregorian calendar date-page normalization,meets target,Hulegu Khan,Abbasid Caliphate; Mongol Empire,global,Wikipedia date-page; single-source verification,20,verified—single source,20,10
13,CE,1440,February,German physician. Listed under this Gregorian calendar date; original historical calendar/date is not separately stated by the source.,Europe,FEB-13-1440-17,birth,"Hartmann Schedel, German physician (died 1514)","Hartmann Schedel, German physician (died 1514)",13 February 1440 CE,https://en.wikipedia.org/wiki/February_13,,--02-13,,"Not separately stated; listed as February 13, 1440",Wikipedia — February 13,,exact,Birth of Hartmann Schedel,Germany,Gregorian calendar date-page normalization,meets target,Hartmann Schedel,,regional,Wikipedia date-page; single-source verification,20,verified—single source,20,6
13,CE,1633,February,Listed under this Gregorian calendar date; original historical calendar/date is not separately stated by the source.,Europe,FEB-13-1633-02,science,Galileo Galilei arrives in Rome for his trial before the Inquisition.,Galileo Galilei arrives in Rome for his trial before the Inquisition.,13 February 1633 CE,https://en.wikipedia.org/wiki/February_13,,--02-13,Rome,"Not separately stated; listed as February 13, 1633",Wikipedia — February 13,,exact,Galileo trial,Italy,Gregorian calendar date-page normalization,meets target,Galileo Galilei,Roman Inquisition,global,Wikipedia date-page; single-source verification,20,verified—single source,20,10
13,CE,1689,February,Listed under this Gregorian calendar date; original historical calendar/date is not separately stated by the source.,Europe,FEB-13-1689-03,political,William III and Mary II are proclaimed co-rulers of England.,William III and Mary II are proclaimed co-rulers of England.,13 February 1689 CE,https://en.wikipedia.org/wiki/February_13,,--02-13,,"Not separately stated; listed as February 13, 1689",Wikipedia — February 13,,exact,William and Mary proclaimed co-rulers,United Kingdom,Gregorian calendar date-page normalization,meets target,William III; Mary II,Kingdom of England,regional,Wikipedia date-page; single-source verification,20,verified—single source,20,9
13,CE,1692,February,Almost 80 Macdonalds were killed. Listed under this Gregorian calendar date; original historical calendar/date is not separately stated by the source.,Europe,FEB-13-1692-04,social_history,"Massacre of Glencoe: Almost 80 Macdonalds at Glen Coe, Scotland are killed early in the morning for not promptly pledging allegiance to the new king, William of Orange.","Massacre of Glencoe: Almost 80 Macdonalds at Glen Coe, Scotland are killed early in the morning for not promptly pledging allegiance to the new king, William of Orange.",13 February 1692 CE,https://en.wikipedia.org/wiki/February_13,,--02-13,Glen Coe,"Not separately stated; listed as February 13, 1692",Wikipedia — February 13,,exact,Massacre of Glencoe,United Kingdom,Gregorian calendar date-page normalization,meets target,William of Orange,Macdonalds of Glencoe,regional,Wikipedia date-page; single-source verification,20,verified—single source,20,8
13,CE,1755,February,The treaty divided Mataram into the Sunanate of Surakarta and Sultanate of Yogyakarta. Listed under this Gregorian calendar date; original historical calendar/date is not separately stated by the source.,Asia,FEB-13-1755-05,political,"Treaty of Giyanti signed by VOC, Pakubuwono III and Prince Mangkubumi. The treaty divides the Javanese kingdom of Mataram into two: Sunanate of Surakarta and Sultanate of Yogyakarta.","Treaty of Giyanti signed by VOC, Pakubuwono III and Prince Mangkubumi. The treaty divides the Javanese kingdom of Mataram into two: Sunanate of Surakarta and Sultanate of Yogyakarta.",13 February 1755 CE,https://en.wikipedia.org/wiki/February_13,,--02-13,,"Not separately stated; listed as February 13, 1755",Wikipedia — February 13,,exact,Treaty of Giyanti,Indonesia,Gregorian calendar date-page normalization,meets target,Pakubuwono III; Prince Mangkubumi,Mataram; VOC,regional,Wikipedia date-page; single-source verification,20,verified—single source,20,8
13,CE,1766,February,English economist and scholar. Listed under this Gregorian calendar date; original historical calendar/date is not separately stated by the source.,Europe,FEB-13-1766-18,birth,"Thomas Robert Malthus, English economist and scholar (died 1834)","Thomas Robert Malthus, English economist and scholar (died 1834)",13 February 1766 CE,https://en.wikipedia.org/wiki/February_13,,--02-13,,"Not separately stated; listed as February 13, 1766",Wikipedia — February 13,,exact,Birth of Thomas Robert Malthus,United Kingdom,Gregorian calendar date-page normalization,meets target,Thomas Robert Malthus,,global,Wikipedia date-page; single-source verification,20,verified—single source,20,9
13,CE,1861,February,The siege ended with the capitulation of the defending fortress. Listed under this Gregorian calendar date; original historical calendar/date is not separately stated by the source.,Europe,FEB-13-1861-06,independence,"Italian unification: The Siege of Gaeta ends with the capitulation of the defending fortress, effectively bringing an end of the Kingdom of the Two Sicilies.","Italian unification: The Siege of Gaeta ends with the capitulation of the defending fortress, effectively bringing an end of the Kingdom of the Two Sicilies.",13 February 1861 CE,https://en.wikipedia.org/wiki/February_13,,--02-13,Gaeta,"Not separately stated; listed as February 13, 1861",Wikipedia — February 13,,exact,End of the Kingdom of the Two Sicilies,Italy,Gregorian calendar date-page normalization,meets target,,Kingdom of the Two Sicilies,regional,Wikipedia date-page; single-source verification,20,verified—single source,20,9
13,CE,1879,February,Indian poet and activist. Listed under this Gregorian calendar date; original historical calendar/date is not separately stated by the source.,Asia,FEB-13-1879-19,birth,"Sarojini Naidu, Indian poet and activist (died 1949)","Sarojini Naidu, Indian poet and activist (died 1949)",13 February 1879 CE,https://en.wikipedia.org/wiki/February_13,,--02-13,,"Not separately stated; listed as February 13, 1879",Wikipedia — February 13,,exact,Birth of Sarojini Naidu,India,Gregorian calendar date-page normalization,meets target,Sarojini Naidu,,regional,Wikipedia date-page; single-source verification,20,verified—single source,20,8
13,CE,1913,February,The entry states that the proclamation initiated almost four decades of independence. Listed under this Gregorian calendar date; original historical calendar/date is not separately stated by the source.,Asia,FEB-13-1913-07,independence,The 13th Dalai Lama proclaims Tibetan independence following a period of domination by Manchu Qing dynasty and initiates a period of almost four decades of independence.,The 13th Dalai Lama proclaims Tibetan independence following a period of domination by Manchu Qing dynasty and initiates a period of almost four decades of independence.,13 February 1913 CE,https://en.wikipedia.org/wiki/February_13,,--02-13,,"Not separately stated; listed as February 13, 1913",Wikipedia — February 13,,exact,Tibetan independence proclamation,China,Gregorian calendar date-page normalization,meets target,13th Dalai Lama,Tibet,regional,Wikipedia date-page; single-source verification,20,verified—single source,20,8
13,CE,1923,February,The entry identifies him as the first test pilot to break the sound barrier. Listed under this Gregorian calendar date; original historical calendar/date is not separately stated by the source.,Americas,FEB-13-1923-20,birth,"Chuck Yeager, American general and pilot; first test pilot to break the sound barrier (died 2020)","Chuck Yeager, American general and pilot; first test pilot to break the sound barrier (died 2020)",13 February 1923 CE,https://en.wikipedia.org/wiki/February_13,,--02-13,,"Not separately stated; listed as February 13, 1923",Wikipedia — February 13,,exact,Birth of Chuck Yeager,United States,Gregorian calendar date-page normalization,meets target,Chuck Yeager,,global,Wikipedia date-page; single-source verification,20,verified—single source,20,8
13,CE,1931,February,The transfer was completed from Calcutta to New Delhi. Listed under this Gregorian calendar date; original historical calendar/date is not separately stated by the source.,Asia,FEB-13-1931-08,political,The British Raj completes its transfer from Calcutta to New Delhi.,The British Raj completes its transfer from Calcutta to New Delhi.,13 February 1931 CE,https://en.wikipedia.org/wiki/February_13,,--02-13,New Delhi,"Not separately stated; listed as February 13, 1931",Wikipedia — February 13,,exact,Transfer of British Raj capital,India,Gregorian calendar date-page normalization,meets target,,British Raj,regional,Wikipedia date-page; single-source verification,20,verified—single source,20,8
13,CE,1945,February,German and Hungarian forces surrendered unconditionally to the Red Army. Listed under this Gregorian calendar date; original historical calendar/date is not separately stated by the source.,Europe,FEB-13-1945-09,war,World War II: The siege of Budapest concludes with the unconditional surrender of German and Hungarian forces to the Red Army.,World War II: The siege of Budapest concludes with the unconditional surrender of German and Hungarian forces to the Red Army.,13 February 1945 CE,https://en.wikipedia.org/wiki/February_13,,--02-13,Budapest,"Not separately stated; listed as February 13, 1945",Wikipedia — February 13,,exact,Siege of Budapest concludes,Hungary,Gregorian calendar date-page normalization,meets target,German forces; Hungarian forces; Red Army,World War II,global,Wikipedia date-page; single-source verification,20,verified—single source,20,9
13,CE,1945,February,Royal Air Force bombers were dispatched for a massive aerial bombardment. Listed under this Gregorian calendar date; original historical calendar/date is not separately stated by the source.,Europe,FEB-13-1945-10,war,"World War II: Royal Air Force bombers are dispatched to Dresden, Germany to attack the city with a massive aerial bombardment.","World War II: Royal Air Force bombers are dispatched to Dresden, Germany to attack the city with a massive aerial bombardment.",13 February 1945 CE,https://en.wikipedia.org/wiki/February_13,,--02-13,Dresden,"Not separately stated; listed as February 13, 1945",Wikipedia — February 13,,exact,Bombing of Dresden,Germany,Gregorian calendar date-page normalization,meets target,Royal Air Force,World War II,global,Wikipedia date-page; single-source verification,20,verified—single source,20,9
13,CE,1960,February,The success of the test codenamed Gerboise Bleue made France the fourth country to possess nuclear weapons. Listed under this Gregorian calendar date; original historical calendar/date is not separately stated by the source.,Europe,FEB-13-1960-11,science,"With the success of a nuclear test codenamed "" Gerboise Bleue"", France becomes the fourth country to possess nuclear weapons.","With the success of a nuclear test codenamed "" Gerboise Bleue"", France becomes the fourth country to possess nuclear weapons.",13 February 1960 CE,https://en.wikipedia.org/wiki/February_13,,--02-13,,"Not separately stated; listed as February 13, 1960",Wikipedia — February 13,,exact,France becomes a nuclear power,France,Gregorian calendar date-page normalization,meets target,,French nuclear weapons program,global,Wikipedia date-page; single-source verification,20,verified—single source,20,9
13,CE,1960,February,The first sit-ins occurred at three lunch counters. Listed under this Gregorian calendar date; original historical calendar/date is not separately stated by the source.,Americas,FEB-13-1960-12,social_history,"Black college students stage the first of the Nashville sit-ins at three lunch counters in Nashville, Tennessee.","Black college students stage the first of the Nashville sit-ins at three lunch counters in Nashville, Tennessee.",13 February 1960 CE,https://en.wikipedia.org/wiki/February_13,,--02-13,Nashville,"Not separately stated; listed as February 13, 1960",Wikipedia — February 13,,exact,Nashville sit-ins,United States,Gregorian calendar date-page normalization,meets target,Black college students,Civil rights movement,national,Wikipedia date-page; single-source verification,20,verified—single source,20,9
13,CE,1991,February,Over 400 Iraqi civilians inside the shelter were killed; Allied forces said it was a military communications outpost. Listed under this Gregorian calendar date; original historical calendar/date is not separately stated by the source.,Middle East,FEB-13-1991-13,war,"Gulf War: Two laser-guided "" smart bombs"" destroy the Amiriyah shelter in Baghdad. Allied forces said the bunker was being used as a military communications outpost, but over 400 Iraqi civilians inside were killed.","Gulf War: Two laser-guided "" smart bombs"" destroy the Amiriyah shelter in Baghdad. Allied forces said the bunker was being used as a military communications outpost, but over 400 Iraqi civilians inside were killed.",13 February 1991 CE,https://en.wikipedia.org/wiki/February_13,,--02-13,Baghdad,"Not separately stated; listed as February 13, 1991",Wikipedia — February 13,,exact,Amiriyah shelter bombing,Iraq,Gregorian calendar date-page normalization,meets target,Allied forces,Gulf War,global,Wikipedia date-page; single-source verification,20,verified—single source,20,8
13,CE,2001,February,A magnitude 6.6 earthquake killed at least 315. Listed under this Gregorian calendar date; original historical calendar/date is not separately stated by the source.,Americas,FEB-13-2001-14,disaster,"A magnitude 6.6 earthquake hits El Salvador, killing at least 315.","A magnitude 6.6 earthquake hits El Salvador, killing at least 315.",13 February 2001 CE,https://en.wikipedia.org/wiki/February_13,,--02-13,,"Not separately stated; listed as February 13, 2001",Wikipedia — February 13,,exact,El Salvador earthquake,El Salvador,Gregorian calendar date-page normalization,meets target,,,national,Wikipedia date-page; single-source verification,20,verified—single source,20,7
13,CE,2004,February,"The center announced the discovery of the universe's largest known diamond, a white dwarf star named Lucy. Listed under this Gregorian calendar date; original historical calendar/date is not separately stated by the source.",multi-regional,FEB-13-2004-15,science,"The Harvard–Smithsonian Center for Astrophysics announces the discovery of the universe's largest known diamond, white dwarf star BPM 37093. Astronomers named this star ""Lucy"" after The Beatles' song "" Lucy in the Sky with Diamonds"".","The Harvard–Smithsonian Center for Astrophysics announces the discovery of the universe's largest known diamond, white dwarf star BPM 37093. Astronomers named this star ""Lucy"" after The Beatles' song "" Lucy in the Sky with Diamonds"".",13 February 2004 CE,https://en.wikipedia.org/wiki/February_13,,--02-13,,"Not separately stated; listed as February 13, 2004",Wikipedia — February 13,,exact,Diamond white dwarf announcement,United States,Gregorian calendar date-page normalization,meets target,Harvard–Smithsonian Center for Astrophysics,BPM 37093,global,Wikipedia date-page; single-source verification,20,verified—single source,20,8
13,CE,2008,February,The Australian prime minister apologized to Indigenous Australians and the Stolen Generations. Listed under this Gregorian calendar date; original historical calendar/date is not separately stated by the source.,Oceania,FEB-13-2008-16,social_history,Australian Prime Minister Kevin Rudd makes a historic apology to the Indigenous Australians and the Stolen Generations.,Australian Prime Minister Kevin Rudd makes a historic apology to the Indigenous Australians and the Stolen Generations.,13 February 2008 CE,https://en.wikipedia.org/wiki/February_13,,--02-13,,"Not separately stated; listed as February 13, 2008",Wikipedia — February 13,,exact,Apology to Indigenous Australians,Australia,Gregorian calendar date-page normalization,meets target,Kevin Rudd,Stolen Generations,national,Wikipedia date-page; single-source verification,20,verified—single source,20,8
14,CE,748,February,Listed under this Gregorian calendar date; original historical calendar/date is not separately stated by the source.,Middle East,FEB-14-0748-01,political,"Abbasid Revolution: The Hashimi rebels under Abu Muslim Khorasani take Merv, capital of the Umayyad province Khorasan, marking the consolidation of the Abbasid revolt.","Abbasid Revolution: The Hashimi rebels under Abu Muslim Khorasani take Merv, capital of the Umayyad province Khorasan, marking the consolidation of the Abbasid revolt.",14 February 748 CE,https://en.wikipedia.org/wiki/February_14,,--02-14,Merv,"Not separately stated; listed as February 14, 748",Wikipedia — February 14,,exact,Abbasid Revolution,Iran,Gregorian calendar date-page normalization,meets target,Abu Muslim Khorasani,Abbasid revolt,regional,Wikipedia date-page; single-source verification,20,verified—single source,20,8
14,CE,842,February,Sworn in French and German languages. Listed under this Gregorian calendar date; original historical calendar/date is not separately stated by the source.,Europe,FEB-14-0842-02,political,Charles the Bald and Louis the German swear the Oaths of Strasbourg in the French and German languages.,Charles the Bald and Louis the German swear the Oaths of Strasbourg in the French and German languages.,14 February 842 CE,https://en.wikipedia.org/wiki/February_14,,--02-14,Strasbourg,"Not separately stated; listed as February 14, 842",Wikipedia — February 14,,exact,Oaths of Strasbourg,France;Germany,Gregorian calendar date-page normalization,meets target,Charles the Bald;Louis the German,Frankish Empire,regional,Wikipedia date-page; single-source verification,20,verified—single source,20,8
14,CE,1349,February,Jews were accused of causing the Black Death. Listed under this Gregorian calendar date; original historical calendar/date is not separately stated by the source.,Europe,FEB-14-1349-03,social_history,Strasbourg massacre: Several thousand Jews are burned to death by mobs while the remaining Jews are forcibly removed from Strasbourg after being accused of causing the Black Death.,Strasbourg massacre: Several thousand Jews are burned to death by mobs while the remaining Jews are forcibly removed from Strasbourg after being accused of causing the Black Death.,14 February 1349 CE,https://en.wikipedia.org/wiki/February_14,,--02-14,Strasbourg,"Not separately stated; listed as February 14, 1349",Wikipedia — February 14,,exact,Strasbourg massacre,France,Gregorian calendar date-page normalization,meets target,,Jewish community of Strasbourg,regional,Wikipedia date-page; single-source verification,20,verified—single source,20,8
14,CE,1556,February,Listed under this Gregorian calendar date; original historical calendar/date is not separately stated by the source.,Asia,FEB-14-1556-04,political,Coronation of Akbar as ruler of the Mughal Empire.,Coronation of Akbar as ruler of the Mughal Empire.,14 February 1556 CE,https://en.wikipedia.org/wiki/February_14,,--02-14,,"Not separately stated; listed as February 14, 1556",Wikipedia — February 14,,exact,Coronation of Akbar,India,Gregorian calendar date-page normalization,meets target,Akbar,Mughal Empire,regional,Wikipedia date-page; single-source verification,20,verified—single source,20,9
14,CE,1655,February,Coordinated attacks against the Spanish began the uprising. Listed under this Gregorian calendar date; original historical calendar/date is not separately stated by the source.,Americas,FEB-14-1655-05,war,The Mapuches launch coordinated attacks against the Spanish in Chile beginning the Mapuche uprising of 1655.,The Mapuches launch coordinated attacks against the Spanish in Chile beginning the Mapuche uprising of 1655.,14 February 1655 CE,https://en.wikipedia.org/wiki/February_14,,--02-14,,"Not separately stated; listed as February 14, 1655",Wikipedia — February 14,,exact,Mapuche uprising,Chile,Gregorian calendar date-page normalization,meets target,,Mapuche,regional,Wikipedia date-page; single-source verification,20,verified—single source,20,8
14,CE,1779,February,Killed by Native Hawaiians. Listed under this Gregorian calendar date; original historical calendar/date is not separately stated by the source.,Oceania,FEB-14-1779-06,death,James Cook is killed by Native Hawaiians near Kealakekua on the Island of Hawaii.,James Cook is killed by Native Hawaiians near Kealakekua on the Island of Hawaii.,14 February 1779 CE,https://en.wikipedia.org/wiki/February_14,,--02-14,Kealakekua,"Not separately stated; listed as February 14, 1779",Wikipedia — February 14,,exact,Death of James Cook,United States,Gregorian calendar date-page normalization,meets target,James Cook,British exploration,global,Wikipedia date-page; single-source verification,20,verified—single source,20,8
14,CE,1804,February,Listed under this Gregorian calendar date; original historical calendar/date is not separately stated by the source.,Europe,FEB-14-1804-07,independence,Karađorđe leads the First Serbian Uprising against the Ottoman Empire.,Karađorđe leads the First Serbian Uprising against the Ottoman Empire.,14 February 1804 CE,https://en.wikipedia.org/wiki/February_14,,--02-14,,"Not separately stated; listed as February 14, 1804",Wikipedia — February 14,,exact,First Serbian Uprising,Serbia,Gregorian calendar date-page normalization,meets target,Karađorđe,Serbian uprising,regional,Wikipedia date-page; single-source verification,20,verified—single source,20,8
14,CE,1876,February,Both Bell and Gray applied for a patent. Listed under this Gregorian calendar date; original historical calendar/date is not separately stated by the source.,Americas,FEB-14-1876-08,technology,"Alexander Graham Bell applies for a patent for the telephone, as does Elisha Gray.","Alexander Graham Bell applies for a patent for the telephone, as does Elisha Gray.",14 February 1876 CE,https://en.wikipedia.org/wiki/February_14,,--02-14,,"Not separately stated; listed as February 14, 1876",Wikipedia — February 14,,exact,Telephone patent applications,United States,Gregorian calendar date-page normalization,meets target,Alexander Graham Bell;Elisha Gray,Telephone,global,Wikipedia date-page; single-source verification,20,verified—single source,20,10
14,CE,1879,February,The Chilean Army occupied Antofagasta. Listed under this Gregorian calendar date; original historical calendar/date is not separately stated by the source.,Americas,FEB-14-1879-09,war,The War of the Pacific breaks out when the Chilean Army occupies the Bolivian port city of Antofagasta.,The War of the Pacific breaks out when the Chilean Army occupies the Bolivian port city of Antofagasta.,14 February 1879 CE,https://en.wikipedia.org/wiki/February_14,,--02-14,Antofagasta,"Not separately stated; listed as February 14, 1879",Wikipedia — February 14,,exact,War of the Pacific,Chile;Bolivia,Gregorian calendar date-page normalization,meets target,,War of the Pacific,regional,Wikipedia date-page; single-source verification,20,verified—single source,20,8
14,CE,1912,February,Arizona became the 48th and last contiguous U.S. state. Listed under this Gregorian calendar date; original historical calendar/date is not separately stated by the source.,Americas,FEB-14-1912-10,political,Arizona is admitted as the 48th and the last contiguous U.S. state.,Arizona is admitted as the 48th and the last contiguous U.S. state.,14 February 1912 CE,https://en.wikipedia.org/wiki/February_14,,--02-14,,"Not separately stated; listed as February 14, 1912",Wikipedia — February 14,,exact,Admission of Arizona,United States,Gregorian calendar date-page normalization,meets target,,United States,national,Wikipedia date-page; single-source verification,20,verified—single source,20,7
14,CE,1918,February,Listed under this Gregorian calendar date; original historical calendar/date is not separately stated by the source.,Europe,FEB-14-1918-11,political,Soviet Russia adopts the Gregorian calendar.,Soviet Russia adopts the Gregorian calendar.,14 February 1918 CE,https://en.wikipedia.org/wiki/February_14,,--02-14,,"Not separately stated; listed as February 14, 1918",Wikipedia — February 14,,exact,Gregorian calendar adoption,Russia,Gregorian calendar date-page normalization,meets target,,Soviet Russia,regional,Wikipedia date-page; single-source verification,20,verified—single source,20,8
14,CE,1919,February,Listed under this Gregorian calendar date; original historical calendar/date is not separately stated by the source.,Europe,FEB-14-1919-12,war,The Polish–Soviet War begins.,The Polish–Soviet War begins.,14 February 1919 CE,https://en.wikipedia.org/wiki/February_14,,--02-14,,"Not separately stated; listed as February 14, 1919",Wikipedia — February 14,,exact,Polish–Soviet War,Poland;Russia,Gregorian calendar date-page normalization,meets target,,Polish–Soviet War,regional,Wikipedia date-page; single-source verification,20,verified—single source,20,9
14,CE,1924,February,The Computing-Tabulating-Recording Company changed its name. Listed under this Gregorian calendar date; original historical calendar/date is not separately stated by the source.,Americas,FEB-14-1924-13,economics,The Computing-Tabulating-Recording Company changes its name to International Business Machines Corporation (IBM).,The Computing-Tabulating-Recording Company changes its name to International Business Machines Corporation (IBM).,14 February 1924 CE,https://en.wikipedia.org/wiki/February_14,,--02-14,,"Not separately stated; listed as February 14, 1924",Wikipedia — February 14,,exact,IBM renaming,United States,Gregorian calendar date-page normalization,meets target,,International Business Machines Corporation,global,Wikipedia date-page; single-source verification,20,verified—single source,20,8
14,CE,1942,February,Contributed to the fall of Singapore. Listed under this Gregorian calendar date; original historical calendar/date is not separately stated by the source.,Asia,FEB-14-1942-14,war,World War II: Battle of Pasir Panjang contributes to the fall of Singapore.,World War II: Battle of Pasir Panjang contributes to the fall of Singapore.,14 February 1942 CE,https://en.wikipedia.org/wiki/February_14,,--02-14,Pasir Panjang,"Not separately stated; listed as February 14, 1942",Wikipedia — February 14,,exact,Battle of Pasir Panjang,Singapore,Gregorian calendar date-page normalization,meets target,,World War II,regional,Wikipedia date-page; single-source verification,20,verified—single source,20,8
14,CE,1945,February,The first day of the bombing began. Listed under this Gregorian calendar date; original historical calendar/date is not separately stated by the source.,Europe,FEB-14-1945-15,war,"World War II: On the first day of the bombing of Dresden, the British Royal Air Force and the United States Army Air Forces begin fire-bombing Dresden.","World War II: On the first day of the bombing of Dresden, the British Royal Air Force and the United States Army Air Forces begin fire-bombing Dresden.",14 February 1945 CE,https://en.wikipedia.org/wiki/February_14,,--02-14,Dresden,"Not separately stated; listed as February 14, 1945",Wikipedia — February 14,,exact,Bombing of Dresden,Germany,Gregorian calendar date-page normalization,meets target,,World War II,global,Wikipedia date-page; single-source verification,20,verified—single source,20,9
14,CE,1945,February,The meeting officially began U.S.-Saudi diplomatic relations. Listed under this Gregorian calendar date; original historical calendar/date is not separately stated by the source.,Middle East,FEB-14-1945-16,political,"President Franklin D. Roosevelt meets King Ibn Saud of Saudi Arabia aboard the USS Quincy, officially beginning U.S.-Saudi diplomatic relations.","President Franklin D. Roosevelt meets King Ibn Saud of Saudi Arabia aboard the USS Quincy, officially beginning U.S.-Saudi diplomatic relations.",14 February 1945 CE,https://en.wikipedia.org/wiki/February_14,,--02-14,,"Not separately stated; listed as February 14, 1945",Wikipedia — February 14,,exact,U.S.–Saudi diplomatic relations,United States;Saudi Arabia,Gregorian calendar date-page normalization,meets target,Franklin D. Roosevelt;Ibn Saud,United States–Saudi Arabia relations,global,Wikipedia date-page; single-source verification,20,verified—single source,20,9
14,CE,1949,February,Listed under this Gregorian calendar date; original historical calendar/date is not separately stated by the source.,Middle East,FEB-14-1949-17,political,The Knesset (parliament of Israel) convenes for the first time.,The Knesset (parliament of Israel) convenes for the first time.,14 February 1949 CE,https://en.wikipedia.org/wiki/February_14,,--02-14,,"Not separately stated; listed as February 14, 1949",Wikipedia — February 14,,exact,First Knesset session,Israel,Gregorian calendar date-page normalization,meets target,,Knesset,national,Wikipedia date-page; single-source verification,20,verified—single source,20,9
14,CE,1961,February,Element 103 was first synthesized. Listed under this Gregorian calendar date; original historical calendar/date is not separately stated by the source.,Americas,FEB-14-1961-18,science,"Discovery of the chemical elements: Element 103, Lawrencium, is first synthesized at the University of California.","Discovery of the chemical elements: Element 103, Lawrencium, is first synthesized at the University of California.",14 February 1961 CE,https://en.wikipedia.org/wiki/February_14,,--02-14,University of California,"Not separately stated; listed as February 14, 1961",Wikipedia — February 14,,exact,Synthesis of lawrencium,United States,Gregorian calendar date-page normalization,meets target,,Lawrencium,global,Wikipedia date-page; single-source verification,20,verified—single source,20,8
14,CE,1990,February,Voyager 1 photographed Earth; the photograph later became famous as Pale Blue Dot. Listed under this Gregorian calendar date; original historical calendar/date is not separately stated by the source.,Polar,FEB-14-1990-19,space,The Voyager 1 spacecraft takes the photograph of planet Earth that later becomes famous as Pale Blue Dot.,The Voyager 1 spacecraft takes the photograph of planet Earth that later becomes famous as Pale Blue Dot.,14 February 1990 CE,https://en.wikipedia.org/wiki/February_14,,--02-14,,"Not separately stated; listed as February 14, 1990",Wikipedia — February 14,,exact,Pale Blue Dot photograph,,Gregorian calendar date-page normalization,meets target,,Voyager 1,global,Wikipedia date-page; single-source verification,20,verified—single source,20,9
14,CE,2000,February,First spacecraft to orbit an asteroid. Listed under this Gregorian calendar date; original historical calendar/date is not separately stated by the source.,Polar,FEB-14-2000-20,space,"The spacecraft NEAR Shoemaker enters orbit around asteroid 433 Eros, the first spacecraft to orbit an asteroid.","The spacecraft NEAR Shoemaker enters orbit around asteroid 433 Eros, the first spacecraft to orbit an asteroid.",14 February 2000 CE,https://en.wikipedia.org/wiki/February_14,,--02-14,,"Not separately stated; listed as February 14, 2000",Wikipedia — February 14,,exact,NEAR Shoemaker asteroid orbit,,Gregorian calendar date-page normalization,meets target,,NEAR Shoemaker,global,Wikipedia date-page; single-source verification,20,verified—single source,20,9
15,CE,438,February,Listed under this Gregorian calendar date; original historical calendar/date is not separately stated by the source.,Europe,FEB-15-0438-01,political,Roman emperor Theodosius II publishes the law codex Codex Theodosianus.,Roman emperor Theodosius II publishes the law codex Codex Theodosianus.,15 February 438 CE,https://en.wikipedia.org/wiki/February_15,,--02-15,,"Not separately stated; listed as February 15, 438",Wikipedia — February 15,,exact,Codification of Roman law,Turkey,Gregorian calendar date-page normalization,meets target,Theodosius II,Eastern Roman Empire,global,Wikipedia date-page; single-source verification,20,verified—single source,20,9
15,CE,1113,February,Listed under this Gregorian calendar date; original historical calendar/date is not separately stated by the source.,Middle East,FEB-15-1113-02,religion,"Pope Paschal II issues Pie Postulatio Voluntatis, recognizing the Order of Hospitallers.","Pope Paschal II issues Pie Postulatio Voluntatis, recognizing the Order of Hospitallers.",15 February 1113 CE,https://en.wikipedia.org/wiki/February_15,,--02-15,,"Not separately stated; listed as February 15, 1113",Wikipedia — February 15,,exact,Recognition of the Order of Hospitallers,,Gregorian calendar date-page normalization,meets target,Pope Paschal II,Catholic Church; Order of Hospitallers,global,Wikipedia date-page; single-source verification,20,verified—single source,20,8
15,CE,1493,February,Widely distributed upon his return to Portugal. Listed under this Gregorian calendar date; original historical calendar/date is not separately stated by the source.,multi-regional,FEB-15-1493-03,exploration,"While on board the Niña, Christopher Columbus writes an open letter (widely distributed upon his return to Portugal) describing his discoveries and the unexpected items he came across in the New World.","While on board the Niña, Christopher Columbus writes an open letter (widely distributed upon his return to Portugal) describing his discoveries and the unexpected items he came across in the New World.",15 February 1493 CE,https://en.wikipedia.org/wiki/February_15,,--02-15,,"Not separately stated; listed as February 15, 1493",Wikipedia — February 15,,exact,Columbus letter on New World discoveries,Portugal; Spain; United States,Gregorian calendar date-page normalization,meets target,Christopher Columbus,Spanish monarchy; New World,global,Wikipedia date-page; single-source verification,20,verified—single source,20,9
15,CE,1798,February,Listed under this Gregorian calendar date; original historical calendar/date is not separately stated by the source.,Europe,FEB-15-1798-04,political,"The Roman Republic is proclaimed after Louis-Alexandre Berthier, a general of Napoleon, had invaded the city of Rome five days earlier.","The Roman Republic is proclaimed after Louis-Alexandre Berthier, a general of Napoleon, had invaded the city of Rome five days earlier.",15 February 1798 CE,https://en.wikipedia.org/wiki/February_15,,--02-15,Rome,"Not separately stated; listed as February 15, 1798",Wikipedia — February 15,,exact,Proclamation of the Roman Republic,Italy,Gregorian calendar date-page normalization,meets target,Louis-Alexandre Berthier; Napoleon,Roman Republic,regional,Wikipedia date-page; single-source verification,20,verified—single source,20,8
15,CE,1835,February,Briefly came into effect. Listed under this Gregorian calendar date; original historical calendar/date is not separately stated by the source.,Europe,FEB-15-1835-05,political,Serbia's Sretenje Constitution briefly comes into effect.,Serbia's Sretenje Constitution briefly comes into effect.,15 February 1835 CE,https://en.wikipedia.org/wiki/February_15,,--02-15,,"Not separately stated; listed as February 15, 1835",Wikipedia — February 15,,exact,Sretenje Constitution,Serbia,Gregorian calendar date-page normalization,meets target,,Principality of Serbia,national,Wikipedia date-page; single-source verification,20,verified—single source,20,7
15,CE,1862,February,Confederates surrendered the following day. Listed under this Gregorian calendar date; original historical calendar/date is not separately stated by the source.,Americas,FEB-15-1862-06,war,"American Civil War: Confederates commanded by Brig. Gen. John B. Floyd attack General Ulysses S. Grant's Union forces besieging Fort Donelson in Tennessee. Unable to break the fort's encirclement, the Confederates surrender the following day.","American Civil War: Confederates commanded by Brig. Gen. John B. Floyd attack General Ulysses S. Grant's Union forces besieging Fort Donelson in Tennessee. Unable to break the fort's encirclement, the Confederates surrender the following day.",15 February 1862 CE,https://en.wikipedia.org/wiki/February_15,,--02-15,Fort Donelson,"Not separately stated; listed as February 15, 1862",Wikipedia — February 15,,exact,Battle of Fort Donelson,United States,Gregorian calendar date-page normalization,meets target,John B. Floyd; Ulysses S. Grant,Union; Confederacy,national,Wikipedia date-page; single-source verification,20,verified—single source,20,8
15,CE,1879,February,Listed under this Gregorian calendar date; original historical calendar/date is not separately stated by the source.,Americas,FEB-15-1879-07,social_history,Women's rights: US President Rutherford B. Hayes signs a bill allowing female attorneys to argue cases before the Supreme Court of the United States.,Women's rights: US President Rutherford B. Hayes signs a bill allowing female attorneys to argue cases before the Supreme Court of the United States.,15 February 1879 CE,https://en.wikipedia.org/wiki/February_15,,--02-15,,"Not separately stated; listed as February 15, 1879",Wikipedia — February 15,,exact,Women attorneys before the U.S. Supreme Court,United States,Gregorian calendar date-page normalization,meets target,Rutherford B. Hayes,United States Supreme Court,national,Wikipedia date-page; single-source verification,20,verified—single source,20,7
15,CE,1898,February,The disaster pushed the United States to declare war on Spain. Listed under this Gregorian calendar date; original historical calendar/date is not separately stated by the source.,Americas,FEB-15-1898-08,disaster,"The battleship USS Maine explodes and sinks in Havana harbor in Cuba, killing about 274 of the ship's roughly 354 crew. The disaster pushes the United States to declare war on Spain.","The battleship USS Maine explodes and sinks in Havana harbor in Cuba, killing about 274 of the ship's roughly 354 crew. The disaster pushes the United States to declare war on Spain.",15 February 1898 CE,https://en.wikipedia.org/wiki/February_15,,--02-15,Havana,"Not separately stated; listed as February 15, 1898",Wikipedia — February 15,,exact,USS Maine explosion,Cuba; United States; Spain,Gregorian calendar date-page normalization,meets target,,USS Maine; United States; Spain,global,Wikipedia date-page; single-source verification,20,verified—single source,20,9
15,CE,1899,February,Reduced the autonomy of the Grand Duchy of Finland. Listed under this Gregorian calendar date; original historical calendar/date is not separately stated by the source.,Europe,FEB-15-1899-09,political,"Tsar Nicholas II of Russia issues a declaration known as the February Manifesto, which reduces the autonomy of the Grand Duchy of Finland, thus beginning the first period of oppression.","Tsar Nicholas II of Russia issues a declaration known as the February Manifesto, which reduces the autonomy of the Grand Duchy of Finland, thus beginning the first period of oppression.",15 February 1899 CE,https://en.wikipedia.org/wiki/February_15,,--02-15,,"Not separately stated; listed as February 15, 1899",Wikipedia — February 15,,exact,February Manifesto,Finland; Russia,Gregorian calendar date-page normalization,meets target,Nicholas II,Grand Duchy of Finland; Russian Empire,national,Wikipedia date-page; single-source verification,20,verified—single source,20,8
15,CE,1925,February,Second delivery of serum arrived in Nome. Listed under this Gregorian calendar date; original historical calendar/date is not separately stated by the source.,Americas,FEB-15-1925-10,medicine,"The 1925 serum run to Nome: The second delivery of serum arrives in Nome, Alaska.","The 1925 serum run to Nome: The second delivery of serum arrives in Nome, Alaska.",15 February 1925 CE,https://en.wikipedia.org/wiki/February_15,,--02-15,Nome,"Not separately stated; listed as February 15, 1925",Wikipedia — February 15,,exact,Nome serum run,United States,Gregorian calendar date-page normalization,meets target,,Nome serum run,regional,Wikipedia date-page; single-source verification,20,verified—single source,20,8
15,CE,1942,February,"About 80,000 soldiers became prisoners of war; described as the largest surrender of British-led military personnel in history. Listed under this Gregorian calendar date; original historical calendar/date is not separately stated by the source.",Asia,FEB-15-1942-11,war,"World War II: Fall of Singapore. Following an assault by Japanese forces, the British General Arthur Percival surrenders. About 80,000 Indian, United Kingdom and Australian soldiers become prisoners of war, the largest surrender of British-led military personnel in history.","World War II: Fall of Singapore. Following an assault by Japanese forces, the British General Arthur Percival surrenders. About 80,000 Indian, United Kingdom and Australian soldiers become prisoners of war, the largest surrender of British-led military personnel in history.",15 February 1942 CE,https://en.wikipedia.org/wiki/February_15,,--02-15,Singapore,"Not separately stated; listed as February 15, 1942",Wikipedia — February 15,,exact,Fall of Singapore,Singapore; United Kingdom; India; Australia; Japan,Gregorian calendar date-page normalization,meets target,Arthur Percival,British-led forces; Japan,global,Wikipedia date-page; single-source verification,20,verified—single source,20,10
15,CE,1944,February,The assault began. Listed under this Gregorian calendar date; original historical calendar/date is not separately stated by the source.,Europe,FEB-15-1944-12,war,"World War II: The assault on Monte Cassino, Italy, begins.","World War II: The assault on Monte Cassino, Italy, begins.",15 February 1944 CE,https://en.wikipedia.org/wiki/February_15,,--02-15,Monte Cassino,"Not separately stated; listed as February 15, 1944",Wikipedia — February 15,,exact,Second Battle of Monte Cassino,Italy,Gregorian calendar date-page normalization,meets target,,World War II,global,Wikipedia date-page; single-source verification,20,verified—single source,20,8
15,CE,1946,February,Described as the first electronic general-purpose computer. Listed under this Gregorian calendar date; original historical calendar/date is not separately stated by the source.,Americas,FEB-15-1946-13,technology,"ENIAC, the first electronic general-purpose computer, is formally dedicated at the University of Pennsylvania in Philadelphia.","ENIAC, the first electronic general-purpose computer, is formally dedicated at the University of Pennsylvania in Philadelphia.",15 February 1946 CE,https://en.wikipedia.org/wiki/February_15,,--02-15,Philadelphia,"Not separately stated; listed as February 15, 1946",Wikipedia — February 15,,exact,ENIAC dedication,United States,Gregorian calendar date-page normalization,meets target,,ENIAC; University of Pennsylvania,global,Wikipedia date-page; single-source verification,20,verified—single source,20,10
15,CE,1949,February,The first seven Dead Sea Scrolls were eventually discovered there. Listed under this Gregorian calendar date; original historical calendar/date is not separately stated by the source.,Middle East,FEB-15-1949-14,religion,"Gerald Lankester Harding and Roland de Vaux begin excavations at Cave 1 of the Qumran Caves, where they will eventually discover the first seven Dead Sea Scrolls.","Gerald Lankester Harding and Roland de Vaux begin excavations at Cave 1 of the Qumran Caves, where they will eventually discover the first seven Dead Sea Scrolls.",15 February 1949 CE,https://en.wikipedia.org/wiki/February_15,,--02-15,Qumran,"Not separately stated; listed as February 15, 1949",Wikipedia — February 15,,exact,Qumran Cave 1 excavations,Jordan,Gregorian calendar date-page normalization,meets target,Gerald Lankester Harding; Roland de Vaux,Qumran Caves; Dead Sea Scrolls,global,Wikipedia date-page; single-source verification,20,verified—single source,20,9
15,CE,1965,February,Replaced the Canadian Red Ensign flag. Listed under this Gregorian calendar date; original historical calendar/date is not separately stated by the source.,Americas,FEB-15-1965-15,political,"The maple leaf is adopted as the flag of Canada, replacing the Canadian Red Ensign flag.","The maple leaf is adopted as the flag of Canada, replacing the Canadian Red Ensign flag.",15 February 1965 CE,https://en.wikipedia.org/wiki/February_15,,--02-15,,"Not separately stated; listed as February 15, 1965",Wikipedia — February 15,,exact,Adoption of the maple leaf flag,Canada,Gregorian calendar date-page normalization,meets target,,Canada,national,Wikipedia date-page; single-source verification,20,verified—single source,20,8
15,CE,1971,February,Decimalisation of the currencies was completed. Listed under this Gregorian calendar date; original historical calendar/date is not separately stated by the source.,Europe,FEB-15-1971-16,economics,The decimalisation of the currencies of the United Kingdom and Ireland is completed on Decimal Day.,The decimalisation of the currencies of the United Kingdom and Ireland is completed on Decimal Day.,15 February 1971 CE,https://en.wikipedia.org/wiki/February_15,,--02-15,,"Not separately stated; listed as February 15, 1971",Wikipedia — February 15,,exact,Decimal Day,United Kingdom; Ireland,Gregorian calendar date-page normalization,meets target,,United Kingdom; Ireland,national,Wikipedia date-page; single-source verification,20,verified—single source,20,8
15,CE,1989,February,The Soviet Union officially announced that all its troops had left Afghanistan. Listed under this Gregorian calendar date; original historical calendar/date is not separately stated by the source.,Asia,FEB-15-1989-17,war,Soviet–Afghan War: The Soviet Union officially announces that all of its troops have left Afghanistan.,Soviet–Afghan War: The Soviet Union officially announces that all of its troops have left Afghanistan.,15 February 1989 CE,https://en.wikipedia.org/wiki/February_15,,--02-15,,"Not separately stated; listed as February 15, 1989",Wikipedia — February 15,,exact,Soviet withdrawal from Afghanistan,Afghanistan; Russia,Gregorian calendar date-page normalization,meets target,,Soviet Union; Afghanistan,global,Wikipedia date-page; single-source verification,20,verified—single source,20,9
15,CE,1991,February,Established cooperation toward free-market systems. Listed under this Gregorian calendar date; original historical calendar/date is not separately stated by the source.,Europe,FEB-15-1991-18,political,"The Visegrád Group, establishing cooperation to move toward free-market systems, is signed by the leaders of Czechoslovakia, Hungary and Poland.","The Visegrád Group, establishing cooperation to move toward free-market systems, is signed by the leaders of Czechoslovakia, Hungary and Poland.",15 February 1991 CE,https://en.wikipedia.org/wiki/February_15,,--02-15,,"Not separately stated; listed as February 15, 1991",Wikipedia — February 15,,exact,Visegrád cooperation agreement,Czech Republic; Hungary; Poland; Slovakia,Gregorian calendar date-page normalization,meets target,"Leaders of Czechoslovakia, Hungary and Poland",Visegrád Group,regional,Wikipedia date-page; single-source verification,20,verified—single source,20,8
15,CE,2001,February,Published in Nature. Listed under this Gregorian calendar date; original historical calendar/date is not separately stated by the source.,multi-regional,FEB-15-2001-19,science,The first draft of the complete human genome is published in Nature.,The first draft of the complete human genome is published in Nature.,15 February 2001 CE,https://en.wikipedia.org/wiki/February_15,,--02-15,,"Not separately stated; listed as February 15, 2001",Wikipedia — February 15,,exact,First draft of the human genome,,Gregorian calendar date-page normalization,meets target,,Human Genome Project,global,Wikipedia date-page; single-source verification,20,verified—single source,20,10
15,CE,2003,February,"Protests occurred in over 600 cities; estimated participation was between eight million and 30 million, described as the largest peace demonstration in history. Listed under this Gregorian calendar date; original historical calendar/date is not separately stated by the source.",multi-regional,FEB-15-2003-20,social_history,"Protests against the Iraq war take place in over 600 cities worldwide. It is estimated that between eight million and 30 million people participate, making this the largest peace demonstration in history.","Protests against the Iraq war take place in over 600 cities worldwide. It is estimated that between eight million and 30 million people participate, making this the largest peace demonstration in history.",15 February 2003 CE,https://en.wikipedia.org/wiki/February_15,,--02-15,,"Not separately stated; listed as February 15, 2003",Wikipedia — February 15,,exact,Global Iraq War protests,,Gregorian calendar date-page normalization,meets target,,Anti-Iraq War movement,global,Wikipedia date-page; single-source verification,20,verified—single source,20,9
16,CE,1249,February,Listed under this Gregorian calendar date; original historical calendar/date is not separately stated by the source.,multi-regional,FEB-16-1249-01,diplomacy,Andrew of Longjumeau is dispatched by Louis IX of France as his ambassador to meet with the Khagan of the Mongol Empire.,Andrew of Longjumeau is dispatched by Louis IX of France as his ambassador to meet with the Khagan of the Mongol Empire.,16 February 1249 CE,https://en.wikipedia.org/wiki/February_16,,--02-16,,"Not separately stated; listed as February 16, 1249",Wikipedia — February 16,,exact,Mongol diplomatic mission,France; Mongolia,Gregorian calendar date-page normalization,meets target,Andrew of Longjumeau; Louis IX,Kingdom of France; Mongol Empire,regional,Wikipedia date-page; single-source verification,20,verified—single source,20,7
16,CE,1270,February,Listed under this Gregorian calendar date; original historical calendar/date is not separately stated by the source.,Europe,FEB-16-1270-02,war,The Grand Duchy of Lithuania defeats the Livonian Order in the Battle of Karuse.,The Grand Duchy of Lithuania defeats the Livonian Order in the Battle of Karuse.,16 February 1270 CE,https://en.wikipedia.org/wiki/February_16,,--02-16,Karuse,"Not separately stated; listed as February 16, 1270",Wikipedia — February 16,,exact,Battle of Karuse,Lithuania,Gregorian calendar date-page normalization,meets target,,Grand Duchy of Lithuania; Livonian Order,regional,Wikipedia date-page; single-source verification,20,verified—single source,20,6
16,CE,1630,February,What was to become part of Dutch Brazil. Listed under this Gregorian calendar date; original historical calendar/date is not separately stated by the source.,Americas,FEB-16-1630-03,war,Dutch forces led by Hendrick Lonck capture Olinda in what was to become part of Dutch Brazil.,Dutch forces led by Hendrick Lonck capture Olinda in what was to become part of Dutch Brazil.,16 February 1630 CE,https://en.wikipedia.org/wiki/February_16,,--02-16,Olinda,"Not separately stated; listed as February 16, 1630",Wikipedia — February 16,,exact,Capture of Olinda,Brazil; Netherlands,Gregorian calendar date-page normalization,meets target,Hendrick Lonck,Dutch Brazil,regional,Wikipedia date-page; single-source verification,20,verified—single source,20,6
16,CE,1646,February,Described as the last major battle of the First English Civil War. Listed under this Gregorian calendar date; original historical calendar/date is not separately stated by the source.,Europe,FEB-16-1646-04,war,"Battle of Torrington, Devon: The last major battle of the First English Civil War.","Battle of Torrington, Devon: The last major battle of the First English Civil War.",16 February 1646 CE,https://en.wikipedia.org/wiki/February_16,,--02-16,Torrington,"Not separately stated; listed as February 16, 1646",Wikipedia — February 16,,exact,Battle of Torrington,United Kingdom,Gregorian calendar date-page normalization,meets target,,First English Civil War,national,Wikipedia date-page; single-source verification,20,verified—single source,20,7
16,CE,1796,February,Described as completing the British invasion of Ceylon. Listed under this Gregorian calendar date; original historical calendar/date is not separately stated by the source.,Asia,FEB-16-1796-05,war,"Colombo in Ceylon (now Sri Lanka) falls to the British, completing their invasion of Ceylon.","Colombo in Ceylon (now Sri Lanka) falls to the British, completing their invasion of Ceylon.",16 February 1796 CE,https://en.wikipedia.org/wiki/February_16,,--02-16,Colombo,"Not separately stated; listed as February 16, 1796",Wikipedia — February 16,,exact,British capture of Colombo,Sri Lanka; United Kingdom,Gregorian calendar date-page normalization,meets target,,Ceylon,regional,Wikipedia date-page; single-source verification,20,verified—single source,20,7
16,CE,1804,February,Listed under this Gregorian calendar date; original historical calendar/date is not separately stated by the source.,Middle East,FEB-16-1804-06,war,First Barbary War: Stephen Decatur leads a raid to burn the pirate-held frigate USS Philadelphia.,First Barbary War: Stephen Decatur leads a raid to burn the pirate-held frigate USS Philadelphia.,16 February 1804 CE,https://en.wikipedia.org/wiki/February_16,,--02-16,,"Not separately stated; listed as February 16, 1804",Wikipedia — February 16,,exact,Raid on USS Philadelphia,United States; Libya,Gregorian calendar date-page normalization,meets target,Stephen Decatur,First Barbary War,regional,Wikipedia date-page; single-source verification,20,verified—single source,20,7
16,CE,1862,February,Listed under this Gregorian calendar date; original historical calendar/date is not separately stated by the source.,Americas,FEB-16-1862-07,war,"American Civil War: General Ulysses S. Grant captures Fort Donelson, Tennessee.","American Civil War: General Ulysses S. Grant captures Fort Donelson, Tennessee.",16 February 1862 CE,https://en.wikipedia.org/wiki/February_16,,--02-16,Fort Donelson,"Not separately stated; listed as February 16, 1862",Wikipedia — February 16,,exact,Capture of Fort Donelson,United States,Gregorian calendar date-page normalization,meets target,Ulysses S. Grant,American Civil War,national,Wikipedia date-page; single-source verification,20,verified—single source,20,8
16,CE,1881,February,Incorporated by Act of Parliament. Listed under this Gregorian calendar date; original historical calendar/date is not separately stated by the source.,Americas,FEB-16-1881-08,technology,"The Canadian Pacific Railway is incorporated by Act of Parliament at Ottawa (44th Vic., c.1).","The Canadian Pacific Railway is incorporated by Act of Parliament at Ottawa (44th Vic., c.1).",16 February 1881 CE,https://en.wikipedia.org/wiki/February_16,,--02-16,Ottawa,"Not separately stated; listed as February 16, 1881",Wikipedia — February 16,,exact,Canadian Pacific Railway incorporation,Canada,Gregorian calendar date-page normalization,meets target,,Canadian Pacific Railway,national,Wikipedia date-page; single-source verification,20,verified—single source,20,8
16,CE,1900,February,Achieved a new Farthest South and made the first landing at the Great Ice Barrier. Listed under this Gregorian calendar date; original historical calendar/date is not separately stated by the source.,Polar,FEB-16-1900-09,exploration,"The Southern Cross expedition led by Carsten Borchgrevink achieves a new Farthest South of 78° 50'S, making the first landing at the Great Ice Barrier.","The Southern Cross expedition led by Carsten Borchgrevink achieves a new Farthest South of 78° 50'S, making the first landing at the Great Ice Barrier.",16 February 1900 CE,https://en.wikipedia.org/wiki/February_16,,--02-16,Great Ice Barrier,"Not separately stated; listed as February 16, 1900",Wikipedia — February 16,,exact,Southern Cross expedition,Antarctica,Gregorian calendar date-page normalization,meets target,Carsten Borchgrevink,Southern Cross expedition,global,Wikipedia date-page; single-source verification,20,verified—single source,20,8
16,CE,1918,February,The Council of Lithuania unanimously adopted the act. Listed under this Gregorian calendar date; original historical calendar/date is not separately stated by the source.,Europe,FEB-16-1918-10,independence,"The Council of Lithuania unanimously adopts the Act of Independence, declaring Lithuania an independent state.","The Council of Lithuania unanimously adopts the Act of Independence, declaring Lithuania an independent state.",16 February 1918 CE,https://en.wikipedia.org/wiki/February_16,,--02-16,,"Not separately stated; listed as February 16, 1918",Wikipedia — February 16,,exact,Act of Independence of Lithuania,Lithuania,Gregorian calendar date-page normalization,meets target,,Council of Lithuania,global,Wikipedia date-page; single-source verification,20,verified—single source,20,9
16,CE,1923,February,Listed under this Gregorian calendar date; original historical calendar/date is not separately stated by the source.,Africa,FEB-16-1923-11,literature_culture,Howard Carter unseals the burial chamber of Pharaoh Tutankhamun.,Howard Carter unseals the burial chamber of Pharaoh Tutankhamun.,16 February 1923 CE,https://en.wikipedia.org/wiki/February_16,,--02-16,,"Not separately stated; listed as February 16, 1923",Wikipedia — February 16,,exact,Tutankhamun burial chamber unsealed,Egypt,Gregorian calendar date-page normalization,meets target,Howard Carter,Tomb of Tutankhamun,global,Wikipedia date-page; single-source verification,20,verified—single source,20,9
16,CE,1934,February,Ended with the defeat of the Social Democrats and the Republikanischer Schutzbund. Listed under this Gregorian calendar date; original historical calendar/date is not separately stated by the source.,Europe,FEB-16-1934-12,political,The Austrian Civil War ends with the defeat of the Social Democrats and the Republikanischer Schutzbund.,The Austrian Civil War ends with the defeat of the Social Democrats and the Republikanischer Schutzbund.,16 February 1934 CE,https://en.wikipedia.org/wiki/February_16,,--02-16,,"Not separately stated; listed as February 16, 1934",Wikipedia — February 16,,exact,Austrian Civil War ends,Austria,Gregorian calendar date-page normalization,meets target,Social Democrats; Republikanischer Schutzbund,Austrian Civil War,regional,Wikipedia date-page; single-source verification,20,verified—single source,20,8
16,CE,1934,February,The Commission of Government was officially sworn in. Listed under this Gregorian calendar date; original historical calendar/date is not separately stated by the source.,Americas,FEB-16-1934-13,political,The Commission of Government is officially sworn in; ending 79 years of responsible government in Newfoundland.,The Commission of Government is officially sworn in; ending 79 years of responsible government in Newfoundland.,16 February 1934 CE,https://en.wikipedia.org/wiki/February_16,,--02-16,,"Not separately stated; listed as February 16, 1934",Wikipedia — February 16,,exact,End of responsible government in Newfoundland,Canada,Gregorian calendar date-page normalization,meets target,,Commission of Government; Newfoundland,national,Wikipedia date-page; single-source verification,20,verified—single source,20,7
16,CE,1936,February,Listed under this Gregorian calendar date; original historical calendar/date is not separately stated by the source.,Europe,FEB-16-1936-14,political,The Popular Front wins the 1936 Spanish general election.,The Popular Front wins the 1936 Spanish general election.,16 February 1936 CE,https://en.wikipedia.org/wiki/February_16,,--02-16,,"Not separately stated; listed as February 16, 1936",Wikipedia — February 16,,exact,Spanish Popular Front victory,Spain,Gregorian calendar date-page normalization,meets target,,Popular Front,regional,Wikipedia date-page; single-source verification,20,verified—single source,20,8
16,CE,1937,February,Listed under this Gregorian calendar date; original historical calendar/date is not separately stated by the source.,Americas,FEB-16-1937-15,technology,Wallace H. Carothers receives a United States patent for nylon.,Wallace H. Carothers receives a United States patent for nylon.,16 February 1937 CE,https://en.wikipedia.org/wiki/February_16,,--02-16,,"Not separately stated; listed as February 16, 1937",Wikipedia — February 16,,exact,Nylon patent,United States,Gregorian calendar date-page normalization,meets target,Wallace H. Carothers,Nylon,global,Wikipedia date-page; single-source verification,20,verified—single source,20,9
16,CE,1940,February,299 British prisoners were freed. Listed under this Gregorian calendar date; original historical calendar/date is not separately stated by the source.,Europe,FEB-16-1940-16,war,World War II: Altmark incident: The German tanker Altmark is boarded by sailors from the British destroyer HMS Cossack. A total of 299 British prisoners are freed.,World War II: Altmark incident: The German tanker Altmark is boarded by sailors from the British destroyer HMS Cossack. A total of 299 British prisoners are freed.,16 February 1940 CE,https://en.wikipedia.org/wiki/February_16,,--02-16,,"Not separately stated; listed as February 16, 1940",Wikipedia — February 16,,exact,Altmark incident,Norway; United Kingdom; Germany,Gregorian calendar date-page normalization,meets target,,World War II,global,Wikipedia date-page; single-source verification,20,verified—single source,20,8
16,CE,1945,February,Listed under this Gregorian calendar date; original historical calendar/date is not separately stated by the source.,Asia,FEB-16-1945-17,war,World War II: American forces land on Corregidor Island in the Philippines.,World War II: American forces land on Corregidor Island in the Philippines.,16 February 1945 CE,https://en.wikipedia.org/wiki/February_16,,--02-16,Corregidor Island,"Not separately stated; listed as February 16, 1945",Wikipedia — February 16,,exact,Landing on Corregidor,Philippines; United States,Gregorian calendar date-page normalization,meets target,,World War II,global,Wikipedia date-page; single-source verification,20,verified—single source,20,8
16,CE,1945,February,Described as the first anti-discrimination law in the United States. Listed under this Gregorian calendar date; original historical calendar/date is not separately stated by the source.,Americas,FEB-16-1945-18,social_history,"The Alaska Equal Rights Act of 1945, the first anti-discrimination law in the United States, was signed into law.","The Alaska Equal Rights Act of 1945, the first anti-discrimination law in the United States, was signed into law.",16 February 1945 CE,https://en.wikipedia.org/wiki/February_16,,--02-16,,"Not separately stated; listed as February 16, 1945",Wikipedia — February 16,,exact,Alaska Equal Rights Act,United States,Gregorian calendar date-page normalization,meets target,,Alaska Equal Rights Act,national,Wikipedia date-page; single-source verification,20,verified—single source,20,8
16,CE,1960,February,The first submerged circumnavigation of the globe. Listed under this Gregorian calendar date; original historical calendar/date is not separately stated by the source.,multi-regional,FEB-16-1960-19,exploration,"The U.S. Navy submarine USS Triton begins Operation Sandblast, setting sail from New London, Connecticut, to begin the first submerged circumnavigation of the globe.","The U.S. Navy submarine USS Triton begins Operation Sandblast, setting sail from New London, Connecticut, to begin the first submerged circumnavigation of the globe.",16 February 1960 CE,https://en.wikipedia.org/wiki/February_16,,--02-16,New London,"Not separately stated; listed as February 16, 1960",Wikipedia — February 16,,exact,Operation Sandblast,United States,Gregorian calendar date-page normalization,meets target,,USS Triton,global,Wikipedia date-page; single-source verification,20,verified—single source,20,8
16,CE,1968,February,The first 9-1-1 emergency telephone system went into service. Listed under this Gregorian calendar date; original historical calendar/date is not separately stated by the source.,Americas,FEB-16-1968-20,technology,"In Haleyville, Alabama, the first 9-1-1 emergency telephone system goes into service.","In Haleyville, Alabama, the first 9-1-1 emergency telephone system goes into service.",16 February 1968 CE,https://en.wikipedia.org/wiki/February_16,,--02-16,Haleyville,"Not separately stated; listed as February 16, 1968",Wikipedia — February 16,,exact,First 9-1-1 emergency system,United States,Gregorian calendar date-page normalization,meets target,,9-1-1 emergency telephone system,global,Wikipedia date-page; single-source verification,20,verified—single source,20,8
17,CE,1370,February,Listed under this Gregorian calendar date; original historical calendar/date is not separately stated by the source.,Europe,FEB-17-1370-01,war,Northern Crusades: Grand Duchy of Lithuania and the Teutonic Knights meet in the Battle of Rudau.,Northern Crusades: Grand Duchy of Lithuania and the Teutonic Knights meet in the Battle of Rudau.,17 February 1370 CE,https://en.wikipedia.org/wiki/February_17,,--02-17,Rudau,"Not separately stated; listed as February 17, 1370",Wikipedia — February 17,,exact,Battle of Rudau,Russia;Lithuania,Gregorian calendar date-page normalization,meets target,,Grand Duchy of Lithuania;Teutonic Knights,regional,Wikipedia date-page; single-source verification,20,verified—single source,20,6
17,CE,1411,February,Listed under this Gregorian calendar date; original historical calendar/date is not separately stated by the source.,Europe,FEB-17-1411-02,political,"Following the successful campaigns during the Ottoman Interregnum, Musa Çelebi, one of the sons of Bayezid I, becomes Sultan of the Ottoman Empire with the support of Mircea I of Wallachia.","Following the successful campaigns during the Ottoman Interregnum, Musa Çelebi, one of the sons of Bayezid I, becomes Sultan of the Ottoman Empire with the support of Mircea I of Wallachia.",17 February 1411 CE,https://en.wikipedia.org/wiki/February_17,,--02-17,,"Not separately stated; listed as February 17, 1411",Wikipedia — February 17,,exact,Ottoman succession,Turkey;Romania,Gregorian calendar date-page normalization,meets target,Musa Çelebi;Mircea I of Wallachia,Ottoman Empire;Wallachia,regional,Wikipedia date-page; single-source verification,20,verified—single source,20,7
17,CE,1600,February,The entry describes events on his way to being burned at the stake for heresy. Listed under this Gregorian calendar date; original historical calendar/date is not separately stated by the source.,Europe,FEB-17-1600-03,philosophy,"On his way to be burned at the stake for heresy, at Campo de' Fiori in Rome, the philosopher Giordano Bruno has a wooden vise put on his tongue to prevent him continuing to speak.","On his way to be burned at the stake for heresy, at Campo de' Fiori in Rome, the philosopher Giordano Bruno has a wooden vise put on his tongue to prevent him continuing to speak.",17 February 1600 CE,https://en.wikipedia.org/wiki/February_17,,--02-17,Rome,"Not separately stated; listed as February 17, 1600",Wikipedia — February 17,,exact,Execution of Giordano Bruno,Italy,Gregorian calendar date-page normalization,meets target,Giordano Bruno,Giordano Bruno,global,Wikipedia date-page; single-source verification,20,verified—single source,20,8
17,CE,1616,February,The entry identifies Later Jin as the precursor to the Qing Dynasty. Listed under this Gregorian calendar date; original historical calendar/date is not separately stated by the source.,Asia,FEB-17-1616-04,political,"Nurhaci proclaims himself Khan of the Later Jin, precursor to the Qing Dynasty.","Nurhaci proclaims himself Khan of the Later Jin, precursor to the Qing Dynasty.",17 February 1616 CE,https://en.wikipedia.org/wiki/February_17,,--02-17,,"Not separately stated; listed as February 17, 1616",Wikipedia — February 17,,exact,Later Jin proclamation,China,Gregorian calendar date-page normalization,meets target,Nurhaci,Later Jin,regional,Wikipedia date-page; single-source verification,20,verified—single source,20,8
17,CE,1674,February,"The entry reports a 100 m megatsunami and over 2,300 deaths. Listed under this Gregorian calendar date; original historical calendar/date is not separately stated by the source.",Asia,FEB-17-1674-05,disaster,"An earthquake strikes the Indonesian island of Ambon. It triggers a 100 m (330 ft) megatsunami which drowns over 2,300 people.","An earthquake strikes the Indonesian island of Ambon. It triggers a 100 m (330 ft) megatsunami which drowns over 2,300 people.",17 February 1674 CE,https://en.wikipedia.org/wiki/February_17,,--02-17,Ambon,"Not separately stated; listed as February 17, 1674",Wikipedia — February 17,,exact,Ambon earthquake and tsunami,Indonesia,Gregorian calendar date-page normalization,meets target,,Ambon,regional,Wikipedia date-page; single-source verification,20,verified—single source,20,7
17,CE,1753,February,February 17 was followed by March 1 as Sweden moved from the Julian to the Gregorian calendar. Listed under this Gregorian calendar date; original historical calendar/date is not separately stated by the source.,Europe,FEB-17-1753-06,other,"In Sweden, February 17 is followed by March 1 as the country moves from the Julian calendar to the Gregorian calendar.","In Sweden, February 17 is followed by March 1 as the country moves from the Julian calendar to the Gregorian calendar.",17 February 1753 CE,https://en.wikipedia.org/wiki/February_17,,--02-17,,"Not separately stated; listed as February 17, 1753",Wikipedia — February 17,,exact,Calendar reform,Sweden,Gregorian calendar date-page normalization,meets target,,Swedish calendar,national,Wikipedia date-page; single-source verification,20,verified—single source,20,6
17,CE,1801,February,The Electoral College tie was resolved by the House of Representatives. Listed under this Gregorian calendar date; original historical calendar/date is not separately stated by the source.,Americas,FEB-17-1801-07,political,United States presidential election: A tie in the Electoral College between Thomas Jefferson and Aaron Burr is resolved when Jefferson is elected President of the United States and Burr Vice President by the United States House of Representatives.,United States presidential election: A tie in the Electoral College between Thomas Jefferson and Aaron Burr is resolved when Jefferson is elected President of the United States and Burr Vice President by the United States House of Representatives.,17 February 1801 CE,https://en.wikipedia.org/wiki/February_17,,--02-17,"Washington, D.C.","Not separately stated; listed as February 17, 1801",Wikipedia — February 17,,exact,United States presidential election,United States,Gregorian calendar date-page normalization,meets target,Thomas Jefferson;Aaron Burr,United States federal government,national,Wikipedia date-page; single-source verification,20,verified—single source,20,9
17,CE,1819,February,The House of Representatives passed the measure for the first time. Listed under this Gregorian calendar date; original historical calendar/date is not separately stated by the source.,Americas,FEB-17-1819-08,political,The United States House of Representatives passes the Missouri Compromise for the first time.,The United States House of Representatives passes the Missouri Compromise for the first time.,17 February 1819 CE,https://en.wikipedia.org/wiki/February_17,,--02-17,"Washington, D.C.","Not separately stated; listed as February 17, 1819",Wikipedia — February 17,,exact,Missouri Compromise,United States,Gregorian calendar date-page normalization,meets target,,United States Congress,national,Wikipedia date-page; single-source verification,20,verified—single source,20,9
17,CE,1854,February,Listed under this Gregorian calendar date; original historical calendar/date is not separately stated by the source.,Africa,FEB-17-1854-09,independence,The United Kingdom recognizes the independence of the Orange Free State.,The United Kingdom recognizes the independence of the Orange Free State.,17 February 1854 CE,https://en.wikipedia.org/wiki/February_17,,--02-17,,"Not separately stated; listed as February 17, 1854",Wikipedia — February 17,,exact,Orange Free State recognition,South Africa;United Kingdom,Gregorian calendar date-page normalization,meets target,,Orange Free State,regional,Wikipedia date-page; single-source verification,20,verified—single source,20,7
17,CE,1859,February,The entry describes the capture as part of the French conquest of southern Viet Nam. Listed under this Gregorian calendar date; original historical calendar/date is not separately stated by the source.,Asia,FEB-17-1859-10,war,"Cochinchina Campaign: The French Navy captures the Citadel of Saigon, a fortress manned by 1,000 Nguyễn dynasty soldiers, en route to conquering Saigon and other regions of southern Viet Nam.","Cochinchina Campaign: The French Navy captures the Citadel of Saigon, a fortress manned by 1,000 Nguyễn dynasty soldiers, en route to conquering Saigon and other regions of southern Viet Nam.",17 February 1859 CE,https://en.wikipedia.org/wiki/February_17,,--02-17,Saigon,"Not separately stated; listed as February 17, 1859",Wikipedia — February 17,,exact,Capture of Saigon citadel,Vietnam;France,Gregorian calendar date-page normalization,meets target,,Cochinchina Campaign;Nguyễn dynasty,regional,Wikipedia date-page; single-source verification,20,verified—single source,20,8
17,CE,1863,February,The group later became known as the International Committee of the Red Cross. Listed under this Gregorian calendar date; original historical calendar/date is not separately stated by the source.,Europe,FEB-17-1863-11,medicine,"A group of citizens of Geneva found an International Committee for Relief to the Wounded, which later became known as the International Committee of the Red Cross.","A group of citizens of Geneva found an International Committee for Relief to the Wounded, which later became known as the International Committee of the Red Cross.",17 February 1863 CE,https://en.wikipedia.org/wiki/February_17,,--02-17,Geneva,"Not separately stated; listed as February 17, 1863",Wikipedia — February 17,,exact,Founding of the International Committee of the Red Cross,Switzerland,Gregorian calendar date-page normalization,meets target,,International Committee for Relief to the Wounded,global,Wikipedia date-page; single-source verification,20,verified—single source,20,10
17,CE,1864,February,The entry identifies the H. L. Hunley as the first submarine to engage and sink a warship. Listed under this Gregorian calendar date; original historical calendar/date is not separately stated by the source.,Americas,FEB-17-1864-12,technology,"American Civil War: The H. L. Hunley becomes the first submarine to engage and sink a warship, the USS Housatonic.","American Civil War: The H. L. Hunley becomes the first submarine to engage and sink a warship, the USS Housatonic.",17 February 1864 CE,https://en.wikipedia.org/wiki/February_17,,--02-17,,"Not separately stated; listed as February 17, 1864",Wikipedia — February 17,,exact,First submarine attack sinking,United States,Gregorian calendar date-page normalization,meets target,,H. L. Hunley,global,Wikipedia date-page; single-source verification,20,verified—single source,20,9
17,CE,1905,February,Listed under this Gregorian calendar date; original historical calendar/date is not separately stated by the source.,Europe,FEB-17-1905-13,political,Russian Revolution of 1905: Grand Duke Sergei Alexandrovich of Russia is assassinated in the Moscow Kremlin by Socialist Revolutionary Ivan Kalyayev.,Russian Revolution of 1905: Grand Duke Sergei Alexandrovich of Russia is assassinated in the Moscow Kremlin by Socialist Revolutionary Ivan Kalyayev.,17 February 1905 CE,https://en.wikipedia.org/wiki/February_17,,--02-17,Moscow,"Not separately stated; listed as February 17, 1905",Wikipedia — February 17,,exact,Assassination of Grand Duke Sergei Alexandrovich,Russia,Gregorian calendar date-page normalization,meets target,Grand Duke Sergei Alexandrovich;Ivan Kalyayev,Russian Empire,national,Wikipedia date-page; single-source verification,20,verified—single source,20,7
17,CE,1913,February,The entry states that the exhibition displayed works by artists who later became influential painters. Listed under this Gregorian calendar date; original historical calendar/date is not separately stated by the source.,Americas,FEB-17-1913-14,literature_culture,"The Armory Show opens in New York City, displaying works of artists who subsequently become some of the most influential painters of the early 20th century.","The Armory Show opens in New York City, displaying works of artists who subsequently become some of the most influential painters of the early 20th century.",17 February 1913 CE,https://en.wikipedia.org/wiki/February_17,,--02-17,New York City,"Not separately stated; listed as February 17, 1913",Wikipedia — February 17,,exact,Armory Show,United States,Gregorian calendar date-page normalization,meets target,,Armory Show,global,Wikipedia date-page; single-source verification,20,verified—single source,20,8
17,CE,1944,February,"The entry describes a U.S. naval air, surface, and submarine attack. Listed under this Gregorian calendar date; original historical calendar/date is not separately stated by the source.",Oceania,FEB-17-1944-15,war,"World War II: Operation Hailstone begins: U.S. naval air, surface and submarine attack against Truk Lagoon, Japan's main base in the central Pacific, in support of the Eniwetok invasion.","World War II: Operation Hailstone begins: U.S. naval air, surface and submarine attack against Truk Lagoon, Japan's main base in the central Pacific, in support of the Eniwetok invasion.",17 February 1944 CE,https://en.wikipedia.org/wiki/February_17,,--02-17,Truk Lagoon,"Not separately stated; listed as February 17, 1944",Wikipedia — February 17,,exact,Operation Hailstone,United States;Japan,Gregorian calendar date-page normalization,meets target,,World War II;Truk Lagoon,global,Wikipedia date-page; single-source verification,20,verified—single source,20,9
17,CE,1949,February,Chaim Weizmann began his term as the first President of Israel. Listed under this Gregorian calendar date; original historical calendar/date is not separately stated by the source.,Middle East,FEB-17-1949-16,political,Chaim Weizmann begins his term as the first President of Israel.,Chaim Weizmann begins his term as the first President of Israel.,17 February 1949 CE,https://en.wikipedia.org/wiki/February_17,,--02-17,,"Not separately stated; listed as February 17, 1949",Wikipedia — February 17,,exact,First presidency of Israel,Israel,Gregorian calendar date-page normalization,meets target,Chaim Weizmann,State of Israel,regional,Wikipedia date-page; single-source verification,20,verified—single source,20,8
17,CE,1959,February,The satellite was launched to measure cloud-cover distribution. Listed under this Gregorian calendar date; original historical calendar/date is not separately stated by the source.,Polar,FEB-17-1959-17,space,Project Vanguard: Vanguard 2: The first weather satellite is launched to measure cloud-cover distribution.,Project Vanguard: Vanguard 2: The first weather satellite is launched to measure cloud-cover distribution.,17 February 1959 CE,https://en.wikipedia.org/wiki/February_17,,--02-17,,"Not separately stated; listed as February 17, 1959",Wikipedia — February 17,,exact,First weather satellite,United States,Gregorian calendar date-page normalization,meets target,,Project Vanguard;Vanguard 2,global,Wikipedia date-page; single-source verification,20,verified—single source,20,8
17,CE,1965,February,The mission photographed Mare Tranquillitatis in preparation for crewed Apollo missions. Listed under this Gregorian calendar date; original historical calendar/date is not separately stated by the source.,Polar,FEB-17-1965-18,space,"Project Ranger: The Ranger 8 probe launches on its mission to photograph the Mare Tranquillitatis region of the Moon in preparation for the crewed Apollo missions. Mare Tranquillitatis or the ""Sea of Tranquility"" would become the site chosen for the Apollo 11 lunar landing.","Project Ranger: The Ranger 8 probe launches on its mission to photograph the Mare Tranquillitatis region of the Moon in preparation for the crewed Apollo missions. Mare Tranquillitatis or the ""Sea of Tranquility"" would become the site chosen for the Apollo 11 lunar landing.",17 February 1965 CE,https://en.wikipedia.org/wiki/February_17,,--02-17,,"Not separately stated; listed as February 17, 1965",Wikipedia — February 17,,exact,Ranger 8 lunar mission,United States,Gregorian calendar date-page normalization,meets target,,Project Ranger;Ranger 8,global,Wikipedia date-page; single-source verification,20,verified—single source,20,8
17,CE,1979,February,Listed under this Gregorian calendar date; original historical calendar/date is not separately stated by the source.,Asia,FEB-17-1979-19,war,The Sino-Vietnamese War begins.,The Sino-Vietnamese War begins.,17 February 1979 CE,https://en.wikipedia.org/wiki/February_17,,--02-17,,"Not separately stated; listed as February 17, 1979",Wikipedia — February 17,,exact,Sino-Vietnamese War,China;Vietnam,Gregorian calendar date-page normalization,meets target,,Sino-Vietnamese War,regional,Wikipedia date-page; single-source verification,20,verified—single source,20,8
17,CE,1980,February,The entry identifies this as the first winter ascent. Listed under this Gregorian calendar date; original historical calendar/date is not separately stated by the source.,Asia,FEB-17-1980-20,exploration,First winter ascent of Mount Everest by Krzysztof Wielicki and Leszek Cichy.,First winter ascent of Mount Everest by Krzysztof Wielicki and Leszek Cichy.,17 February 1980 CE,https://en.wikipedia.org/wiki/February_17,,--02-17,Mount Everest,"Not separately stated; listed as February 17, 1980",Wikipedia — February 17,,exact,Winter ascent of Mount Everest,Nepal;China,Gregorian calendar date-page normalization,meets target,Krzysztof Wielicki;Leszek Cichy,Mount Everest,global,Wikipedia date-page; single-source verification,20,verified—single source,20,8
18,CE,1229,February,"The truce regained Jerusalem, Nazareth, and Bethlehem without military engagements or papal support. Listed under this Gregorian calendar date; original historical calendar/date is not separately stated by the source.",Middle East,FEB-18-1229-01,religion,"The Sixth Crusade: Frederick II, Holy Roman Emperor, signs a ten-year truce with al-Kamil, regaining Jerusalem, Nazareth, and Bethlehem with neither military engagements nor support from the papacy.","The Sixth Crusade: Frederick II, Holy Roman Emperor, signs a ten-year truce with al-Kamil, regaining Jerusalem, Nazareth, and Bethlehem with neither military engagements nor support from the papacy.",18 February 1229 CE,https://en.wikipedia.org/wiki/February_18,,--02-18,Jerusalem,"Not separately stated; listed as February 18, 1229",Wikipedia — February 18,,exact,Sixth Crusade truce,Israel; Palestine,Gregorian calendar date-page normalization,meets target,Frederick II; al-Kamil,Holy Roman Empire; Ayyubid Sultanate,global,Wikipedia date-page; single-source verification,20,verified—single source,20,8
18,CE,1332,February,Campaigns began in the southern Muslim provinces. Listed under this Gregorian calendar date; original historical calendar/date is not separately stated by the source.,Africa,FEB-18-1332-02,war,"Amda Seyon I, Emperor of Ethiopia begins his campaigns in the southern Muslim provinces.","Amda Seyon I, Emperor of Ethiopia begins his campaigns in the southern Muslim provinces.",18 February 1332 CE,https://en.wikipedia.org/wiki/February_18,,--02-18,,"Not separately stated; listed as February 18, 1332",Wikipedia — February 18,,exact,Ethiopian campaigns,Ethiopia,Gregorian calendar date-page normalization,meets target,Amda Seyon I,Ethiopian Empire,regional,Wikipedia date-page; single-source verification,20,verified—single source,20,6
18,CE,1791,February,"Congress passed a law admitting Vermont to the Union, effective 4 March. Listed under this Gregorian calendar date; original historical calendar/date is not separately stated by the source.",Americas,FEB-18-1791-03,political,"Congress passes a law admitting the state of Vermont to the Union, effective 4 March, after that state had existed for 14 years as a de facto independent largely unrecognized state.","Congress passes a law admitting the state of Vermont to the Union, effective 4 March, after that state had existed for 14 years as a de facto independent largely unrecognized state.",18 February 1791 CE,https://en.wikipedia.org/wiki/February_18,,--02-18,,"Not separately stated; listed as February 18, 1791",Wikipedia — February 18,,exact,Vermont statehood,United States,Gregorian calendar date-page normalization,meets target,,Vermont,national,Wikipedia date-page; single-source verification,20,verified—single source,20,7
18,CE,1861,February,Jefferson Davis was inaugurated as provisional President. Listed under this Gregorian calendar date; original historical calendar/date is not separately stated by the source.,Americas,FEB-18-1861-04,political,"In Montgomery, Alabama, Jefferson Davis is inaugurated as the provisional President of the Confederate States of America.","In Montgomery, Alabama, Jefferson Davis is inaugurated as the provisional President of the Confederate States of America.",18 February 1861 CE,https://en.wikipedia.org/wiki/February_18,,--02-18,Montgomery,"Not separately stated; listed as February 18, 1861",Wikipedia — February 18,,exact,Confederate presidency,United States,Gregorian calendar date-page normalization,meets target,Jefferson Davis,Confederate States of America,national,Wikipedia date-page; single-source verification,20,verified—single source,20,9
18,CE,1861,February,The entry describes Italian unification as almost complete. Listed under this Gregorian calendar date; original historical calendar/date is not separately stated by the source.,Europe,FEB-18-1861-05,political,"With Italian unification almost complete, Victor Emmanuel II of Piedmont, Savoy and Sardinia assumes the title of King of Italy.","With Italian unification almost complete, Victor Emmanuel II of Piedmont, Savoy and Sardinia assumes the title of King of Italy.",18 February 1861 CE,https://en.wikipedia.org/wiki/February_18,,--02-18,,"Not separately stated; listed as February 18, 1861",Wikipedia — February 18,,exact,Kingdom of Italy,Italy,Gregorian calendar date-page normalization,meets target,Victor Emmanuel II,Kingdom of Italy,regional,Wikipedia date-page; single-source verification,20,verified—single source,20,9
18,CE,1873,February,Levski was executed by hanging by Ottoman authorities. Listed under this Gregorian calendar date; original historical calendar/date is not separately stated by the source.,Europe,FEB-18-1873-06,death,Bulgarian revolutionary leader Vasil Levski is executed by hanging in Sofia by the Ottoman authorities.,Bulgarian revolutionary leader Vasil Levski is executed by hanging in Sofia by the Ottoman authorities.,18 February 1873 CE,https://en.wikipedia.org/wiki/February_18,,--02-18,Sofia,"Not separately stated; listed as February 18, 1873",Wikipedia — February 18,,exact,Execution of Vasil Levski,Bulgaria,Gregorian calendar date-page normalization,meets target,Vasil Levski,Bulgarian revolutionary movement,national,Wikipedia date-page; single-source verification,20,verified—single source,20,7
18,CE,1885,February,The novel was published in the United States. Listed under this Gregorian calendar date; original historical calendar/date is not separately stated by the source.,Americas,FEB-18-1885-07,literature_culture,Adventures of Huckleberry Finn by Mark Twain is published in the United States.,Adventures of Huckleberry Finn by Mark Twain is published in the United States.,18 February 1885 CE,https://en.wikipedia.org/wiki/February_18,,--02-18,,"Not separately stated; listed as February 18, 1885",Wikipedia — February 18,,exact,Publication of Huckleberry Finn,United States,Gregorian calendar date-page normalization,meets target,Mark Twain,American literature,global,Wikipedia date-page; single-source verification,20,verified—single source,20,8
18,CE,1900,February,Imperial forces suffered their worst single-day loss of life in the war. Listed under this Gregorian calendar date; original historical calendar/date is not separately stated by the source.,Africa,FEB-18-1900-08,war,"Second Boer War: Imperial forces suffer their worst single-day loss of life on Bloody Sunday, the first day of the Battle of Paardeberg.","Second Boer War: Imperial forces suffer their worst single-day loss of life on Bloody Sunday, the first day of the Battle of Paardeberg.",18 February 1900 CE,https://en.wikipedia.org/wiki/February_18,,--02-18,Paardeberg,"Not separately stated; listed as February 18, 1900",Wikipedia — February 18,,exact,Battle of Paardeberg,South Africa,Gregorian calendar date-page normalization,meets target,,Second Boer War,regional,Wikipedia date-page; single-source verification,20,verified—single source,20,7
18,CE,1911,February,"Henri Pequet delivered 6,500 letters over about 10 kilometres. Listed under this Gregorian calendar date; original historical calendar/date is not separately stated by the source.",Asia,FEB-18-1911-09,technology,"The first official flight with airmail takes place from Allahabad, United Provinces, British India (now India), when Henri Pequet, a 23-year-old pilot, delivers 6,500 letters to Naini, about 10 kilometres (6.2 mi) away.","The first official flight with airmail takes place from Allahabad, United Provinces, British India (now India), when Henri Pequet, a 23-year-old pilot, delivers 6,500 letters to Naini, about 10 kilometres (6.2 mi) away.",18 February 1911 CE,https://en.wikipedia.org/wiki/February_18,,--02-18,Allahabad; Naini,"Not separately stated; listed as February 18, 1911",Wikipedia — February 18,,exact,First official airmail flight,India,Gregorian calendar date-page normalization,meets target,Henri Pequet,British India airmail service,global,Wikipedia date-page; single-source verification,20,verified—single source,20,8
18,CE,1915,February,The campaign was instituted in waters around Great Britain and Ireland. Listed under this Gregorian calendar date; original historical calendar/date is not separately stated by the source.,Europe,FEB-18-1915-10,war,U-boat Campaign: The Imperial German Navy institutes unrestricted submarine warfare in the waters around Great Britain and Ireland.,U-boat Campaign: The Imperial German Navy institutes unrestricted submarine warfare in the waters around Great Britain and Ireland.,18 February 1915 CE,https://en.wikipedia.org/wiki/February_18,,--02-18,,"Not separately stated; listed as February 18, 1915",Wikipedia — February 18,,exact,Unrestricted submarine warfare,United Kingdom; Ireland; Germany,Gregorian calendar date-page normalization,meets target,,Imperial German Navy,global,Wikipedia date-page; single-source verification,20,verified—single source,20,9
18,CE,1930,February,The discovery was made while studying photographs taken in January. Listed under this Gregorian calendar date; original historical calendar/date is not separately stated by the source.,Polar,FEB-18-1930-11,space,"While studying photographs taken in January, Clyde Tombaugh discovers Pluto.","While studying photographs taken in January, Clyde Tombaugh discovers Pluto.",18 February 1930 CE,https://en.wikipedia.org/wiki/February_18,,--02-18,,"Not separately stated; listed as February 18, 1930",Wikipedia — February 18,,exact,Discovery of Pluto,United States,Gregorian calendar date-page normalization,meets target,Clyde Tombaugh,Pluto,global,Wikipedia date-page; single-source verification,20,verified—single source,20,9
18,CE,1932,February,The entry describes the state as created by Japan and Puyi installed as chief executive. Listed under this Gregorian calendar date; original historical calendar/date is not separately stated by the source.,Asia,FEB-18-1932-12,political,The Empire of Japan creates the independent state of Manzhouguo (the obsolete Chinese name for Manchuria) free from the Republic of China and installed former Chinese Emperor Puyi as Chief Executive of the State.,The Empire of Japan creates the independent state of Manzhouguo (the obsolete Chinese name for Manchuria) free from the Republic of China and installed former Chinese Emperor Puyi as Chief Executive of the State.,18 February 1932 CE,https://en.wikipedia.org/wiki/February_18,,--02-18,,"Not separately stated; listed as February 18, 1932",Wikipedia — February 18,,exact,Creation of Manzhouguo,China; Japan,Gregorian calendar date-page normalization,meets target,Puyi,Manzhouguo,regional,Wikipedia date-page; single-source verification,20,verified—single source,20,9
18,CE,1942,February,The entry describes systematic extermination of perceived hostile elements among the Chinese. Listed under this Gregorian calendar date; original historical calendar/date is not separately stated by the source.,Asia,FEB-18-1942-13,war,World War II: The Imperial Japanese Army begins the systematic extermination of perceived hostile elements among the Chinese in Singapore.,World War II: The Imperial Japanese Army begins the systematic extermination of perceived hostile elements among the Chinese in Singapore.,18 February 1942 CE,https://en.wikipedia.org/wiki/February_18,,--02-18,Singapore,"Not separately stated; listed as February 18, 1942",Wikipedia — February 18,,exact,Singapore massacre,Singapore,Gregorian calendar date-page normalization,meets target,,Imperial Japanese Army,regional,Wikipedia date-page; single-source verification,20,verified—single source,20,9
18,CE,1943,February,Listed under this Gregorian calendar date; original historical calendar/date is not separately stated by the source.,Europe,FEB-18-1943-14,war,World War II: The Nazis arrest the members of the White Rose movement.,World War II: The Nazis arrest the members of the White Rose movement.,18 February 1943 CE,https://en.wikipedia.org/wiki/February_18,,--02-18,,"Not separately stated; listed as February 18, 1943",Wikipedia — February 18,,exact,Arrest of White Rose members,Germany,Gregorian calendar date-page normalization,meets target,,White Rose movement; Nazi Germany,global,Wikipedia date-page; single-source verification,20,verified—single source,20,8
18,CE,1943,February,"Joseph Goebbels delivered the Sportpalast speech, a major public propaganda address calling for total war. Listed under this Gregorian calendar date; original historical calendar/date is not separately stated by the source.",Europe,FEB-18-1943-20,speech,World War II: Joseph Goebbels delivers his Sportpalast speech.,World War II: Joseph Goebbels delivers his Sportpalast speech.,18 February 1943 CE,https://en.wikipedia.org/wiki/February_18,,--02-18,Berlin,"Not separately stated; listed as February 18, 1943",Wikipedia — February 18,,exact,World War II,Germany,Gregorian calendar date-page normalization,meets target,['Joseph Goebbels'],Nazi Germany,international,Wikipedia date-page; single-source verification,20,verified—single source,20,8
18,CE,1946,February,"The action spread across British India and involved 78 ships, 20 shore establishments, and 20,000 sailors. Listed under this Gregorian calendar date; original historical calendar/date is not separately stated by the source.",Asia,FEB-18-1946-15,social_history,"Sailors of the Royal Indian Navy mutiny in Bombay harbour, from where the action spreads throughout the Provinces of British India, involving 78 ships, twenty shore establishments and 20,000 sailors","Sailors of the Royal Indian Navy mutiny in Bombay harbour, from where the action spreads throughout the Provinces of British India, involving 78 ships, twenty shore establishments and 20,000 sailors",18 February 1946 CE,https://en.wikipedia.org/wiki/February_18,,--02-18,Bombay,"Not separately stated; listed as February 18, 1946",Wikipedia — February 18,,exact,Royal Indian Navy mutiny,India,Gregorian calendar date-page normalization,meets target,,Royal Indian Navy,national,Wikipedia date-page; single-source verification,20,verified—single source,20,8
18,CE,1965,February,The Gambia became independent from the United Kingdom. Listed under this Gregorian calendar date; original historical calendar/date is not separately stated by the source.,Africa,FEB-18-1965-16,independence,The Gambia becomes independent from the United Kingdom.,The Gambia becomes independent from the United Kingdom.,18 February 1965 CE,https://en.wikipedia.org/wiki/February_18,https://www.legislation.gov.uk/ukpga/1964/93/enacted,--02-18,,"Not separately stated; listed as February 18, 1965",Wikipedia — February 18,UK Legislation — Gambia Independence Act 1964,exact,Gambian independence,The Gambia; United Kingdom,Gregorian calendar date-page normalization,meets target,,The Gambia,national,Cross-checked with institutional/primary source,20,cross-checked,20,8
18,CE,1977,February,The fire killed 694 personnel and is described as the deadliest fireworks accident in the world. Listed under this Gregorian calendar date; original historical calendar/date is not separately stated by the source.,Asia,FEB-18-1977-17,disaster,"The Xinjiang 61st Regiment Farm fire started during Chinese New Year when a firecracker ignited memorial wreaths of the late Mao Zedong, killing 694 personnel. It remains the deadliest fireworks accident in the world.","The Xinjiang 61st Regiment Farm fire started during Chinese New Year when a firecracker ignited memorial wreaths of the late Mao Zedong, killing 694 personnel. It remains the deadliest fireworks accident in the world.",18 February 1977 CE,https://en.wikipedia.org/wiki/February_18,,--02-18,,"Not separately stated; listed as February 18, 1977",Wikipedia — February 18,,exact,Xinjiang fireworks disaster,China,Gregorian calendar date-page normalization,meets target,,Xinjiang 61st Regiment Farm,national,Wikipedia date-page; single-source verification,20,verified—single source,20,7
18,CE,1991,February,Bombs were exploded at Paddington and Victoria stations. Listed under this Gregorian calendar date; original historical calendar/date is not separately stated by the source.,Europe,FEB-18-1991-18,war,The IRA explodes bombs in the early morning at Paddington station and Victoria station in London.,The IRA explodes bombs in the early morning at Paddington station and Victoria station in London.,18 February 1991 CE,https://en.wikipedia.org/wiki/February_18,,--02-18,London,"Not separately stated; listed as February 18, 1991",Wikipedia — February 18,,exact,London station bombings,United Kingdom,Gregorian calendar date-page normalization,meets target,,Irish Republican Army,national,Wikipedia date-page; single-source verification,20,verified—single source,20,6
18,CE,2003,February,"An arsonist set fire to a subway train, killing 192 people. Listed under this Gregorian calendar date; original historical calendar/date is not separately stated by the source.",Asia,FEB-18-2003-19,disaster,"192 people die when an arsonist sets fire to a subway train in Daegu, South Korea.","192 people die when an arsonist sets fire to a subway train in Daegu, South Korea.",18 February 2003 CE,https://en.wikipedia.org/wiki/February_18,,--02-18,Daegu,"Not separately stated; listed as February 18, 2003",Wikipedia — February 18,,exact,Daegu subway fire,South Korea,Gregorian calendar date-page normalization,meets target,,Daegu subway,national,Wikipedia date-page; single-source verification,20,verified—single source,20,7
19,CE,197,February,Described as the bloodiest battle between Roman armies. Listed under this Gregorian calendar date; original historical calendar/date is not separately stated by the source.,Europe,FEB-19-0197-01,war,"Emperor Septimius Severus defeats usurper Clodius Albinus in the Battle of Lugdunum, the bloodiest battle between Roman armies.","Emperor Septimius Severus defeats usurper Clodius Albinus in the Battle of Lugdunum, the bloodiest battle between Roman armies.",19 February 197 CE,https://en.wikipedia.org/wiki/February_19,,--02-19,Lugdunum,"Not separately stated; listed as February 19, 197",Wikipedia — February 19,,exact,Battle of Lugdunum,France,Gregorian calendar date-page normalization,meets target,Septimius Severus; Clodius Albinus,Roman Empire,regional,Wikipedia date-page; single-source verification,20,verified—single source,20,8
19,CE,1600,February,Described as the most violent eruption in recorded South American history. Listed under this Gregorian calendar date; original historical calendar/date is not separately stated by the source.,Americas,FEB-19-1600-02,disaster,The Peruvian stratovolcano Huaynaputina explodes in the most violent eruption in the recorded history of South America.,The Peruvian stratovolcano Huaynaputina explodes in the most violent eruption in the recorded history of South America.,19 February 1600 CE,https://en.wikipedia.org/wiki/February_19,,--02-19,,"Not separately stated; listed as February 19, 1600",Wikipedia — February 19,,exact,Huaynaputina eruption,Peru,Gregorian calendar date-page normalization,meets target,,Huaynaputina,regional,Wikipedia date-page; single-source verification,20,verified—single source,20,8
19,CE,1649,February,Effectively ended Dutch colonization efforts in Brazil. Listed under this Gregorian calendar date; original historical calendar/date is not separately stated by the source.,Americas,FEB-19-1649-03,war,"The Second Battle of Guararapes takes place, effectively ending Dutch colonization efforts in Brazil.","The Second Battle of Guararapes takes place, effectively ending Dutch colonization efforts in Brazil.",19 February 1649 CE,https://en.wikipedia.org/wiki/February_19,,--02-19,Guararapes,"Not separately stated; listed as February 19, 1649",Wikipedia — February 19,,exact,Second Battle of Guararapes,Brazil; Netherlands,Gregorian calendar date-page normalization,meets target,,Dutch Brazil,regional,Wikipedia date-page; single-source verification,20,verified—single source,20,8
19,CE,1674,February,Ended the Third Anglo-Dutch War and transferred New Amsterdam to England. Listed under this Gregorian calendar date; original historical calendar/date is not separately stated by the source.,Europe,FEB-19-1674-04,political,"England and the Netherlands sign the Treaty of Westminster, ending the Third Anglo-Dutch War. A provision of the agreement transfers the Dutch colony of New Amsterdam to England.","England and the Netherlands sign the Treaty of Westminster, ending the Third Anglo-Dutch War. A provision of the agreement transfers the Dutch colony of New Amsterdam to England.",19 February 1674 CE,https://en.wikipedia.org/wiki/February_19,,--02-19,Westminster,"Not separately stated; listed as February 19, 1674",Wikipedia — February 19,,exact,Treaty of Westminster,United Kingdom; Netherlands; United States,Gregorian calendar date-page normalization,meets target,,England; Netherlands; New Amsterdam,regional,Wikipedia date-page; single-source verification,20,verified—single source,20,8
19,CE,1819,February,Listed under this Gregorian calendar date; original historical calendar/date is not separately stated by the source.,Polar,FEB-19-1819-05,exploration,British explorer William Smith discovers the South Shetland Islands.,British explorer William Smith discovers the South Shetland Islands.,19 February 1819 CE,https://en.wikipedia.org/wiki/February_19,,--02-19,,"Not separately stated; listed as February 19, 1819",Wikipedia — February 19,,exact,South Shetland Islands discovery,,Gregorian calendar date-page normalization,meets target,William Smith,South Shetland Islands,global,Wikipedia date-page; single-source verification,20,verified—single source,20,7
19,CE,1836,February,Established by Letters Patent. Listed under this Gregorian calendar date; original historical calendar/date is not separately stated by the source.,Oceania,FEB-19-1836-06,political,King William IV signs Letters Patent establishing the province of South Australia.,King William IV signs Letters Patent establishing the province of South Australia.,19 February 1836 CE,https://en.wikipedia.org/wiki/February_19,,--02-19,,"Not separately stated; listed as February 19, 1836",Wikipedia — February 19,,exact,Establishment of South Australia,Australia; United Kingdom,Gregorian calendar date-page normalization,meets target,William IV,Province of South Australia,national,Wikipedia date-page; single-source verification,20,verified—single source,20,7
19,CE,1846,February,Power transferred following the annexation of Texas by the United States. Listed under this Gregorian calendar date; original historical calendar/date is not separately stated by the source.,Americas,FEB-19-1846-07,political,"In Austin, Texas, the newly formed Texas state government is officially installed. The Republic of Texas government officially transfers power to the State of Texas government following the annexation of Texas by the United States.","In Austin, Texas, the newly formed Texas state government is officially installed. The Republic of Texas government officially transfers power to the State of Texas government following the annexation of Texas by the United States.",19 February 1846 CE,https://en.wikipedia.org/wiki/February_19,,--02-19,Austin,"Not separately stated; listed as February 19, 1846",Wikipedia — February 19,,exact,Texas government transfer,United States,Gregorian calendar date-page normalization,meets target,,State of Texas; Republic of Texas,national,Wikipedia date-page; single-source verification,20,verified—single source,20,8
19,CE,1878,February,Listed under this Gregorian calendar date; original historical calendar/date is not separately stated by the source.,Americas,FEB-19-1878-08,technology,Thomas Edison patents the phonograph.,Thomas Edison patents the phonograph.,19 February 1878 CE,https://en.wikipedia.org/wiki/February_19,,--02-19,,"Not separately stated; listed as February 19, 1878",Wikipedia — February 19,,exact,Phonograph patent,United States,Gregorian calendar date-page normalization,meets target,Thomas Edison,Phonograph,global,Wikipedia date-page; single-source verification,20,verified—single source,20,9
19,CE,1913,February,"Lascuráin became president for 45 minutes, described as the shortest term of any country's president. Listed under this Gregorian calendar date; original historical calendar/date is not separately stated by the source.",Americas,FEB-19-1913-09,political,Pedro Lascuráin becomes President of Mexico for 45 minutes; this is the shortest term to date of any person as president of any country.,Pedro Lascuráin becomes President of Mexico for 45 minutes; this is the shortest term to date of any person as president of any country.,19 February 1913 CE,https://en.wikipedia.org/wiki/February_19,,--02-19,,"Not separately stated; listed as February 19, 1913",Wikipedia — February 19,,exact,Shortest presidential term,Mexico,Gregorian calendar date-page normalization,meets target,Pedro Lascuráin,Presidency of Mexico,global,Wikipedia date-page; single-source verification,20,verified—single source,20,7
19,CE,1915,February,First naval attack on the Dardanelles. Listed under this Gregorian calendar date; original historical calendar/date is not separately stated by the source.,Middle East,FEB-19-1915-10,war,World War I: The first naval attack on the Dardanelles begins when a strong Anglo-French task force bombards Ottoman artillery along the coast of Gallipoli.,World War I: The first naval attack on the Dardanelles begins when a strong Anglo-French task force bombards Ottoman artillery along the coast of Gallipoli.,19 February 1915 CE,https://en.wikipedia.org/wiki/February_19,,--02-19,Gallipoli,"Not separately stated; listed as February 19, 1915",Wikipedia — February 19,,exact,Dardanelles naval attack,Turkey; United Kingdom; France,Gregorian calendar date-page normalization,meets target,,World War I; Ottoman Empire,global,Wikipedia date-page; single-source verification,20,verified—single source,20,9
19,CE,1942,February,Allowed the United States military to relocate Japanese Americans to internment camps. Listed under this Gregorian calendar date; original historical calendar/date is not separately stated by the source.,Americas,FEB-19-1942-12,political,"World War II: United States President Franklin D. Roosevelt signs executive order 9066, allowing the United States military to relocate Japanese Americans to internment camps.","World War II: United States President Franklin D. Roosevelt signs executive order 9066, allowing the United States military to relocate Japanese Americans to internment camps.",19 February 1942 CE,https://en.wikipedia.org/wiki/February_19,,--02-19,,"Not separately stated; listed as February 19, 1942",Wikipedia — February 19,,exact,Executive Order 9066,United States; Japan,Gregorian calendar date-page normalization,meets target,Franklin D. Roosevelt,Japanese American internment,global,Wikipedia date-page; single-source verification,20,verified—single source,20,9
19,CE,1942,February,"Nearly 250 Japanese warplanes attacked Darwin, killing 243 people. Listed under this Gregorian calendar date; original historical calendar/date is not separately stated by the source.",Oceania,FEB-19-1942-11,war,"World War II: Nearly 250 Japanese warplanes attack the northern Australian city of Darwin, killing 243 people.","World War II: Nearly 250 Japanese warplanes attack the northern Australian city of Darwin, killing 243 people.",19 February 1942 CE,https://en.wikipedia.org/wiki/February_19,https://www.awm.gov.au/articles/encyclopedia/air_raids/darwin,--02-19,Darwin,"Not separately stated; listed as February 19, 1942",Wikipedia — February 19,Australian War Memorial — Darwin Air Raids,exact,Bombing of Darwin,Australia; Japan,Gregorian calendar date-page normalization,meets target,,World War II,regional,Cross-checked with institutional/primary source,20,cross-checked,20,8
19,CE,1945,February,"About 30,000 United States Marines landed on the island. Listed under this Gregorian calendar date; original historical calendar/date is not separately stated by the source.",Asia,FEB-19-1945-13,war,"World War II: Battle of Iwo Jima: About 30,000 United States Marines land on the island of Iwo Jima.","World War II: Battle of Iwo Jima: About 30,000 United States Marines land on the island of Iwo Jima.",19 February 1945 CE,https://en.wikipedia.org/wiki/February_19,,--02-19,Iwo Jima,"Not separately stated; listed as February 19, 1945",Wikipedia — February 19,,exact,Iwo Jima landings,United States; Japan,Gregorian calendar date-page normalization,meets target,,World War II,global,Wikipedia date-page; single-source verification,20,verified—single source,20,9
19,CE,1954,February,The Soviet Politburo ordered the transfer from the Russian SFSR to the Ukrainian SSR. Listed under this Gregorian calendar date; original historical calendar/date is not separately stated by the source.,Europe,FEB-19-1954-14,political,Transfer of Crimea: The Soviet Politburo of the Soviet Union orders the transfer of the Crimean Oblast from the Russian SFSR to the Ukrainian SSR.,Transfer of Crimea: The Soviet Politburo of the Soviet Union orders the transfer of the Crimean Oblast from the Russian SFSR to the Ukrainian SSR.,19 February 1954 CE,https://en.wikipedia.org/wiki/February_19,,--02-19,Crimea,"Not separately stated; listed as February 19, 1954",Wikipedia — February 19,,exact,Transfer of Crimea,Russia; Ukraine,Gregorian calendar date-page normalization,meets target,,Crimean Oblast; Soviet Union,global,Wikipedia date-page; single-source verification,20,verified—single source,20,9
19,CE,1959,February,"Independence was formally proclaimed on August 16, 1960. Listed under this Gregorian calendar date; original historical calendar/date is not separately stated by the source.",Europe,FEB-19-1959-15,independence,"The United Kingdom grants Cyprus independence, which is formally proclaimed on August 16, 1960.","The United Kingdom grants Cyprus independence, which is formally proclaimed on August 16, 1960.",19 February 1959 CE,https://en.wikipedia.org/wiki/February_19,,--02-19,,"Not separately stated; listed as February 19, 1959",Wikipedia — February 19,,exact,Cyprus independence grant,Cyprus; United Kingdom,Gregorian calendar date-page normalization,meets target,,Cyprus,regional,Wikipedia date-page; single-source verification,20,verified—single source,20,8
19,CE,1960,February,Described as China's first sounding rocket. Listed under this Gregorian calendar date; original historical calendar/date is not separately stated by the source.,Asia,FEB-19-1960-16,space,"China successfully launches the T-7, its first sounding rocket.","China successfully launches the T-7, its first sounding rocket.",19 February 1960 CE,https://en.wikipedia.org/wiki/February_19,,--02-19,,"Not separately stated; listed as February 19, 1960",Wikipedia — February 19,,exact,T-7 sounding rocket launch,China,Gregorian calendar date-page normalization,meets target,,T-7,global,Wikipedia date-page; single-source verification,20,verified—single source,20,7
19,CE,1963,February,The publication reawakened the feminist movement in the United States. Listed under this Gregorian calendar date; original historical calendar/date is not separately stated by the source.,Americas,FEB-19-1963-17,literature_culture,The publication of Betty Friedan's The Feminine Mystique reawakens the feminist movement in the United States as women's organizations and consciousness raising groups spread.,The publication of Betty Friedan's The Feminine Mystique reawakens the feminist movement in the United States as women's organizations and consciousness raising groups spread.,19 February 1963 CE,https://en.wikipedia.org/wiki/February_19,,--02-19,,"Not separately stated; listed as February 19, 1963",Wikipedia — February 19,,exact,The Feminine Mystique,United States,Gregorian calendar date-page normalization,meets target,Betty Friedan,The Feminine Mystique,global,Wikipedia date-page; single-source verification,20,verified—single source,20,8
19,CE,1976,February,Rescinded by Presidential Proclamation 4417. Listed under this Gregorian calendar date; original historical calendar/date is not separately stated by the source.,Americas,FEB-19-1976-18,political,"Executive Order 9066, which led to the relocation of Japanese Americans to internment camps, is rescinded by President Gerald Ford's Proclamation 4417.","Executive Order 9066, which led to the relocation of Japanese Americans to internment camps, is rescinded by President Gerald Ford's Proclamation 4417.",19 February 1976 CE,https://en.wikipedia.org/wiki/February_19,,--02-19,,"Not separately stated; listed as February 19, 1976",Wikipedia — February 19,,exact,Rescission of Executive Order 9066,United States,Gregorian calendar date-page normalization,meets target,Gerald Ford,Executive Order 9066,national,Wikipedia date-page; single-source verification,20,verified—single source,20,7
19,CE,1985,February,Schroeder became the first artificial-heart recipient to leave the hospital. Listed under this Gregorian calendar date; original historical calendar/date is not separately stated by the source.,Americas,FEB-19-1985-19,medicine,William J. Schroeder becomes the first recipient of an artificial heart to leave the hospital.,William J. Schroeder becomes the first recipient of an artificial heart to leave the hospital.,19 February 1985 CE,https://en.wikipedia.org/wiki/February_19,,--02-19,,"Not separately stated; listed as February 19, 1985",Wikipedia — February 19,,exact,Artificial heart patient leaves hospital,United States,Gregorian calendar date-page normalization,meets target,William J. Schroeder,Artificial heart,global,Wikipedia date-page; single-source verification,20,verified—single source,20,8
19,CE,2002,February,The probe began mapping Mars using its thermal emission imaging system. Listed under this Gregorian calendar date; original historical calendar/date is not separately stated by the source.,multi-regional,FEB-19-2002-20,space,NASA's Mars Odyssey space probe begins to map the surface of Mars using its thermal emission imaging system.,NASA's Mars Odyssey space probe begins to map the surface of Mars using its thermal emission imaging system.,19 February 2002 CE,https://en.wikipedia.org/wiki/February_19,,--02-19,,"Not separately stated; listed as February 19, 2002",Wikipedia — February 19,,exact,Mars Odyssey mapping,United States,Gregorian calendar date-page normalization,meets target,,Mars Odyssey,global,Wikipedia date-page; single-source verification,20,verified—single source,20,8
20,CE,1521,February,The expedition included about 200 prospective colonists. Listed under this Gregorian calendar date; original historical calendar/date is not separately stated by the source.,Americas,FEB-20-1521-10,exploration,"Spanish conquistador Juan Ponce de León sets out from San Juan, Puerto Rico, for Florida with about 200 prospective colonists.","Spanish conquistador Juan Ponce de León sets out from San Juan, Puerto Rico, for Florida with about 200 prospective colonists.",20 February 1521 CE,https://en.wikipedia.org/wiki/February_20,,--02-20,San Juan,"Not separately stated; listed as February 20, 1521",Wikipedia — February 20,,exact,Ponce de León expedition to Florida,Puerto Rico; United States,Gregorian calendar date-page normalization,meets target,Juan Ponce de León,Spanish expedition,regional,Wikipedia date-page; single-source verification,20,verified—single source,20,7
20,CE,1685,February,The fort formed the basis for France's claim to Texas. Listed under this Gregorian calendar date; original historical calendar/date is not separately stated by the source.,Americas,FEB-20-1685-11,exploration,René-Robert Cavelier establishes Fort St. Louis at Matagorda Bay thus forming the basis for France's claim to Texas.,René-Robert Cavelier establishes Fort St. Louis at Matagorda Bay thus forming the basis for France's claim to Texas.,20 February 1685 CE,https://en.wikipedia.org/wiki/February_20,,--02-20,Matagorda Bay,"Not separately stated; listed as February 20, 1685",Wikipedia — February 20,,exact,Fort St. Louis established,United States; France,Gregorian calendar date-page normalization,meets target,René-Robert Cavelier,Fort St. Louis,regional,Wikipedia date-page; single-source verification,20,verified—single source,20,7
20,CE,1792,February,Listed under this Gregorian calendar date; original historical calendar/date is not separately stated by the source.,Americas,FEB-20-1792-07,political,"The Postal Service Act, establishing the United States Post Office Department, is signed by United States President George Washington.","The Postal Service Act, establishing the United States Post Office Department, is signed by United States President George Washington.",20 February 1792 CE,https://en.wikipedia.org/wiki/February_20,,--02-20,,"Not separately stated; listed as February 20, 1792",Wikipedia — February 20,,exact,United States Post Office established,United States,Gregorian calendar date-page normalization,meets target,George Washington,United States Post Office Department,national,Wikipedia date-page; single-source verification,20,verified—single source,20,8
20,CE,1813,February,Listed under this Gregorian calendar date; original historical calendar/date is not separately stated by the source.,Americas,FEB-20-1813-13,independence,Manuel Belgrano defeats the royalist army of Pío de Tristán during the Battle of Salta.,Manuel Belgrano defeats the royalist army of Pío de Tristán during the Battle of Salta.,20 February 1813 CE,https://en.wikipedia.org/wiki/February_20,,--02-20,Salta,"Not separately stated; listed as February 20, 1813",Wikipedia — February 20,,exact,Battle of Salta,Argentina,Gregorian calendar date-page normalization,meets target,Manuel Belgrano; Pío de Tristán,Argentine War of Independence,regional,Wikipedia date-page; single-source verification,20,verified—single source,20,8
20,CE,1824,February,The first scientifically validly named non-avian dinosaur species. Listed under this Gregorian calendar date; original historical calendar/date is not separately stated by the source.,Europe,FEB-20-1824-08,science,"William Buckland formally announces the name Megalosaurus, the first scientifically validly named non-avian dinosaur species.","William Buckland formally announces the name Megalosaurus, the first scientifically validly named non-avian dinosaur species.",20 February 1824 CE,https://en.wikipedia.org/wiki/February_20,,--02-20,,"Not separately stated; listed as February 20, 1824",Wikipedia — February 20,,exact,Megalosaurus named,United Kingdom,Gregorian calendar date-page normalization,meets target,William Buckland,Megalosaurus,global,Wikipedia date-page; single-source verification,20,verified—single source,20,8
20,CE,1846,February,The uprising sought to incite a fight for national independence. Listed under this Gregorian calendar date; original historical calendar/date is not separately stated by the source.,Europe,FEB-20-1846-12,independence,Polish insurgents lead an uprising in Kraków to incite a fight for national independence.,Polish insurgents lead an uprising in Kraków to incite a fight for national independence.,20 February 1846 CE,https://en.wikipedia.org/wiki/February_20,,--02-20,Kraków,"Not separately stated; listed as February 20, 1846",Wikipedia — February 20,,exact,Kraków uprising,Poland,Gregorian calendar date-page normalization,meets target,Polish insurgents,Kraków uprising,regional,Wikipedia date-page; single-source verification,20,verified—single source,20,7
20,CE,1864,February,The largest battle fought in Florida during the war. Listed under this Gregorian calendar date; original historical calendar/date is not separately stated by the source.,Americas,FEB-20-1864-15,war,American Civil War: Battle of Olustee: The largest battle fought in Florida during the war.,American Civil War: Battle of Olustee: The largest battle fought in Florida during the war.,20 February 1864 CE,https://en.wikipedia.org/wiki/February_20,,--02-20,Olustee,"Not separately stated; listed as February 20, 1864",Wikipedia — February 20,,exact,Battle of Olustee,United States,Gregorian calendar date-page normalization,meets target,,American Civil War,national,Wikipedia date-page; single-source verification,20,verified—single source,20,7
20,CE,1865,February,The peace agreement set the scene for the War of the Triple Alliance. Listed under this Gregorian calendar date; original historical calendar/date is not separately stated by the source.,Americas,FEB-20-1865-14,war,"End of the Uruguayan War, with a peace agreement between President Tomás Villalba and rebel leader Venancio Flores, setting the scene for the destructive War of the Triple Alliance.","End of the Uruguayan War, with a peace agreement between President Tomás Villalba and rebel leader Venancio Flores, setting the scene for the destructive War of the Triple Alliance.",20 February 1865 CE,https://en.wikipedia.org/wiki/February_20,,--02-20,,"Not separately stated; listed as February 20, 1865",Wikipedia — February 20,,exact,End of the Uruguayan War,Uruguay,Gregorian calendar date-page normalization,meets target,Tomás Villalba; Venancio Flores,Uruguayan War,regional,Wikipedia date-page; single-source verification,20,verified—single source,20,7
20,CE,1905,February,The U.S. Supreme Court upheld Massachusetts's mandatory smallpox vaccination program. Listed under this Gregorian calendar date; original historical calendar/date is not separately stated by the source.,Americas,FEB-20-1905-06,medicine,The U.S. Supreme Court upholds the constitutionality of Massachusetts's mandatory smallpox vaccination program in Jacobson v. Massachusetts.,The U.S. Supreme Court upholds the constitutionality of Massachusetts's mandatory smallpox vaccination program in Jacobson v. Massachusetts.,20 February 1905 CE,https://en.wikipedia.org/wiki/February_20,,--02-20,,"Not separately stated; listed as February 20, 1905",Wikipedia — February 20,,exact,Mandatory vaccination ruling,United States,Gregorian calendar date-page normalization,meets target,,Jacobson v. Massachusetts,national,Wikipedia date-page; single-source verification,20,verified—single source,20,8
20,CE,1909,February,Published in the French journal Le Figaro. Listed under this Gregorian calendar date; original historical calendar/date is not separately stated by the source.,Europe,FEB-20-1909-05,literature_culture,Publication of the Futurist Manifesto in the French journal Le Figaro.,Publication of the Futurist Manifesto in the French journal Le Figaro.,20 February 1909 CE,https://en.wikipedia.org/wiki/February_20,,--02-20,Paris,"Not separately stated; listed as February 20, 1909",Wikipedia — February 20,,exact,Futurist Manifesto,France; Italy,Gregorian calendar date-page normalization,meets target,,Futurism,global,Wikipedia date-page; single-source verification,20,verified—single source,20,8
20,CE,1933,February,The act sent the proposed amendment to state ratifying conventions. Listed under this Gregorian calendar date; original historical calendar/date is not separately stated by the source.,Americas,FEB-20-1933-18,political,"The U.S. Congress approves the Blaine Act to repeal federal Prohibition in the United States, sending the Twenty-first Amendment to the United States Constitution to state ratifying conventions for approval.","The U.S. Congress approves the Blaine Act to repeal federal Prohibition in the United States, sending the Twenty-first Amendment to the United States Constitution to state ratifying conventions for approval.",20 February 1933 CE,https://en.wikipedia.org/wiki/February_20,,--02-20,,"Not separately stated; listed as February 20, 1933",Wikipedia — February 20,,exact,Blaine Act,United States,Gregorian calendar date-page normalization,meets target,,Twenty-first Amendment,national,Wikipedia date-page; single-source verification,20,verified—single source,20,8
20,CE,1935,February,Listed under this Gregorian calendar date; original historical calendar/date is not separately stated by the source.,Polar,FEB-20-1935-09,exploration,Caroline Mikkelsen becomes the first woman to set foot in Antarctica.,Caroline Mikkelsen becomes the first woman to set foot in Antarctica.,20 February 1935 CE,https://en.wikipedia.org/wiki/February_20,,--02-20,,"Not separately stated; listed as February 20, 1935",Wikipedia — February 20,,exact,First woman to set foot in Antarctica,,Gregorian calendar date-page normalization,meets target,Caroline Mikkelsen,Antarctica,global,Wikipedia date-page; single-source verification,20,verified—single source,20,8
20,CE,1944,February,Listed under this Gregorian calendar date; original historical calendar/date is not separately stated by the source.,Oceania,FEB-20-1944-16,war,World War II: The United States takes Eniwetok Atoll.,World War II: The United States takes Eniwetok Atoll.,20 February 1944 CE,https://en.wikipedia.org/wiki/February_20,,--02-20,Eniwetok Atoll,"Not separately stated; listed as February 20, 1944",Wikipedia — February 20,,exact,Capture of Eniwetok Atoll,Marshall Islands; United States,Gregorian calendar date-page normalization,meets target,,World War II,global,Wikipedia date-page; single-source verification,20,verified—single source,20,8
20,CE,1944,February,American bomber raids targeted German aircraft manufacturing centers. Listed under this Gregorian calendar date; original historical calendar/date is not separately stated by the source.,Europe,FEB-20-1944-17,war,"World War II: The "" Big Week"" begins with American bomber raids on German aircraft manufacturing centers.","World War II: The "" Big Week"" begins with American bomber raids on German aircraft manufacturing centers.",20 February 1944 CE,https://en.wikipedia.org/wiki/February_20,,--02-20,,"Not separately stated; listed as February 20, 1944",Wikipedia — February 20,,exact,Big Week air raids,United States; Germany,Gregorian calendar date-page normalization,meets target,,World War II,global,Wikipedia date-page; single-source verification,20,verified—single source,20,8
20,CE,1962,February,Listed under this Gregorian calendar date; original historical calendar/date is not separately stated by the source.,Americas,FEB-20-1962-01,space,"Mercury program: While aboard Friendship 7, John Glenn becomes the first American to orbit the Earth, making three orbits in four hours, 55 minutes.","Mercury program: While aboard Friendship 7, John Glenn becomes the first American to orbit the Earth, making three orbits in four hours, 55 minutes.",20 February 1962 CE,https://en.wikipedia.org/wiki/February_20,,--02-20,,"Not separately stated; listed as February 20, 1962",Wikipedia — February 20,,exact,First American orbital flight,United States,Gregorian calendar date-page normalization,meets target,John Glenn,Mercury program,global,Wikipedia date-page; single-source verification,20,verified—single source,20,10
20,CE,1965,February,The mission photographed possible landing sites for Apollo astronauts. Listed under this Gregorian calendar date; original historical calendar/date is not separately stated by the source.,Polar,FEB-20-1965-03,space,Ranger 8 crashes into the Moon after a successful mission of photographing possible landing sites for the Apollo program astronauts.,Ranger 8 crashes into the Moon after a successful mission of photographing possible landing sites for the Apollo program astronauts.,20 February 1965 CE,https://en.wikipedia.org/wiki/February_20,,--02-20,,"Not separately stated; listed as February 20, 1965",Wikipedia — February 20,,exact,Lunar photography mission,United States,Gregorian calendar date-page normalization,meets target,,Ranger 8,global,Wikipedia date-page; single-source verification,20,verified—single source,20,8
20,CE,1986,February,The spacecraft remained in orbit for 15 years and was occupied for ten. Listed under this Gregorian calendar date; original historical calendar/date is not separately stated by the source.,Europe,FEB-20-1986-02,space,"The Soviet Union launches its Mir spacecraft. Remaining in orbit for 15 years, it is occupied for ten of those years.","The Soviet Union launches its Mir spacecraft. Remaining in orbit for 15 years, it is occupied for ten of those years.",20 February 1986 CE,https://en.wikipedia.org/wiki/February_20,,--02-20,,"Not separately stated; listed as February 20, 1986",Wikipedia — February 20,,exact,Mir space station launch,Russia,Gregorian calendar date-page normalization,meets target,,Soviet Union,global,Wikipedia date-page; single-source verification,20,verified—single source,20,9
20,CE,1988,February,The vote triggered the First Nagorno-Karabakh War. Listed under this Gregorian calendar date; original historical calendar/date is not separately stated by the source.,Asia,FEB-20-1988-04,independence,"The Nagorno-Karabakh Autonomous Oblast votes to secede from Azerbaijan and join Armenia, triggering the First Nagorno-Karabakh War.","The Nagorno-Karabakh Autonomous Oblast votes to secede from Azerbaijan and join Armenia, triggering the First Nagorno-Karabakh War.",20 February 1988 CE,https://en.wikipedia.org/wiki/February_20,,--02-20,,"Not separately stated; listed as February 20, 1988",Wikipedia — February 20,,exact,Nagorno-Karabakh secession vote,Azerbaijan; Armenia,Gregorian calendar date-page normalization,meets target,,Nagorno-Karabakh Autonomous Oblast,regional,Wikipedia date-page; single-source verification,20,verified—single source,20,9
20,CE,2003,February,"A pyrotechnics display caused the fire, killing 100 and injuring over 200. Listed under this Gregorian calendar date; original historical calendar/date is not separately stated by the source.",Americas,FEB-20-2003-20,disaster,"During a Great White concert in West Warwick, Rhode Island, a pyrotechnics display sets the Station nightclub ablaze, killing 100 and injuring over 200 others.","During a Great White concert in West Warwick, Rhode Island, a pyrotechnics display sets the Station nightclub ablaze, killing 100 and injuring over 200 others.",20 February 2003 CE,https://en.wikipedia.org/wiki/February_20,,--02-20,West Warwick,"Not separately stated; listed as February 20, 2003",Wikipedia — February 20,,exact,Station nightclub fire,United States,Gregorian calendar date-page normalization,meets target,,Station nightclub,national,Wikipedia date-page; single-source verification,20,verified—single source,20,7
20,CE,2005,February,Spain was the first country to vote in a referendum on ratification; turnout was low. Listed under this Gregorian calendar date; original historical calendar/date is not separately stated by the source.,Europe,FEB-20-2005-19,political,"Spain becomes the first country to vote in a referendum on ratification of the proposed Constitution of the European Union, passing it by a substantial margin, but on a low turnout.","Spain becomes the first country to vote in a referendum on ratification of the proposed Constitution of the European Union, passing it by a substantial margin, but on a low turnout.",20 February 2005 CE,https://en.wikipedia.org/wiki/February_20,,--02-20,,"Not separately stated; listed as February 20, 2005",Wikipedia — February 20,,exact,European Constitution referendum,Spain,Gregorian calendar date-page normalization,meets target,,Proposed Constitution of the European Union,regional,Wikipedia date-page; single-source verification,20,verified—single source,20,7
21,CE,1613,February,Beginning of the Romanov dynasty of Imperial Russia. Listed under this Gregorian calendar date; original historical calendar/date is not separately stated by the source.,Europe,FEB-21-1613-01,political,"Mikhail I is unanimously elected Tsar by a national assembly, beginning the Romanov dynasty of Imperial Russia.","Mikhail I is unanimously elected Tsar by a national assembly, beginning the Romanov dynasty of Imperial Russia.",21 February 1613 CE,https://en.wikipedia.org/wiki/February_21,,--02-21,,"Not separately stated; listed as February 21, 1613",Wikipedia — February 21,,exact,Romanov accession,Russia,Gregorian calendar date-page normalization,meets target,Mikhail I,Tsardom of Russia,global,Wikipedia date-page; single-source verification,20,verified—single source,20,9
21,CE,1804,February,First self-propelling steam locomotive makes its outing. Listed under this Gregorian calendar date; original historical calendar/date is not separately stated by the source.,Europe,FEB-21-1804-02,technology,The first self-propelling steam locomotive makes its outing at the Pen-y-Darren Ironworks in Wales.,The first self-propelling steam locomotive makes its outing at the Pen-y-Darren Ironworks in Wales.,21 February 1804 CE,https://en.wikipedia.org/wiki/February_21,,--02-21,Wales,"Not separately stated; listed as February 21, 1804",Wikipedia — February 21,,exact,Steam locomotive,United Kingdom,Gregorian calendar date-page normalization,meets target,,Pen-y-Darren Ironworks,global,Wikipedia date-page; single-source verification,20,verified—single source,20,9
21,CE,1808,February,Russian troops cross the border to Sweden; Sweden will lose Finland to Russia. Listed under this Gregorian calendar date; original historical calendar/date is not separately stated by the source.,Europe,FEB-21-1808-03,war,"Without a previous declaration of war, Russian troops cross the border to Sweden at Abborfors in eastern Finland, thus beginning the Finnish War, in which Sweden will lose the eastern half of the country (i.e. Finland) to Russia.","Without a previous declaration of war, Russian troops cross the border to Sweden at Abborfors in eastern Finland, thus beginning the Finnish War, in which Sweden will lose the eastern half of the country (i.e. Finland) to Russia.",21 February 1808 CE,https://en.wikipedia.org/wiki/February_21,,--02-21,Abborfors,"Not separately stated; listed as February 21, 1808",Wikipedia — February 21,,exact,Finnish War begins,Finland;Sweden;Russia,Gregorian calendar date-page normalization,meets target,,Finnish War,regional,Wikipedia date-page; single-source verification,20,verified—single source,20,8
21,CE,1828,February,First periodical to use the Cherokee syllabary. Listed under this Gregorian calendar date; original historical calendar/date is not separately stated by the source.,Americas,FEB-21-1828-04,literature_culture,Initial issue of the Cherokee Phoenix is the first periodical to use the Cherokee syllabary invented by Sequoyah.,Initial issue of the Cherokee Phoenix is the first periodical to use the Cherokee syllabary invented by Sequoyah.,21 February 1828 CE,https://en.wikipedia.org/wiki/February_21,,--02-21,,"Not separately stated; listed as February 21, 1828",Wikipedia — February 21,,exact,Cherokee Phoenix,United States,Gregorian calendar date-page normalization,meets target,Sequoyah,Cherokee Phoenix,regional,Wikipedia date-page; single-source verification,20,verified—single source,20,8
21,CE,1848,February,Listed under this Gregorian calendar date; original historical calendar/date is not separately stated by the source.,Europe,FEB-21-1848-05,philosophy,Karl Marx and Friedrich Engels publish The Communist Manifesto.,Karl Marx and Friedrich Engels publish The Communist Manifesto.,21 February 1848 CE,https://en.wikipedia.org/wiki/February_21,,--02-21,,"Not separately stated; listed as February 21, 1848",Wikipedia — February 21,,exact,Communist Manifesto,United Kingdom,Gregorian calendar date-page normalization,meets target,Karl Marx;Friedrich Engels,The Communist Manifesto,global,Wikipedia date-page; single-source verification,20,verified—single source,20,10
21,CE,1862,February,Fought near Fort Craig in New Mexico Territory. Listed under this Gregorian calendar date; original historical calendar/date is not separately stated by the source.,Americas,FEB-21-1862-06,war,American Civil War: Battle of Valverde is fought near Fort Craig in New Mexico Territory.,American Civil War: Battle of Valverde is fought near Fort Craig in New Mexico Territory.,21 February 1862 CE,https://en.wikipedia.org/wiki/February_21,,--02-21,Fort Craig,"Not separately stated; listed as February 21, 1862",Wikipedia — February 21,,exact,Battle of Valverde,United States,Gregorian calendar date-page normalization,meets target,,American Civil War,national,Wikipedia date-page; single-source verification,20,verified—single source,20,7
21,CE,1875,February,Described as the oldest verified person ever. Listed under this Gregorian calendar date; original historical calendar/date is not separately stated by the source.,Europe,FEB-21-1875-19,birth,"Jeanne Calment, French super-centenarian, oldest verified person ever (died 1997)","Jeanne Calment, French super-centenarian, oldest verified person ever (died 1997)",21 February 1875 CE,https://en.wikipedia.org/wiki/February_21,,--02-21,,"Not separately stated; listed as February 21, 1875",Wikipedia — February 21,,exact,Jeanne Calment,France,Gregorian calendar date-page normalization,meets target,Jeanne Calment,,global,Wikipedia date-page; single-source verification,20,verified—single source,20,7
21,CE,1885,February,The newly completed monument is dedicated. Listed under this Gregorian calendar date; original historical calendar/date is not separately stated by the source.,Americas,FEB-21-1885-07,other,The newly completed Washington Monument is dedicated.,The newly completed Washington Monument is dedicated.,21 February 1885 CE,https://en.wikipedia.org/wiki/February_21,,--02-21,Washington,"Not separately stated; listed as February 21, 1885",Wikipedia — February 21,,exact,Washington Monument dedication,United States,Gregorian calendar date-page normalization,meets target,,Washington Monument,national,Wikipedia date-page; single-source verification,20,verified—single source,20,7
21,CE,1916,February,The Battle of Verdun begins. Listed under this Gregorian calendar date; original historical calendar/date is not separately stated by the source.,Europe,FEB-21-1916-08,war,"World War I: In France, the Battle of Verdun begins.","World War I: In France, the Battle of Verdun begins.",21 February 1916 CE,https://en.wikipedia.org/wiki/February_21,,--02-21,Verdun,"Not separately stated; listed as February 21, 1916",Wikipedia — February 21,,exact,Battle of Verdun,France,Gregorian calendar date-page normalization,meets target,,World War I,global,Wikipedia date-page; single-source verification,20,verified—single source,20,10
21,CE,1919,February,His death results in the establishment of the Bavarian Soviet Republic and parliament and government fleeing Munich. Listed under this Gregorian calendar date; original historical calendar/date is not separately stated by the source.,Europe,FEB-21-1919-09,political,"German socialist Kurt Eisner is assassinated. His death results in the establishment of the Bavarian Soviet Republic and parliament and government fleeing Munich, Germany.","German socialist Kurt Eisner is assassinated. His death results in the establishment of the Bavarian Soviet Republic and parliament and government fleeing Munich, Germany.",21 February 1919 CE,https://en.wikipedia.org/wiki/February_21,,--02-21,Munich,"Not separately stated; listed as February 21, 1919",Wikipedia — February 21,,exact,Eisner assassination,Germany,Gregorian calendar date-page normalization,meets target,Kurt Eisner,Bavaria,regional,Wikipedia date-page; single-source verification,20,verified—single source,20,8
21,CE,1921,February,The Constituent Assembly adopts the country's first constitution. Listed under this Gregorian calendar date; original historical calendar/date is not separately stated by the source.,Asia,FEB-21-1921-10,political,Constituent Assembly of the Democratic Republic of Georgia adopts the country's first constitution.,Constituent Assembly of the Democratic Republic of Georgia adopts the country's first constitution.,21 February 1921 CE,https://en.wikipedia.org/wiki/February_21,,--02-21,,"Not separately stated; listed as February 21, 1921",Wikipedia — February 21,,exact,Georgian constitution,Georgia,Gregorian calendar date-page normalization,meets target,,Democratic Republic of Georgia,national,Wikipedia date-page; single-source verification,20,verified—single source,20,8
21,CE,1921,February,Rezā Shāh takes control of Tehran during a successful coup. Listed under this Gregorian calendar date; original historical calendar/date is not separately stated by the source.,Middle East,FEB-21-1921-11,political,Rezā Shāh takes control of Tehran during a successful coup.,Rezā Shāh takes control of Tehran during a successful coup.,21 February 1921 CE,https://en.wikipedia.org/wiki/February_21,,--02-21,Tehran,"Not separately stated; listed as February 21, 1921",Wikipedia — February 21,,exact,Iranian coup,Iran,Gregorian calendar date-page normalization,meets target,Rezā Shāh,Iran,regional,Wikipedia date-page; single-source verification,20,verified—single source,20,8
21,CE,1921,February,American philosopher and academic. Listed under this Gregorian calendar date; original historical calendar/date is not separately stated by the source.,Americas,FEB-21-1921-20,birth,"John Rawls, American philosopher and academic (died 2002)","John Rawls, American philosopher and academic (died 2002)",21 February 1921 CE,https://en.wikipedia.org/wiki/February_21,,--02-21,,"Not separately stated; listed as February 21, 1921",Wikipedia — February 21,,exact,John Rawls,United States,Gregorian calendar date-page normalization,meets target,John Rawls,,global,Wikipedia date-page; single-source verification,20,verified—single source,20,8
21,CE,1925,February,The magazine publishes its first issue. Listed under this Gregorian calendar date; original historical calendar/date is not separately stated by the source.,Americas,FEB-21-1925-12,literature_culture,The New Yorker publishes its first issue.,The New Yorker publishes its first issue.,21 February 1925 CE,https://en.wikipedia.org/wiki/February_21,,--02-21,New York City,"Not separately stated; listed as February 21, 1925",Wikipedia — February 21,,exact,The New Yorker,United States,Gregorian calendar date-page normalization,meets target,,The New Yorker,global,Wikipedia date-page; single-source verification,20,verified—single source,20,7
21,CE,1945,February,Japanese kamikaze planes sink USS Bismarck Sea and damage USS Saratoga. Listed under this Gregorian calendar date; original historical calendar/date is not separately stated by the source.,Asia,FEB-21-1945-13,war,"World War II: During the Battle of Iwo Jima, Japanese kamikaze planes sink the escort carrier USS Bismarck Sea and damage the USS Saratoga.","World War II: During the Battle of Iwo Jima, Japanese kamikaze planes sink the escort carrier USS Bismarck Sea and damage the USS Saratoga.",21 February 1945 CE,https://en.wikipedia.org/wiki/February_21,,--02-21,Iwo Jima,"Not separately stated; listed as February 21, 1945",Wikipedia — February 21,,exact,Iwo Jima naval action,Japan;United States,Gregorian calendar date-page normalization,meets target,,World War II,global,Wikipedia date-page; single-source verification,20,verified—single source,20,8
21,CE,1947,February,Edwin Land demonstrates the first instant camera. Listed under this Gregorian calendar date; original historical calendar/date is not separately stated by the source.,Americas,FEB-21-1947-14,technology,"In New York City, Edwin Land demonstrates the first "" instant camera"", the Polaroid Land Camera, to a meeting of the Optical Society of America.","In New York City, Edwin Land demonstrates the first "" instant camera"", the Polaroid Land Camera, to a meeting of the Optical Society of America.",21 February 1947 CE,https://en.wikipedia.org/wiki/February_21,,--02-21,New York City,"Not separately stated; listed as February 21, 1947",Wikipedia — February 21,,exact,Instant camera demonstration,United States,Gregorian calendar date-page normalization,meets target,Edwin Land,Polaroid Land Camera,global,Wikipedia date-page; single-source verification,20,verified—single source,20,8
21,CE,1952,February,Protests occur at the University of Dhaka in East Pakistan. Listed under this Gregorian calendar date; original historical calendar/date is not separately stated by the source.,Asia,FEB-21-1952-15,social_history,The Bengali language movement protests occur at the University of Dhaka in East Pakistan (now Bangladesh).,The Bengali language movement protests occur at the University of Dhaka in East Pakistan (now Bangladesh).,21 February 1952 CE,https://en.wikipedia.org/wiki/February_21,,--02-21,Dhaka,"Not separately stated; listed as February 21, 1952",Wikipedia — February 21,,exact,Bengali language movement,Bangladesh,Gregorian calendar date-page normalization,meets target,,Bengali language movement,regional,Wikipedia date-page; single-source verification,20,verified—single source,20,9
21,CE,1972,February,The visit is to normalize Sino-American relations. Listed under this Gregorian calendar date; original historical calendar/date is not separately stated by the source.,Asia,FEB-21-1972-16,political,United States President Richard Nixon visits China to normalize Sino-American relations.,United States President Richard Nixon visits China to normalize Sino-American relations.,21 February 1972 CE,https://en.wikipedia.org/wiki/February_21,,--02-21,,"Not separately stated; listed as February 21, 1972",Wikipedia — February 21,,exact,Nixon visits China,United States;China,Gregorian calendar date-page normalization,meets target,Richard Nixon,United States–China relations,global,Wikipedia date-page; single-source verification,20,verified—single source,20,10
21,CE,1972,February,The Soviet uncrewed spaceship lands on the Moon. Listed under this Gregorian calendar date; original historical calendar/date is not separately stated by the source.,Polar,FEB-21-1972-17,space,The Soviet uncrewed spaceship Luna 20 lands on the Moon.,The Soviet uncrewed spaceship Luna 20 lands on the Moon.,21 February 1972 CE,https://en.wikipedia.org/wiki/February_21,,--02-21,Moon,"Not separately stated; listed as February 21, 1972",Wikipedia — February 21,,exact,Luna 20 lunar landing,Russia,Gregorian calendar date-page normalization,meets target,,Luna 20,global,Wikipedia date-page; single-source verification,20,verified—single source,20,8
21,CE,1995,February,Fossett becomes the first person to make a solo flight across the Pacific Ocean in a balloon. Listed under this Gregorian calendar date; original historical calendar/date is not separately stated by the source.,multi-regional,FEB-21-1995-18,exploration,"Steve Fossett lands in Leader, Saskatchewan, Canada becoming the first person to make a solo flight across the Pacific Ocean in a balloon.","Steve Fossett lands in Leader, Saskatchewan, Canada becoming the first person to make a solo flight across the Pacific Ocean in a balloon.",21 February 1995 CE,https://en.wikipedia.org/wiki/February_21,,--02-21,Leader,"Not separately stated; listed as February 21, 1995",Wikipedia — February 21,,exact,Solo Pacific balloon flight,Canada,Gregorian calendar date-page normalization,meets target,Steve Fossett,Solo balloon flight across the Pacific,global,Wikipedia date-page; single-source verification,20,verified—single source,20,8
22,CE,1732,February,"American general and politician, 1st President of the United States. Listed under this Gregorian calendar date; original historical calendar/date is not separately stated by the source.",Americas,FEB-22-1732-15,birth,"George Washington, American general and politician, 1st President of the United States (died 1799)","George Washington, American general and politician, 1st President of the United States (died 1799)",22 February 1732 CE,https://en.wikipedia.org/wiki/February_22,,--02-22,,"Not separately stated; listed as February 22, 1732",Wikipedia — February 22,,exact,Birth of George Washington,United States,Gregorian calendar date-page normalization,meets target,George Washington,George Washington,global,Wikipedia date-page; single-source verification,20,verified—single source,20,10
22,CE,1819,February,Spain sold Florida to the United States for five million U.S. dollars. Listed under this Gregorian calendar date; original historical calendar/date is not separately stated by the source.,Americas,FEB-22-1819-02,political,"By the Adams–Onís Treaty, Spain sells Florida to the United States for five million U.S. dollars.","By the Adams–Onís Treaty, Spain sells Florida to the United States for five million U.S. dollars.",22 February 1819 CE,https://en.wikipedia.org/wiki/February_22,,--02-22,,"Not separately stated; listed as February 22, 1819",Wikipedia — February 22,,exact,Adams–Onís Treaty,United States; Spain,Gregorian calendar date-page normalization,meets target,,Florida,regional,Wikipedia date-page; single-source verification,20,verified—single source,20,8
22,CE,1847,February,"Five thousand American troops defeated 15,000 Mexican troops. Listed under this Gregorian calendar date; original historical calendar/date is not separately stated by the source.",Americas,FEB-22-1847-03,war,"Mexican–American War: The Battle of Buena Vista: Five thousand American troops defeat 15,000 Mexican troops.","Mexican–American War: The Battle of Buena Vista: Five thousand American troops defeat 15,000 Mexican troops.",22 February 1847 CE,https://en.wikipedia.org/wiki/February_22,,--02-22,Buena Vista,"Not separately stated; listed as February 22, 1847",Wikipedia — February 22,,exact,Battle of Buena Vista,United States; Mexico,Gregorian calendar date-page normalization,meets target,,Mexican–American War,regional,Wikipedia date-page; single-source verification,20,verified—single source,20,8
22,CE,1848,February,The revolution would lead to the establishment of the French Second Republic. Listed under this Gregorian calendar date; original historical calendar/date is not separately stated by the source.,Europe,FEB-22-1848-01,political,"The French Revolution of 1848, which would lead to the establishment of the French Second Republic, begins.","The French Revolution of 1848, which would lead to the establishment of the French Second Republic, begins.",22 February 1848 CE,https://en.wikipedia.org/wiki/February_22,,--02-22,Paris,"Not separately stated; listed as February 22, 1848",Wikipedia — February 22,,exact,French Revolution of 1848,France,Gregorian calendar date-page normalization,meets target,,French Second Republic,regional,Wikipedia date-page; single-source verification,20,verified—single source,20,9
22,CE,1857,February,"German physicist, philosopher, and academic. Listed under this Gregorian calendar date; original historical calendar/date is not separately stated by the source.",Europe,FEB-22-1857-16,birth,"Heinrich Hertz, German physicist, philosopher, and academic (died 1894)","Heinrich Hertz, German physicist, philosopher, and academic (died 1894)",22 February 1857 CE,https://en.wikipedia.org/wiki/February_22,,--02-22,,"Not separately stated; listed as February 22, 1857",Wikipedia — February 22,,exact,Birth of Heinrich Hertz,Germany,Gregorian calendar date-page normalization,meets target,Heinrich Hertz,Heinrich Hertz,global,Wikipedia date-page; single-source verification,20,verified—single source,20,9
22,CE,1862,February,Jefferson Davis was officially inaugurated for a six-year term as President of the Confederate States of America. Listed under this Gregorian calendar date; original historical calendar/date is not separately stated by the source.,Virginia,FEB-22-1862-18,political event,"American Civil War: Jefferson Davis is officially inaugurated for a six-year term as the President of the Confederate States of America in Richmond, Virginia. He was previously inaugurated as a provisional president on February 18, 1861.","American Civil War: Jefferson Davis is officially inaugurated for a six-year term as the President of the Confederate States of America in Richmond, Virginia. He was previously inaugurated as a provisional president on February 18, 1861.",22 February 1862 CE,https://en.wikipedia.org/wiki/February_22,,--02-22,Richmond,"Not separately stated; listed as February 22, 1862",Wikipedia — February 22,,exact,American Civil War,United States,Gregorian calendar date-page normalization,meets target,['Jefferson Davis'],Confederate States of America,national,Wikipedia date-page; single-source verification,20,verified—single source,20,8
22,CE,1942,February,President Franklin D. Roosevelt ordered General Douglas MacArthur out of the Philippines as the Japanese victory became inevitable. Listed under this Gregorian calendar date; original historical calendar/date is not separately stated by the source.,Asia,FEB-22-1942-10,war,World War II: President Franklin D. Roosevelt orders General Douglas MacArthur out of the Philippines as the Japanese victory becomes inevitable.,World War II: President Franklin D. Roosevelt orders General Douglas MacArthur out of the Philippines as the Japanese victory becomes inevitable.,22 February 1942 CE,https://en.wikipedia.org/wiki/February_22,,--02-22,,"Not separately stated; listed as February 22, 1942",Wikipedia — February 22,,exact,MacArthur ordered from the Philippines,Philippines; United States; Japan,Gregorian calendar date-page normalization,meets target,Franklin D. Roosevelt; Douglas MacArthur,World War II,global,Wikipedia date-page; single-source verification,20,verified—single source,20,8
22,CE,1943,February,Members of the White Rose resistance were executed in Nazi Germany. Listed under this Gregorian calendar date; original historical calendar/date is not separately stated by the source.,Europe,FEB-22-1943-11,social_history,"World War II: Members of the White Rose resistance, Sophie Scholl, Hans Scholl, and Christoph Probst are executed in Nazi Germany.","World War II: Members of the White Rose resistance, Sophie Scholl, Hans Scholl, and Christoph Probst are executed in Nazi Germany.",22 February 1943 CE,https://en.wikipedia.org/wiki/February_22,,--02-22,,"Not separately stated; listed as February 22, 1943",Wikipedia — February 22,,exact,White Rose executions,Germany,Gregorian calendar date-page normalization,meets target,Sophie Scholl; Hans Scholl; Christoph Probst,White Rose resistance,global,Wikipedia date-page; single-source verification,20,verified—single source,20,9
22,CE,1946,February,The telegram proposed how the United States should deal with the Soviet Union. Listed under this Gregorian calendar date; original historical calendar/date is not separately stated by the source.,multi-regional,FEB-22-1946-12,political,"The "" Long Telegram"", proposing how the United States should deal with the Soviet Union, arrives from the US embassy in Moscow.","The "" Long Telegram"", proposing how the United States should deal with the Soviet Union, arrives from the US embassy in Moscow.",22 February 1946 CE,https://en.wikipedia.org/wiki/February_22,,--02-22,Moscow,"Not separately stated; listed as February 22, 1946",Wikipedia — February 22,,exact,Long Telegram,United States; Russia,Gregorian calendar date-page normalization,meets target,,Long Telegram,global,Wikipedia date-page; single-source verification,20,verified—single source,20,9
22,CE,1958,February,Egypt and Syria joined to form the United Arab Republic. Listed under this Gregorian calendar date; original historical calendar/date is not separately stated by the source.,Middle East,FEB-22-1958-05,political,"Following a plebiscite in both countries the previous day, Egypt and Syria join to form the United Arab Republic.","Following a plebiscite in both countries the previous day, Egypt and Syria join to form the United Arab Republic.",22 February 1958 CE,https://en.wikipedia.org/wiki/February_22,,--02-22,,"Not separately stated; listed as February 22, 1958",Wikipedia — February 22,,exact,Formation of the United Arab Republic,Egypt; Syria,Gregorian calendar date-page normalization,meets target,,United Arab Republic,regional,Wikipedia date-page; single-source verification,20,verified—single source,20,8
22,CE,1973,February,"Following President Richard Nixon's visit to the People's Republic of China, the two countries agreed to establish liaison offices. Listed under this Gregorian calendar date; original historical calendar/date is not separately stated by the source.",multi-regional,FEB-22-1973-06,political,"Cold War: Following President Richard Nixon's visit to the People's Republic of China, the two countries agree to establish liaison offices.","Cold War: Following President Richard Nixon's visit to the People's Republic of China, the two countries agree to establish liaison offices.",22 February 1973 CE,https://en.wikipedia.org/wiki/February_22,,--02-22,,"Not separately stated; listed as February 22, 1973",Wikipedia — February 22,,exact,US–China liaison offices,United States; China,Gregorian calendar date-page normalization,meets target,Richard Nixon,United States–People's Republic of China relations,global,Wikipedia date-page; single-source verification,20,verified—single source,20,8
22,CE,1974,February,Thirty-seven countries attended; twenty-two heads of state and government participated. It also recognized Bangladesh. Listed under this Gregorian calendar date; original historical calendar/date is not separately stated by the source.,Middle East,FEB-22-1974-07,political,"The Organisation of the Islamic Conference summit begins in Lahore, Pakistan. Thirty-seven countries attend and twenty-two heads of state and government participate. It also recognizes Bangladesh.","The Organisation of the Islamic Conference summit begins in Lahore, Pakistan. Thirty-seven countries attend and twenty-two heads of state and government participate. It also recognizes Bangladesh.",22 February 1974 CE,https://en.wikipedia.org/wiki/February_22,,--02-22,Lahore,"Not separately stated; listed as February 22, 1974",Wikipedia — February 22,,exact,Organisation of the Islamic Conference summit,Pakistan,Gregorian calendar date-page normalization,meets target,,Organisation of the Islamic Conference,global,Wikipedia date-page; single-source verification,20,verified—single source,20,8
22,CE,1979,February,Saint Lucia gained independence from the United Kingdom. Listed under this Gregorian calendar date; original historical calendar/date is not separately stated by the source.,Americas,FEB-22-1979-04,independence,Saint Lucia gains independence from the United Kingdom.,Saint Lucia gains independence from the United Kingdom.,22 February 1979 CE,https://en.wikipedia.org/wiki/February_22,,--02-22,,"Not separately stated; listed as February 22, 1979",Wikipedia — February 22,,exact,Saint Lucian independence,Saint Lucia; United Kingdom,Gregorian calendar date-page normalization,meets target,,Saint Lucia,national,Wikipedia date-page; single-source verification,20,verified—single source,20,8
22,CE,1980,February,The United States hockey team defeated the Soviet Union hockey team 4–3 in the Miracle on Ice. Listed under this Gregorian calendar date; original historical calendar/date is not separately stated by the source.,New York,FEB-22-1980-19,sporting event,"Miracle on Ice: In Lake Placid, New York, the United States hockey team defeats the Soviet Union hockey team 4–3.","Miracle on Ice: In Lake Placid, New York, the United States hockey team defeats the Soviet Union hockey team 4–3.",22 February 1980 CE,https://en.wikipedia.org/wiki/February_22,,--02-22,Lake Placid,"Not separately stated; listed as February 22, 1980",Wikipedia — February 22,,exact,Winter Olympics,United States,Gregorian calendar date-page normalization,meets target,"['United States hockey team', 'Soviet Union hockey team']",United States hockey team,international,Wikipedia date-page; single-source verification,20,verified—single source,20,9
22,CE,1986,February,Start of the People Power Revolution in the Philippines. Listed under this Gregorian calendar date; original historical calendar/date is not separately stated by the source.,Asia,FEB-22-1986-08,social_history,Start of the People Power Revolution in the Philippines.,Start of the People Power Revolution in the Philippines.,22 February 1986 CE,https://en.wikipedia.org/wiki/February_22,,--02-22,,"Not separately stated; listed as February 22, 1986",Wikipedia — February 22,,exact,People Power Revolution,Philippines,Gregorian calendar date-page normalization,meets target,,People Power Revolution,national,Wikipedia date-page; single-source verification,20,verified—single source,20,9
22,CE,1987,February,American painter and photographer. Listed under this Gregorian calendar date; original historical calendar/date is not separately stated by the source.,Americas,FEB-22-1987-17,death,"Andy Warhol, American painter and photographer (born 1928)","Andy Warhol, American painter and photographer (born 1928)",22 February 1987 CE,https://en.wikipedia.org/wiki/February_22,,--02-22,,"Not separately stated; listed as February 22, 1987",Wikipedia — February 22,,exact,Death of Andy Warhol,United States,Gregorian calendar date-page normalization,meets target,Andy Warhol,Andy Warhol,global,Wikipedia date-page; single-source verification,20,verified—single source,20,9
22,CE,1997,February,British scientists announced that an adult sheep had been successfully cloned. Listed under this Gregorian calendar date; original historical calendar/date is not separately stated by the source.,Europe,FEB-22-1997-13,science,"In Roslin, Midlothian, British scientists announce that an adult sheep named Dolly has been successfully cloned.","In Roslin, Midlothian, British scientists announce that an adult sheep named Dolly has been successfully cloned.",22 February 1997 CE,https://en.wikipedia.org/wiki/February_22,,--02-22,Roslin,"Not separately stated; listed as February 22, 1997",Wikipedia — February 22,,exact,Dolly cloning announcement,United Kingdom,Gregorian calendar date-page normalization,meets target,,Dolly the sheep,global,Wikipedia date-page; single-source verification,20,verified—single source,20,9
22,CE,2002,February,Angolan political and rebel leader Jonas Savimbi was killed in a military ambush. Listed under this Gregorian calendar date; original historical calendar/date is not separately stated by the source.,Angola,FEB-22-2002-20,death,Angolan political and rebel leader Jonas Savimbi is killed in a military ambush.,Angolan political and rebel leader Jonas Savimbi is killed in a military ambush.,22 February 2002 CE,https://en.wikipedia.org/wiki/February_22,,--02-22,None,"Not separately stated; listed as February 22, 2002",Wikipedia — February 22,,exact,Angolan Civil War,Angola,Gregorian calendar date-page normalization,meets target,['Jonas Savimbi'],UNITA,national,Wikipedia date-page; single-source verification,20,verified—single source,20,8
22,CE,2005,February,"The 6.4 Mw earthquake left 612 people dead and 1,411 injured. Listed under this Gregorian calendar date; original historical calendar/date is not separately stated by the source.",Middle East,FEB-22-2005-14,disaster,"The 6.4 M w Zarand earthquake shakes the Kerman province of Iran with a maximum Mercalli intensity of VIII (Severe), leaving 612 people dead and 1,411 injured.","The 6.4 M w Zarand earthquake shakes the Kerman province of Iran with a maximum Mercalli intensity of VIII (Severe), leaving 612 people dead and 1,411 injured.",22 February 2005 CE,https://en.wikipedia.org/wiki/February_22,,--02-22,Kerman province,"Not separately stated; listed as February 22, 2005",Wikipedia — February 22,,exact,Zarand earthquake,Iran,Gregorian calendar date-page normalization,meets target,,Zarand earthquake,national,Wikipedia date-page; single-source verification,20,verified—single source,20,7
22,CE,2006,February,The attack caused the escalation of sectarian tensions in Iraq into a full-scale civil war. Listed under this Gregorian calendar date; original historical calendar/date is not separately stated by the source.,Middle East,FEB-22-2006-09,religion,"At approximately 6:44 a.m. local Iraqi time, explosions occurred at the al-Askari Shrine in Samarra, Iraq. The attack on the shrine, one of the holiest sites in Shia Islam, caused the escalation of sectarian tensions in Iraq into a full-scale civil war.","At approximately 6:44 a.m. local Iraqi time, explosions occurred at the al-Askari Shrine in Samarra, Iraq. The attack on the shrine, one of the holiest sites in Shia Islam, caused the escalation of sectarian tensions in Iraq into a full-scale civil war.",22 February 2006 CE,https://en.wikipedia.org/wiki/February_22,,--02-22,Samarra,"Not separately stated; listed as February 22, 2006",Wikipedia — February 22,,exact,al-Askari Shrine bombing,Iraq,Gregorian calendar date-page normalization,meets target,,al-Askari Shrine,regional,Wikipedia date-page; single-source verification,20,verified—single source,20,9
23,CE,303,February,The entry describes the beginning of eight years of persecution. Listed under this Gregorian calendar date; original historical calendar/date is not separately stated by the source.,Europe,FEB-23-0303-01,religion,"Roman emperor Diocletian orders the destruction of the Christian church in Nicomedia, beginning eight years of Diocletianic Persecution.","Roman emperor Diocletian orders the destruction of the Christian church in Nicomedia, beginning eight years of Diocletianic Persecution.",23 February 303 CE,https://en.wikipedia.org/wiki/February_23,,--02-23,Nicomedia,"Not separately stated; listed as February 23, 303",Wikipedia — February 23,,exact,Diocletianic Persecution,Turkey,Gregorian calendar date-page normalization,meets target,Diocletian,Roman Empire,global,Wikipedia date-page; single-source verification,20,verified—single source,20,8
23,CE,532,February,Listed under this Gregorian calendar date; original historical calendar/date is not separately stated by the source.,Middle East,FEB-23-0532-02,religion,Byzantine emperor Justinian I lays the foundation stone of a new Orthodox Christian basilica in Constantinople– the Hagia Sophia.,Byzantine emperor Justinian I lays the foundation stone of a new Orthodox Christian basilica in Constantinople– the Hagia Sophia.,23 February 532 CE,https://en.wikipedia.org/wiki/February_23,,--02-23,Constantinople,"Not separately stated; listed as February 23, 532",Wikipedia — February 23,,exact,Hagia Sophia foundation,Turkey,Gregorian calendar date-page normalization,meets target,Justinian I,Byzantine Empire,global,Wikipedia date-page; single-source verification,20,verified—single source,20,9
23,CE,705,February,The entry states that Wu Zetian abdicated and the Tang dynasty was restored. Listed under this Gregorian calendar date; original historical calendar/date is not separately stated by the source.,Asia,FEB-23-0705-03,political,"Empress Wu Zetian abdicates the throne, restoring the Tang dynasty.","Empress Wu Zetian abdicates the throne, restoring the Tang dynasty.",23 February 705 CE,https://en.wikipedia.org/wiki/February_23,,--02-23,,"Not separately stated; listed as February 23, 705",Wikipedia — February 23,,exact,Tang restoration,China,Gregorian calendar date-page normalization,meets target,Wu Zetian,Tang dynasty,regional,Wikipedia date-page; single-source verification,20,verified—single source,20,8
23,CE,1455,February,The date is described as traditional. Listed under this Gregorian calendar date; original historical calendar/date is not separately stated by the source.,Europe,FEB-23-1455-04,technology,"Traditionally the date of publication of the Gutenberg Bible, the first Western book printed with movable type.","Traditionally the date of publication of the Gutenberg Bible, the first Western book printed with movable type.",23 February 1455 CE,https://en.wikipedia.org/wiki/February_23,,--02-23,,"Not separately stated; listed as February 23, 1455",Wikipedia — February 23,,traditional,Gutenberg Bible,Germany,Gregorian calendar date-page normalization,meets target,Johannes Gutenberg,Western movable-type printing,global,Wikipedia date-page; single-source verification,20,verified—single source,20,10
23,CE,1763,February,The entry calls it the first major slave revolt in South America. Listed under this Gregorian calendar date; original historical calendar/date is not separately stated by the source.,Americas,FEB-23-1763-05,social_history,Berbice slave uprising in Guyana: The first major slave revolt in South America.,Berbice slave uprising in Guyana: The first major slave revolt in South America.,23 February 1763 CE,https://en.wikipedia.org/wiki/February_23,,--02-23,,"Not separately stated; listed as February 23, 1763",Wikipedia — February 23,,exact,Berbice slave uprising,Guyana,Gregorian calendar date-page normalization,meets target,,Berbice,regional,Wikipedia date-page; single-source verification,20,verified—single source,20,8
23,CE,1778,February,Listed under this Gregorian calendar date; original historical calendar/date is not separately stated by the source.,Americas,FEB-23-1778-06,war,"American Revolutionary War: Baron von Steuben arrives at Valley Forge, Pennsylvania, to help train the Continental Army.","American Revolutionary War: Baron von Steuben arrives at Valley Forge, Pennsylvania, to help train the Continental Army.",23 February 1778 CE,https://en.wikipedia.org/wiki/February_23,,--02-23,Valley Forge,"Not separately stated; listed as February 23, 1778",Wikipedia — February 23,,exact,Continental Army training,United States,Gregorian calendar date-page normalization,meets target,Baron von Steuben,American Revolutionary War,national,Wikipedia date-page; single-source verification,20,verified—single source,20,7
23,CE,1836,February,The entry describes this as the prelude to the Battle of the Alamo. Listed under this Gregorian calendar date; original historical calendar/date is not separately stated by the source.,Americas,FEB-23-1836-07,war,"Texas Revolution: The Siege of the Alamo (prelude to the Battle of the Alamo) begins in San Antonio, Texas.","Texas Revolution: The Siege of the Alamo (prelude to the Battle of the Alamo) begins in San Antonio, Texas.",23 February 1836 CE,https://en.wikipedia.org/wiki/February_23,,--02-23,San Antonio,"Not separately stated; listed as February 23, 1836",Wikipedia — February 23,,exact,Siege of the Alamo,United States,Gregorian calendar date-page normalization,meets target,,Texas Revolution,national,Wikipedia date-page; single-source verification,20,verified—single source,20,8
23,CE,1854,February,Listed under this Gregorian calendar date; original historical calendar/date is not separately stated by the source.,Africa,FEB-23-1854-08,independence,"The official independence of the Orange Free State, South Africa is declared.","The official independence of the Orange Free State, South Africa is declared.",23 February 1854 CE,https://en.wikipedia.org/wiki/February_23,,--02-23,,"Not separately stated; listed as February 23, 1854",Wikipedia — February 23,,exact,Orange Free State independence,South Africa,Gregorian calendar date-page normalization,meets target,,Orange Free State,regional,Wikipedia date-page; single-source verification,20,verified—single source,20,8
23,CE,1885,February,The entry calls it an important French victory. Listed under this Gregorian calendar date; original historical calendar/date is not separately stated by the source.,Asia,FEB-23-1885-09,war,Sino-French War: French Army gains an important victory in the Battle of Đồng Đăng in the Tonkin region of Vietnam.,Sino-French War: French Army gains an important victory in the Battle of Đồng Đăng in the Tonkin region of Vietnam.,23 February 1885 CE,https://en.wikipedia.org/wiki/February_23,,--02-23,Đồng Đăng,"Not separately stated; listed as February 23, 1885",Wikipedia — February 23,,exact,Battle of Đồng Đăng,Vietnam,Gregorian calendar date-page normalization,meets target,,Sino-French War,regional,Wikipedia date-page; single-source verification,20,verified—single source,20,7
23,CE,1886,February,Listed under this Gregorian calendar date; original historical calendar/date is not separately stated by the source.,Americas,FEB-23-1886-10,science,"Charles Martin Hall produced the first samples of aluminium from the electrolysis of aluminium oxide, after several years of intensive work. He was assisted in this project by his older sister, Julia Brainerd Hall.","Charles Martin Hall produced the first samples of aluminium from the electrolysis of aluminium oxide, after several years of intensive work. He was assisted in this project by his older sister, Julia Brainerd Hall.",23 February 1886 CE,https://en.wikipedia.org/wiki/February_23,,--02-23,,"Not separately stated; listed as February 23, 1886",Wikipedia — February 23,,exact,Aluminium production,United States,Gregorian calendar date-page normalization,meets target,Charles Martin Hall; Julia Brainerd Hall,Aluminium electrolysis,global,Wikipedia date-page; single-source verification,20,verified—single source,20,9
23,CE,1887,February,"The entry reports around 2,000 deaths. Listed under this Gregorian calendar date; original historical calendar/date is not separately stated by the source.",Europe,FEB-23-1887-11,disaster,"The French Riviera is hit by a large earthquake, killing around 2,000.","The French Riviera is hit by a large earthquake, killing around 2,000.",23 February 1887 CE,https://en.wikipedia.org/wiki/February_23,,--02-23,,"Not separately stated; listed as February 23, 1887",Wikipedia — February 23,,exact,French Riviera earthquake,France,Gregorian calendar date-page normalization,meets target,,French Riviera,regional,Wikipedia date-page; single-source verification,20,verified—single source,20,7
23,CE,1898,February,The entry states that Zola was imprisoned after writing J'Accuse...!. Listed under this Gregorian calendar date; original historical calendar/date is not separately stated by the source.,Europe,FEB-23-1898-12,political,"Émile Zola is imprisoned in France after writing J'Accuse...!, a letter accusing the French government of antisemitism and wrongfully imprisoning Captain Alfred Dreyfus.","Émile Zola is imprisoned in France after writing J'Accuse...!, a letter accusing the French government of antisemitism and wrongfully imprisoning Captain Alfred Dreyfus.",23 February 1898 CE,https://en.wikipedia.org/wiki/February_23,,--02-23,,"Not separately stated; listed as February 23, 1898",Wikipedia — February 23,,exact,Dreyfus Affair,France,Gregorian calendar date-page normalization,meets target,Émile Zola; Alfred Dreyfus,French government,global,Wikipedia date-page; single-source verification,20,verified—single source,20,9
23,CE,1917,February,The entry gives March 8 as the Gregorian-calendar date. Listed under this Gregorian calendar date; original historical calendar/date is not separately stated by the source.,Europe,FEB-23-1917-13,political,"First demonstrations in Saint Petersburg, Russia. The beginning of the February Revolution (March 8 in the Gregorian calendar).","First demonstrations in Saint Petersburg, Russia. The beginning of the February Revolution (March 8 in the Gregorian calendar).",23 February 1917 CE,https://en.wikipedia.org/wiki/February_23,,--02-23,Saint Petersburg,"Not separately stated; listed as February 23, 1917",Wikipedia — February 23,,exact,February Revolution,Russia,Gregorian calendar date-page normalization,meets target,,Russian Empire,global,Wikipedia date-page; single-source verification,20,verified—single source,20,10
23,CE,1927,February,Listed under this Gregorian calendar date; original historical calendar/date is not separately stated by the source.,Europe,FEB-23-1927-14,science,"German theoretical physicist Werner Heisenberg writes a letter to fellow physicist Wolfgang Pauli, in which he describes his uncertainty principle for the first time.","German theoretical physicist Werner Heisenberg writes a letter to fellow physicist Wolfgang Pauli, in which he describes his uncertainty principle for the first time.",23 February 1927 CE,https://en.wikipedia.org/wiki/February_23,,--02-23,,"Not separately stated; listed as February 23, 1927",Wikipedia — February 23,,exact,Uncertainty principle,Germany,Gregorian calendar date-page normalization,meets target,Werner Heisenberg; Wolfgang Pauli,Quantum physics,global,Wikipedia date-page; single-source verification,20,verified—single source,20,10
23,CE,1941,February,Listed under this Gregorian calendar date; original historical calendar/date is not separately stated by the source.,Americas,FEB-23-1941-15,science,Plutonium is first produced and isolated by Dr. Glenn T. Seaborg.,Plutonium is first produced and isolated by Dr. Glenn T. Seaborg.,23 February 1941 CE,https://en.wikipedia.org/wiki/February_23,,--02-23,,"Not separately stated; listed as February 23, 1941",Wikipedia — February 23,,exact,Plutonium isolation,United States,Gregorian calendar date-page normalization,meets target,Glenn T. Seaborg,Plutonium,global,Wikipedia date-page; single-source verification,20,verified—single source,20,10
23,CE,1944,February,The entry describes forced deportation to Central Asia. Listed under this Gregorian calendar date; original historical calendar/date is not separately stated by the source.,Asia,FEB-23-1944-16,social_history,The Soviet Union begins the forced deportation of the Chechen and Ingush people from the North Caucasus to Central Asia.,The Soviet Union begins the forced deportation of the Chechen and Ingush people from the North Caucasus to Central Asia.,23 February 1944 CE,https://en.wikipedia.org/wiki/February_23,,--02-23,,"Not separately stated; listed as February 23, 1944",Wikipedia — February 23,,exact,Chechen and Ingush deportation,Russia; Kazakhstan,Gregorian calendar date-page normalization,meets target,,Soviet Union,regional,Wikipedia date-page; single-source verification,20,verified—single source,20,9
23,CE,1945,February,The group was photographed raising the American flag. Listed under this Gregorian calendar date; original historical calendar/date is not separately stated by the source.,Asia,FEB-23-1945-17,war,"World War II: During the Battle of Iwo Jima, a group of United States Marines reach the top of Mount Suribachi on the island and are photographed raising the American flag.","World War II: During the Battle of Iwo Jima, a group of United States Marines reach the top of Mount Suribachi on the island and are photographed raising the American flag.",23 February 1945 CE,https://en.wikipedia.org/wiki/February_23,,--02-23,Iwo Jima,"Not separately stated; listed as February 23, 1945",Wikipedia — February 23,,exact,Mount Suribachi flag raising,Japan,Gregorian calendar date-page normalization,meets target,United States Marines,Battle of Iwo Jima,global,Wikipedia date-page; single-source verification,20,verified—single source,20,9
23,CE,1947,February,Listed under this Gregorian calendar date; original historical calendar/date is not separately stated by the source.,multi-regional,FEB-23-1947-18,technology,International Organization for Standardization is founded.,International Organization for Standardization is founded.,23 February 1947 CE,https://en.wikipedia.org/wiki/February_23,,--02-23,,"Not separately stated; listed as February 23, 1947",Wikipedia — February 23,,exact,International standards organization,,Gregorian calendar date-page normalization,meets target,,International Organization for Standardization,global,Wikipedia date-page; single-source verification,20,verified—single source,20,8
23,CE,1954,February,The entry describes the first mass inoculation of children. Listed under this Gregorian calendar date; original historical calendar/date is not separately stated by the source.,Americas,FEB-23-1954-19,medicine,The first mass inoculation of children against polio with the Salk vaccine begins in Pittsburgh.,The first mass inoculation of children against polio with the Salk vaccine begins in Pittsburgh.,23 February 1954 CE,https://en.wikipedia.org/wiki/February_23,,--02-23,Pittsburgh,"Not separately stated; listed as February 23, 1954",Wikipedia — February 23,,exact,Salk polio vaccine inoculation,United States,Gregorian calendar date-page normalization,meets target,,Salk vaccine,global,Wikipedia date-page; single-source verification,20,verified—single source,20,10
23,CE,1987,February,Listed under this Gregorian calendar date; original historical calendar/date is not separately stated by the source.,multi-regional,FEB-23-1987-20,space,Supernova 1987a is seen in the Large Magellanic Cloud.,Supernova 1987a is seen in the Large Magellanic Cloud.,23 February 1987 CE,https://en.wikipedia.org/wiki/February_23,,--02-23,,"Not separately stated; listed as February 23, 1987",Wikipedia — February 23,,exact,Supernova 1987A,,Gregorian calendar date-page normalization,meets target,,Large Magellanic Cloud,global,Wikipedia date-page; single-source verification,20,verified—single source,20,9
24,CE,1582,February,The papal bull Inter gravissimas announces the Gregorian calendar. Listed under this Gregorian calendar date; original historical calendar/date is not separately stated by the source.,Europe,FEB-24-1582-01,science,"With the papal bull Inter gravissimas, Pope Gregory XIII announces the Gregorian calendar.","With the papal bull Inter gravissimas, Pope Gregory XIII announces the Gregorian calendar.",24 February 1582 CE,https://en.wikipedia.org/wiki/February_24,,--02-24,,"Not separately stated; listed as February 24, 1582",Wikipedia — February 24,,exact,Gregorian calendar,Vatican City,Gregorian calendar date-page normalization,meets target,Pope Gregory XIII,Papacy,global,Wikipedia date-page; single-source verification,20,verified—single source,20,9
24,CE,1607,February,Described as one of the first works recognized as an opera. Listed under this Gregorian calendar date; original historical calendar/date is not separately stated by the source.,Europe,FEB-24-1607-02,literature_culture,"L'Orfeo by Claudio Monteverdi, one of the first works recognized as an opera, receives its première performance.","L'Orfeo by Claudio Monteverdi, one of the first works recognized as an opera, receives its première performance.",24 February 1607 CE,https://en.wikipedia.org/wiki/February_24,,--02-24,,"Not separately stated; listed as February 24, 1607",Wikipedia — February 24,,exact,Opera premiere,Italy,Gregorian calendar date-page normalization,meets target,Claudio Monteverdi,L'Orfeo,global,Wikipedia date-page; single-source verification,20,verified—single source,20,8
24,CE,1739,February,Listed under this Gregorian calendar date; original historical calendar/date is not separately stated by the source.,Asia,FEB-24-1739-03,war,"Battle of Karnal: The army of Iranian ruler Nader Shah defeats the forces of the Mughal emperor of India, Muhammad Shah.","Battle of Karnal: The army of Iranian ruler Nader Shah defeats the forces of the Mughal emperor of India, Muhammad Shah.",24 February 1739 CE,https://en.wikipedia.org/wiki/February_24,,--02-24,Karnal,"Not separately stated; listed as February 24, 1739",Wikipedia — February 24,,exact,Battle of Karnal,India,Gregorian calendar date-page normalization,meets target,Nader Shah; Muhammad Shah,Mughal Empire; Iran,regional,Wikipedia date-page; single-source verification,20,verified—single source,20,8
24,CE,1803,February,Marbury v. Madison establishes the principle of judicial review. Listed under this Gregorian calendar date; original historical calendar/date is not separately stated by the source.,Americas,FEB-24-1803-04,political,"In Marbury v. Madison, the Supreme Court of the United States establishes the principle of judicial review.","In Marbury v. Madison, the Supreme Court of the United States establishes the principle of judicial review.",24 February 1803 CE,https://en.wikipedia.org/wiki/February_24,,--02-24,,"Not separately stated; listed as February 24, 1803",Wikipedia — February 24,,exact,Judicial review,United States,Gregorian calendar date-page normalization,meets target,,Supreme Court of the United States,global,Wikipedia date-page; single-source verification,20,verified—single source,20,10
24,CE,1821,February,Described as the final stage of the Mexican War of Independence from Spain. Listed under this Gregorian calendar date; original historical calendar/date is not separately stated by the source.,Americas,FEB-24-1821-05,independence,Final stage of the Mexican War of Independence from Spain with Plan of Iguala.,Final stage of the Mexican War of Independence from Spain with Plan of Iguala.,24 February 1821 CE,https://en.wikipedia.org/wiki/February_24,,--02-24,,"Not separately stated; listed as February 24, 1821",Wikipedia — February 24,,exact,Plan of Iguala,Mexico,Gregorian calendar date-page normalization,meets target,,Mexican War of Independence,national,Wikipedia date-page; single-source verification,20,verified—single source,20,9
24,CE,1826,February,The treaty marks the end of the First Anglo-Burmese War. Listed under this Gregorian calendar date; original historical calendar/date is not separately stated by the source.,Asia,FEB-24-1826-06,war,The signing of the Treaty of Yandabo marks the end of the First Anglo-Burmese War.,The signing of the Treaty of Yandabo marks the end of the First Anglo-Burmese War.,24 February 1826 CE,https://en.wikipedia.org/wiki/February_24,,--02-24,,"Not separately stated; listed as February 24, 1826",Wikipedia — February 24,,exact,Treaty of Yandabo,Myanmar; United Kingdom,Gregorian calendar date-page normalization,meets target,,First Anglo-Burmese War,regional,Wikipedia date-page; single-source verification,20,verified—single source,20,8
24,CE,1831,February,The first removal treaty in accordance with the Indian Removal Act; land east of the river was ceded in exchange for payment and land in the West. Listed under this Gregorian calendar date; original historical calendar/date is not separately stated by the source.,Americas,FEB-24-1831-07,social_history,"The Treaty of Dancing Rabbit Creek, the first removal treaty in accordance with the Indian Removal Act, is proclaimed. The Choctaws in Mississippi cede land east of the river in exchange for payment and land in the West.","The Treaty of Dancing Rabbit Creek, the first removal treaty in accordance with the Indian Removal Act, is proclaimed. The Choctaws in Mississippi cede land east of the river in exchange for payment and land in the West.",24 February 1831 CE,https://en.wikipedia.org/wiki/February_24,,--02-24,,"Not separately stated; listed as February 24, 1831",Wikipedia — February 24,,exact,Choctaw removal treaty,United States,Gregorian calendar date-page normalization,meets target,Choctaws,Choctaw Nation,national,Wikipedia date-page; single-source verification,20,verified—single source,20,9
24,CE,1848,February,Listed under this Gregorian calendar date; original historical calendar/date is not separately stated by the source.,Europe,FEB-24-1848-08,political,King Louis-Philippe of France abdicates the throne.,King Louis-Philippe of France abdicates the throne.,24 February 1848 CE,https://en.wikipedia.org/wiki/February_24,,--02-24,,"Not separately stated; listed as February 24, 1848",Wikipedia — February 24,,exact,Abdication of Louis-Philippe,France,Gregorian calendar date-page normalization,meets target,Louis-Philippe,French monarchy,national,Wikipedia date-page; single-source verification,20,verified—single source,20,8
24,CE,1868,February,Andrew Johnson became the first U.S. president impeached by the House; he was later acquitted in the Senate. Listed under this Gregorian calendar date; original historical calendar/date is not separately stated by the source.,Americas,FEB-24-1868-09,political,Andrew Johnson becomes the first President of the United States to be impeached by the United States House of Representatives. He is later acquitted in the Senate.,Andrew Johnson becomes the first President of the United States to be impeached by the United States House of Representatives. He is later acquitted in the Senate.,24 February 1868 CE,https://en.wikipedia.org/wiki/February_24,,--02-24,,"Not separately stated; listed as February 24, 1868",Wikipedia — February 24,,exact,Presidential impeachment,United States,Gregorian calendar date-page normalization,meets target,Andrew Johnson,United States presidency,national,Wikipedia date-page; single-source verification,20,verified—single source,20,9
24,CE,1895,February,The entry describes the outbreak of the revolution in Baire. Listed under this Gregorian calendar date; original historical calendar/date is not separately stated by the source.,Americas,FEB-24-1895-10,independence,"Revolution breaks out in Baire, a town near Santiago de Cuba, beginning the Cuban War of Independence; the war ends along with the Spanish–American War in 1898.","Revolution breaks out in Baire, a town near Santiago de Cuba, beginning the Cuban War of Independence; the war ends along with the Spanish–American War in 1898.",24 February 1895 CE,https://en.wikipedia.org/wiki/February_24,,--02-24,Baire,"Not separately stated; listed as February 24, 1895",Wikipedia — February 24,,exact,Cuban War of Independence,Cuba; Spain,Gregorian calendar date-page normalization,meets target,,Cuban War of Independence,national,Wikipedia date-page; single-source verification,20,verified—single source,20,9
24,CE,1918,February,Listed under this Gregorian calendar date; original historical calendar/date is not separately stated by the source.,Europe,FEB-24-1918-11,independence,Estonian Declaration of Independence.,Estonian Declaration of Independence.,24 February 1918 CE,https://en.wikipedia.org/wiki/February_24,,--02-24,,"Not separately stated; listed as February 24, 1918",Wikipedia — February 24,,exact,Estonian independence,Estonia,Gregorian calendar date-page normalization,meets target,,Estonian Republic,national,Wikipedia date-page; single-source verification,20,verified—single source,20,9
24,CE,1920,February,The Nazi Party is identified as NSDAP. Listed under this Gregorian calendar date; original historical calendar/date is not separately stated by the source.,Europe,FEB-24-1920-12,political,"The Nazi Party (NSDAP) is founded by Adolf Hitler in the Hofbräuhaus beer hall in Munich, Germany.","The Nazi Party (NSDAP) is founded by Adolf Hitler in the Hofbräuhaus beer hall in Munich, Germany.",24 February 1920 CE,https://en.wikipedia.org/wiki/February_24,,--02-24,Munich,"Not separately stated; listed as February 24, 1920",Wikipedia — February 24,,exact,NSDAP founding,Germany,Gregorian calendar date-page normalization,meets target,Adolf Hitler,Nazi Party,global,Wikipedia date-page; single-source verification,20,verified—single source,20,10
24,CE,1949,February,The armistice agreements formally end hostilities of the 1948 Arab-Israeli War. Listed under this Gregorian calendar date; original historical calendar/date is not separately stated by the source.,Middle East,FEB-24-1949-13,war,"The Armistice Agreements are signed, to formally end the hostilities of the 1948 Arab-Israeli War.","The Armistice Agreements are signed, to formally end the hostilities of the 1948 Arab-Israeli War.",24 February 1949 CE,https://en.wikipedia.org/wiki/February_24,,--02-24,,"Not separately stated; listed as February 24, 1949",Wikipedia — February 24,,exact,Arab-Israeli armistices,Israel; Egypt; Jordan; Lebanon; Syria,Gregorian calendar date-page normalization,meets target,,1948 Arab-Israeli War,regional,Wikipedia date-page; single-source verification,20,verified—single source,20,10
24,CE,1966,February,The National Liberation Council overthrows Kwame Nkrumah's government. Listed under this Gregorian calendar date; original historical calendar/date is not separately stated by the source.,Africa,FEB-24-1966-14,political,Ghanaian coup d'état by National Liberation Council overthrows Kwame Nkrumah's Government,Ghanaian coup d'état by National Liberation Council overthrows Kwame Nkrumah's Government,24 February 1966 CE,https://en.wikipedia.org/wiki/February_24,,--02-24,,"Not separately stated; listed as February 24, 1966",Wikipedia — February 24,,exact,Ghanaian coup,Ghana,Gregorian calendar date-page normalization,meets target,Kwame Nkrumah,National Liberation Council,national,Wikipedia date-page; single-source verification,20,verified—single source,20,8
24,CE,1967,February,Listed as an Australian astrophysicist and Nobel Prize laureate. Listed under this Gregorian calendar date; original historical calendar/date is not separately stated by the source.,Oceania,FEB-24-1967-20,science,"Brian Schmidt, Australian astrophysicist and academic, Nobel Prize laureate","Brian Schmidt, Australian astrophysicist and academic, Nobel Prize laureate",24 February 1967 CE,https://en.wikipedia.org/wiki/February_24,,--02-24,,"Not separately stated; listed as February 24, 1967",Wikipedia — February 24,,exact,Astrophysics,Australia,Gregorian calendar date-page normalization,meets target,Brian Schmidt,Astrophysics,global,Wikipedia date-page; single-source verification,20,verified—single source,20,7
24,CE,1968,February,The Tet Offensive is halted and South Vietnamese forces recapture the citadel of Hué. Listed under this Gregorian calendar date; original historical calendar/date is not separately stated by the source.,Asia,FEB-24-1968-15,war,Vietnam War: The Tet Offensive is halted; South Vietnamese forces led by Ngô Quang Trưởng recapture the citadel of Hué.,Vietnam War: The Tet Offensive is halted; South Vietnamese forces led by Ngô Quang Trưởng recapture the citadel of Hué.,24 February 1968 CE,https://en.wikipedia.org/wiki/February_24,,--02-24,Hué,"Not separately stated; listed as February 24, 1968",Wikipedia — February 24,,exact,Battle of Hué,Vietnam,Gregorian calendar date-page normalization,meets target,Ngô Quang Trưởng,Vietnam War,global,Wikipedia date-page; single-source verification,20,verified—single source,20,9
24,CE,1983,February,A special commission of the U.S. Congress condemns the internment. Listed under this Gregorian calendar date; original historical calendar/date is not separately stated by the source.,Americas,FEB-24-1983-16,social_history,A special commission of the United States Congress condemns the Japanese American internment during World War II.,A special commission of the United States Congress condemns the Japanese American internment during World War II.,24 February 1983 CE,https://en.wikipedia.org/wiki/February_24,,--02-24,,"Not separately stated; listed as February 24, 1983",Wikipedia — February 24,,exact,Internment condemnation,United States; Japan,Gregorian calendar date-page normalization,meets target,,Japanese American internment,national,Wikipedia date-page; single-source verification,20,verified—single source,20,8
24,CE,1991,February,"Ground troops cross the Saudi Arabian border and enter Iraq, beginning the ground phase. Listed under this Gregorian calendar date; original historical calendar/date is not separately stated by the source.",Middle East,FEB-24-1991-17,war,"Gulf War: Ground troops cross the Saudi Arabian border and enter Iraq, thus beginning the ground phase of the war.","Gulf War: Ground troops cross the Saudi Arabian border and enter Iraq, thus beginning the ground phase of the war.",24 February 1991 CE,https://en.wikipedia.org/wiki/February_24,,--02-24,,"Not separately stated; listed as February 24, 1991",Wikipedia — February 24,,exact,Gulf War ground offensive,Iraq; Kuwait; Saudi Arabia,Gregorian calendar date-page normalization,meets target,,Gulf War,global,Wikipedia date-page; single-source verification,20,verified—single source,20,9
24,CE,2004,February,"Magnitude 6.3; at least 628 people were killed, 926 injured, and up to 15,000 displaced. Listed under this Gregorian calendar date; original historical calendar/date is not separately stated by the source.",Africa,FEB-24-2004-18,disaster,"The 6.3 M w Al Hoceima earthquake strikes northern Morocco with a maximum Mercalli intensity of IX (Violent). At least 628 people are killed, 926 are injured, and up to 15,000 are displaced.","The 6.3 M w Al Hoceima earthquake strikes northern Morocco with a maximum Mercalli intensity of IX (Violent). At least 628 people are killed, 926 are injured, and up to 15,000 are displaced.",24 February 2004 CE,https://en.wikipedia.org/wiki/February_24,,--02-24,Al Hoceima,"Not separately stated; listed as February 24, 2004",Wikipedia — February 24,,exact,Al Hoceima earthquake,Morocco,Gregorian calendar date-page normalization,meets target,,Al Hoceima earthquake,national,Wikipedia date-page; single-source verification,20,verified—single source,20,7
24,CE,2008,February,Fidel Castro retires as president and from the Council of Ministers after 32 years; he remained head of the Communist Party for another three years. Listed under this Gregorian calendar date; original historical calendar/date is not separately stated by the source.,Americas,FEB-24-2008-19,political,Fidel Castro retires as the President of Cuba and the Council of Ministers after 32 years. He would remain as head of the Communist Party for another three years.,Fidel Castro retires as the President of Cuba and the Council of Ministers after 32 years. He would remain as head of the Communist Party for another three years.,24 February 2008 CE,https://en.wikipedia.org/wiki/February_24,,--02-24,,"Not separately stated; listed as February 24, 2008",Wikipedia — February 24,,exact,Castro retirement,Cuba,Gregorian calendar date-page normalization,meets target,Fidel Castro,Cuban government,national,Wikipedia date-page; single-source verification,20,verified—single source,20,8
25,CE,138,February,Antoninus Pius was adopted as Hadrian's son and successor. Listed under this Gregorian calendar date; original historical calendar/date is not separately stated by the source.,Europe,FEB-25-0138-01,political,"Roman emperor Hadrian adopts Antoninus Pius as his son, effectively making him his successor.","Roman emperor Hadrian adopts Antoninus Pius as his son, effectively making him his successor.",25 February 138 CE,https://en.wikipedia.org/wiki/February_25,,--02-25,,"Not separately stated; listed as February 25, 138",Wikipedia — February 25,,exact,Imperial succession,Italy,Gregorian calendar date-page normalization,meets target,Hadrian; Antoninus Pius,Roman Empire,regional,Wikipedia date-page; single-source verification,20,verified—single source,20,7
25,CE,628,February,Khosrow II was overthrown by his son. Listed under this Gregorian calendar date; original historical calendar/date is not separately stated by the source.,Middle East,FEB-25-0628-02,political,"Khosrow II, the last great Shah of the Sasanian Empire (Iran), is overthrown by his son Kavadh II.","Khosrow II, the last great Shah of the Sasanian Empire (Iran), is overthrown by his son Kavadh II.",25 February 628 CE,https://en.wikipedia.org/wiki/February_25,,--02-25,,"Not separately stated; listed as February 25, 628",Wikipedia — February 25,,exact,Dynastic overthrow,Iran,Gregorian calendar date-page normalization,meets target,Khosrow II; Kavadh II,Sasanian Empire,regional,Wikipedia date-page; single-source verification,20,verified—single source,20,8
25,CE,1836,February,Samuel Colt was granted a United States patent for his revolver firearm. Listed under this Gregorian calendar date; original historical calendar/date is not separately stated by the source.,Americas,FEB-25-1836-03,technology,Samuel Colt is granted a United States patent for his revolver firearm.,Samuel Colt is granted a United States patent for his revolver firearm.,25 February 1836 CE,https://en.wikipedia.org/wiki/February_25,,--02-25,,"Not separately stated; listed as February 25, 1836",Wikipedia — February 25,,exact,Firearms patent,United States,Gregorian calendar date-page normalization,meets target,Samuel Colt,Colt revolver,global,Wikipedia date-page; single-source verification,20,verified—single source,20,7
25,CE,1843,February,Paulet occupied Hawaii in the name of Great Britain. Listed under this Gregorian calendar date; original historical calendar/date is not separately stated by the source.,Oceania,FEB-25-1843-04,political,Lord George Paulet occupies the Kingdom of Hawaii in the name of Great Britain in the Paulet affair.,Lord George Paulet occupies the Kingdom of Hawaii in the name of Great Britain in the Paulet affair.,25 February 1843 CE,https://en.wikipedia.org/wiki/February_25,,--02-25,,"Not separately stated; listed as February 25, 1843",Wikipedia — February 25,,exact,Occupation,United Kingdom;United States,Gregorian calendar date-page normalization,meets target,Lord George Paulet,Kingdom of Hawaii,regional,Wikipedia date-page; single-source verification,20,verified—single source,20,7
25,CE,1870,February,Revels became the first African American to sit in Congress. Listed under this Gregorian calendar date; original historical calendar/date is not separately stated by the source.,Americas,FEB-25-1870-05,social_history,"Hiram Rhodes Revels, a Republican from Mississippi, is sworn into the United States Senate, becoming the first African American ever to sit in Congress.","Hiram Rhodes Revels, a Republican from Mississippi, is sworn into the United States Senate, becoming the first African American ever to sit in Congress.",25 February 1870 CE,https://en.wikipedia.org/wiki/February_25,,--02-25,,"Not separately stated; listed as February 25, 1870",Wikipedia — February 25,,exact,African American representation,United States,Gregorian calendar date-page normalization,meets target,Hiram Rhodes Revels,United States Senate,national,Wikipedia date-page; single-source verification,20,verified—single source,20,9
25,CE,1875,February,The Guangxu Emperor began his reign under Cixi's regency. Listed under this Gregorian calendar date; original historical calendar/date is not separately stated by the source.,Asia,FEB-25-1875-06,political,"Guangxu Emperor of Qing dynasty China begins his reign, under Empress Dowager Cixi's regency.","Guangxu Emperor of Qing dynasty China begins his reign, under Empress Dowager Cixi's regency.",25 February 1875 CE,https://en.wikipedia.org/wiki/February_25,,--02-25,,"Not separately stated; listed as February 25, 1875",Wikipedia — February 25,,exact,Imperial reign,China,Gregorian calendar date-page normalization,meets target,Guangxu Emperor; Empress Dowager Cixi,Qing dynasty,regional,Wikipedia date-page; single-source verification,20,verified—single source,20,8
25,CE,1916,February,A German unit captured Fort Douaumont without a fight. Listed under this Gregorian calendar date; original historical calendar/date is not separately stated by the source.,Europe,FEB-25-1916-07,war,"World War I: In the Battle of Verdun, a German unit captures Fort Douaumont, keystone of the French defences, without a fight.","World War I: In the Battle of Verdun, a German unit captures Fort Douaumont, keystone of the French defences, without a fight.",25 February 1916 CE,https://en.wikipedia.org/wiki/February_25,,--02-25,Douaumont,"Not separately stated; listed as February 25, 1916",Wikipedia — February 25,,exact,Battle of Verdun,France,Gregorian calendar date-page normalization,meets target,,World War I,global,Wikipedia date-page; single-source verification,20,verified—single source,20,9
25,CE,1921,February,Russian forces captured Tbilisi after heavy fighting. Listed under this Gregorian calendar date; original historical calendar/date is not separately stated by the source.,Europe,FEB-25-1921-08,war,Georgian capital Tbilisi falls to the invading Russian forces after heavy fighting and the Russians declare the Georgian Soviet Socialist Republic.,Georgian capital Tbilisi falls to the invading Russian forces after heavy fighting and the Russians declare the Georgian Soviet Socialist Republic.,25 February 1921 CE,https://en.wikipedia.org/wiki/February_25,,--02-25,Tbilisi,"Not separately stated; listed as February 25, 1921",Wikipedia — February 25,,exact,Soviet conquest,Georgia,Gregorian calendar date-page normalization,meets target,,Georgian Soviet Socialist Republic,regional,Wikipedia date-page; single-source verification,20,verified—single source,20,8
25,CE,1932,February,"Hitler obtained German citizenship, enabling him to run for Reichspräsident. Listed under this Gregorian calendar date; original historical calendar/date is not separately stated by the source.",Europe,FEB-25-1932-09,political,"Adolf Hitler, having been stateless for seven years, obtains German citizenship when he is appointed a Brunswick state official by Dietrich Klagges, a fellow Nazi. As a result, Hitler is able to run for Reichspräsident in the 1932 election.","Adolf Hitler, having been stateless for seven years, obtains German citizenship when he is appointed a Brunswick state official by Dietrich Klagges, a fellow Nazi. As a result, Hitler is able to run for Reichspräsident in the 1932 election.",25 February 1932 CE,https://en.wikipedia.org/wiki/February_25,,--02-25,,"Not separately stated; listed as February 25, 1932",Wikipedia — February 25,,exact,Citizenship and electoral politics,Germany,Gregorian calendar date-page normalization,meets target,Adolf Hitler; Dietrich Klagges,Weimar Germany,global,Wikipedia date-page; single-source verification,20,verified—single source,20,8
25,CE,1933,February,The USS Ranger was the first purpose-built aircraft carrier commissioned by the US Navy. Listed under this Gregorian calendar date; original historical calendar/date is not separately stated by the source.,Americas,FEB-25-1933-10,technology,"Launch of the USS Ranger at Newport News, Virginia. It is the first purpose-built aircraft carrier to be commissioned by the US Navy.","Launch of the USS Ranger at Newport News, Virginia. It is the first purpose-built aircraft carrier to be commissioned by the US Navy.",25 February 1933 CE,https://en.wikipedia.org/wiki/February_25,,--02-25,Newport News,"Not separately stated; listed as February 25, 1933",Wikipedia — February 25,,exact,Aircraft carrier,United States,Gregorian calendar date-page normalization,meets target,,USS Ranger,global,Wikipedia date-page; single-source verification,20,verified—single source,20,7
25,CE,1941,February,The Communist Party of the Netherlands organized a general strike against Nazi persecution of Dutch Jews. Listed under this Gregorian calendar date; original historical calendar/date is not separately stated by the source.,Europe,FEB-25-1941-11,social_history,The outlawed Communist Party of the Netherlands organises a general strike in German-occupied Amsterdam to protest against Nazi persecution of Dutch Jews.,The outlawed Communist Party of the Netherlands organises a general strike in German-occupied Amsterdam to protest against Nazi persecution of Dutch Jews.,25 February 1941 CE,https://en.wikipedia.org/wiki/February_25,,--02-25,Amsterdam,"Not separately stated; listed as February 25, 1941",Wikipedia — February 25,,exact,Anti-persecution strike,Netherlands,Gregorian calendar date-page normalization,meets target,,German-occupied Amsterdam,regional,Wikipedia date-page; single-source verification,20,verified—single source,20,8
25,CE,1947,February,The Allied Control Council formally proclaimed Prussia's abolition. Listed under this Gregorian calendar date; original historical calendar/date is not separately stated by the source.,Europe,FEB-25-1947-12,political,"The formal abolition of Prussia is proclaimed by the Allied Control Council, the Prussian government having already been abolished by the Preußenschlag of 1932.","The formal abolition of Prussia is proclaimed by the Allied Control Council, the Prussian government having already been abolished by the Preußenschlag of 1932.",25 February 1947 CE,https://en.wikipedia.org/wiki/February_25,,--02-25,,"Not separately stated; listed as February 25, 1947",Wikipedia — February 25,,exact,Abolition of Prussia,Germany,Gregorian calendar date-page normalization,meets target,,Prussia,regional,Wikipedia date-page; single-source verification,20,verified—single source,20,8
25,CE,1947,February,NKVD forces abducted Kovács and deported him to the USSR; the event was an important turning point in the Communist takeover of Hungary. Listed under this Gregorian calendar date; original historical calendar/date is not separately stated by the source.,Europe,FEB-25-1947-13,political,Soviet NKVD forces in Hungary abduct Béla Kovács—secretary-general of the majority Independent Smallholders' Party—and deport him to the USSR in defiance of Parliament. His arrest is an important turning point in the Communist takeover of Hungary.,Soviet NKVD forces in Hungary abduct Béla Kovács—secretary-general of the majority Independent Smallholders' Party—and deport him to the USSR in defiance of Parliament. His arrest is an important turning point in the Communist takeover of Hungary.,25 February 1947 CE,https://en.wikipedia.org/wiki/February_25,,--02-25,,"Not separately stated; listed as February 25, 1947",Wikipedia — February 25,,exact,Communist takeover,Hungary;Soviet Union,Gregorian calendar date-page normalization,meets target,Béla Kovács,Hungarian Communist takeover,regional,Wikipedia date-page; single-source verification,20,verified—single source,20,8
25,CE,1948,February,The Communist Party of Czechoslovakia took control of the government in a coup. Listed under this Gregorian calendar date; original historical calendar/date is not separately stated by the source.,Europe,FEB-25-1948-14,political,"In a coup d'état led by Klement Gottwald, the Communist Party of Czechoslovakia takes control of government in Prague to end the Third Czechoslovak Republic.","In a coup d'état led by Klement Gottwald, the Communist Party of Czechoslovakia takes control of government in Prague to end the Third Czechoslovak Republic.",25 February 1948 CE,https://en.wikipedia.org/wiki/February_25,,--02-25,Prague,"Not separately stated; listed as February 25, 1948",Wikipedia — February 25,,exact,Czechoslovak coup,Czech Republic,Gregorian calendar date-page normalization,meets target,Klement Gottwald,Third Czechoslovak Republic,regional,Wikipedia date-page; single-source verification,20,verified—single source,20,9
25,CE,1956,February,Khrushchev denounced Stalin in his speech On the Cult of Personality and Its Consequences. Listed under this Gregorian calendar date; original historical calendar/date is not separately stated by the source.,Europe,FEB-25-1956-15,political,"In his speech On the Cult of Personality and Its Consequences, Nikita Khrushchev, leader of the Soviet Union, denounces Stalin.","In his speech On the Cult of Personality and Its Consequences, Nikita Khrushchev, leader of the Soviet Union, denounces Stalin.",25 February 1956 CE,https://en.wikipedia.org/wiki/February_25,,--02-25,,"Not separately stated; listed as February 25, 1956",Wikipedia — February 25,,exact,De-Stalinization,Soviet Union,Gregorian calendar date-page normalization,meets target,Nikita Khrushchev; Joseph Stalin,Soviet Union,global,Wikipedia date-page; single-source verification,20,verified—single source,20,9
25,CE,1980,February,The government of Suriname was overthrown by a military coup. Listed under this Gregorian calendar date; original historical calendar/date is not separately stated by the source.,Americas,FEB-25-1980-16,political,The government of Suriname is overthrown by a military coup led by Dési Bouterse.,The government of Suriname is overthrown by a military coup led by Dési Bouterse.,25 February 1980 CE,https://en.wikipedia.org/wiki/February_25,,--02-25,,"Not separately stated; listed as February 25, 1980",Wikipedia — February 25,,exact,Military coup,Suriname,Gregorian calendar date-page normalization,meets target,Dési Bouterse,Government of Suriname,national,Wikipedia date-page; single-source verification,20,verified—single source,20,7
25,CE,1986,February,Marcos fled the Philippines after 20 years of rule; Aquino became the country's first female president. Listed under this Gregorian calendar date; original historical calendar/date is not separately stated by the source.,Asia,FEB-25-1986-17,political,People Power Revolution: President of the Philippines Ferdinand Marcos flees the nation after 20 years of rule; Corazon Aquino becomes the Philippines' first female president.,People Power Revolution: President of the Philippines Ferdinand Marcos flees the nation after 20 years of rule; Corazon Aquino becomes the Philippines' first female president.,25 February 1986 CE,https://en.wikipedia.org/wiki/February_25,,--02-25,,"Not separately stated; listed as February 25, 1986",Wikipedia — February 25,,exact,People Power Revolution,Philippines,Gregorian calendar date-page normalization,meets target,Ferdinand Marcos; Corazon Aquino,Philippine government,regional,Wikipedia date-page; single-source verification,20,verified—single source,20,9
25,CE,1991,February,The Warsaw Pact was disbanded at a meeting of its members. Listed under this Gregorian calendar date; original historical calendar/date is not separately stated by the source.,Europe,FEB-25-1991-18,political,Disbandment of the Warsaw Pact at a meeting of its members in Budapest.,Disbandment of the Warsaw Pact at a meeting of its members in Budapest.,25 February 1991 CE,https://en.wikipedia.org/wiki/February_25,,--02-25,Budapest,"Not separately stated; listed as February 25, 1991",Wikipedia — February 25,,exact,Alliance dissolution,Hungary,Gregorian calendar date-page normalization,meets target,,Warsaw Pact,global,Wikipedia date-page; single-source verification,20,verified—single source,20,9
25,CE,1994,February,Goldstein killed 29 people and injured over 100 before being disarmed and beaten to death by survivors. Listed under this Gregorian calendar date; original historical calendar/date is not separately stated by the source.,Middle East,FEB-25-1994-19,social_history,"American-Israeli extremist Baruch Goldstein commits a mass shooting at the Cave of the Patriarchs mausoleum, leaving 29 dead and over 100 injured before he is disarmed and beaten to death by survivors.","American-Israeli extremist Baruch Goldstein commits a mass shooting at the Cave of the Patriarchs mausoleum, leaving 29 dead and over 100 injured before he is disarmed and beaten to death by survivors.",25 February 1994 CE,https://en.wikipedia.org/wiki/February_25,,--02-25,,"Not separately stated; listed as February 25, 1994",Wikipedia — February 25,,exact,Mass shooting,Israel,Gregorian calendar date-page normalization,meets target,Baruch Goldstein,Cave of the Patriarchs,regional,Wikipedia date-page; single-source verification,20,verified—single source,20,8
25,CE,2009,February,"The mutiny resulted in 74 deaths, including 57 army officials. Listed under this Gregorian calendar date; original historical calendar/date is not separately stated by the source.",Asia,FEB-25-2009-20,war,"Soldiers of the Bangladesh Rifles mutiny at their headquarters in Pilkhana, Dhaka, Bangladesh, resulting in 74 deaths, including 57 army officials.","Soldiers of the Bangladesh Rifles mutiny at their headquarters in Pilkhana, Dhaka, Bangladesh, resulting in 74 deaths, including 57 army officials.",25 February 2009 CE,https://en.wikipedia.org/wiki/February_25,,--02-25,Dhaka,"Not separately stated; listed as February 25, 2009",Wikipedia — February 25,,exact,Military mutiny,Bangladesh,Gregorian calendar date-page normalization,meets target,,Bangladesh Rifles,national,Wikipedia date-page; single-source verification,20,verified—single source,20,7
26,CE,747,February,According to Ptolemy; used by historians to establish modern BC chronology. Listed under this Gregorian calendar date; original historical calendar/date is not separately stated by the source.,Middle East,FEB-26-0747-01,other,"According to Ptolemy, the epoch (origin) of the Nabonassar Era began at noon on this date. Historians use this to establish the modern BC chronology for dating historic events.","According to Ptolemy, the epoch (origin) of the Nabonassar Era began at noon on this date. Historians use this to establish the modern BC chronology for dating historic events.",26 February 747 CE,https://en.wikipedia.org/wiki/February_26,,--02-26,,"Not separately stated; listed as February 26, 747",Wikipedia — February 26,,traditional,Nabonassar Era chronology,,Gregorian calendar date-page normalization,meets target,Ptolemy,Nabonassar Era,global,Wikipedia date-page; single-source verification,20,verified—single source,20,8
26,CE,1266,February,Listed under this Gregorian calendar date; original historical calendar/date is not separately stated by the source.,Europe,FEB-26-1266-02,war,"Battle of Benevento: An army led by Charles, Count of Anjou, defeats a combined German and Sicilian force led by Manfred, King of Sicily. Manfred is killed in the battle and Pope Clement IV invests Charles as king of Sicily and Naples.","Battle of Benevento: An army led by Charles, Count of Anjou, defeats a combined German and Sicilian force led by Manfred, King of Sicily. Manfred is killed in the battle and Pope Clement IV invests Charles as king of Sicily and Naples.",26 February 1266 CE,https://en.wikipedia.org/wiki/February_26,,--02-26,Benevento,"Not separately stated; listed as February 26, 1266",Wikipedia — February 26,,exact,Battle of Benevento,Italy,Gregorian calendar date-page normalization,meets target,"Charles, Count of Anjou; Manfred; Pope Clement IV",Kingdom of Sicily,regional,Wikipedia date-page; single-source verification,20,verified—single source,20,8
26,CE,1606,February,The expedition mistakenly identified Australia as part of New Guinea. Listed under this Gregorian calendar date; original historical calendar/date is not separately stated by the source.,Oceania,FEB-26-1606-03,exploration,"The Janszoon voyage of 1605–06 becomes the first European expedition to set foot on Australia, although it is mistaken as a part of New Guinea.","The Janszoon voyage of 1605–06 becomes the first European expedition to set foot on Australia, although it is mistaken as a part of New Guinea.",26 February 1606 CE,https://en.wikipedia.org/wiki/February_26,,--02-26,,"Not separately stated; listed as February 26, 1606",Wikipedia — February 26,,exact,European landing in Australia,Australia,Gregorian calendar date-page normalization,meets target,,Janszoon voyage,global,Wikipedia date-page; single-source verification,20,verified—single source,20,9
26,CE,1616,February,Listed under this Gregorian calendar date; original historical calendar/date is not separately stated by the source.,Europe,FEB-26-1616-04,religion,Galileo Galilei is formally banned by the Roman Catholic Church from teaching or defending the view that the earth orbits the sun.,Galileo Galilei is formally banned by the Roman Catholic Church from teaching or defending the view that the earth orbits the sun.,26 February 1616 CE,https://en.wikipedia.org/wiki/February_26,,--02-26,,"Not separately stated; listed as February 26, 1616",Wikipedia — February 26,,exact,Galileo prohibition,Italy; Vatican City,Gregorian calendar date-page normalization,meets target,Galileo Galilei,Roman Catholic Church,global,Wikipedia date-page; single-source verification,20,verified—single source,20,9
26,CE,1802,February,"French author, poet, and playwright. Listed under this Gregorian calendar date; original historical calendar/date is not separately stated by the source.",Europe,FEB-26-1802-19,birth,"Victor Hugo, French author, poet, and playwright (died 1885)","Victor Hugo, French author, poet, and playwright (died 1885)",26 February 1802 CE,https://en.wikipedia.org/wiki/February_26,,--02-26,,"Not separately stated; listed as February 26, 1802",Wikipedia — February 26,,exact,Birth of Victor Hugo,France,Gregorian calendar date-page normalization,meets target,Victor Hugo,Victor Hugo,global,Wikipedia date-page; single-source verification,20,verified—single source,20,8
26,CE,1815,February,Listed under this Gregorian calendar date; original historical calendar/date is not separately stated by the source.,Europe,FEB-26-1815-05,political,Napoleon Bonaparte escapes from exile on the island of Elba.,Napoleon Bonaparte escapes from exile on the island of Elba.,26 February 1815 CE,https://en.wikipedia.org/wiki/February_26,,--02-26,Elba,"Not separately stated; listed as February 26, 1815",Wikipedia — February 26,,exact,Napoleon's escape from Elba,France; Italy,Gregorian calendar date-page normalization,meets target,Napoleon Bonaparte,First French Empire,global,Wikipedia date-page; single-source verification,20,verified—single source,20,9
26,CE,1876,February,"The treaty granted Japanese extraterritoriality rights, opened three Korean ports, and ended Korea's tributary status to Qing China. Listed under this Gregorian calendar date; original historical calendar/date is not separately stated by the source.",Asia,FEB-26-1876-06,political,"Japan and Korea sign the Treaty of Kangwha, which grants Japanese citizens extraterritoriality rights in Korea, opens three Korean ports to Japanese trade, and ends Korea's status as a tributary state of Qing dynasty China.","Japan and Korea sign the Treaty of Kangwha, which grants Japanese citizens extraterritoriality rights in Korea, opens three Korean ports to Japanese trade, and ends Korea's status as a tributary state of Qing dynasty China.",26 February 1876 CE,https://en.wikipedia.org/wiki/February_26,,--02-26,,"Not separately stated; listed as February 26, 1876",Wikipedia — February 26,,exact,Treaty of Kangwha,Japan; South Korea; China,Gregorian calendar date-page normalization,meets target,,Japan-Korea relations,regional,Wikipedia date-page; single-source verification,20,verified—single source,20,9
26,CE,1909,February,Described as the first successful color motion picture process. Listed under this Gregorian calendar date; original historical calendar/date is not separately stated by the source.,Europe,FEB-26-1909-07,technology,"Kinemacolor, the first successful color motion picture process, is first shown to the general public at the Palace Theatre in London.","Kinemacolor, the first successful color motion picture process, is first shown to the general public at the Palace Theatre in London.",26 February 1909 CE,https://en.wikipedia.org/wiki/February_26,,--02-26,London,"Not separately stated; listed as February 26, 1909",Wikipedia — February 26,,exact,Kinemacolor demonstration,United Kingdom,Gregorian calendar date-page normalization,meets target,,Kinemacolor,global,Wikipedia date-page; single-source verification,20,verified—single source,20,8
26,CE,1919,February,Listed under this Gregorian calendar date; original historical calendar/date is not separately stated by the source.,Americas,FEB-26-1919-08,social_history,President Woodrow Wilson signs an act of Congress establishing the Grand Canyon National Park.,President Woodrow Wilson signs an act of Congress establishing the Grand Canyon National Park.,26 February 1919 CE,https://en.wikipedia.org/wiki/February_26,,--02-26,,"Not separately stated; listed as February 26, 1919",Wikipedia — February 26,,exact,Grand Canyon National Park established,United States,Gregorian calendar date-page normalization,meets target,Woodrow Wilson,Grand Canyon National Park,global,Wikipedia date-page; single-source verification,20,verified—single source,20,8
26,CE,1935,February,The order violated the provisions of the Treaty of Versailles. Listed under this Gregorian calendar date; original historical calendar/date is not separately stated by the source.,Europe,FEB-26-1935-09,war,"Adolf Hitler orders the Luftwaffe to be re-formed, violating the provisions of the Treaty of Versailles.","Adolf Hitler orders the Luftwaffe to be re-formed, violating the provisions of the Treaty of Versailles.",26 February 1935 CE,https://en.wikipedia.org/wiki/February_26,,--02-26,,"Not separately stated; listed as February 26, 1935",Wikipedia — February 26,,exact,Luftwaffe re-formed,Germany,Gregorian calendar date-page normalization,meets target,Adolf Hitler,Luftwaffe,global,Wikipedia date-page; single-source verification,20,verified—single source,20,9
26,CE,1935,February,The demonstration led directly to the development of radar in the United Kingdom. Listed under this Gregorian calendar date; original historical calendar/date is not separately stated by the source.,Europe,FEB-26-1935-10,science,Robert Watson-Watt carries out a demonstration near Daventry which leads directly to the development of radar in the United Kingdom.,Robert Watson-Watt carries out a demonstration near Daventry which leads directly to the development of radar in the United Kingdom.,26 February 1935 CE,https://en.wikipedia.org/wiki/February_26,,--02-26,Daventry,"Not separately stated; listed as February 26, 1935",Wikipedia — February 26,,exact,Radar demonstration,United Kingdom,Gregorian calendar date-page normalization,meets target,Robert Watson-Watt,Radar development,global,Wikipedia date-page; single-source verification,20,verified—single source,20,9
26,CE,1936,February,The rebellion ended three days later. Listed under this Gregorian calendar date; original historical calendar/date is not separately stated by the source.,Asia,FEB-26-1936-11,political,"In the February 26 Incident, young nationalist Japanese military officers assassinate multiple cabinet statesmen and start a rebellion in downtown Tokyo, which is ended 3 days later.","In the February 26 Incident, young nationalist Japanese military officers assassinate multiple cabinet statesmen and start a rebellion in downtown Tokyo, which is ended 3 days later.",26 February 1936 CE,https://en.wikipedia.org/wiki/February_26,,--02-26,Tokyo,"Not separately stated; listed as February 26, 1936",Wikipedia — February 26,,exact,February 26 Incident,Japan,Gregorian calendar date-page normalization,meets target,Young nationalist Japanese military officers,Japanese military rebellion,regional,Wikipedia date-page; single-source verification,20,verified—single source,20,9
26,CE,1945,February,Listed under this Gregorian calendar date; original historical calendar/date is not separately stated by the source.,Asia,FEB-26-1945-12,war,World War II: US troops reclaim the Philippine island of Corregidor from the Japanese.,World War II: US troops reclaim the Philippine island of Corregidor from the Japanese.,26 February 1945 CE,https://en.wikipedia.org/wiki/February_26,,--02-26,Corregidor,"Not separately stated; listed as February 26, 1945",Wikipedia — February 26,,exact,Recapture of Corregidor,Philippines; Japan; United States,Gregorian calendar date-page normalization,meets target,,World War II,global,Wikipedia date-page; single-source verification,20,verified—single source,20,9
26,CE,1946,February,Egyptian-American chemist and Nobel Prize laureate. Listed under this Gregorian calendar date; original historical calendar/date is not separately stated by the source.,multi-regional,FEB-26-1946-20,birth,"Ahmed Zewail, Egyptian-American chemist and academic, Nobel Prize laureate (died 2016)","Ahmed Zewail, Egyptian-American chemist and academic, Nobel Prize laureate (died 2016)",26 February 1946 CE,https://en.wikipedia.org/wiki/February_26,,--02-26,,"Not separately stated; listed as February 26, 1946",Wikipedia — February 26,,exact,Birth of Ahmed Zewail,Egypt; United States,Gregorian calendar date-page normalization,meets target,Ahmed Zewail,Ahmed Zewail,global,Wikipedia date-page; single-source verification,20,verified—single source,20,8
26,CE,1966,February,Described as the first flight of the Saturn IB rocket. Listed under this Gregorian calendar date; original historical calendar/date is not separately stated by the source.,Polar,FEB-26-1966-13,space,"Apollo program: Launch of AS-201, the first flight of the Saturn IB rocket.","Apollo program: Launch of AS-201, the first flight of the Saturn IB rocket.",26 February 1966 CE,https://en.wikipedia.org/wiki/February_26,,--02-26,,"Not separately stated; listed as February 26, 1966",Wikipedia — February 26,,exact,AS-201 launch,United States,Gregorian calendar date-page normalization,meets target,,Apollo program,global,Wikipedia date-page; single-source verification,20,verified—single source,20,8
26,CE,1980,February,Egypt and Israel established full diplomatic relations. Listed under this Gregorian calendar date; original historical calendar/date is not separately stated by the source.,Middle East,FEB-26-1980-14,independence,Egypt and Israel establish full diplomatic relations.,Egypt and Israel establish full diplomatic relations.,26 February 1980 CE,https://en.wikipedia.org/wiki/February_26,,--02-26,,"Not separately stated; listed as February 26, 1980",Wikipedia — February 26,,exact,Egypt-Israel diplomatic relations,Egypt; Israel,Gregorian calendar date-page normalization,meets target,,Egypt-Israel relations,regional,Wikipedia date-page; single-source verification,20,verified—single source,20,9
26,CE,1992,February,"The entry states that Armenian armed forces opened fire on Azeri civilians, leaving hundreds dead. Listed under this Gregorian calendar date; original historical calendar/date is not separately stated by the source.",Asia,FEB-26-1992-15,war,First Nagorno-Karabakh War: Khojaly Massacre: Armenian armed forces open fire on Azeri civilians at a military post outside the town of Khojaly leaving hundreds dead.,First Nagorno-Karabakh War: Khojaly Massacre: Armenian armed forces open fire on Azeri civilians at a military post outside the town of Khojaly leaving hundreds dead.,26 February 1992 CE,https://en.wikipedia.org/wiki/February_26,,--02-26,Khojaly,"Not separately stated; listed as February 26, 1992",Wikipedia — February 26,,exact,Khojaly Massacre,Azerbaijan; Armenia,Gregorian calendar date-page normalization,meets target,,First Nagorno-Karabakh War,regional,Wikipedia date-page; single-source verification,20,verified—single source,20,8
26,CE,1993,February,Six people were killed and over a thousand injured. Listed under this Gregorian calendar date; original historical calendar/date is not separately stated by the source.,Americas,FEB-26-1993-16,disaster,"World Trade Center bombing: In New York City, a truck bomb parked below the North Tower of the World Trade Center explodes, killing six and injuring over a thousand people.","World Trade Center bombing: In New York City, a truck bomb parked below the North Tower of the World Trade Center explodes, killing six and injuring over a thousand people.",26 February 1993 CE,https://en.wikipedia.org/wiki/February_26,,--02-26,New York City,"Not separately stated; listed as February 26, 1993",Wikipedia — February 26,,exact,World Trade Center bombing,United States,Gregorian calendar date-page normalization,meets target,,World Trade Center,global,Wikipedia date-page; single-source verification,20,verified—single source,20,9
26,CE,1995,February,The collapse followed $1.4 billion in speculative losses. Listed under this Gregorian calendar date; original historical calendar/date is not separately stated by the source.,multi-regional,FEB-26-1995-17,economics,"The UK's oldest investment banking institute, Barings Bank, collapses after a rogue securities broker Nick Leeson loses $1.4 billion by speculating on the Singapore International Monetary Exchange using futures contracts.","The UK's oldest investment banking institute, Barings Bank, collapses after a rogue securities broker Nick Leeson loses $1.4 billion by speculating on the Singapore International Monetary Exchange using futures contracts.",26 February 1995 CE,https://en.wikipedia.org/wiki/February_26,,--02-26,,"Not separately stated; listed as February 26, 1995",Wikipedia — February 26,,exact,Barings Bank collapse,United Kingdom; Singapore,Gregorian calendar date-page normalization,meets target,Nick Leeson,Barings Bank,global,Wikipedia date-page; single-source verification,20,verified—single source,20,8
26,CE,2008,February,Described as the first such event to take place in North Korea. Listed under this Gregorian calendar date; original historical calendar/date is not separately stated by the source.,Asia,FEB-26-2008-18,literature_culture,"The New York Philharmonic performs in Pyongyang, North Korea; this was the first such event to take place in North Korea.","The New York Philharmonic performs in Pyongyang, North Korea; this was the first such event to take place in North Korea.",26 February 2008 CE,https://en.wikipedia.org/wiki/February_26,,--02-26,Pyongyang,"Not separately stated; listed as February 26, 2008",Wikipedia — February 26,,exact,New York Philharmonic in Pyongyang,United States; North Korea,Gregorian calendar date-page normalization,meets target,,New York Philharmonic,global,Wikipedia date-page; single-source verification,20,verified—single source,20,8
27,CE,380,February,Listed under this Gregorian calendar date; original historical calendar/date is not separately stated by the source.,Europe,FEB-27-0380-01,religion,Edict of Thessalonica: Emperor Theodosius I and his co-emperors Gratian and Valentinian II declare their wish that all Roman citizens convert to Nicene Christianity.,Edict of Thessalonica: Emperor Theodosius I and his co-emperors Gratian and Valentinian II declare their wish that all Roman citizens convert to Nicene Christianity.,27 February 380 CE,https://en.wikipedia.org/wiki/February_27,,--02-27,Thessalonica,"Not separately stated; listed as February 27, 380",Wikipedia — February 27,,exact,Edict of Thessalonica,Italy,Gregorian calendar date-page normalization,meets target,Theodosius I; Gratian; Valentinian II,Roman Empire,global,Wikipedia date-page; single-source verification,20,verified—single source,20,10
27,CE,425,February,Listed under this Gregorian calendar date; original historical calendar/date is not separately stated by the source.,Europe,FEB-27-0425-02,education,The University of Constantinople is founded by Emperor Theodosius II at the urging of his wife Aelia Eudocia.,The University of Constantinople is founded by Emperor Theodosius II at the urging of his wife Aelia Eudocia.,27 February 425 CE,https://en.wikipedia.org/wiki/February_27,,--02-27,Constantinople,"Not separately stated; listed as February 27, 425",Wikipedia — February 27,,exact,University foundation,Turkey,Gregorian calendar date-page normalization,meets target,Theodosius II; Aelia Eudocia,University of Constantinople,global,Wikipedia date-page; single-source verification,20,verified—single source,20,8
27,CE,1560,February,Listed under this Gregorian calendar date; original historical calendar/date is not separately stated by the source.,Europe,FEB-27-1560-03,political,"The Treaty of Berwick is signed by England and the Lords of the Congregation of Scotland, establishing the terms under which English armed forces were to be permitted in Scotland in order to expel occupying French troops.","The Treaty of Berwick is signed by England and the Lords of the Congregation of Scotland, establishing the terms under which English armed forces were to be permitted in Scotland in order to expel occupying French troops.",27 February 1560 CE,https://en.wikipedia.org/wiki/February_27,,--02-27,Berwick,"Not separately stated; listed as February 27, 1560",Wikipedia — February 27,,exact,Treaty of Berwick,United Kingdom,Gregorian calendar date-page normalization,meets target,,England; Lords of the Congregation of Scotland,regional,Wikipedia date-page; single-source verification,20,verified—single source,20,8
27,CE,1594,February,Listed under this Gregorian calendar date; original historical calendar/date is not separately stated by the source.,Europe,FEB-27-1594-04,political,Henry IV is crowned King of France.,Henry IV is crowned King of France.,27 February 1594 CE,https://en.wikipedia.org/wiki/February_27,,--02-27,,"Not separately stated; listed as February 27, 1594",Wikipedia — February 27,,exact,French coronation,France,Gregorian calendar date-page normalization,meets target,Henry IV,Kingdom of France,national,Wikipedia date-page; single-source verification,20,verified—single source,20,8
27,CE,1617,February,Listed under this Gregorian calendar date; original historical calendar/date is not separately stated by the source.,Europe,FEB-27-1617-05,war,"Sweden and the Tsardom of Russia sign the Treaty of Stolbovo, ending the Ingrian War and shutting Russia out of the Baltic Sea.","Sweden and the Tsardom of Russia sign the Treaty of Stolbovo, ending the Ingrian War and shutting Russia out of the Baltic Sea.",27 February 1617 CE,https://en.wikipedia.org/wiki/February_27,,--02-27,Stolbovo,"Not separately stated; listed as February 27, 1617",Wikipedia — February 27,,exact,Treaty of Stolbovo,Sweden; Russia,Gregorian calendar date-page normalization,meets target,,Sweden; Tsardom of Russia,regional,Wikipedia date-page; single-source verification,20,verified—single source,20,8
27,CE,1776,February,Listed under this Gregorian calendar date; original historical calendar/date is not separately stated by the source.,Americas,FEB-27-1776-06,war,American Revolutionary War: The Battle of Moore's Creek Bridge in North Carolina breaks up a Loyalist militia.,American Revolutionary War: The Battle of Moore's Creek Bridge in North Carolina breaks up a Loyalist militia.,27 February 1776 CE,https://en.wikipedia.org/wiki/February_27,,--02-27,North Carolina,"Not separately stated; listed as February 27, 1776",Wikipedia — February 27,,exact,Battle of Moore's Creek Bridge,United States,Gregorian calendar date-page normalization,meets target,,American Revolutionary War,national,Wikipedia date-page; single-source verification,20,verified—single source,20,8
27,CE,1812,February,Listed under this Gregorian calendar date; original historical calendar/date is not separately stated by the source.,Americas,FEB-27-1812-07,independence,Argentine War of Independence: Manuel Belgrano raises the Flag of Argentina in the city of Rosario for the first time.,Argentine War of Independence: Manuel Belgrano raises the Flag of Argentina in the city of Rosario for the first time.,27 February 1812 CE,https://en.wikipedia.org/wiki/February_27,,--02-27,Rosario,"Not separately stated; listed as February 27, 1812",Wikipedia — February 27,,exact,Argentine flag raised,Argentina,Gregorian calendar date-page normalization,meets target,Manuel Belgrano,Argentine War of Independence,national,Wikipedia date-page; single-source verification,20,verified—single source,20,8
27,CE,1844,February,Listed under this Gregorian calendar date; original historical calendar/date is not separately stated by the source.,Americas,FEB-27-1844-08,independence,The Dominican Republic gains independence from Haiti.,The Dominican Republic gains independence from Haiti.,27 February 1844 CE,https://en.wikipedia.org/wiki/February_27,,--02-27,,"Not separately stated; listed as February 27, 1844",Wikipedia — February 27,,exact,Dominican independence,Dominican Republic; Haiti,Gregorian calendar date-page normalization,meets target,,Dominican Republic,regional,Wikipedia date-page; single-source verification,20,verified—single source,20,9
27,CE,1860,February,Listed under this Gregorian calendar date; original historical calendar/date is not separately stated by the source.,Americas,FEB-27-1860-09,political,Abraham Lincoln makes a speech at Cooper Union in the city of New York that plays an important role in his election to the Presidency.,Abraham Lincoln makes a speech at Cooper Union in the city of New York that plays an important role in his election to the Presidency.,27 February 1860 CE,https://en.wikipedia.org/wiki/February_27,,--02-27,New York City,"Not separately stated; listed as February 27, 1860",Wikipedia — February 27,,exact,Cooper Union speech,United States,Gregorian calendar date-page normalization,meets target,Abraham Lincoln,United States presidential politics,national,Wikipedia date-page; single-source verification,20,verified—single source,20,8
27,CE,1870,February,Listed under this Gregorian calendar date; original historical calendar/date is not separately stated by the source.,Asia,FEB-27-1870-10,political,The current flag of Japan is first adopted as the national flag for Japanese merchant ships.,The current flag of Japan is first adopted as the national flag for Japanese merchant ships.,27 February 1870 CE,https://en.wikipedia.org/wiki/February_27,,--02-27,,"Not separately stated; listed as February 27, 1870",Wikipedia — February 27,,exact,Japanese national flag,Japan,Gregorian calendar date-page normalization,meets target,,Japanese merchant ships,national,Wikipedia date-page; single-source verification,20,verified—single source,20,7
27,CE,1900,February,Listed under this Gregorian calendar date; original historical calendar/date is not separately stated by the source.,Europe,FEB-27-1900-11,political,The British Labour Party is founded.,The British Labour Party is founded.,27 February 1900 CE,https://en.wikipedia.org/wiki/February_27,,--02-27,,"Not separately stated; listed as February 27, 1900",Wikipedia — February 27,,exact,Labour Party founding,United Kingdom,Gregorian calendar date-page normalization,meets target,,British Labour Party,global,Wikipedia date-page; single-source verification,20,verified—single source,20,8
27,CE,1922,February,Challenge rebuffed in Leser v. Garnett. Listed under this Gregorian calendar date; original historical calendar/date is not separately stated by the source.,Americas,FEB-27-1922-12,social_history,"A challenge to the Nineteenth Amendment to the United States Constitution, allowing women the right to vote, is rebuffed by the Supreme Court of the United States in Leser v. Garnett.","A challenge to the Nineteenth Amendment to the United States Constitution, allowing women the right to vote, is rebuffed by the Supreme Court of the United States in Leser v. Garnett.",27 February 1922 CE,https://en.wikipedia.org/wiki/February_27,,--02-27,,"Not separately stated; listed as February 27, 1922",Wikipedia — February 27,,exact,Voting rights ruling,United States,Gregorian calendar date-page normalization,meets target,,Nineteenth Amendment,national,Wikipedia date-page; single-source verification,20,verified—single source,20,8
27,CE,1933,February,Marinus van der Lubbe claimed responsibility. Listed under this Gregorian calendar date; original historical calendar/date is not separately stated by the source.,Europe,FEB-27-1933-13,political,"Reichstag fire: Germany's parliament building in Berlin, the Reichstag, is set on fire; Marinus van der Lubbe, a young Dutch Communist claims responsibility.","Reichstag fire: Germany's parliament building in Berlin, the Reichstag, is set on fire; Marinus van der Lubbe, a young Dutch Communist claims responsibility.",27 February 1933 CE,https://en.wikipedia.org/wiki/February_27,https://encyclopedia.ushmm.org/content/en/article/the-reichstag-fire,--02-27,Berlin,"Not separately stated; listed as February 27, 1933",Wikipedia — February 27,United States Holocaust Memorial Museum — The Reichstag Fire,exact,Reichstag fire,Germany,Gregorian calendar date-page normalization,meets target,Marinus van der Lubbe,Reichstag,global,Cross-checked with institutional/primary source,20,cross-checked,20,10
27,CE,1940,February,Listed under this Gregorian calendar date; original historical calendar/date is not separately stated by the source.,Americas,FEB-27-1940-14,science,Martin Kamen and Sam Ruben discover carbon-14.,Martin Kamen and Sam Ruben discover carbon-14.,27 February 1940 CE,https://en.wikipedia.org/wiki/February_27,,--02-27,,"Not separately stated; listed as February 27, 1940",Wikipedia — February 27,,exact,Carbon-14 discovery,United States,Gregorian calendar date-page normalization,meets target,Martin Kamen; Sam Ruben,Carbon-14,global,Wikipedia date-page; single-source verification,20,verified—single source,20,9
27,CE,1942,February,Listed under this Gregorian calendar date; original historical calendar/date is not separately stated by the source.,Asia,FEB-27-1942-15,war,"World War II: During the Battle of the Java Sea, an Allied strike force is defeated by a Japanese task force in the Java Sea in the Dutch East Indies.","World War II: During the Battle of the Java Sea, an Allied strike force is defeated by a Japanese task force in the Java Sea in the Dutch East Indies.",27 February 1942 CE,https://en.wikipedia.org/wiki/February_27,,--02-27,Java Sea,"Not separately stated; listed as February 27, 1942",Wikipedia — February 27,,exact,Battle of the Java Sea,Indonesia,Gregorian calendar date-page normalization,meets target,,World War II,regional,Wikipedia date-page; single-source verification,20,verified—single source,20,9
27,CE,1943,February,Arrests led to the Rosenstrasse protest. Listed under this Gregorian calendar date; original historical calendar/date is not separately stated by the source.,Europe,FEB-27-1943-16,social_history,"The Holocaust: In Berlin, the Gestapo arrest 1,800 Jewish men with German wives, leading to the Rosenstrasse protest.","The Holocaust: In Berlin, the Gestapo arrest 1,800 Jewish men with German wives, leading to the Rosenstrasse protest.",27 February 1943 CE,https://en.wikipedia.org/wiki/February_27,,--02-27,Berlin,"Not separately stated; listed as February 27, 1943",Wikipedia — February 27,,exact,Rosenstrasse arrests,Germany,Gregorian calendar date-page normalization,meets target,,Holocaust,global,Wikipedia date-page; single-source verification,20,verified—single source,20,9
27,CE,1951,February,Listed under this Gregorian calendar date; original historical calendar/date is not separately stated by the source.,Americas,FEB-27-1951-17,political,"The Twenty-second Amendment to the United States Constitution, limiting Presidents to two terms, is ratified.","The Twenty-second Amendment to the United States Constitution, limiting Presidents to two terms, is ratified.",27 February 1951 CE,https://en.wikipedia.org/wiki/February_27,,--02-27,,"Not separately stated; listed as February 27, 1951",Wikipedia — February 27,,exact,Twenty-second Amendment,United States,Gregorian calendar date-page normalization,meets target,,United States Constitution,national,Wikipedia date-page; single-source verification,20,verified—single source,20,8
27,CE,1976,February,Listed under this Gregorian calendar date; original historical calendar/date is not separately stated by the source.,Africa,FEB-27-1976-18,independence,"The former Spanish territory of Western Sahara, under the auspices of the Polisario Front declares independence as the Sahrawi Arab Democratic Republic.","The former Spanish territory of Western Sahara, under the auspices of the Polisario Front declares independence as the Sahrawi Arab Democratic Republic.",27 February 1976 CE,https://en.wikipedia.org/wiki/February_27,,--02-27,,"Not separately stated; listed as February 27, 1976",Wikipedia — February 27,,exact,Sahrawi declaration,Western Sahara,Gregorian calendar date-page normalization,meets target,Polisario Front,Sahrawi Arab Democratic Republic,regional,Wikipedia date-page; single-source verification,20,verified—single source,20,8
27,CE,1991,February,Listed under this Gregorian calendar date; original historical calendar/date is not separately stated by the source.,Middle East,FEB-27-1991-19,war,"Gulf War: U.S. President George H. W. Bush announces that "" Kuwait is liberated"".","Gulf War: U.S. President George H. W. Bush announces that "" Kuwait is liberated"".",27 February 1991 CE,https://en.wikipedia.org/wiki/February_27,,--02-27,Kuwait,"Not separately stated; listed as February 27, 1991",Wikipedia — February 27,,exact,Liberation of Kuwait,Kuwait; Iraq; United States,Gregorian calendar date-page normalization,meets target,George H. W. Bush,Gulf War,global,Wikipedia date-page; single-source verification,20,verified—single source,20,9
27,CE,2004,February,Described as the Philippines' worst terrorist attack. Listed under this Gregorian calendar date; original historical calendar/date is not separately stated by the source.,Asia,FEB-27-2004-20,disaster,A bombing of a SuperFerry by Abu Sayyaf in the Philippines' worst terrorist attack kills more than 100 passengers.,A bombing of a SuperFerry by Abu Sayyaf in the Philippines' worst terrorist attack kills more than 100 passengers.,27 February 2004 CE,https://en.wikipedia.org/wiki/February_27,,--02-27,,"Not separately stated; listed as February 27, 2004",Wikipedia — February 27,,exact,SuperFerry bombing,Philippines,Gregorian calendar date-page normalization,meets target,,Abu Sayyaf,national,Wikipedia date-page; single-source verification,20,verified—single source,20,8
28,CE,202,February,Listed under this Gregorian calendar date; original historical calendar/date is not separately stated by the source.,Asia,FEB-28-0202-01,political,"Liu Bang is enthroned as the Emperor of China, beginning four centuries of rule by the Han dynasty.","Liu Bang is enthroned as the Emperor of China, beginning four centuries of rule by the Han dynasty.",28 February 202 CE,https://en.wikipedia.org/wiki/February_28,,--02-28,,"Not separately stated; listed as February 28, 202",Wikipedia — February 28,,exact,Han dynasty begins,China,Gregorian calendar date-page normalization,meets target,Liu Bang,Han dynasty,global,Wikipedia date-page; single-source verification,20,verified—single source,20,10
28,CE,870,February,Listed under this Gregorian calendar date; original historical calendar/date is not separately stated by the source.,Europe,FEB-28-0870-02,religion,The Fourth Council of Constantinople closes.,The Fourth Council of Constantinople closes.,28 February 870 CE,https://en.wikipedia.org/wiki/February_28,,--02-28,Constantinople,"Not separately stated; listed as February 28, 870",Wikipedia — February 28,,exact,Church council,Turkey,Gregorian calendar date-page normalization,meets target,,Fourth Council of Constantinople,regional,Wikipedia date-page; single-source verification,20,verified—single source,20,7
28,CE,1525,February,Listed under this Gregorian calendar date; original historical calendar/date is not separately stated by the source.,Americas,FEB-28-1525-03,war,Aztec king Cuauhtémoc is executed on the order of conquistador Hernán Cortés.,Aztec king Cuauhtémoc is executed on the order of conquistador Hernán Cortés.,28 February 1525 CE,https://en.wikipedia.org/wiki/February_28,,--02-28,,"Not separately stated; listed as February 28, 1525",Wikipedia — February 28,,exact,Aztec ruler executed,Mexico,Gregorian calendar date-page normalization,meets target,Cuauhtémoc; Hernán Cortés,Aztec Empire,regional,Wikipedia date-page; single-source verification,20,verified—single source,20,8
28,CE,1533,February,Listed under this Gregorian calendar date; original historical calendar/date is not separately stated by the source.,Europe,FEB-28-1533-18,birth,"Michel de Montaigne, French philosopher and author (died 1592)","Michel de Montaigne, French philosopher and author (died 1592)",28 February 1533 CE,https://en.wikipedia.org/wiki/February_28,,--02-28,,"Not separately stated; listed as February 28, 1533",Wikipedia — February 28,,exact,Birth of Michel de Montaigne,France,Gregorian calendar date-page normalization,meets target,Michel de Montaigne,French Renaissance philosophy,global,Wikipedia date-page; single-source verification,20,verified—single source,20,8
28,CE,1638,February,Listed under this Gregorian calendar date; original historical calendar/date is not separately stated by the source.,Europe,FEB-28-1638-04,political,The Scottish National Covenant is signed in Edinburgh.,The Scottish National Covenant is signed in Edinburgh.,28 February 1638 CE,https://en.wikipedia.org/wiki/February_28,,--02-28,Edinburgh,"Not separately stated; listed as February 28, 1638",Wikipedia — February 28,,exact,Scottish National Covenant,United Kingdom,Gregorian calendar date-page normalization,meets target,,Scottish National Covenant,regional,Wikipedia date-page; single-source verification,20,verified—single source,20,8
28,CE,1835,February,Listed under this Gregorian calendar date; original historical calendar/date is not separately stated by the source.,Europe,FEB-28-1835-05,literature_culture,"Elias Lönnrot signs and dates the foreword to the first version of the Kalevala, the so-called Old Kalevala.","Elias Lönnrot signs and dates the foreword to the first version of the Kalevala, the so-called Old Kalevala.",28 February 1835 CE,https://en.wikipedia.org/wiki/February_28,,--02-28,,"Not separately stated; listed as February 28, 1835",Wikipedia — February 28,,exact,Kalevala foreword,Finland,Gregorian calendar date-page normalization,meets target,Elias Lönnrot,Kalevala,regional,Wikipedia date-page; single-source verification,20,verified—single source,20,7
28,CE,1901,February,Listed under this Gregorian calendar date; original historical calendar/date is not separately stated by the source.,Americas,FEB-28-1901-19,birth,"Linus Pauling, American chemist and activist, Nobel Prize laureate (died 1994)","Linus Pauling, American chemist and activist, Nobel Prize laureate (died 1994)",28 February 1901 CE,https://en.wikipedia.org/wiki/February_28,,--02-28,,"Not separately stated; listed as February 28, 1901",Wikipedia — February 28,,exact,Birth of Linus Pauling,United States,Gregorian calendar date-page normalization,meets target,Linus Pauling,Modern chemistry,global,Wikipedia date-page; single-source verification,20,verified—single source,20,9
28,CE,1922,February,Listed under this Gregorian calendar date; original historical calendar/date is not separately stated by the source.,Middle East,FEB-28-1922-06,independence,The United Kingdom ends its protectorate over Egypt through a Unilateral Declaration of Independence.,The United Kingdom ends its protectorate over Egypt through a Unilateral Declaration of Independence.,28 February 1922 CE,https://en.wikipedia.org/wiki/February_28,,--02-28,,"Not separately stated; listed as February 28, 1922",Wikipedia — February 28,,exact,Egyptian independence declaration,Egypt; United Kingdom,Gregorian calendar date-page normalization,meets target,,Egyptian protectorate,regional,Wikipedia date-page; single-source verification,20,verified—single source,20,9
28,CE,1947,February,"Estimated civilian deaths of 18,000–28,000. Listed under this Gregorian calendar date; original historical calendar/date is not separately stated by the source.",Asia,FEB-28-1947-07,social_history,"February 28 incident: In Taiwan, civil disorder is put down with the death of an estimated 18,000 - 28,000 civilians.","February 28 incident: In Taiwan, civil disorder is put down with the death of an estimated 18,000 - 28,000 civilians.",28 February 1947 CE,https://en.wikipedia.org/wiki/February_28,,--02-28,,"Not separately stated; listed as February 28, 1947",Wikipedia — February 28,,exact,February 28 Incident,Taiwan,Gregorian calendar date-page normalization,meets target,,February 28 Incident,national,Wikipedia date-page; single-source verification,20,verified—single source,20,9
28,CE,1948,February,Listed under this Gregorian calendar date; original historical calendar/date is not separately stated by the source.,Africa,FEB-28-1948-08,independence,"The 1948 Accra riots erupt following a march by ex-servicemen of the Gold Coast Regiment towards the seat of the colonial government at Christiansborg Castle, where they were fired upon by Superintendent Colin Imray, leading to the killing of Sergeant Adjetey, Corporal Attipoe and Private Odartey Lamptey and the arrest of the Big Six in the Gold Coast.","The 1948 Accra riots erupt following a march by ex-servicemen of the Gold Coast Regiment towards the seat of the colonial government at Christiansborg Castle, where they were fired upon by Superintendent Colin Imray, leading to the killing of Sergeant Adjetey, Corporal Attipoe and Private Odartey Lamptey and the arrest of the Big Six in the Gold Coast.",28 February 1948 CE,https://en.wikipedia.org/wiki/February_28,,--02-28,Accra,"Not separately stated; listed as February 28, 1948",Wikipedia — February 28,,exact,Accra riots,Ghana,Gregorian calendar date-page normalization,meets target,Colin Imray; Sergeant Adjetey; Corporal Attipoe; Private Odartey Lamptey; the Big Six,Gold Coast,regional,Wikipedia date-page; single-source verification,20,verified—single source,20,8
28,CE,1959,February,The launch failed to achieve orbit. Listed under this Gregorian calendar date; original historical calendar/date is not separately stated by the source.,Polar,FEB-28-1959-09,space,"Discoverer 1, an American spy satellite that is the first object intended to achieve a polar orbit, is launched but fails to achieve orbit.","Discoverer 1, an American spy satellite that is the first object intended to achieve a polar orbit, is launched but fails to achieve orbit.",28 February 1959 CE,https://en.wikipedia.org/wiki/February_28,,--02-28,,"Not separately stated; listed as February 28, 1959",Wikipedia — February 28,,exact,Discoverer 1 launch,United States,Gregorian calendar date-page normalization,meets target,,Discoverer 1,global,Wikipedia date-page; single-source verification,20,verified—single source,20,8
28,CE,1966,February,Listed under this Gregorian calendar date; original historical calendar/date is not separately stated by the source.,Americas,FEB-28-1966-10,space,"A NASA T-38 Talon crashes into the McDonnell Aircraft factory while attempting a poor-visibility landing at Lambert Field, St. Louis, killing astronauts Elliot See and Charles Bassett.","A NASA T-38 Talon crashes into the McDonnell Aircraft factory while attempting a poor-visibility landing at Lambert Field, St. Louis, killing astronauts Elliot See and Charles Bassett.",28 February 1966 CE,https://en.wikipedia.org/wiki/February_28,,--02-28,St. Louis,"Not separately stated; listed as February 28, 1966",Wikipedia — February 28,,exact,Astronaut deaths,United States,Gregorian calendar date-page normalization,meets target,Elliot See; Charles Bassett,NASA T-38 Talon crash,national,Wikipedia date-page; single-source verification,20,verified—single source,20,7
28,CE,1974,February,Listed under this Gregorian calendar date; original historical calendar/date is not separately stated by the source.,Europe,FEB-28-1974-11,political,The British election ends in a hung parliament after the Jeremy Thorpe-led Liberal Party achieved their biggest vote share since 1929.,The British election ends in a hung parliament after the Jeremy Thorpe-led Liberal Party achieved their biggest vote share since 1929.,28 February 1974 CE,https://en.wikipedia.org/wiki/February_28,,--02-28,London,"Not separately stated; listed as February 28, 1974",Wikipedia — February 28,,exact,Hung parliament,United Kingdom,Gregorian calendar date-page normalization,meets target,Jeremy Thorpe,1974 British election,national,Wikipedia date-page; single-source verification,20,verified—single source,20,7
28,CE,1975,February,43 people were killed. Listed under this Gregorian calendar date; original historical calendar/date is not separately stated by the source.,Europe,FEB-28-1975-12,disaster,"In London, an underground train fails to stop at Moorgate terminus station and crashes into the end of the tunnel, killing 43 people.","In London, an underground train fails to stop at Moorgate terminus station and crashes into the end of the tunnel, killing 43 people.",28 February 1975 CE,https://en.wikipedia.org/wiki/February_28,,--02-28,London,"Not separately stated; listed as February 28, 1975",Wikipedia — February 28,,exact,Moorgate rail crash,United Kingdom,Gregorian calendar date-page normalization,meets target,,Moorgate underground train crash,national,Wikipedia date-page; single-source verification,20,verified—single source,20,7
28,CE,1985,February,Nine officers were killed. Listed under this Gregorian calendar date; original historical calendar/date is not separately stated by the source.,Europe,FEB-28-1985-13,war,"The Provisional Irish Republican Army carries out a mortar attack on the Royal Ulster Constabulary police station at Newry, killing nine officers.","The Provisional Irish Republican Army carries out a mortar attack on the Royal Ulster Constabulary police station at Newry, killing nine officers.",28 February 1985 CE,https://en.wikipedia.org/wiki/February_28,,--02-28,Newry,"Not separately stated; listed as February 28, 1985",Wikipedia — February 28,,exact,Newry mortar attack,United Kingdom; Ireland,Gregorian calendar date-page normalization,meets target,,Provisional Irish Republican Army,regional,Wikipedia date-page; single-source verification,20,verified—single source,20,7
28,CE,1986,February,Listed under this Gregorian calendar date; original historical calendar/date is not separately stated by the source.,Europe,FEB-28-1986-14,political,"Olof Palme, 26th Prime Minister of Sweden, is assassinated in Stockholm.","Olof Palme, 26th Prime Minister of Sweden, is assassinated in Stockholm.",28 February 1986 CE,https://en.wikipedia.org/wiki/February_28,,--02-28,Stockholm,"Not separately stated; listed as February 28, 1986",Wikipedia — February 28,,exact,Assassination of Olof Palme,Sweden,Gregorian calendar date-page normalization,meets target,Olof Palme,Swedish government,global,Wikipedia date-page; single-source verification,20,verified—single source,20,8
28,CE,1990,February,Listed under this Gregorian calendar date; original historical calendar/date is not separately stated by the source.,Polar,FEB-28-1990-15,space,Space Shuttle Atlantis is launched on STS-36.,Space Shuttle Atlantis is launched on STS-36.,28 February 1990 CE,https://en.wikipedia.org/wiki/February_28,,--02-28,,"Not separately stated; listed as February 28, 1990",Wikipedia — February 28,,exact,Space Shuttle launch,United States,Gregorian calendar date-page normalization,meets target,,Space Shuttle Atlantis; STS-36,global,Wikipedia date-page; single-source verification,20,verified—single source,20,7
28,CE,1993,February,The entry describes the beginning of a 51-day standoff. Listed under this Gregorian calendar date; original historical calendar/date is not separately stated by the source.,Americas,FEB-28-1993-16,religion,"Bureau of Alcohol, Tobacco and Firearms (ATF) agents raid the Branch Davidian church in Waco, Texas with a warrant to arrest the group's leader David Koresh, starting a 51-day standoff.","Bureau of Alcohol, Tobacco and Firearms (ATF) agents raid the Branch Davidian church in Waco, Texas with a warrant to arrest the group's leader David Koresh, starting a 51-day standoff.",28 February 1993 CE,https://en.wikipedia.org/wiki/February_28,,--02-28,Waco,"Not separately stated; listed as February 28, 1993",Wikipedia — February 28,,exact,Waco standoff begins,United States,Gregorian calendar date-page normalization,meets target,"David Koresh; Bureau of Alcohol, Tobacco and Firearms agents",Branch Davidian church,global,Wikipedia date-page; single-source verification,20,verified—single source,20,8
28,CE,1997,February,Listed under this Gregorian calendar date; original historical calendar/date is not separately stated by the source.,Middle East,FEB-28-1997-17,political,A Turkish military memorandum results in the collapse of the coalition government in Turkey.,A Turkish military memorandum results in the collapse of the coalition government in Turkey.,28 February 1997 CE,https://en.wikipedia.org/wiki/February_28,,--02-28,,"Not separately stated; listed as February 28, 1997",Wikipedia — February 28,,exact,Turkish government collapse,Turkey,Gregorian calendar date-page normalization,meets target,,Turkish coalition government,national,Wikipedia date-page; single-source verification,20,verified—single source,20,7
28,CE,2002,February,"During the 2002 Gujarat religious violence, 97 people were killed in the Naroda Patiya massacre and 69 in the Gulbarg Society massacre. Listed under this Gregorian calendar date; original historical calendar/date is not separately stated by the source.",Gujarat,FEB-28-2002-20,massacre,"During the religious violence in Gujarat, 97 people are killed in the Naroda Patiya massacre and 69 in the Gulbarg Society massacre.","During the religious violence in Gujarat, 97 people are killed in the Naroda Patiya massacre and 69 in the Gulbarg Society massacre.",28 February 2002 CE,https://en.wikipedia.org/wiki/February_28,,--02-28,Ahmedabad,"Not separately stated; listed as February 28, 2002",Wikipedia — February 28,,exact,political violence,India,Gregorian calendar date-page normalization,meets target,"['victims of the Naroda Patiya massacre', 'victims of the Gulbarg Society massacre']",Republic of India,national,Wikipedia date-page; single-source verification,20,verified—single source,20,8
29,CE,888,February,Listed under this Gregorian calendar date; original historical calendar/date is not separately stated by the source.,Europe,FEB-29-0888-01,political,"Odo, count of Paris, is crowned king of West Francia (France) by Archbishop Walter of Sens at Compiègne.","Odo, count of Paris, is crowned king of West Francia (France) by Archbishop Walter of Sens at Compiègne.",29 February 888 CE,https://en.wikipedia.org/wiki/February_29,,--02-29,Compiègne,"Not separately stated; listed as February 29, 888",Wikipedia — February 29,,exact,Royal accession,France,Gregorian calendar date-page normalization,meets target,Odo; Walter of Sens,West Francia,regional,Wikipedia date-page; single-source verification,20,verified—single source,20,8
29,CE,1504,February,Listed under this Gregorian calendar date; original historical calendar/date is not separately stated by the source.,Americas,FEB-29-1504-02,exploration,Christopher Columbus uses his knowledge of a lunar eclipse that night to convince Jamaican natives to provide him with supplies.,Christopher Columbus uses his knowledge of a lunar eclipse that night to convince Jamaican natives to provide him with supplies.,29 February 1504 CE,https://en.wikipedia.org/wiki/February_29,,--02-29,,"Not separately stated; listed as February 29, 1504",Wikipedia — February 29,,exact,Lunar-eclipse diplomacy,Jamaica,Gregorian calendar date-page normalization,meets target,Christopher Columbus,Jamaican Indigenous communities,global,Wikipedia date-page; single-source verification,20,verified—single source,20,7
29,CE,1644,February,Listed under this Gregorian calendar date; original historical calendar/date is not separately stated by the source.,Oceania,FEB-29-1644-03,exploration,Abel Tasman's second Pacific voyage begins as he leaves Batavia in command of three ships.,Abel Tasman's second Pacific voyage begins as he leaves Batavia in command of three ships.,29 February 1644 CE,https://en.wikipedia.org/wiki/February_29,,--02-29,Batavia,"Not separately stated; listed as February 29, 1644",Wikipedia — February 29,,exact,Pacific voyage,Indonesia,Gregorian calendar date-page normalization,meets target,Abel Tasman,Dutch Pacific expedition,global,Wikipedia date-page; single-source verification,20,verified—single source,20,7
29,CE,1704,February,Listed under this Gregorian calendar date; original historical calendar/date is not separately stated by the source.,Americas,FEB-29-1704-04,war,"In Queen Anne's War, French forces and Native Americans stage a raid on Deerfield, Massachusetts Bay Colony, killing 56 villagers and taking more than 100 captive.","In Queen Anne's War, French forces and Native Americans stage a raid on Deerfield, Massachusetts Bay Colony, killing 56 villagers and taking more than 100 captive.",29 February 1704 CE,https://en.wikipedia.org/wiki/February_29,,--02-29,Deerfield,"Not separately stated; listed as February 29, 1704",Wikipedia — February 29,,exact,Colonial raid,United States,Gregorian calendar date-page normalization,meets target,French forces; Native Americans,Queen Anne's War,regional,Wikipedia date-page; single-source verification,20,verified—single source,20,7
29,CE,1712,February,February 29 was followed by February 30. Listed under this Gregorian calendar date; original historical calendar/date is not separately stated by the source.,Europe,FEB-29-1712-05,other,"February 29 is followed by February 30 in Sweden, in a move to abolish the Swedish calendar for a return to the Julian calendar.","February 29 is followed by February 30 in Sweden, in a move to abolish the Swedish calendar for a return to the Julian calendar.",29 February 1712 CE,https://en.wikipedia.org/wiki/February_29,,--02-29,,"Not separately stated; listed as February 29, 1712",Wikipedia — February 29,,exact,Calendar reform,Sweden,Gregorian calendar date-page normalization,meets target,,Swedish calendar,national,Wikipedia date-page; single-source verification,20,verified—single source,20,6
29,CE,1768,February,Listed under this Gregorian calendar date; original historical calendar/date is not separately stated by the source.,Europe,FEB-29-1768-06,political,Polish nobles form the Bar Confederation.,Polish nobles form the Bar Confederation.,29 February 1768 CE,https://en.wikipedia.org/wiki/February_29,,--02-29,,"Not separately stated; listed as February 29, 1768",Wikipedia — February 29,,exact,Confederation,Poland,Gregorian calendar date-page normalization,meets target,Polish nobles,Bar Confederation,regional,Wikipedia date-page; single-source verification,20,verified—single source,20,7
29,CE,1796,February,The treaty came into force and facilitated ten years of peaceful trade. Listed under this Gregorian calendar date; original historical calendar/date is not separately stated by the source.,multi-regional,FEB-29-1796-07,economics,"The Jay Treaty between the United States and Great Britain comes into force, facilitating ten years of peaceful trade between the two nations.","The Jay Treaty between the United States and Great Britain comes into force, facilitating ten years of peaceful trade between the two nations.",29 February 1796 CE,https://en.wikipedia.org/wiki/February_29,,--02-29,,"Not separately stated; listed as February 29, 1796",Wikipedia — February 29,,exact,Trade treaty,United States; United Kingdom,Gregorian calendar date-page normalization,meets target,,Jay Treaty,global,Wikipedia date-page; single-source verification,20,verified—single source,20,8
29,CE,1908,February,Founded as The State Normal and Industrial School for Women. Listed under this Gregorian calendar date; original historical calendar/date is not separately stated by the source.,Americas,FEB-29-1908-08,education,"James Madison University is founded at Harrisonburg, Virginia, United States as The State Normal and Industrial School for Women by the Virginia General Assembly.","James Madison University is founded at Harrisonburg, Virginia, United States as The State Normal and Industrial School for Women by the Virginia General Assembly.",29 February 1908 CE,https://en.wikipedia.org/wiki/February_29,,--02-29,Harrisonburg,"Not separately stated; listed as February 29, 1908",Wikipedia — February 29,,exact,University founding,United States,Gregorian calendar date-page normalization,meets target,Virginia General Assembly,James Madison University,national,Wikipedia date-page; single-source verification,20,verified—single source,20,6
29,CE,1916,February,Listed under this Gregorian calendar date; original historical calendar/date is not separately stated by the source.,Oceania,FEB-29-1916-09,political,Tokelau is annexed by the United Kingdom.,Tokelau is annexed by the United Kingdom.,29 February 1916 CE,https://en.wikipedia.org/wiki/February_29,,--02-29,,"Not separately stated; listed as February 29, 1916",Wikipedia — February 29,,exact,Annexation,Tokelau; United Kingdom,Gregorian calendar date-page normalization,meets target,,Tokelau,regional,Wikipedia date-page; single-source verification,20,verified—single source,20,7
29,CE,1920,February,Listed under this Gregorian calendar date; original historical calendar/date is not separately stated by the source.,Europe,FEB-29-1920-10,political,The Czechoslovak National Assembly adopts the Constitution.,The Czechoslovak National Assembly adopts the Constitution.,29 February 1920 CE,https://en.wikipedia.org/wiki/February_29,,--02-29,,"Not separately stated; listed as February 29, 1920",Wikipedia — February 29,,exact,Constitutional adoption,Czechia; Slovakia,Gregorian calendar date-page normalization,meets target,Czechoslovak National Assembly,Czechoslovakia,national,Wikipedia date-page; single-source verification,20,verified—single source,20,8
29,CE,1936,February,The incident ended on this date. Listed under this Gregorian calendar date; original historical calendar/date is not separately stated by the source.,Asia,FEB-29-1936-11,political,The February 26 Incident in Tokyo ends.,The February 26 Incident in Tokyo ends.,29 February 1936 CE,https://en.wikipedia.org/wiki/February_29,,--02-29,Tokyo,"Not separately stated; listed as February 29, 1936",Wikipedia — February 29,,exact,Military uprising,Japan,Gregorian calendar date-page normalization,meets target,,February 26 Incident,national,Wikipedia date-page; single-source verification,20,verified—single source,20,8
29,CE,1940,February,Hattie McDaniel became the first African American to win an Academy Award. Listed under this Gregorian calendar date; original historical calendar/date is not separately stated by the source.,Americas,FEB-29-1940-12,literature_culture,"For her performance as Mammy in *Gone with the Wind*, Hattie McDaniel becomes the first African American to win an Academy Award.","For her performance as Mammy in *Gone with the Wind*, Hattie McDaniel becomes the first African American to win an Academy Award.",29 February 1940 CE,https://en.wikipedia.org/wiki/February_29,,--02-29,,"Not separately stated; listed as February 29, 1940",Wikipedia — February 29,,exact,Academy Award,United States,Gregorian calendar date-page normalization,meets target,Hattie McDaniel,Academy Awards,global,Wikipedia date-page; single-source verification,20,verified—single source,20,8
29,CE,1940,February,Listed under this Gregorian calendar date; original historical calendar/date is not separately stated by the source.,Europe,FEB-29-1940-13,war,Finland initiates Winter War peace negotiations.,Finland initiates Winter War peace negotiations.,29 February 1940 CE,https://en.wikipedia.org/wiki/February_29,,--02-29,,"Not separately stated; listed as February 29, 1940",Wikipedia — February 29,,exact,Peace negotiations,Finland; Russia,Gregorian calendar date-page normalization,meets target,,Winter War,regional,Wikipedia date-page; single-source verification,20,verified—single source,20,8
29,CE,1944,February,Listed under this Gregorian calendar date; original historical calendar/date is not separately stated by the source.,Oceania,FEB-29-1944-14,war,"The Admiralty Islands are invaded in Operation Brewer, led by American general Douglas MacArthur, in World War II.","The Admiralty Islands are invaded in Operation Brewer, led by American general Douglas MacArthur, in World War II.",29 February 1944 CE,https://en.wikipedia.org/wiki/February_29,,--02-29,Admiralty Islands,"Not separately stated; listed as February 29, 1944",Wikipedia — February 29,,exact,World War II invasion,Papua New Guinea,Gregorian calendar date-page normalization,meets target,Douglas MacArthur,Operation Brewer,global,Wikipedia date-page; single-source verification,20,verified—single source,20,8
29,CE,1960,February,"The 5.7 Mw earthquake destroyed Agadir, leaving 12,000 dead and 12,000 injured. Listed under this Gregorian calendar date; original historical calendar/date is not separately stated by the source.",Africa,FEB-29-1960-15,disaster,"The 5.7 Mw Agadir earthquake shakes coastal Morocco with a maximum perceived intensity of X (*Extreme*), destroying Agadir and leaving 12,000 dead and another 12,000 injured.","The 5.7 Mw Agadir earthquake shakes coastal Morocco with a maximum perceived intensity of X (*Extreme*), destroying Agadir and leaving 12,000 dead and another 12,000 injured.",29 February 1960 CE,https://en.wikipedia.org/wiki/February_29,,--02-29,Agadir,"Not separately stated; listed as February 29, 1960",Wikipedia — February 29,,exact,Earthquake,Morocco,Gregorian calendar date-page normalization,meets target,,Agadir earthquake,regional,Wikipedia date-page; single-source verification,20,verified—single source,20,9
29,CE,1972,February,"South Korea withdrew 11,000 troops as part of Vietnamization. Listed under this Gregorian calendar date; original historical calendar/date is not separately stated by the source.",Asia,FEB-29-1972-16,war,"South Korea withdraws 11,000 of its 48,000 troops from South Vietnam as part of Nixon's Vietnamization policy in the Vietnam War.","South Korea withdraws 11,000 of its 48,000 troops from South Vietnam as part of Nixon's Vietnamization policy in the Vietnam War.",29 February 1972 CE,https://en.wikipedia.org/wiki/February_29,,--02-29,,"Not separately stated; listed as February 29, 1972",Wikipedia — February 29,,exact,Troop withdrawal,South Korea; Vietnam,Gregorian calendar date-page normalization,meets target,Nixon,Vietnam War,global,Wikipedia date-page; single-source verification,20,verified—single source,20,7
29,CE,1988,February,Desmond Tutu was arrested with 100 other clergymen. Listed under this Gregorian calendar date; original historical calendar/date is not separately stated by the source.,Africa,FEB-29-1988-17,social_history,South African archbishop Desmond Tutu is arrested along with 100 other clergymen during a five-day anti-apartheid demonstration in Cape Town.,South African archbishop Desmond Tutu is arrested along with 100 other clergymen during a five-day anti-apartheid demonstration in Cape Town.,29 February 1988 CE,https://en.wikipedia.org/wiki/February_29,,--02-29,Cape Town,"Not separately stated; listed as February 29, 1988",Wikipedia — February 29,,exact,Anti-apartheid protest,South Africa,Gregorian calendar date-page normalization,meets target,Desmond Tutu,Anti-apartheid movement,global,Wikipedia date-page; single-source verification,20,verified—single source,20,8
29,CE,1992,February,The referendum was begun for determination of Bosnian independence. Listed under this Gregorian calendar date; original historical calendar/date is not separately stated by the source.,Europe,FEB-29-1992-18,independence,A referendum is begun in Bosnia and Herzegovina for the determination of Bosnian independence.,A referendum is begun in Bosnia and Herzegovina for the determination of Bosnian independence.,29 February 1992 CE,https://en.wikipedia.org/wiki/February_29,,--02-29,,"Not separately stated; listed as February 29, 1992",Wikipedia — February 29,,exact,Independence referendum,Bosnia and Herzegovina,Gregorian calendar date-page normalization,meets target,,Bosnia and Herzegovina,regional,Wikipedia date-page; single-source verification,20,verified—single source,20,9
29,CE,1996,February,Listed under this Gregorian calendar date; original historical calendar/date is not separately stated by the source.,Europe,FEB-29-1996-19,war,The Siege of Sarajevo officially ends.,The Siege of Sarajevo officially ends.,29 February 1996 CE,https://en.wikipedia.org/wiki/February_29,,--02-29,Sarajevo,"Not separately stated; listed as February 29, 1996",Wikipedia — February 29,,exact,Siege conclusion,Bosnia and Herzegovina,Gregorian calendar date-page normalization,meets target,,Siege of Sarajevo,global,Wikipedia date-page; single-source verification,20,verified—single source,20,9
29,CE,2004,February,Jean-Bertrand Aristide was removed as president of Haiti following a coup in 2004. Listed under this Gregorian calendar date; original historical calendar/date is not separately stated by the source.,Caribbean,FEB-29-2004-20,political event,Jean-Bertrand Aristide is removed as president of Haiti following a coup.,Jean-Bertrand Aristide is removed as president of Haiti following a coup.,29 February 2004 CE,https://en.wikipedia.org/wiki/February_29,,--02-29,Port-au-Prince,"Not separately stated; listed as February 29, 2004",Wikipedia — February 29,,exact,change of government,Haiti,Gregorian calendar date-page normalization,meets target,['Jean-Bertrand Aristide'],Republic of Haiti,national,Wikipedia date-page; single-source verification,20,verified—single source,20,8