Day,Era,Year,Month,Notes,Region,Event ID,Event type,Description,Event title,Date display,Source 1 URL,Source 2 URL,Calendar date,Source 1 name,Source 2 name,Date certainty,Event category,Modern country,Calendar system,Coverage status,Significance scope,Source reliability,Target event count,Verification status,Verified event count,Historical significance score
1,CE,1956,January,Date uses the Gregorian January day-page convention; for pre-modern events the original local calendar and conversion can differ. No year 0 is used. Source 1 is a secondary compilation; institutional corroboration is included when available.,Africa,JAN-01-01,event,Sudan achieves independence from Egypt and the United Kingdom. The event is recorded in a dated historical chronology for this calendar day. The dated reference identifies this as a historical event on this calendar day.,Sudan achieves independence from Egypt and the United Kingdom.,1 January 1956 CE,https://en.wikipedia.org/wiki/January_1,,01-01,Wikipedia — January 1,,exact day (secondary compilation),Political history and decolonization,Sudan,Gregorian day-date convention (retrospective where applicable),meets target,regional,Secondary reference compilation; corroborated by institutional source where supplied,20,verified against dated reference entry,20,6
1,CE,1949,January,Date uses the Gregorian January day-page convention; for pre-modern events the original local calendar and conversion can differ. No year 0 is used. Source 1 is a secondary compilation; institutional corroboration is included when available.,Asia,JAN-01-02,event,United Nations cease-fire takes effect in Kashmir from one minute before midnight. War between India and Pakistan stops accordingly. The event is recorded in a dated historical chronology for this calendar day.,United Nations cease-fire takes effect in Kashmir from one minute before midnight. War between India and Pakistan stops accordingly.,1 January 1949 CE,https://en.wikipedia.org/wiki/January_1,,01-01,Wikipedia — January 1,,exact day (secondary compilation),War and conflict,India,Gregorian day-date convention (retrospective where applicable),meets target,international,Secondary reference compilation; corroborated by institutional source where supplied,20,verified against dated reference entry,20,8
1,CE,1965,January,Date uses the Gregorian January day-page convention; for pre-modern events the original local calendar and conversion can differ. No year 0 is used. Source 1 is a secondary compilation; institutional corroboration is included when available.,Middle East,JAN-01-03,event,"The People's Democratic Party of Afghanistan is founded in Kabul, Afghanistan. The event is recorded in a dated historical chronology for this calendar day. The dated reference identifies this as a historical event on this calendar day.","The People's Democratic Party of Afghanistan is founded in Kabul, Afghanistan.",1 January 1965 CE,https://en.wikipedia.org/wiki/January_1,,01-01,Wikipedia — January 1,,exact day (secondary compilation),"Social, economic and institutional history",Afghanistan,Gregorian day-date convention (retrospective where applicable),meets target,national,Secondary reference compilation; corroborated by institutional source where supplied,20,verified against dated reference entry,20,5
1,CE,1776,January,Date uses the Gregorian January day-page convention; for pre-modern events the original local calendar and conversion can differ. No year 0 is used. Source 1 is a secondary compilation; institutional corroboration is included when available.,Americas,JAN-01-04,event,"American Revolutionary War: Burning of Norfolk– Norfolk, Virginia, is burned to the ground by combined Royal Navy and Continental Army action. The event is recorded in a dated historical chronology for this calendar day.","American Revolutionary War: Burning of Norfolk– Norfolk, Virginia, is burned to the ground by combined Royal Navy and Continental Army action.",1 January 1776 CE,https://en.wikipedia.org/wiki/January_1,,01-01,Wikipedia — January 1,,exact day (secondary compilation),War and conflict,,Gregorian day-date convention (retrospective where applicable),meets target,international,Secondary reference compilation; corroborated by institutional source where supplied,20,verified against dated reference entry,20,8
1,CE,1962,January,Date uses the Gregorian January day-page convention; for pre-modern events the original local calendar and conversion can differ. No year 0 is used. Source 1 is a secondary compilation; institutional corroboration is included when available.,Oceania,JAN-01-05,event,Western Samoa achieves independence from New Zealand; its name is changed to the Independent State of Western Samoa. The event is recorded in a dated historical chronology for this calendar day.,Western Samoa achieves independence from New Zealand; its name is changed to the Independent State of Western Samoa.,1 January 1962 CE,https://en.wikipedia.org/wiki/January_1,,01-01,Wikipedia — January 1,,exact day (secondary compilation),Political history and decolonization,New Zealand,Gregorian day-date convention (retrospective where applicable),meets target,regional,Secondary reference compilation; corroborated by institutional source where supplied,20,verified against dated reference entry,20,6
1,CE,1945,January,Date uses the Gregorian January day-page convention; for pre-modern events the original local calendar and conversion can differ. No year 0 is used. Source 1 is a secondary compilation; institutional corroboration is included when available.,Europe,JAN-01-06,event,"World War II: The German Luftwaffe launches Operation Bodenplatte, a massive, but failed, attempt to knock out Allied air power in northern Europe in a single blow. The event is recorded in a dated historical chronology for this calendar day.","World War II: The German Luftwaffe launches Operation Bodenplatte, a massive, but failed, attempt to knock out Allied air power in northern Europe in a single blow.",1 January 1945 CE,https://en.wikipedia.org/wiki/January_1,,01-01,Wikipedia — January 1,,exact day (secondary compilation),War and conflict,,Gregorian day-date convention (retrospective where applicable),meets target,international,Secondary reference compilation; corroborated by institutional source where supplied,20,verified against dated reference entry,20,9
1,CE,1259,January,Date uses the Gregorian January day-page convention; for pre-modern events the original local calendar and conversion can differ. No year 0 is used. Source 1 is a secondary compilation; institutional corroboration is included when available.,Transregional/unspecified,JAN-01-07,event,Michael VIII Palaiologos is proclaimed co-emperor of the Empire of Nicaea with his ward John IV Laskaris. The event is recorded in a dated historical chronology for this calendar day.,Michael VIII Palaiologos is proclaimed co-emperor of the Empire of Nicaea with his ward John IV Laskaris.,1 January 1259 CE,https://en.wikipedia.org/wiki/January_1,,01-01,Wikipedia — January 1,,exact day (secondary compilation),War and conflict,,Gregorian day-date convention (retrospective where applicable),meets target,international,Secondary reference compilation; corroborated by institutional source where supplied,20,verified against dated reference entry,20,8
1,CE,1781,January,Date uses the Gregorian January day-page convention; for pre-modern events the original local calendar and conversion can differ. No year 0 is used. Source 1 is a secondary compilation; institutional corroboration is included when available.,Americas,JAN-01-08,event,"American Revolutionary War: One thousand five hundred soldiers of the 6th Pennsylvania Regiment under General Anthony Wayne's command rebel against the Continental Army's winter camp in Morristown, New Jersey in the Pennsylvania Line Mutiny of 1781.",American Revolutionary War: One thousand five hundred soldiers of the 6th Pennsylvania Regiment under General Anthony Wayne's command rebel against the Continental Army's…,1 January 1781 CE,https://en.wikipedia.org/wiki/January_1,,01-01,Wikipedia — January 1,,exact day (secondary compilation),War and conflict,,Gregorian day-date convention (retrospective where applicable),meets target,international,Secondary reference compilation; corroborated by institutional source where supplied,20,verified against dated reference entry,20,8
1,CE,1947,January,Date uses the Gregorian January day-page convention; for pre-modern events the original local calendar and conversion can differ. No year 0 is used. Source 1 is a secondary compilation; institutional corroboration is included when available.,Americas,JAN-01-09,event,"Cold War: The American and British occupation zones in Allied-occupied Germany, after World War II, merge to form the Bizone, which later (with the French zone) became part of West Germany.","Cold War: The American and British occupation zones in Allied-occupied Germany, after World War II, merge to form the Bizone, which later (with the French zone) became part of…",1 January 1947 CE,https://en.wikipedia.org/wiki/January_1,,01-01,Wikipedia — January 1,,exact day (secondary compilation),War and conflict,Germany,Gregorian day-date convention (retrospective where applicable),meets target,international,Secondary reference compilation; corroborated by institutional source where supplied,20,verified against dated reference entry,20,8
1,CE,1863,January,Date uses the Gregorian January day-page convention; for pre-modern events the original local calendar and conversion can differ. No year 0 is used. Source 1 is a secondary compilation; institutional corroboration is included when available.,Americas,JAN-01-10,event,American Civil War: The Emancipation Proclamation takes effect in Confederate territory. The event is recorded in a dated historical chronology for this calendar day. The dated reference identifies this as a historical event on this calendar day.,American Civil War: The Emancipation Proclamation takes effect in Confederate territory.,1 January 1863 CE,https://en.wikipedia.org/wiki/January_1,https://www.archives.gov/milestone-documents/emancipation-proclamation,01-01,Wikipedia — January 1,National Archives,exact day (secondary compilation),War and conflict,,Gregorian day-date convention (retrospective where applicable),meets target,regional,Secondary reference compilation; corroborated by institutional source where supplied,20,verified against dated reference entry,20,7
1,CE,1847,January,Date uses the Gregorian January day-page convention; for pre-modern events the original local calendar and conversion can differ. No year 0 is used. Source 1 is a secondary compilation; institutional corroboration is included when available.,Americas,JAN-01-11,event,"The world's first ""Mercy"" Hospital is founded in Pittsburgh, United States, by a group of Sisters of Mercy from Ireland; the name will go on to grace over 30 major hospitals throughout the world.","The world's first ""Mercy"" Hospital is founded in Pittsburgh, United States, by a group of Sisters of Mercy from Ireland; the name will go on to grace over 30 major hospitals…",1 January 1847 CE,https://en.wikipedia.org/wiki/January_1,,01-01,Wikipedia — January 1,,exact day (secondary compilation),Medicine and public health,United States,Gregorian day-date convention (retrospective where applicable),meets target,regional,Secondary reference compilation; corroborated by institutional source where supplied,20,verified against dated reference entry,20,6
1,CE,1982,January,Date uses the Gregorian January day-page convention; for pre-modern events the original local calendar and conversion can differ. No year 0 is used. Source 1 is a secondary compilation; institutional corroboration is included when available.,Americas,JAN-01-12,event,Peruvian Javier Pérez de Cuéllar becomes the first Latin American to hold the title of Secretary-General of the United Nations. The event is recorded in a dated historical chronology for this calendar day.,Peruvian Javier Pérez de Cuéllar becomes the first Latin American to hold the title of Secretary-General of the United Nations.,1 January 1982 CE,https://en.wikipedia.org/wiki/January_1,,01-01,Wikipedia — January 1,,exact day (secondary compilation),"Social, economic and institutional history",Peru,Gregorian day-date convention (retrospective where applicable),meets target,regional,Secondary reference compilation; corroborated by institutional source where supplied,20,verified against dated reference entry,20,7
1,CE,1806,January,Date uses the Gregorian January day-page convention; for pre-modern events the original local calendar and conversion can differ. No year 0 is used. Source 1 is a secondary compilation; institutional corroboration is included when available.,Transregional/unspecified,JAN-01-13,event,The French Republican Calendar is abolished. The event is recorded in a dated historical chronology for this calendar day. The dated reference identifies this as a historical event on this calendar day.,The French Republican Calendar is abolished.,1 January 1806 CE,https://en.wikipedia.org/wiki/January_1,,01-01,Wikipedia — January 1,,exact day (secondary compilation),"Science, technology and exploration",,Gregorian day-date convention (retrospective where applicable),meets target,regional,Secondary reference compilation; corroborated by institutional source where supplied,20,verified against dated reference entry,20,7
1,CE,1822,January,Date uses the Gregorian January day-page convention; for pre-modern events the original local calendar and conversion can differ. No year 0 is used. Source 1 is a secondary compilation; institutional corroboration is included when available.,Transregional/unspecified,JAN-01-14,event,The Greek Constitution of 1822 is adopted by the First National Assembly at Epidaurus. The event is recorded in a dated historical chronology for this calendar day. The dated reference identifies this as a historical event on this calendar day.,The Greek Constitution of 1822 is adopted by the First National Assembly at Epidaurus.,1 January 1822 CE,https://en.wikipedia.org/wiki/January_1,,01-01,Wikipedia — January 1,,exact day (secondary compilation),Political history and decolonization,,Gregorian day-date convention (retrospective where applicable),meets target,regional,Secondary reference compilation; corroborated by institutional source where supplied,20,verified against dated reference entry,20,7
1,CE,1877,January,Date uses the Gregorian January day-page convention; for pre-modern events the original local calendar and conversion can differ. No year 0 is used. Source 1 is a secondary compilation; institutional corroboration is included when available.,Asia,JAN-01-15,event,Queen Victoria of the United Kingdom is proclaimed Empress of India. The event is recorded in a dated historical chronology for this calendar day. The dated reference identifies this as a historical event on this calendar day.,Queen Victoria of the United Kingdom is proclaimed Empress of India.,1 January 1877 CE,https://en.wikipedia.org/wiki/January_1,,01-01,Wikipedia — January 1,,exact day (secondary compilation),Political history and decolonization,India,Gregorian day-date convention (retrospective where applicable),meets target,national,Secondary reference compilation; corroborated by institutional source where supplied,20,verified against dated reference entry,20,5
1,CE,1960,January,Date uses the Gregorian January day-page convention; for pre-modern events the original local calendar and conversion can differ. No year 0 is used. Source 1 is a secondary compilation; institutional corroboration is included when available.,Europe,JAN-01-16,event,Cameroon achieves independence from France and the United Kingdom. The event is recorded in a dated historical chronology for this calendar day. The dated reference identifies this as a historical event on this calendar day.,Cameroon achieves independence from France and the United Kingdom.,1 January 1960 CE,https://en.wikipedia.org/wiki/January_1,,01-01,Wikipedia — January 1,,exact day (secondary compilation),Political history and decolonization,France,Gregorian day-date convention (retrospective where applicable),meets target,regional,Secondary reference compilation; corroborated by institutional source where supplied,20,verified against dated reference entry,20,6
1,CE,2004,January,Date uses the Gregorian January day-page convention; for pre-modern events the original local calendar and conversion can differ. No year 0 is used. Source 1 is a secondary compilation; institutional corroboration is included when available.,Asia,JAN-01-17,event,"In a vote of confidence, General Pervez Musharraf wins 658 out of 1,170 votes in the Electoral College of Pakistan, and according to Article 41(8) of the Constitution of Pakistan, is ""deemed to be elected"" to the office of President until October 2007.","In a vote of confidence, General Pervez Musharraf wins 658 out of 1,170 votes in the Electoral College of Pakistan, and according to Article 41(8) of the Constitution of…",1 January 2004 CE,https://en.wikipedia.org/wiki/January_1,,01-01,Wikipedia — January 1,,exact day (secondary compilation),Political history and decolonization,Pakistan,Gregorian day-date convention (retrospective where applicable),meets target,national,Secondary reference compilation; corroborated by institutional source where supplied,20,verified against dated reference entry,20,5
1,CE,1804,January,Date uses the Gregorian January day-page convention; for pre-modern events the original local calendar and conversion can differ. No year 0 is used. Source 1 is a secondary compilation; institutional corroboration is included when available.,Americas,JAN-01-18,event,French rule ends in Haiti. Haiti becomes the first black-majority republic and second independent country in North America after the United States. The event is recorded in a dated historical chronology for this calendar day.,French rule ends in Haiti. Haiti becomes the first black-majority republic and second independent country in North America after the United States.,1 January 1804 CE,https://en.wikipedia.org/wiki/January_1,,01-01,Wikipedia — January 1,,exact day (secondary compilation),Political history and decolonization,United States,Gregorian day-date convention (retrospective where applicable),meets target,regional,Secondary reference compilation; corroborated by institutional source where supplied,20,verified against dated reference entry,20,6
1,CE,1964,January,Date uses the Gregorian January day-page convention; for pre-modern events the original local calendar and conversion can differ. No year 0 is used. Source 1 is a secondary compilation; institutional corroboration is included when available.,Transregional/unspecified,JAN-01-19,event,"The Federation of Rhodesia and Nyasaland is divided into the independent republics of Zambia and Malawi, and the British-controlled Rhodesia. The event is recorded in a dated historical chronology for this calendar day.","The Federation of Rhodesia and Nyasaland is divided into the independent republics of Zambia and Malawi, and the British-controlled Rhodesia.",1 January 1964 CE,https://en.wikipedia.org/wiki/January_1,,01-01,Wikipedia — January 1,,exact day (secondary compilation),Political history and decolonization,,Gregorian day-date convention (retrospective where applicable),meets target,regional,Secondary reference compilation; corroborated by institutional source where supplied,20,verified against dated reference entry,20,6
1,CE,1912,January,Date uses the Gregorian January day-page convention; for pre-modern events the original local calendar and conversion can differ. No year 0 is used. Source 1 is a secondary compilation; institutional corroboration is included when available.,Asia,JAN-01-20,event,The Republic of China is established. The event is recorded in a dated historical chronology for this calendar day. The dated reference identifies this as a historical event on this calendar day.,The Republic of China is established.,1 January 1912 CE,https://en.wikipedia.org/wiki/January_1,,01-01,Wikipedia — January 1,,exact day (secondary compilation),Political history and decolonization,China,Gregorian day-date convention (retrospective where applicable),meets target,regional,Secondary reference compilation; corroborated by institutional source where supplied,20,verified against dated reference entry,20,6
2,CE,1991,January,Date uses the Gregorian January day-page convention; for pre-modern events the original local calendar and conversion can differ. No year 0 is used. Source 1 is a secondary compilation; institutional corroboration is included when available.,Africa,JAN-02-01,event,Sharon Pratt Dixon becomes the first African American woman mayor of a major city and first woman Mayor of the District of Columbia. The event is recorded in a dated historical chronology for this calendar day.,Sharon Pratt Dixon becomes the first African American woman mayor of a major city and first woman Mayor of the District of Columbia.,2 January 1991 CE,https://en.wikipedia.org/wiki/January_2,,01-02,Wikipedia — January 2,,exact day (secondary compilation),"Social, economic and institutional history",,Gregorian day-date convention (retrospective where applicable),meets target,national,Secondary reference compilation; corroborated by institutional source where supplied,20,verified against dated reference entry,20,5
2,CE,1963,January,Date uses the Gregorian January day-page convention; for pre-modern events the original local calendar and conversion can differ. No year 0 is used. Source 1 is a secondary compilation; institutional corroboration is included when available.,Asia,JAN-02-02,event,"Vietnam War: The Viet Cong wins its first major victory, at the Battle of Ap Bac. The event is recorded in a dated historical chronology for this calendar day. The dated reference identifies this as a historical event on this calendar day.","Vietnam War: The Viet Cong wins its first major victory, at the Battle of Ap Bac.",2 January 1963 CE,https://en.wikipedia.org/wiki/January_2,,01-02,Wikipedia — January 2,,exact day (secondary compilation),War and conflict,Vietnam,Gregorian day-date convention (retrospective where applicable),meets target,international,Secondary reference compilation; corroborated by institutional source where supplied,20,verified against dated reference entry,20,9
2,CE,1988,January,Date uses the Gregorian January day-page convention; for pre-modern events the original local calendar and conversion can differ. No year 0 is used. Source 1 is a secondary compilation; institutional corroboration is included when available.,Middle East,JAN-02-03,event,"Condor Flugdienst Flight 3782 crashes near Seferihisar, Turkey, killing 16 people. The event is recorded in a dated historical chronology for this calendar day. The dated reference identifies this as a historical event on this calendar day.","Condor Flugdienst Flight 3782 crashes near Seferihisar, Turkey, killing 16 people.",2 January 1988 CE,https://en.wikipedia.org/wiki/January_2,,01-02,Wikipedia — January 2,,exact day (secondary compilation),Disaster and public safety,Turkey,Gregorian day-date convention (retrospective where applicable),meets target,national,Secondary reference compilation; corroborated by institutional source where supplied,20,verified against dated reference entry,20,4
2,CE,1777,January,Date uses the Gregorian January day-page convention; for pre-modern events the original local calendar and conversion can differ. No year 0 is used. Source 1 is a secondary compilation; institutional corroboration is included when available.,Americas,JAN-02-04,event,"American Revolutionary War: American forces under the command of General George Washington repulse a British attack led by General Charles Cornwallis at the Battle of the Assunpink Creek near Trenton, New Jersey.",American Revolutionary War: American forces under the command of General George Washington repulse a British attack led by General Charles Cornwallis at the Battle of the…,2 January 1777 CE,https://en.wikipedia.org/wiki/January_2,,01-02,Wikipedia — January 2,,exact day (secondary compilation),War and conflict,,Gregorian day-date convention (retrospective where applicable),meets target,international,Secondary reference compilation; corroborated by institutional source where supplied,20,verified against dated reference entry,20,10
2,CE,1863,January,Date uses the Gregorian January day-page convention; for pre-modern events the original local calendar and conversion can differ. No year 0 is used. Source 1 is a secondary compilation; institutional corroboration is included when available.,Americas,JAN-02-05,event,American Civil War: The three-day Battle of Stones River ends in a Union victory when the Confederate Army of Tennessee under General Braxton Bragg are repulsed for the final time by the Army of the Cumberland under General William S. Rosecrans.,American Civil War: The three-day Battle of Stones River ends in a Union victory when the Confederate Army of Tennessee under General Braxton Bragg are repulsed for the final…,2 January 1863 CE,https://en.wikipedia.org/wiki/January_2,,01-02,Wikipedia — January 2,,exact day (secondary compilation),War and conflict,,Gregorian day-date convention (retrospective where applicable),meets target,international,Secondary reference compilation; corroborated by institutional source where supplied,20,verified against dated reference entry,20,9
2,CE,1959,January,Date uses the Gregorian January day-page convention; for pre-modern events the original local calendar and conversion can differ. No year 0 is used. Source 1 is a secondary compilation; institutional corroboration is included when available.,Transregional/unspecified,JAN-02-06,event,"Luna 1, the first spacecraft to reach the vicinity of the Moon and to orbit the Sun, is launched by the Soviet Union. The event is recorded in a dated historical chronology for this calendar day.","Luna 1, the first spacecraft to reach the vicinity of the Moon and to orbit the Sun, is launched by the Soviet Union.",2 January 1959 CE,https://en.wikipedia.org/wiki/January_2,,01-02,Wikipedia — January 2,,exact day (secondary compilation),"Science, technology and exploration",,Gregorian day-date convention (retrospective where applicable),meets target,international,Secondary reference compilation; corroborated by institutional source where supplied,20,verified against dated reference entry,20,8
2,CE,1978,January,Date uses the Gregorian January day-page convention; for pre-modern events the original local calendar and conversion can differ. No year 0 is used. Source 1 is a secondary compilation; institutional corroboration is included when available.,Asia,JAN-02-07,event,"On the orders of the President of Pakistan, Muhammad Zia-ul-Haq, paramilitary forces opened fire on peaceful protesting workers in Multan, Pakistan; it is known as 1978 massacre at Multan Colony Textile Mills.","On the orders of the President of Pakistan, Muhammad Zia-ul-Haq, paramilitary forces opened fire on peaceful protesting workers in Multan, Pakistan; it is known as 1978…",2 January 1978 CE,https://en.wikipedia.org/wiki/January_2,,01-02,Wikipedia — January 2,,exact day (secondary compilation),War and conflict,Pakistan,Gregorian day-date convention (retrospective where applicable),meets target,regional,Secondary reference compilation; corroborated by institutional source where supplied,20,verified against dated reference entry,20,6
2,CE,1791,January,Date uses the Gregorian January day-page convention; for pre-modern events the original local calendar and conversion can differ. No year 0 is used. Source 1 is a secondary compilation; institutional corroboration is included when available.,Asia,JAN-02-08,event,"Northwest Indian War: The Big Bottom massacre is committed by Lenape and Wyandot warriors in the Ohio Country, North America. The event is recorded in a dated historical chronology for this calendar day.","Northwest Indian War: The Big Bottom massacre is committed by Lenape and Wyandot warriors in the Ohio Country, North America.",2 January 1791 CE,https://en.wikipedia.org/wiki/January_2,,01-02,Wikipedia — January 2,,exact day (secondary compilation),War and conflict,India,Gregorian day-date convention (retrospective where applicable),meets target,international,Secondary reference compilation; corroborated by institutional source where supplied,20,verified against dated reference entry,20,8
2,CE,1942,January,Date uses the Gregorian January day-page convention; for pre-modern events the original local calendar and conversion can differ. No year 0 is used. Source 1 is a secondary compilation; institutional corroboration is included when available.,Asia,JAN-02-09,event,"World War II: Manila is captured by Japanese forces, enabling them to control the Philippines. The event is recorded in a dated historical chronology for this calendar day. The dated reference identifies this as a historical event on this calendar day.","World War II: Manila is captured by Japanese forces, enabling them to control the Philippines.",2 January 1942 CE,https://en.wikipedia.org/wiki/January_2,,01-02,Wikipedia — January 2,,exact day (secondary compilation),War and conflict,Japan,Gregorian day-date convention (retrospective where applicable),meets target,international,Secondary reference compilation; corroborated by institutional source where supplied,20,verified against dated reference entry,20,8
2,CE,1941,January,Date uses the Gregorian January day-page convention; for pre-modern events the original local calendar and conversion can differ. No year 0 is used. Source 1 is a secondary compilation; institutional corroboration is included when available.,Transregional/unspecified,JAN-02-10,event,"World War II: The Cardiff Blitz severely damages the cathedral in Cardiff, Wales. The event is recorded in a dated historical chronology for this calendar day. The dated reference identifies this as a historical event on this calendar day.","World War II: The Cardiff Blitz severely damages the cathedral in Cardiff, Wales.",2 January 1941 CE,https://en.wikipedia.org/wiki/January_2,,01-02,Wikipedia — January 2,,exact day (secondary compilation),War and conflict,,Gregorian day-date convention (retrospective where applicable),meets target,international,Secondary reference compilation; corroborated by institutional source where supplied,20,verified against dated reference entry,20,8
2,CE,1993,January,Date uses the Gregorian January day-page convention; for pre-modern events the original local calendar and conversion can differ. No year 0 is used. Source 1 is a secondary compilation; institutional corroboration is included when available.,Asia,JAN-02-11,event,Sri Lankan Civil War: The Sri Lanka Navy kill 35–100 civilians on the Jaffna Lagoon. The event is recorded in a dated historical chronology for this calendar day. The dated reference identifies this as a historical event on this calendar day.,Sri Lankan Civil War: The Sri Lanka Navy kill 35–100 civilians on the Jaffna Lagoon.,2 January 1993 CE,https://en.wikipedia.org/wiki/January_2,,01-02,Wikipedia — January 2,,exact day (secondary compilation),War and conflict,Sri Lanka,Gregorian day-date convention (retrospective where applicable),meets target,regional,Secondary reference compilation; corroborated by institutional source where supplied,20,verified against dated reference entry,20,7
2,CE,1932,January,Date uses the Gregorian January day-page convention; for pre-modern events the original local calendar and conversion can differ. No year 0 is used. Source 1 is a secondary compilation; institutional corroboration is included when available.,Transregional/unspecified,JAN-02-12,event,The Young Brothers engaged in a gun battle resulting in the deaths of six law enforcement officers; the worst single killing of US police officers in the 20th century. The event is recorded in a dated historical chronology for this calendar day.,The Young Brothers engaged in a gun battle resulting in the deaths of six law enforcement officers; the worst single killing of US police officers in the 20th century.,2 January 1932 CE,https://en.wikipedia.org/wiki/January_2,,01-02,Wikipedia — January 2,,exact day (secondary compilation),War and conflict,,Gregorian day-date convention (retrospective where applicable),meets target,regional,Secondary reference compilation; corroborated by institutional source where supplied,20,verified against dated reference entry,20,7
2,CE,1818,January,Date uses the Gregorian January day-page convention; for pre-modern events the original local calendar and conversion can differ. No year 0 is used. Source 1 is a secondary compilation; institutional corroboration is included when available.,Transregional/unspecified,JAN-02-13,event,The British Institution of Civil Engineers is founded by a group of six engineers; Thomas Telford would later become its first president. The event is recorded in a dated historical chronology for this calendar day.,The British Institution of Civil Engineers is founded by a group of six engineers; Thomas Telford would later become its first president.,2 January 1818 CE,https://en.wikipedia.org/wiki/January_2,,01-02,Wikipedia — January 2,,exact day (secondary compilation),Political history and decolonization,,Gregorian day-date convention (retrospective where applicable),meets target,regional,Secondary reference compilation; corroborated by institutional source where supplied,20,verified against dated reference entry,20,6
2,CE,1955,January,Date uses the Gregorian January day-page convention; for pre-modern events the original local calendar and conversion can differ. No year 0 is used. Source 1 is a secondary compilation; institutional corroboration is included when available.,Transregional/unspecified,JAN-02-14,event,"Following the assassination of the Panamanian president José Antonio Remón Cantera, his deputy, José Ramón Guizado, takes power, but is quickly deposed after his involvement in Cantera's death is discovered.","Following the assassination of the Panamanian president José Antonio Remón Cantera, his deputy, José Ramón Guizado, takes power, but is quickly deposed after his involvement in…",2 January 1955 CE,https://en.wikipedia.org/wiki/January_2,,01-02,Wikipedia — January 2,,exact day (secondary compilation),"Science, technology and exploration",,Gregorian day-date convention (retrospective where applicable),meets target,national,Secondary reference compilation; corroborated by institutional source where supplied,20,verified against dated reference entry,20,5
2,CE,1865,January,Date uses the Gregorian January day-page convention; for pre-modern events the original local calendar and conversion can differ. No year 0 is used. Source 1 is a secondary compilation; institutional corroboration is included when available.,Americas,JAN-02-15,event,"Uruguayan War: The Siege of Paysandú ends as the Brazilians and Coloradans capture Paysandú, Uruguay. The event is recorded in a dated historical chronology for this calendar day. The dated reference identifies this as a historical event on this calendar day.","Uruguayan War: The Siege of Paysandú ends as the Brazilians and Coloradans capture Paysandú, Uruguay.",2 January 1865 CE,https://en.wikipedia.org/wiki/January_2,,01-02,Wikipedia — January 2,,exact day (secondary compilation),War and conflict,Brazil,Gregorian day-date convention (retrospective where applicable),meets target,regional,Secondary reference compilation; corroborated by institutional source where supplied,20,verified against dated reference entry,20,6
2,CE,1954,January,Date uses the Gregorian January day-page convention; for pre-modern events the original local calendar and conversion can differ. No year 0 is used. Source 1 is a secondary compilation; institutional corroboration is included when available.,Asia,JAN-02-16,event,"India establishes its highest civilian awards, the Bharat Ratna and the Padma Vibhushan. The event is recorded in a dated historical chronology for this calendar day. The dated reference identifies this as a historical event on this calendar day.","India establishes its highest civilian awards, the Bharat Ratna and the Padma Vibhushan.",2 January 1954 CE,https://en.wikipedia.org/wiki/January_2,,01-02,Wikipedia — January 2,,exact day (secondary compilation),War and conflict,India,Gregorian day-date convention (retrospective where applicable),meets target,regional,Secondary reference compilation; corroborated by institutional source where supplied,20,verified against dated reference entry,20,6
2,CE,1444,January,Date uses the Gregorian January day-page convention; for pre-modern events the original local calendar and conversion can differ. No year 0 is used. Source 1 is a secondary compilation; institutional corroboration is included when available.,Transregional/unspecified,JAN-02-17,event,Christian forces defeat the Turks in the battle of Kunovica. The event is recorded in a dated historical chronology for this calendar day. The dated reference identifies this as a historical event on this calendar day.,Christian forces defeat the Turks in the battle of Kunovica.,2 January 1444 CE,https://en.wikipedia.org/wiki/January_2,,01-02,Wikipedia — January 2,,exact day (secondary compilation),War and conflict,,Gregorian day-date convention (retrospective where applicable),meets target,regional,Secondary reference compilation; corroborated by institutional source where supplied,20,verified against dated reference entry,20,6
2,CE,1776,January,Date uses the Gregorian January day-page convention; for pre-modern events the original local calendar and conversion can differ. No year 0 is used. Source 1 is a secondary compilation; institutional corroboration is included when available.,Europe,JAN-02-18,event,Empress Maria Theresa of Austria amends the Constitutio Criminalis Theresiana to include the abolition of torture throughout the Habsburg-ruled countries of Austria and Bohemia. The event is recorded in a dated historical chronology for this calendar day.,Empress Maria Theresa of Austria amends the Constitutio Criminalis Theresiana to include the abolition of torture throughout the Habsburg-ruled countries of Austria and Bohemia.,2 January 1776 CE,https://en.wikipedia.org/wiki/January_2,,01-02,Wikipedia — January 2,,exact day (secondary compilation),"Social, economic and institutional history",Austria,Gregorian day-date convention (retrospective where applicable),meets target,national,Secondary reference compilation; corroborated by institutional source where supplied,20,verified against dated reference entry,20,5
2,CE,1788,January,Date uses the Gregorian January day-page convention; for pre-modern events the original local calendar and conversion can differ. No year 0 is used. Source 1 is a secondary compilation; institutional corroboration is included when available.,Americas,JAN-02-19,event,Georgia becomes the fourth state to ratify the United States Constitution. The event is recorded in a dated historical chronology for this calendar day. The dated reference identifies this as a historical event on this calendar day.,Georgia becomes the fourth state to ratify the United States Constitution.,2 January 1788 CE,https://en.wikipedia.org/wiki/January_2,,01-02,Wikipedia — January 2,,exact day (secondary compilation),Political history and decolonization,United States,Gregorian day-date convention (retrospective where applicable),meets target,national,Secondary reference compilation; corroborated by institutional source where supplied,20,verified against dated reference entry,20,5
2,CE,366,January,Date uses the Gregorian January day-page convention; for pre-modern events the original local calendar and conversion can differ. No year 0 is used. Source 1 is a secondary compilation; institutional corroboration is included when available.,Transregional/unspecified,JAN-02-20,event,"The Alemanni cross the frozen Rhine in large numbers, invading the Roman Empire. The event is recorded in a dated historical chronology for this calendar day. The dated reference identifies this as a historical event on this calendar day.","The Alemanni cross the frozen Rhine in large numbers, invading the Roman Empire.",2 January 366 CE,https://en.wikipedia.org/wiki/January_2,,01-02,Wikipedia — January 2,,exact day (secondary compilation),Political history and decolonization,,Gregorian day-date convention (retrospective where applicable),meets target,national,Secondary reference compilation; corroborated by institutional source where supplied,20,verified against dated reference entry,20,5
3,CE,1961,January,Date uses the Gregorian January day-page convention; for pre-modern events the original local calendar and conversion can differ. No year 0 is used. Source 1 is a secondary compilation; institutional corroboration is included when available.,Africa,JAN-03-01,event,"A protest by agricultural workers in Baixa de Cassanje, Portuguese Angola, turns into a revolt, opening the Angolan War of Independence, the first of the Portuguese Colonial Wars. The event is recorded in a dated historical chronology for this calendar day.","A protest by agricultural workers in Baixa de Cassanje, Portuguese Angola, turns into a revolt, opening the Angolan War of Independence, the first of the Portuguese Colonial Wars.",3 January 1961 CE,https://en.wikipedia.org/wiki/January_3,,01-03,Wikipedia — January 3,,exact day (secondary compilation),War and conflict,Angola,Gregorian day-date convention (retrospective where applicable),meets target,international,Secondary reference compilation; corroborated by institutional source where supplied,20,verified against dated reference entry,20,9
3,CE,1868,January,Date uses the Gregorian January day-page convention; for pre-modern events the original local calendar and conversion can differ. No year 0 is used. Source 1 is a secondary compilation; institutional corroboration is included when available.,Asia,JAN-03-02,event,Meiji Restoration in Japan: The Tokugawa shogunate is abolished; agents of Satsuma and Chōshū seize power. The event is recorded in a dated historical chronology for this calendar day. The dated reference identifies this as a historical event on this calendar day.,Meiji Restoration in Japan: The Tokugawa shogunate is abolished; agents of Satsuma and Chōshū seize power.,3 January 1868 CE,https://en.wikipedia.org/wiki/January_3,,01-03,Wikipedia — January 3,,exact day (secondary compilation),"Social, economic and institutional history",Japan,Gregorian day-date convention (retrospective where applicable),meets target,national,Secondary reference compilation; corroborated by institutional source where supplied,20,verified against dated reference entry,20,5
3,CE,1913,January,Date uses the Gregorian January day-page convention; for pre-modern events the original local calendar and conversion can differ. No year 0 is used. Source 1 is a secondary compilation; institutional corroboration is included when available.,Middle East,JAN-03-03,event,"First Balkan War: Greece completes its capture of the eastern Aegean island of Chios, as the last Ottoman forces on the island surrender. The event is recorded in a dated historical chronology for this calendar day.","First Balkan War: Greece completes its capture of the eastern Aegean island of Chios, as the last Ottoman forces on the island surrender.",3 January 1913 CE,https://en.wikipedia.org/wiki/January_3,,01-03,Wikipedia — January 3,,exact day (secondary compilation),War and conflict,Greece,Gregorian day-date convention (retrospective where applicable),meets target,regional,Secondary reference compilation; corroborated by institutional source where supplied,20,verified against dated reference entry,20,7
3,CE,1777,January,Date uses the Gregorian January day-page convention; for pre-modern events the original local calendar and conversion can differ. No year 0 is used. Source 1 is a secondary compilation; institutional corroboration is included when available.,Americas,JAN-03-04,event,"American Revolutionary War: American forces under General George Washington defeat British forces at the Battle of Princeton, helping boost patriot morale. The event is recorded in a dated historical chronology for this calendar day.","American Revolutionary War: American forces under General George Washington defeat British forces at the Battle of Princeton, helping boost patriot morale.",3 January 1777 CE,https://en.wikipedia.org/wiki/January_3,,01-03,Wikipedia — January 3,,exact day (secondary compilation),War and conflict,,Gregorian day-date convention (retrospective where applicable),meets target,international,Secondary reference compilation; corroborated by institutional source where supplied,20,verified against dated reference entry,20,10
3,CE,1861,January,Date uses the Gregorian January day-page convention; for pre-modern events the original local calendar and conversion can differ. No year 0 is used. Source 1 is a secondary compilation; institutional corroboration is included when available.,Americas,JAN-03-05,event,American Civil War: Delaware votes not to secede from the United States. The event is recorded in a dated historical chronology for this calendar day. The dated reference identifies this as a historical event on this calendar day.,American Civil War: Delaware votes not to secede from the United States.,3 January 1861 CE,https://en.wikipedia.org/wiki/January_3,,01-03,Wikipedia — January 3,,exact day (secondary compilation),War and conflict,United States,Gregorian day-date convention (retrospective where applicable),meets target,international,Secondary reference compilation; corroborated by institutional source where supplied,20,verified against dated reference entry,20,9
3,CE,1944,January,Date uses the Gregorian January day-page convention; for pre-modern events the original local calendar and conversion can differ. No year 0 is used. Source 1 is a secondary compilation; institutional corroboration is included when available.,Transregional/unspecified,JAN-03-06,event,"World War II: US flying ace Major Greg ""Pappy"" Boyington is shot down in his Vought F4U Corsair by Captain Masajiro Kawato flying a Mitsubishi A6M Zero. The event is recorded in a dated historical chronology for this calendar day.","World War II: US flying ace Major Greg ""Pappy"" Boyington is shot down in his Vought F4U Corsair by Captain Masajiro Kawato flying a Mitsubishi A6M Zero.",3 January 1944 CE,https://en.wikipedia.org/wiki/January_3,,01-03,Wikipedia — January 3,,exact day (secondary compilation),War and conflict,,Gregorian day-date convention (retrospective where applicable),meets target,international,Secondary reference compilation; corroborated by institutional source where supplied,20,verified against dated reference entry,20,8
3,CE,1871,January,Date uses the Gregorian January day-page convention; for pre-modern events the original local calendar and conversion can differ. No year 0 is used. Source 1 is a secondary compilation; institutional corroboration is included when available.,Europe,JAN-03-07,event,"In the Battle of Bapaume, an engagement in the Franco-Prussian War, General Louis Faidherbe's forces bring about a Prussian retreat. The event is recorded in a dated historical chronology for this calendar day.","In the Battle of Bapaume, an engagement in the Franco-Prussian War, General Louis Faidherbe's forces bring about a Prussian retreat.",3 January 1871 CE,https://en.wikipedia.org/wiki/January_3,,01-03,Wikipedia — January 3,,exact day (secondary compilation),War and conflict,Russia,Gregorian day-date convention (retrospective where applicable),meets target,international,Secondary reference compilation; corroborated by institutional source where supplied,20,verified against dated reference entry,20,8
3,CE,1885,January,Date uses the Gregorian January day-page convention; for pre-modern events the original local calendar and conversion can differ. No year 0 is used. Source 1 is a secondary compilation; institutional corroboration is included when available.,Transregional/unspecified,JAN-03-08,event,Sino-French War: Beginning of the Battle of Núi Bop. The event is recorded in a dated historical chronology for this calendar day. The dated reference identifies this as a historical event on this calendar day.,Sino-French War: Beginning of the Battle of Núi Bop.,3 January 1885 CE,https://en.wikipedia.org/wiki/January_3,,01-03,Wikipedia — January 3,,exact day (secondary compilation),War and conflict,,Gregorian day-date convention (retrospective where applicable),meets target,international,Secondary reference compilation; corroborated by institutional source where supplied,20,verified against dated reference entry,20,8
3,CE,1976,January,Date uses the Gregorian January day-page convention; for pre-modern events the original local calendar and conversion can differ. No year 0 is used. Source 1 is a secondary compilation; institutional corroboration is included when available.,Transregional/unspecified,JAN-03-09,event,"The International Covenant on Economic, Social and Cultural Rights, adopted by the United Nations General Assembly, comes into force. The event is recorded in a dated historical chronology for this calendar day.","The International Covenant on Economic, Social and Cultural Rights, adopted by the United Nations General Assembly, comes into force.",3 January 1976 CE,https://en.wikipedia.org/wiki/January_3,,01-03,Wikipedia — January 3,,exact day (secondary compilation),"Social, economic and institutional history",,Gregorian day-date convention (retrospective where applicable),meets target,regional,Secondary reference compilation; corroborated by institutional source where supplied,20,verified against dated reference entry,20,7
3,CE,1749,January,Date uses the Gregorian January day-page convention; for pre-modern events the original local calendar and conversion can differ. No year 0 is used. Source 1 is a secondary compilation; institutional corroboration is included when available.,Transregional/unspecified,JAN-03-10,event,"The first issue of Berlingske, Denmark's oldest continually operating newspaper, is published. The event is recorded in a dated historical chronology for this calendar day. The dated reference identifies this as a historical event on this calendar day.","The first issue of Berlingske, Denmark's oldest continually operating newspaper, is published.",3 January 1749 CE,https://en.wikipedia.org/wiki/January_3,,01-03,Wikipedia — January 3,,exact day (secondary compilation),"Culture, education and religion",,Gregorian day-date convention (retrospective where applicable),meets target,national,Secondary reference compilation; corroborated by institutional source where supplied,20,verified against dated reference entry,20,5
3,CE,2009,January,Date uses the Gregorian January day-page convention; for pre-modern events the original local calendar and conversion can differ. No year 0 is used. Source 1 is a secondary compilation; institutional corroboration is included when available.,Transregional/unspecified,JAN-03-11,event,"The first block of the blockchain of the decentralized payment system Bitcoin, called the Genesis block, is established by the creator of the system, Satoshi Nakamoto. The event is recorded in a dated historical chronology for this calendar day.","The first block of the blockchain of the decentralized payment system Bitcoin, called the Genesis block, is established by the creator of the system, Satoshi Nakamoto.",3 January 2009 CE,https://en.wikipedia.org/wiki/January_3,,01-03,Wikipedia — January 3,,exact day (secondary compilation),"Social, economic and institutional history",,Gregorian day-date convention (retrospective where applicable),meets target,regional,Secondary reference compilation; corroborated by institutional source where supplied,20,verified against dated reference entry,20,6
3,CE,2004,January,Date uses the Gregorian January day-page convention; for pre-modern events the original local calendar and conversion can differ. No year 0 is used. Source 1 is a secondary compilation; institutional corroboration is included when available.,Africa,JAN-03-12,event,"Flash Airlines Flight 604 crashes into the Red Sea, resulting in 148 deaths, making it one of the deadliest aviation accidents in Egyptian history. The event is recorded in a dated historical chronology for this calendar day.","Flash Airlines Flight 604 crashes into the Red Sea, resulting in 148 deaths, making it one of the deadliest aviation accidents in Egyptian history.",3 January 2004 CE,https://en.wikipedia.org/wiki/January_3,,01-03,Wikipedia — January 3,,exact day (secondary compilation),Disaster and public safety,Egypt,Gregorian day-date convention (retrospective where applicable),meets target,national,Secondary reference compilation; corroborated by institutional source where supplied,20,verified against dated reference entry,20,4
3,CE,1848,January,Date uses the Gregorian January day-page convention; for pre-modern events the original local calendar and conversion can differ. No year 0 is used. Source 1 is a secondary compilation; institutional corroboration is included when available.,Africa,JAN-03-13,event,Joseph Jenkins Roberts is sworn in as the first president of Liberia. The event is recorded in a dated historical chronology for this calendar day. The dated reference identifies this as a historical event on this calendar day.,Joseph Jenkins Roberts is sworn in as the first president of Liberia.,3 January 1848 CE,https://en.wikipedia.org/wiki/January_3,,01-03,Wikipedia — January 3,,exact day (secondary compilation),Political history and decolonization,Liberia,Gregorian day-date convention (retrospective where applicable),meets target,national,Secondary reference compilation; corroborated by institutional source where supplied,20,verified against dated reference entry,20,5
3,CE,1946,January,Date uses the Gregorian January day-page convention; for pre-modern events the original local calendar and conversion can differ. No year 0 is used. Source 1 is a secondary compilation; institutional corroboration is included when available.,Americas,JAN-03-14,event,Popular Canadian American jockey George Woolf suffers a concussion during a freak racing accident; he dies from the injury the following day. The annual George Woolf Memorial Jockey Award is created to honor him.,Popular Canadian American jockey George Woolf suffers a concussion during a freak racing accident; he dies from the injury the following day. The annual George Woolf Memorial…,3 January 1946 CE,https://en.wikipedia.org/wiki/January_3,,01-03,Wikipedia — January 3,,exact day (secondary compilation),War and conflict,,Gregorian day-date convention (retrospective where applicable),meets target,regional,Secondary reference compilation; corroborated by institutional source where supplied,20,verified against dated reference entry,20,6
3,CE,1911,January,Date uses the Gregorian January day-page convention; for pre-modern events the original local calendar and conversion can differ. No year 0 is used. Source 1 is a secondary compilation; institutional corroboration is included when available.,Transregional/unspecified,JAN-03-15,event,A gun battle in the East End of London leaves two dead. It sparked a political row over the involvement of then- Home Secretary Winston Churchill. The event is recorded in a dated historical chronology for this calendar day.,A gun battle in the East End of London leaves two dead. It sparked a political row over the involvement of then- Home Secretary Winston Churchill.,3 January 1911 CE,https://en.wikipedia.org/wiki/January_3,,01-03,Wikipedia — January 3,,exact day (secondary compilation),War and conflict,,Gregorian day-date convention (retrospective where applicable),meets target,regional,Secondary reference compilation; corroborated by institutional source where supplied,20,verified against dated reference entry,20,6
3,CE,1961,January,Date uses the Gregorian January day-page convention; for pre-modern events the original local calendar and conversion can differ. No year 0 is used. Source 1 is a secondary compilation; institutional corroboration is included when available.,Americas,JAN-03-16,event,"Cold War: After a series of economic retaliations against one another, the United States severs diplomatic relations with Cuba. The event is recorded in a dated historical chronology for this calendar day.","Cold War: After a series of economic retaliations against one another, the United States severs diplomatic relations with Cuba.",3 January 1961 CE,https://en.wikipedia.org/wiki/January_3,,01-03,Wikipedia — January 3,,exact day (secondary compilation),War and conflict,United States,Gregorian day-date convention (retrospective where applicable),meets target,regional,Secondary reference compilation; corroborated by institutional source where supplied,20,verified against dated reference entry,20,6
3,CE,1993,January,Date uses the Gregorian January day-page convention; for pre-modern events the original local calendar and conversion can differ. No year 0 is used. Source 1 is a secondary compilation; institutional corroboration is included when available.,Europe,JAN-03-17,event,"In Moscow, Russia, George H. W. Bush and Boris Yeltsin sign the second Strategic Arms Reduction Treaty (START). The event is recorded in a dated historical chronology for this calendar day.","In Moscow, Russia, George H. W. Bush and Boris Yeltsin sign the second Strategic Arms Reduction Treaty (START).",3 January 1993 CE,https://en.wikipedia.org/wiki/January_3,,01-03,Wikipedia — January 3,,exact day (secondary compilation),Political history and decolonization,Russia,Gregorian day-date convention (retrospective where applicable),meets target,national,Secondary reference compilation; corroborated by institutional source where supplied,20,verified against dated reference entry,20,5
3,CE,1920,January,Date uses the Gregorian January day-page convention; for pre-modern events the original local calendar and conversion can differ. No year 0 is used. Source 1 is a secondary compilation; institutional corroboration is included when available.,Transregional/unspecified,JAN-03-18,event,Over 640 are killed after a magnitude 6.4 earthquake strikes the Mexican states Puebla and Veracruz. The event is recorded in a dated historical chronology for this calendar day. The dated reference identifies this as a historical event on this calendar day.,Over 640 are killed after a magnitude 6.4 earthquake strikes the Mexican states Puebla and Veracruz.,3 January 1920 CE,https://en.wikipedia.org/wiki/January_3,,01-03,Wikipedia — January 3,,exact day (secondary compilation),Disaster and public safety,,Gregorian day-date convention (retrospective where applicable),meets target,national,Secondary reference compilation; corroborated by institutional source where supplied,20,verified against dated reference entry,20,5
3,CE,1911,January,Date uses the Gregorian January day-page convention; for pre-modern events the original local calendar and conversion can differ. No year 0 is used. Source 1 is a secondary compilation; institutional corroboration is included when available.,Europe,JAN-03-19,event,A magnitude 7.7 earthquake destroys the city of Almaty in Russian Turkestan. The event is recorded in a dated historical chronology for this calendar day. The dated reference identifies this as a historical event on this calendar day.,A magnitude 7.7 earthquake destroys the city of Almaty in Russian Turkestan.,3 January 1911 CE,https://en.wikipedia.org/wiki/January_3,,01-03,Wikipedia — January 3,,exact day (secondary compilation),Disaster and public safety,Russia,Gregorian day-date convention (retrospective where applicable),meets target,national,Secondary reference compilation; corroborated by institutional source where supplied,20,verified against dated reference entry,20,5
3,CE,1990,January,Date uses the Gregorian January day-page convention; for pre-modern events the original local calendar and conversion can differ. No year 0 is used. Source 1 is a secondary compilation; institutional corroboration is included when available.,Americas,JAN-03-20,event,"United States invasion of Panama: Manuel Noriega, former leader of Panama, surrenders to American forces. The event is recorded in a dated historical chronology for this calendar day. The dated reference identifies this as a historical event on this calendar day.","United States invasion of Panama: Manuel Noriega, former leader of Panama, surrenders to American forces.",3 January 1990 CE,https://en.wikipedia.org/wiki/January_3,,01-03,Wikipedia — January 3,,exact day (secondary compilation),War and conflict,United States,Gregorian day-date convention (retrospective where applicable),meets target,national,Secondary reference compilation; corroborated by institutional source where supplied,20,verified against dated reference entry,20,5
4,CE,1885,January,Date uses the Gregorian January day-page convention; for pre-modern events the original local calendar and conversion can differ. No year 0 is used. Source 1 is a secondary compilation; institutional corroboration is included when available.,Asia,JAN-04-01,event,Sino-French War: French troops under General Oscar de Négrier defeat a numerically superior Qing force at Núi Bop in northern Vietnam. The event is recorded in a dated historical chronology for this calendar day.,Sino-French War: French troops under General Oscar de Négrier defeat a numerically superior Qing force at Núi Bop in northern Vietnam.,4 January 1885 CE,https://en.wikipedia.org/wiki/January_4,,01-04,Wikipedia — January 4,,exact day (secondary compilation),War and conflict,Vietnam,Gregorian day-date convention (retrospective where applicable),meets target,regional,Secondary reference compilation; corroborated by institutional source where supplied,20,verified against dated reference entry,20,6
4,CE,1878,January,Date uses the Gregorian January day-page convention; for pre-modern events the original local calendar and conversion can differ. No year 0 is used. Source 1 is a secondary compilation; institutional corroboration is included when available.,Middle East,JAN-04-02,event,Russo-Turkish War (1877–78): Sofia is liberated from Ottoman rule. The event is recorded in a dated historical chronology for this calendar day. The dated reference identifies this as a historical event on this calendar day.,Russo-Turkish War (1877–78): Sofia is liberated from Ottoman rule.,4 January 1878 CE,https://en.wikipedia.org/wiki/January_4,,01-04,Wikipedia — January 4,,exact day (secondary compilation),War and conflict,,Gregorian day-date convention (retrospective where applicable),meets target,regional,Secondary reference compilation; corroborated by institutional source where supplied,20,verified against dated reference entry,20,6
4,CE,1853,January,Date uses the Gregorian January day-page convention; for pre-modern events the original local calendar and conversion can differ. No year 0 is used. Source 1 is a secondary compilation; institutional corroboration is included when available.,Americas,JAN-04-03,event,"After having been kidnapped and sold into slavery in the American South, Solomon Northup regains his freedom; his memoir Twelve Years a Slave later becomes a national bestseller. The event is recorded in a dated historical chronology for this calendar day.","After having been kidnapped and sold into slavery in the American South, Solomon Northup regains his freedom; his memoir Twelve Years a Slave later becomes a national bestseller.",4 January 1853 CE,https://en.wikipedia.org/wiki/January_4,,01-04,Wikipedia — January 4,,exact day (secondary compilation),"Social, economic and institutional history",,Gregorian day-date convention (retrospective where applicable),meets target,national,Secondary reference compilation; corroborated by institutional source where supplied,20,verified against dated reference entry,20,5
4,CE,1909,January,Date uses the Gregorian January day-page convention; for pre-modern events the original local calendar and conversion can differ. No year 0 is used. Source 1 is a secondary compilation; institutional corroboration is included when available.,Polar regions,JAN-04-04,event,Explorer Aeneas Mackintosh of the Imperial Trans-Antarctic Expedition escaped death by fleeing across ice floes. The event is recorded in a dated historical chronology for this calendar day. The dated reference identifies this as a historical event on this calendar day.,Explorer Aeneas Mackintosh of the Imperial Trans-Antarctic Expedition escaped death by fleeing across ice floes.,4 January 1909 CE,https://en.wikipedia.org/wiki/January_4,,01-04,Wikipedia — January 4,,exact day (secondary compilation),"Science, technology and exploration",,Gregorian day-date convention (retrospective where applicable),meets target,national,Secondary reference compilation; corroborated by institutional source where supplied,20,verified against dated reference entry,20,4
4,CE,1944,January,Date uses the Gregorian January day-page convention; for pre-modern events the original local calendar and conversion can differ. No year 0 is used. Source 1 is a secondary compilation; institutional corroboration is included when available.,Europe,JAN-04-05,event,"World War II: Operation Carpetbagger, involving the dropping of arms and supplies to resistance fighters in Europe, begins. The event is recorded in a dated historical chronology for this calendar day.","World War II: Operation Carpetbagger, involving the dropping of arms and supplies to resistance fighters in Europe, begins.",4 January 1944 CE,https://en.wikipedia.org/wiki/January_4,,01-04,Wikipedia — January 4,,exact day (secondary compilation),War and conflict,,Gregorian day-date convention (retrospective where applicable),meets target,international,Secondary reference compilation; corroborated by institutional source where supplied,20,verified against dated reference entry,20,8
4,CE,1642,January,Date uses the Gregorian January day-page convention; for pre-modern events the original local calendar and conversion can differ. No year 0 is used. Source 1 is a secondary compilation; institutional corroboration is included when available.,Transregional/unspecified,JAN-04-06,event,"English Civil War: King Charles I, accompanied by 400 soldiers, attempts to arrest five members of Parliament for treason, only to discover the men had been tipped off and fled.","English Civil War: King Charles I, accompanied by 400 soldiers, attempts to arrest five members of Parliament for treason, only to discover the men had been tipped off and fled.",4 January 1642 CE,https://en.wikipedia.org/wiki/January_4,,01-04,Wikipedia — January 4,,exact day (secondary compilation),War and conflict,,Gregorian day-date convention (retrospective where applicable),meets target,regional,Secondary reference compilation; corroborated by institutional source where supplied,20,verified against dated reference entry,20,7
4,CE,1958,January,Date uses the Gregorian January day-page convention; for pre-modern events the original local calendar and conversion can differ. No year 0 is used. Source 1 is a secondary compilation; institutional corroboration is included when available.,Transregional/unspecified,JAN-04-07,event,"Sputnik 1, the first artificial Earth satellite, launched by the Soviet Union in 1957, falls to Earth from orbit. The event is recorded in a dated historical chronology for this calendar day.","Sputnik 1, the first artificial Earth satellite, launched by the Soviet Union in 1957, falls to Earth from orbit.",4 January 1958 CE,https://en.wikipedia.org/wiki/January_4,,01-04,Wikipedia — January 4,,exact day (secondary compilation),"Science, technology and exploration",,Gregorian day-date convention (retrospective where applicable),meets target,international,Secondary reference compilation; corroborated by institutional source where supplied,20,verified against dated reference entry,20,8
4,CE,1948,January,Date uses the Gregorian January day-page convention; for pre-modern events the original local calendar and conversion can differ. No year 0 is used. Source 1 is a secondary compilation; institutional corroboration is included when available.,Transregional/unspecified,JAN-04-08,event,"Burma gains its independence from the United Kingdom, becoming an independent republic. The event is recorded in a dated historical chronology for this calendar day. The dated reference identifies this as a historical event on this calendar day.","Burma gains its independence from the United Kingdom, becoming an independent republic.",4 January 1948 CE,https://en.wikipedia.org/wiki/January_4,,01-04,Wikipedia — January 4,,exact day (secondary compilation),Political history and decolonization,United Kingdom,Gregorian day-date convention (retrospective where applicable),meets target,regional,Secondary reference compilation; corroborated by institutional source where supplied,20,verified against dated reference entry,20,7
4,CE,1649,January,Date uses the Gregorian January day-page convention; for pre-modern events the original local calendar and conversion can differ. No year 0 is used. Source 1 is a secondary compilation; institutional corroboration is included when available.,Transregional/unspecified,JAN-04-09,event,English Civil War: The Rump Parliament votes to put Charles I on trial. The event is recorded in a dated historical chronology for this calendar day. The dated reference identifies this as a historical event on this calendar day.,English Civil War: The Rump Parliament votes to put Charles I on trial.,4 January 1649 CE,https://en.wikipedia.org/wiki/January_4,,01-04,Wikipedia — January 4,,exact day (secondary compilation),War and conflict,,Gregorian day-date convention (retrospective where applicable),meets target,regional,Secondary reference compilation; corroborated by institutional source where supplied,20,verified against dated reference entry,20,7
4,CE,871,January,Date uses the Gregorian January day-page convention; for pre-modern events the original local calendar and conversion can differ. No year 0 is used. Source 1 is a secondary compilation; institutional corroboration is included when available.,Transregional/unspecified,JAN-04-10,event,Battle of Reading: Æthelred of Wessex and his brother Alfred are defeated by a Danish invasion army. The event is recorded in a dated historical chronology for this calendar day.,Battle of Reading: Æthelred of Wessex and his brother Alfred are defeated by a Danish invasion army.,4 January 871 CE,https://en.wikipedia.org/wiki/January_4,,01-04,Wikipedia — January 4,,exact day (secondary compilation),War and conflict,,Gregorian day-date convention (retrospective where applicable),meets target,regional,Secondary reference compilation; corroborated by institutional source where supplied,20,verified against dated reference entry,20,7
4,CE,1762,January,Date uses the Gregorian January day-page convention; for pre-modern events the original local calendar and conversion can differ. No year 0 is used. Source 1 is a secondary compilation; institutional corroboration is included when available.,Europe,JAN-04-11,event,"Great Britain declares war on Spain, which meant the entry of Spain into the Seven Years' War. The event is recorded in a dated historical chronology for this calendar day.","Great Britain declares war on Spain, which meant the entry of Spain into the Seven Years' War.",4 January 1762 CE,https://en.wikipedia.org/wiki/January_4,,01-04,Wikipedia — January 4,,exact day (secondary compilation),War and conflict,Spain,Gregorian day-date convention (retrospective where applicable),meets target,regional,Secondary reference compilation; corroborated by institutional source where supplied,20,verified against dated reference entry,20,7
4,CE,1844,January,Date uses the Gregorian January day-page convention; for pre-modern events the original local calendar and conversion can differ. No year 0 is used. Source 1 is a secondary compilation; institutional corroboration is included when available.,Transregional/unspecified,JAN-04-12,event,"The first issue of the Swedish-languaged Saima newspaper founded by J. V. Snellman is published in Kuopio, Finland. The event is recorded in a dated historical chronology for this calendar day.","The first issue of the Swedish-languaged Saima newspaper founded by J. V. Snellman is published in Kuopio, Finland.",4 January 1844 CE,https://en.wikipedia.org/wiki/January_4,,01-04,Wikipedia — January 4,,exact day (secondary compilation),"Culture, education and religion",,Gregorian day-date convention (retrospective where applicable),meets target,regional,Secondary reference compilation; corroborated by institutional source where supplied,20,verified against dated reference entry,20,6
4,CE,2004,January,Date uses the Gregorian January day-page convention; for pre-modern events the original local calendar and conversion can differ. No year 0 is used. Source 1 is a secondary compilation; institutional corroboration is included when available.,Transregional/unspecified,JAN-04-13,event,Mikheil Saakashvili is elected President of Georgia following the November 2003 Rose Revolution. The event is recorded in a dated historical chronology for this calendar day. The dated reference identifies this as a historical event on this calendar day.,Mikheil Saakashvili is elected President of Georgia following the November 2003 Rose Revolution.,4 January 2004 CE,https://en.wikipedia.org/wiki/January_4,,01-04,Wikipedia — January 4,,exact day (secondary compilation),Political history and decolonization,,Gregorian day-date convention (retrospective where applicable),meets target,regional,Secondary reference compilation; corroborated by institutional source where supplied,20,verified against dated reference entry,20,6
4,CE,1959,January,Date uses the Gregorian January day-page convention; for pre-modern events the original local calendar and conversion can differ. No year 0 is used. Source 1 is a secondary compilation; institutional corroboration is included when available.,Transregional/unspecified,JAN-04-14,event,Luna 1 becomes the first spacecraft to reach the vicinity of the Moon. The event is recorded in a dated historical chronology for this calendar day. The dated reference identifies this as a historical event on this calendar day.,Luna 1 becomes the first spacecraft to reach the vicinity of the Moon.,4 January 1959 CE,https://en.wikipedia.org/wiki/January_4,,01-04,Wikipedia — January 4,,exact day (secondary compilation),"Science, technology and exploration",,Gregorian day-date convention (retrospective where applicable),meets target,regional,Secondary reference compilation; corroborated by institutional source where supplied,20,verified against dated reference entry,20,7
4,CE,1918,January,Date uses the Gregorian January day-page convention; for pre-modern events the original local calendar and conversion can differ. No year 0 is used. Source 1 is a secondary compilation; institutional corroboration is included when available.,Europe,JAN-04-15,event,"The Finnish Declaration of Independence is recognized by Russia, Sweden, Germany and France. The event is recorded in a dated historical chronology for this calendar day. The dated reference identifies this as a historical event on this calendar day.","The Finnish Declaration of Independence is recognized by Russia, Sweden, Germany and France.",4 January 1918 CE,https://en.wikipedia.org/wiki/January_4,,01-04,Wikipedia — January 4,,exact day (secondary compilation),Political history and decolonization,France,Gregorian day-date convention (retrospective where applicable),meets target,regional,Secondary reference compilation; corroborated by institutional source where supplied,20,verified against dated reference entry,20,6
4,CE,1951,January,Date uses the Gregorian January day-page convention; for pre-modern events the original local calendar and conversion can differ. No year 0 is used. Source 1 is a secondary compilation; institutional corroboration is included when available.,Asia,JAN-04-16,event,Korean War: Chinese and North Korean forces capture Seoul for the second time. The event is recorded in a dated historical chronology for this calendar day. The dated reference identifies this as a historical event on this calendar day.,Korean War: Chinese and North Korean forces capture Seoul for the second time.,4 January 1951 CE,https://en.wikipedia.org/wiki/January_4,,01-04,Wikipedia — January 4,,exact day (secondary compilation),War and conflict,Korea,Gregorian day-date convention (retrospective where applicable),meets target,regional,Secondary reference compilation; corroborated by institutional source where supplied,20,verified against dated reference entry,20,6
4,CE,1884,January,Date uses the Gregorian January day-page convention; for pre-modern events the original local calendar and conversion can differ. No year 0 is used. Source 1 is a secondary compilation; institutional corroboration is included when available.,Transregional/unspecified,JAN-04-17,event,"The Fabian Society is founded in London, United Kingdom. The event is recorded in a dated historical chronology for this calendar day. The dated reference identifies this as a historical event on this calendar day.","The Fabian Society is founded in London, United Kingdom.",4 January 1884 CE,https://en.wikipedia.org/wiki/January_4,,01-04,Wikipedia — January 4,,exact day (secondary compilation),Political history and decolonization,United Kingdom,Gregorian day-date convention (retrospective where applicable),meets target,national,Secondary reference compilation; corroborated by institutional source where supplied,20,verified against dated reference entry,20,5
4,CE,1975,January,Date uses the Gregorian January day-page convention; for pre-modern events the original local calendar and conversion can differ. No year 0 is used. Source 1 is a secondary compilation; institutional corroboration is included when available.,Transregional/unspecified,JAN-04-18,event,This date overflowed the 12-bit field that had been used in TOPS-10. There were numerous problems and crashes related to this bug while an alternative format was developed. The event is recorded in a dated historical chronology for this calendar day.,This date overflowed the 12-bit field that had been used in TOPS-10. There were numerous problems and crashes related to this bug while an alternative format was developed.,4 January 1975 CE,https://en.wikipedia.org/wiki/January_4,,01-04,Wikipedia — January 4,,exact day (secondary compilation),Disaster and public safety,,Gregorian day-date convention (retrospective where applicable),meets target,national,Secondary reference compilation; corroborated by institutional source where supplied,20,verified against dated reference entry,20,4
4,CE,1798,January,Date uses the Gregorian January day-page convention; for pre-modern events the original local calendar and conversion can differ. No year 0 is used. Source 1 is a secondary compilation; institutional corroboration is included when available.,Middle East,JAN-04-19,event,"Constantine Hangerli arrives in Bucharest, Wallachia, as its new Prince, invested by the Ottoman Empire. The event is recorded in a dated historical chronology for this calendar day. The dated reference identifies this as a historical event on this calendar day.","Constantine Hangerli arrives in Bucharest, Wallachia, as its new Prince, invested by the Ottoman Empire.",4 January 1798 CE,https://en.wikipedia.org/wiki/January_4,,01-04,Wikipedia — January 4,,exact day (secondary compilation),Political history and decolonization,,Gregorian day-date convention (retrospective where applicable),meets target,national,Secondary reference compilation; corroborated by institutional source where supplied,20,verified against dated reference entry,20,5
4,CE,2008,January,Date uses the Gregorian January day-page convention; for pre-modern events the original local calendar and conversion can differ. No year 0 is used. Source 1 is a secondary compilation; institutional corroboration is included when available.,Americas,JAN-04-20,event,"A Let L-410 Turbolet crashes in the Los Roques Archipelago in Venezuela, killing 14 people. The event is recorded in a dated historical chronology for this calendar day. The dated reference identifies this as a historical event on this calendar day.","A Let L-410 Turbolet crashes in the Los Roques Archipelago in Venezuela, killing 14 people.",4 January 2008 CE,https://en.wikipedia.org/wiki/January_4,,01-04,Wikipedia — January 4,,exact day (secondary compilation),Disaster and public safety,Venezuela,Gregorian day-date convention (retrospective where applicable),meets target,national,Secondary reference compilation; corroborated by institutional source where supplied,20,verified against dated reference entry,20,4
5,CE,1911,January,Date uses the Gregorian January day-page convention; for pre-modern events the original local calendar and conversion can differ. No year 0 is used. Source 1 is a secondary compilation; institutional corroboration is included when available.,Asia,JAN-05-01,event,"Kappa Alpha Psi, the world's third-oldest and largest black fraternity, is founded at Indiana University. The event is recorded in a dated historical chronology for this calendar day. The dated reference identifies this as a historical event on this calendar day.","Kappa Alpha Psi, the world's third-oldest and largest black fraternity, is founded at Indiana University.",5 January 1911 CE,https://en.wikipedia.org/wiki/January_5,,01-05,Wikipedia — January 5,,exact day (secondary compilation),"Culture, education and religion",India,Gregorian day-date convention (retrospective where applicable),meets target,national,Secondary reference compilation; corroborated by institutional source where supplied,20,verified against dated reference entry,20,5
5,CE,1781,January,Date uses the Gregorian January day-page convention; for pre-modern events the original local calendar and conversion can differ. No year 0 is used. Source 1 is a secondary compilation; institutional corroboration is included when available.,Americas,JAN-05-02,event,"American Revolutionary War: Richmond, Virginia, is burned by British naval forces led by former American general Benedict Arnold. The event is recorded in a dated historical chronology for this calendar day.","American Revolutionary War: Richmond, Virginia, is burned by British naval forces led by former American general Benedict Arnold.",5 January 1781 CE,https://en.wikipedia.org/wiki/January_5,,01-05,Wikipedia — January 5,,exact day (secondary compilation),War and conflict,,Gregorian day-date convention (retrospective where applicable),meets target,international,Secondary reference compilation; corroborated by institutional source where supplied,20,verified against dated reference entry,20,8
5,CE,1975,January,Date uses the Gregorian January day-page convention; for pre-modern events the original local calendar and conversion can differ. No year 0 is used. Source 1 is a secondary compilation; institutional corroboration is included when available.,Oceania,JAN-05-03,event,"The Tasman Bridge in Tasmania, Australia, is struck by the bulk ore carrier Lake Illawarra, killing twelve people. The event is recorded in a dated historical chronology for this calendar day.","The Tasman Bridge in Tasmania, Australia, is struck by the bulk ore carrier Lake Illawarra, killing twelve people.",5 January 1975 CE,https://en.wikipedia.org/wiki/January_5,,01-05,Wikipedia — January 5,,exact day (secondary compilation),War and conflict,Australia,Gregorian day-date convention (retrospective where applicable),meets target,regional,Secondary reference compilation; corroborated by institutional source where supplied,20,verified against dated reference entry,20,7
5,CE,1913,January,Date uses the Gregorian January day-page convention; for pre-modern events the original local calendar and conversion can differ. No year 0 is used. Source 1 is a secondary compilation; institutional corroboration is included when available.,Transregional/unspecified,JAN-05-04,event,"First Balkan War: The Battle of Lemnos begins; Greek admiral Pavlos Kountouriotis forces the Turkish fleet to retreat to its base within the Dardanelles, from which it did not venture for the rest of the war.","First Balkan War: The Battle of Lemnos begins; Greek admiral Pavlos Kountouriotis forces the Turkish fleet to retreat to its base within the Dardanelles, from which it did not…",5 January 1913 CE,https://en.wikipedia.org/wiki/January_5,,01-05,Wikipedia — January 5,,exact day (secondary compilation),War and conflict,,Gregorian day-date convention (retrospective where applicable),meets target,international,Secondary reference compilation; corroborated by institutional source where supplied,20,verified against dated reference entry,20,9
5,CE,2005,January,Date uses the Gregorian January day-page convention; for pre-modern events the original local calendar and conversion can differ. No year 0 is used. Source 1 is a secondary compilation; institutional corroboration is included when available.,Transregional/unspecified,JAN-05-05,event,"The dwarf planet Eris is discovered by Palomar Observatory-based astronomers, later motivating the International Astronomical Union (IAU) to define the term planet for the first time. The event is recorded in a dated historical chronology for this calendar day.","The dwarf planet Eris is discovered by Palomar Observatory-based astronomers, later motivating the International Astronomical Union (IAU) to define the term planet for the…",5 January 2005 CE,https://en.wikipedia.org/wiki/January_5,,01-05,Wikipedia — January 5,,exact day (secondary compilation),War and conflict,,Gregorian day-date convention (retrospective where applicable),meets target,international,Secondary reference compilation; corroborated by institutional source where supplied,20,verified against dated reference entry,20,8
5,CE,1991,January,Date uses the Gregorian January day-page convention; for pre-modern events the original local calendar and conversion can differ. No year 0 is used. Source 1 is a secondary compilation; institutional corroboration is included when available.,Americas,JAN-05-06,event,Somali Civil War: The United States Embassy to Somalia in Mogadishu is evacuated by helicopter airlift days after the outbreak of violence in Mogadishu. The event is recorded in a dated historical chronology for this calendar day.,Somali Civil War: The United States Embassy to Somalia in Mogadishu is evacuated by helicopter airlift days after the outbreak of violence in Mogadishu.,5 January 1991 CE,https://en.wikipedia.org/wiki/January_5,,01-05,Wikipedia — January 5,,exact day (secondary compilation),War and conflict,United States,Gregorian day-date convention (retrospective where applicable),meets target,regional,Secondary reference compilation; corroborated by institutional source where supplied,20,verified against dated reference entry,20,7
5,CE,1969,January,Date uses the Gregorian January day-page convention; for pre-modern events the original local calendar and conversion can differ. No year 0 is used. Source 1 is a secondary compilation; institutional corroboration is included when available.,Transregional/unspecified,JAN-05-07,event,The Venera 5 space probe is launched at 06:28:08 UTC from Baikonur. The event is recorded in a dated historical chronology for this calendar day. The dated reference identifies this as a historical event on this calendar day.,The Venera 5 space probe is launched at 06:28:08 UTC from Baikonur.,5 January 1969 CE,https://en.wikipedia.org/wiki/January_5,,01-05,Wikipedia — January 5,,exact day (secondary compilation),"Science, technology and exploration",,Gregorian day-date convention (retrospective where applicable),meets target,regional,Secondary reference compilation; corroborated by institutional source where supplied,20,verified against dated reference entry,20,7
5,CE,1967,January,Date uses the Gregorian January day-page convention; for pre-modern events the original local calendar and conversion can differ. No year 0 is used. Source 1 is a secondary compilation; institutional corroboration is included when available.,Transregional/unspecified,JAN-05-08,event,Cultural Revolution: The Shanghai People's Commune is established following the seizure of power from local city officials by revolutionaries. The event is recorded in a dated historical chronology for this calendar day.,Cultural Revolution: The Shanghai People's Commune is established following the seizure of power from local city officials by revolutionaries.,5 January 1967 CE,https://en.wikipedia.org/wiki/January_5,,01-05,Wikipedia — January 5,,exact day (secondary compilation),"Social, economic and institutional history",,Gregorian day-date convention (retrospective where applicable),meets target,regional,Secondary reference compilation; corroborated by institutional source where supplied,20,verified against dated reference entry,20,7
5,CE,1972,January,Date uses the Gregorian January day-page convention; for pre-modern events the original local calendar and conversion can differ. No year 0 is used. Source 1 is a secondary compilation; institutional corroboration is included when available.,Transregional/unspecified,JAN-05-09,event,US President Richard Nixon announces the Space Shuttle program. The event is recorded in a dated historical chronology for this calendar day. The dated reference identifies this as a historical event on this calendar day.,US President Richard Nixon announces the Space Shuttle program.,5 January 1972 CE,https://en.wikipedia.org/wiki/January_5,,01-05,Wikipedia — January 5,,exact day (secondary compilation),"Science, technology and exploration",,Gregorian day-date convention (retrospective where applicable),meets target,national,Secondary reference compilation; corroborated by institutional source where supplied,20,verified against dated reference entry,20,5
5,CE,1822,January,Date uses the Gregorian January day-page convention; for pre-modern events the original local calendar and conversion can differ. No year 0 is used. Source 1 is a secondary compilation; institutional corroboration is included when available.,Americas,JAN-05-10,event,The government of Central America votes for total annexation to the First Mexican Empire. The event is recorded in a dated historical chronology for this calendar day. The dated reference identifies this as a historical event on this calendar day.,The government of Central America votes for total annexation to the First Mexican Empire.,5 January 1822 CE,https://en.wikipedia.org/wiki/January_5,,01-05,Wikipedia — January 5,,exact day (secondary compilation),Political history and decolonization,,Gregorian day-date convention (retrospective where applicable),meets target,regional,Secondary reference compilation; corroborated by institutional source where supplied,20,verified against dated reference entry,20,6
5,CE,1944,January,Date uses the Gregorian January day-page convention; for pre-modern events the original local calendar and conversion can differ. No year 0 is used. Source 1 is a secondary compilation; institutional corroboration is included when available.,Transregional/unspecified,JAN-05-11,event,The Daily Mail becomes the first major London newspaper to be published on both sides of the Atlantic Ocean. The event is recorded in a dated historical chronology for this calendar day.,The Daily Mail becomes the first major London newspaper to be published on both sides of the Atlantic Ocean.,5 January 1944 CE,https://en.wikipedia.org/wiki/January_5,,01-05,Wikipedia — January 5,,exact day (secondary compilation),"Culture, education and religion",,Gregorian day-date convention (retrospective where applicable),meets target,national,Secondary reference compilation; corroborated by institutional source where supplied,20,verified against dated reference entry,20,5
5,CE,1477,January,Date uses the Gregorian January day-page convention; for pre-modern events the original local calendar and conversion can differ. No year 0 is used. Source 1 is a secondary compilation; institutional corroboration is included when available.,Europe,JAN-05-12,event,"Battle of Nancy: Charles the Bold is defeated and killed in a conflict with René II, Duke of Lorraine; Burgundy subsequently becomes part of France. The event is recorded in a dated historical chronology for this calendar day.","Battle of Nancy: Charles the Bold is defeated and killed in a conflict with René II, Duke of Lorraine; Burgundy subsequently becomes part of France.",5 January 1477 CE,https://en.wikipedia.org/wiki/January_5,,01-05,Wikipedia — January 5,,exact day (secondary compilation),War and conflict,France,Gregorian day-date convention (retrospective where applicable),meets target,regional,Secondary reference compilation; corroborated by institutional source where supplied,20,verified against dated reference entry,20,6
5,CE,1991,January,Date uses the Gregorian January day-page convention; for pre-modern events the original local calendar and conversion can differ. No year 0 is used. Source 1 is a secondary compilation; institutional corroboration is included when available.,Transregional/unspecified,JAN-05-13,event,"Georgian forces enter Tskhinvali, the capital of South Ossetia, Georgia, opening the 1991–92 South Ossetia War. The event is recorded in a dated historical chronology for this calendar day. The dated reference identifies this as a historical event on this calendar day.","Georgian forces enter Tskhinvali, the capital of South Ossetia, Georgia, opening the 1991–92 South Ossetia War.",5 January 1991 CE,https://en.wikipedia.org/wiki/January_5,,01-05,Wikipedia — January 5,,exact day (secondary compilation),War and conflict,,Gregorian day-date convention (retrospective where applicable),meets target,regional,Secondary reference compilation; corroborated by institutional source where supplied,20,verified against dated reference entry,20,6
5,CE,1900,January,Date uses the Gregorian January day-page convention; for pre-modern events the original local calendar and conversion can differ. No year 0 is used. Source 1 is a secondary compilation; institutional corroboration is included when available.,Transregional/unspecified,JAN-05-14,event,Irish nationalist leader John Edward Redmond calls for revolt against British rule. The event is recorded in a dated historical chronology for this calendar day. The dated reference identifies this as a historical event on this calendar day.,Irish nationalist leader John Edward Redmond calls for revolt against British rule.,5 January 1900 CE,https://en.wikipedia.org/wiki/January_5,,01-05,Wikipedia — January 5,,exact day (secondary compilation),War and conflict,,Gregorian day-date convention (retrospective where applicable),meets target,regional,Secondary reference compilation; corroborated by institutional source where supplied,20,verified against dated reference entry,20,6
5,CE,1675,January,Date uses the Gregorian January day-page convention; for pre-modern events the original local calendar and conversion can differ. No year 0 is used. Source 1 is a secondary compilation; institutional corroboration is included when available.,Europe,JAN-05-15,event,Battle of Colmar: The French army defeats forces from Austria and Brandenburg. The event is recorded in a dated historical chronology for this calendar day. The dated reference identifies this as a historical event on this calendar day.,Battle of Colmar: The French army defeats forces from Austria and Brandenburg.,5 January 1675 CE,https://en.wikipedia.org/wiki/January_5,,01-05,Wikipedia — January 5,,exact day (secondary compilation),War and conflict,Austria,Gregorian day-date convention (retrospective where applicable),meets target,regional,Secondary reference compilation; corroborated by institutional source where supplied,20,verified against dated reference entry,20,6
5,CE,1970,January,Date uses the Gregorian January day-page convention; for pre-modern events the original local calendar and conversion can differ. No year 0 is used. Source 1 is a secondary compilation; institutional corroboration is included when available.,Asia,JAN-05-16,event,"The 7.1 M w Tonghai earthquake shakes Tonghai County, Yunnan province, China, with a maximum Mercalli intensity of X (Extreme). Between 10,000 and 15,000 people are known to have been killed and about another 26,000 are injured.","The 7.1 M w Tonghai earthquake shakes Tonghai County, Yunnan province, China, with a maximum Mercalli intensity of X (Extreme). Between 10,000 and 15,000 people are known to…",5 January 1970 CE,https://en.wikipedia.org/wiki/January_5,,01-05,Wikipedia — January 5,,exact day (secondary compilation),Disaster and public safety,China,Gregorian day-date convention (retrospective where applicable),meets target,national,Secondary reference compilation; corroborated by institutional source where supplied,20,verified against dated reference entry,20,5
5,CE,1976,January,Date uses the Gregorian January day-page convention; for pre-modern events the original local calendar and conversion can differ. No year 0 is used. Source 1 is a secondary compilation; institutional corroboration is included when available.,Transregional/unspecified,JAN-05-17,event,The Khmer Rouge announce that the new Constitution of Democratic Kampuchea is ratified. The event is recorded in a dated historical chronology for this calendar day. The dated reference identifies this as a historical event on this calendar day.,The Khmer Rouge announce that the new Constitution of Democratic Kampuchea is ratified.,5 January 1976 CE,https://en.wikipedia.org/wiki/January_5,,01-05,Wikipedia — January 5,,exact day (secondary compilation),Political history and decolonization,,Gregorian day-date convention (retrospective where applicable),meets target,national,Secondary reference compilation; corroborated by institutional source where supplied,20,verified against dated reference entry,20,5
5,CE,1945,January,Date uses the Gregorian January day-page convention; for pre-modern events the original local calendar and conversion can differ. No year 0 is used. Source 1 is a secondary compilation; institutional corroboration is included when available.,Europe,JAN-05-18,event,The Soviet Union recognizes the new pro-Soviet Provisional Government of the Republic of Poland. The event is recorded in a dated historical chronology for this calendar day. The dated reference identifies this as a historical event on this calendar day.,The Soviet Union recognizes the new pro-Soviet Provisional Government of the Republic of Poland.,5 January 1945 CE,https://en.wikipedia.org/wiki/January_5,,01-05,Wikipedia — January 5,,exact day (secondary compilation),Political history and decolonization,Poland,Gregorian day-date convention (retrospective where applicable),meets target,national,Secondary reference compilation; corroborated by institutional source where supplied,20,verified against dated reference entry,20,5
5,CE,1969,January,Date uses the Gregorian January day-page convention; for pre-modern events the original local calendar and conversion can differ. No year 0 is used. Source 1 is a secondary compilation; institutional corroboration is included when available.,Transregional/unspecified,JAN-05-19,event,"Ariana Afghan Airlines Flight 701 crashes in Fernhill, West Sussex, UK, while on approach to Gatwick Airport, killing 50 people. The event is recorded in a dated historical chronology for this calendar day.","Ariana Afghan Airlines Flight 701 crashes in Fernhill, West Sussex, UK, while on approach to Gatwick Airport, killing 50 people.",5 January 1969 CE,https://en.wikipedia.org/wiki/January_5,,01-05,Wikipedia — January 5,,exact day (secondary compilation),Disaster and public safety,,Gregorian day-date convention (retrospective where applicable),meets target,national,Secondary reference compilation; corroborated by institutional source where supplied,20,verified against dated reference entry,20,4
5,CE,1970,January,Date uses the Gregorian January day-page convention; for pre-modern events the original local calendar and conversion can differ. No year 0 is used. Source 1 is a secondary compilation; institutional corroboration is included when available.,Transregional/unspecified,JAN-05-20,event,"A Spantax Convair CV-990 Coronado crashes during takeoff from Stockholm Arlanda Airport, killing five people. The event is recorded in a dated historical chronology for this calendar day. The dated reference identifies this as a historical event on this calendar day.","A Spantax Convair CV-990 Coronado crashes during takeoff from Stockholm Arlanda Airport, killing five people.",5 January 1970 CE,https://en.wikipedia.org/wiki/January_5,,01-05,Wikipedia — January 5,,exact day (secondary compilation),Disaster and public safety,,Gregorian day-date convention (retrospective where applicable),meets target,national,Secondary reference compilation; corroborated by institutional source where supplied,20,verified against dated reference entry,20,4
6,CE,1967,January,Date uses the Gregorian January day-page convention; for pre-modern events the original local calendar and conversion can differ. No year 0 is used. Source 1 is a secondary compilation; institutional corroboration is included when available.,Asia,JAN-06-01,event,"Vietnam War: United States Marine Corps and ARVN troops launch "" Operation Deckhouse Five"" in the Mekong River delta. The event is recorded in a dated historical chronology for this calendar day.","Vietnam War: United States Marine Corps and ARVN troops launch "" Operation Deckhouse Five"" in the Mekong River delta.",6 January 1967 CE,https://en.wikipedia.org/wiki/January_6,,01-06,Wikipedia — January 6,,exact day (secondary compilation),War and conflict,Vietnam,Gregorian day-date convention (retrospective where applicable),meets target,regional,Secondary reference compilation; corroborated by institutional source where supplied,20,verified against dated reference entry,20,7
6,CE,1960,January,Date uses the Gregorian January day-page convention; for pre-modern events the original local calendar and conversion can differ. No year 0 is used. Source 1 is a secondary compilation; institutional corroboration is included when available.,Middle East,JAN-06-02,event,"The Associations Law comes into force in Iraq, allowing registration of political parties. The event is recorded in a dated historical chronology for this calendar day. The dated reference identifies this as a historical event on this calendar day.","The Associations Law comes into force in Iraq, allowing registration of political parties.",6 January 1960 CE,https://en.wikipedia.org/wiki/January_6,,01-06,Wikipedia — January 6,,exact day (secondary compilation),Political history and decolonization,Iraq,Gregorian day-date convention (retrospective where applicable),meets target,national,Secondary reference compilation; corroborated by institutional source where supplied,20,verified against dated reference entry,20,5
6,CE,1809,January,Date uses the Gregorian January day-page convention; for pre-modern events the original local calendar and conversion can differ. No year 0 is used. Source 1 is a secondary compilation; institutional corroboration is included when available.,Americas,JAN-06-03,event,"Combined British, Portuguese and colonial Brazilian forces begin the Invasion of Cayenne during the Napoleonic Wars. The event is recorded in a dated historical chronology for this calendar day. The dated reference identifies this as a historical event on this calendar day.","Combined British, Portuguese and colonial Brazilian forces begin the Invasion of Cayenne during the Napoleonic Wars.",6 January 1809 CE,https://en.wikipedia.org/wiki/January_6,,01-06,Wikipedia — January 6,,exact day (secondary compilation),War and conflict,Brazil,Gregorian day-date convention (retrospective where applicable),meets target,regional,Secondary reference compilation; corroborated by institutional source where supplied,20,verified against dated reference entry,20,7
6,CE,1951,January,Date uses the Gregorian January day-page convention; for pre-modern events the original local calendar and conversion can differ. No year 0 is used. Source 1 is a secondary compilation; institutional corroboration is included when available.,Asia,JAN-06-04,event,"Korean War: Beginning of the Ganghwa massacre, in the course of which an estimated 200–1,300 South Korean communist sympathizers are slaughtered. The event is recorded in a dated historical chronology for this calendar day.","Korean War: Beginning of the Ganghwa massacre, in the course of which an estimated 200–1,300 South Korean communist sympathizers are slaughtered.",6 January 1951 CE,https://en.wikipedia.org/wiki/January_6,,01-06,Wikipedia — January 6,,exact day (secondary compilation),War and conflict,Korea,Gregorian day-date convention (retrospective where applicable),meets target,international,Secondary reference compilation; corroborated by institutional source where supplied,20,verified against dated reference entry,20,8
6,CE,1641,January,Date uses the Gregorian January day-page convention; for pre-modern events the original local calendar and conversion can differ. No year 0 is used. Source 1 is a secondary compilation; institutional corroboration is included when available.,Americas,JAN-06-05,event,"Arauco War: The first Parliament of Quillín is celebrated, putting a temporary hold on hostilities between Mapuches and Spanish in Chile. The event is recorded in a dated historical chronology for this calendar day.","Arauco War: The first Parliament of Quillín is celebrated, putting a temporary hold on hostilities between Mapuches and Spanish in Chile.",6 January 1641 CE,https://en.wikipedia.org/wiki/January_6,,01-06,Wikipedia — January 6,,exact day (secondary compilation),War and conflict,Chile,Gregorian day-date convention (retrospective where applicable),meets target,regional,Secondary reference compilation; corroborated by institutional source where supplied,20,verified against dated reference entry,20,7
6,CE,1066,January,Date uses the Gregorian January day-page convention; for pre-modern events the original local calendar and conversion can differ. No year 0 is used. Source 1 is a secondary compilation; institutional corroboration is included when available.,Europe,JAN-06-06,event,"Following the death of Edward the Confessor on the previous day, the Witan meets to confirm Harold Godwinson as the new King of England; Harold is crowned the same day, sparking a succession crisis that will eventually lead to the Norman conquest of England.","Following the death of Edward the Confessor on the previous day, the Witan meets to confirm Harold Godwinson as the new King of England; Harold is crowned the same day,…",6 January 1066 CE,https://en.wikipedia.org/wiki/January_6,,01-06,Wikipedia — January 6,,exact day (secondary compilation),War and conflict,United Kingdom,Gregorian day-date convention (retrospective where applicable),meets target,regional,Secondary reference compilation; corroborated by institutional source where supplied,20,verified against dated reference entry,20,6
6,CE,1322,January,Date uses the Gregorian January day-page convention; for pre-modern events the original local calendar and conversion can differ. No year 0 is used. Source 1 is a secondary compilation; institutional corroboration is included when available.,Transregional/unspecified,JAN-06-07,event,"Stephen Uroš III is crowned King of Serbia, having defeated his half-brother Stefan Konstantin in battle. His son is crowned ""young king"" in the same ceremony. The event is recorded in a dated historical chronology for this calendar day.","Stephen Uroš III is crowned King of Serbia, having defeated his half-brother Stefan Konstantin in battle. His son is crowned ""young king"" in the same ceremony.",6 January 1322 CE,https://en.wikipedia.org/wiki/January_6,,01-06,Wikipedia — January 6,,exact day (secondary compilation),War and conflict,,Gregorian day-date convention (retrospective where applicable),meets target,regional,Secondary reference compilation; corroborated by institutional source where supplied,20,verified against dated reference entry,20,6
6,CE,1929,January,Date uses the Gregorian January day-page convention; for pre-modern events the original local calendar and conversion can differ. No year 0 is used. Source 1 is a secondary compilation; institutional corroboration is included when available.,Transregional/unspecified,JAN-06-08,event,"King Alexander of the Serbs, Croats and Slovenes suspends his country's constitution, starting the January 6th Dictatorship. The event is recorded in a dated historical chronology for this calendar day.","King Alexander of the Serbs, Croats and Slovenes suspends his country's constitution, starting the January 6th Dictatorship.",6 January 1929 CE,https://en.wikipedia.org/wiki/January_6,,01-06,Wikipedia — January 6,,exact day (secondary compilation),Political history and decolonization,,Gregorian day-date convention (retrospective where applicable),meets target,national,Secondary reference compilation; corroborated by institutional source where supplied,20,verified against dated reference entry,20,5
6,CE,1992,January,Date uses the Gregorian January day-page convention; for pre-modern events the original local calendar and conversion can differ. No year 0 is used. Source 1 is a secondary compilation; institutional corroboration is included when available.,Transregional/unspecified,JAN-06-09,event,President of Georgia Zviad Gamsakhurdia flees the country as a result of the military coup. The event is recorded in a dated historical chronology for this calendar day. The dated reference identifies this as a historical event on this calendar day.,President of Georgia Zviad Gamsakhurdia flees the country as a result of the military coup.,6 January 1992 CE,https://en.wikipedia.org/wiki/January_6,,01-06,Wikipedia — January 6,,exact day (secondary compilation),War and conflict,,Gregorian day-date convention (retrospective where applicable),meets target,national,Secondary reference compilation; corroborated by institutional source where supplied,20,verified against dated reference entry,20,5
6,CE,1536,January,Date uses the Gregorian January day-page convention; for pre-modern events the original local calendar and conversion can differ. No year 0 is used. Source 1 is a secondary compilation; institutional corroboration is included when available.,Americas,JAN-06-10,event,"The first European school of higher learning in the Americas, Colegio de Santa Cruz de Tlatelolco, is founded by Viceroy Antonio de Mendoza and Bishop Juan de Zumárraga in Mexico City.","The first European school of higher learning in the Americas, Colegio de Santa Cruz de Tlatelolco, is founded by Viceroy Antonio de Mendoza and Bishop Juan de Zumárraga in…",6 January 1536 CE,https://en.wikipedia.org/wiki/January_6,,01-06,Wikipedia — January 6,,exact day (secondary compilation),"Social, economic and institutional history",Mexico,Gregorian day-date convention (retrospective where applicable),meets target,regional,Secondary reference compilation; corroborated by institutional source where supplied,20,verified against dated reference entry,20,6
6,CE,1946,January,Date uses the Gregorian January day-page convention; for pre-modern events the original local calendar and conversion can differ. No year 0 is used. Source 1 is a secondary compilation; institutional corroboration is included when available.,Asia,JAN-06-11,event,The first general election ever in Vietnam is held. The event is recorded in a dated historical chronology for this calendar day. The dated reference identifies this as a historical event on this calendar day.,The first general election ever in Vietnam is held.,6 January 1946 CE,https://en.wikipedia.org/wiki/January_6,,01-06,Wikipedia — January 6,,exact day (secondary compilation),Political history and decolonization,Vietnam,Gregorian day-date convention (retrospective where applicable),meets target,national,Secondary reference compilation; corroborated by institutional source where supplied,20,verified against dated reference entry,20,5
6,CE,1900,January,Date uses the Gregorian January day-page convention; for pre-modern events the original local calendar and conversion can differ. No year 0 is used. Source 1 is a secondary compilation; institutional corroboration is included when available.,Transregional/unspecified,JAN-06-12,event,"Second Boer War: Having already besieged the fortress at Ladysmith, Boer forces attack it, but are driven back by British defenders. The event is recorded in a dated historical chronology for this calendar day.","Second Boer War: Having already besieged the fortress at Ladysmith, Boer forces attack it, but are driven back by British defenders.",6 January 1900 CE,https://en.wikipedia.org/wiki/January_6,,01-06,Wikipedia — January 6,,exact day (secondary compilation),War and conflict,,Gregorian day-date convention (retrospective where applicable),meets target,regional,Secondary reference compilation; corroborated by institutional source where supplied,20,verified against dated reference entry,20,6
6,CE,1781,January,Date uses the Gregorian January day-page convention; for pre-modern events the original local calendar and conversion can differ. No year 0 is used. Source 1 is a secondary compilation; institutional corroboration is included when available.,Europe,JAN-06-13,event,"In the Battle of Jersey, the British defeat the last attempt by France to invade Jersey in the Channel Islands. The event is recorded in a dated historical chronology for this calendar day.","In the Battle of Jersey, the British defeat the last attempt by France to invade Jersey in the Channel Islands.",6 January 1781 CE,https://en.wikipedia.org/wiki/January_6,,01-06,Wikipedia — January 6,,exact day (secondary compilation),War and conflict,France,Gregorian day-date convention (retrospective where applicable),meets target,regional,Secondary reference compilation; corroborated by institutional source where supplied,20,verified against dated reference entry,20,6
6,CE,1492,January,Date uses the Gregorian January day-page convention; for pre-modern events the original local calendar and conversion can differ. No year 0 is used. Source 1 is a secondary compilation; institutional corroboration is included when available.,Transregional/unspecified,JAN-06-14,event,The Catholic Monarchs Ferdinand and Isabella enter Granada at the conclusion of the Granada War. The event is recorded in a dated historical chronology for this calendar day. The dated reference identifies this as a historical event on this calendar day.,The Catholic Monarchs Ferdinand and Isabella enter Granada at the conclusion of the Granada War.,6 January 1492 CE,https://en.wikipedia.org/wiki/January_6,,01-06,Wikipedia — January 6,,exact day (secondary compilation),War and conflict,,Gregorian day-date convention (retrospective where applicable),meets target,regional,Secondary reference compilation; corroborated by institutional source where supplied,20,verified against dated reference entry,20,6
6,CE,2005,January,Date uses the Gregorian January day-page convention; for pre-modern events the original local calendar and conversion can differ. No year 0 is used. Source 1 is a secondary compilation; institutional corroboration is included when available.,Americas,JAN-06-15,event,"Edgar Ray Killen is indicted for the 1964 murders of Chaney, Goodman, and Schwerner during the American Civil Rights Movement. The event is recorded in a dated historical chronology for this calendar day.","Edgar Ray Killen is indicted for the 1964 murders of Chaney, Goodman, and Schwerner during the American Civil Rights Movement.",6 January 2005 CE,https://en.wikipedia.org/wiki/January_6,,01-06,Wikipedia — January 6,,exact day (secondary compilation),"Social, economic and institutional history",,Gregorian day-date convention (retrospective where applicable),meets target,national,Secondary reference compilation; corroborated by institutional source where supplied,20,verified against dated reference entry,20,5
6,CE,1993,January,Date uses the Gregorian January day-page convention; for pre-modern events the original local calendar and conversion can differ. No year 0 is used. Source 1 is a secondary compilation; institutional corroboration is included when available.,Europe,JAN-06-16,event,"Four people are killed when Lufthansa CityLine Flight 5634 crashes on approach to Charles de Gaulle Airport in Roissy-en-France, France. The event is recorded in a dated historical chronology for this calendar day.","Four people are killed when Lufthansa CityLine Flight 5634 crashes on approach to Charles de Gaulle Airport in Roissy-en-France, France.",6 January 1993 CE,https://en.wikipedia.org/wiki/January_6,,01-06,Wikipedia — January 6,,exact day (secondary compilation),Disaster and public safety,France,Gregorian day-date convention (retrospective where applicable),meets target,national,Secondary reference compilation; corroborated by institutional source where supplied,20,verified against dated reference entry,20,4
6,CE,1969,January,Date uses the Gregorian January day-page convention; for pre-modern events the original local calendar and conversion can differ. No year 0 is used. Source 1 is a secondary compilation; institutional corroboration is included when available.,Americas,JAN-06-17,event,"Allegheny Airlines Flight 737 crashes in Lafayette Township, McKean County, Pennsylvania, United States, killing 11. The event is recorded in a dated historical chronology for this calendar day. The dated reference identifies this as a historical event on this calendar day.","Allegheny Airlines Flight 737 crashes in Lafayette Township, McKean County, Pennsylvania, United States, killing 11.",6 January 1969 CE,https://en.wikipedia.org/wiki/January_6,,01-06,Wikipedia — January 6,,exact day (secondary compilation),Disaster and public safety,United States,Gregorian day-date convention (retrospective where applicable),meets target,national,Secondary reference compilation; corroborated by institutional source where supplied,20,verified against dated reference entry,20,4
6,CE,1968,January,Date uses the Gregorian January day-page convention; for pre-modern events the original local calendar and conversion can differ. No year 0 is used. Source 1 is a secondary compilation; institutional corroboration is included when available.,Transregional/unspecified,JAN-06-18,event,"Aeroflot Flight 1668 crashes near Olyokminsk, killing 45. The event is recorded in a dated historical chronology for this calendar day. The dated reference identifies this as a historical event on this calendar day.","Aeroflot Flight 1668 crashes near Olyokminsk, killing 45.",6 January 1968 CE,https://en.wikipedia.org/wiki/January_6,,01-06,Wikipedia — January 6,,exact day (secondary compilation),Disaster and public safety,,Gregorian day-date convention (retrospective where applicable),meets target,national,Secondary reference compilation; corroborated by institutional source where supplied,20,verified against dated reference entry,20,4
6,CE,1974,January,Date uses the Gregorian January day-page convention; for pre-modern events the original local calendar and conversion can differ. No year 0 is used. Source 1 is a secondary compilation; institutional corroboration is included when available.,Transregional/unspecified,JAN-06-19,event,"Aeroflot Flight H-75 crashes near Mukachevo, killing 24. The event is recorded in a dated historical chronology for this calendar day. The dated reference identifies this as a historical event on this calendar day.","Aeroflot Flight H-75 crashes near Mukachevo, killing 24.",6 January 1974 CE,https://en.wikipedia.org/wiki/January_6,,01-06,Wikipedia — January 6,,exact day (secondary compilation),Disaster and public safety,,Gregorian day-date convention (retrospective where applicable),meets target,national,Secondary reference compilation; corroborated by institutional source where supplied,20,verified against dated reference entry,20,4
6,CE,1725,January,Date uses the Gregorian January day-page convention; for pre-modern events the original local calendar and conversion can differ. No year 0 is used. Source 1 is a secondary compilation; institutional corroboration is included when available.,Transregional/unspecified,JAN-06-20,event,"J. S. Bach leads the first performance of Liebster Immanuel, Herzog der Frommen, BWV 123, a chorale cantata for Epiphany. The event is recorded in a dated historical chronology for this calendar day.","J. S. Bach leads the first performance of Liebster Immanuel, Herzog der Frommen, BWV 123, a chorale cantata for Epiphany.",6 January 1725 CE,https://en.wikipedia.org/wiki/January_6,,01-06,Wikipedia — January 6,,exact day (secondary compilation),"Social, economic and institutional history",,Gregorian day-date convention (retrospective where applicable),meets target,national,Secondary reference compilation; corroborated by institutional source where supplied,20,verified against dated reference entry,20,5
7,CE,1985,January,Date uses the Gregorian January day-page convention; for pre-modern events the original local calendar and conversion can differ. No year 0 is used. Source 1 is a secondary compilation; institutional corroboration is included when available.,Asia,JAN-07-01,event,"Japan Aerospace Exploration Agency launches Sakigake, Japan's first interplanetary spacecraft and the first deep space probe to be launched by any country other than the United States or the Soviet Union.","Japan Aerospace Exploration Agency launches Sakigake, Japan's first interplanetary spacecraft and the first deep space probe to be launched by any country other than the United…",7 January 1985 CE,https://en.wikipedia.org/wiki/January_7,,01-07,Wikipedia — January 7,,exact day (secondary compilation),"Science, technology and exploration",Japan,Gregorian day-date convention (retrospective where applicable),meets target,international,Secondary reference compilation; corroborated by institutional source where supplied,20,verified against dated reference entry,20,8
7,CE,1927,January,Date uses the Gregorian January day-page convention; for pre-modern events the original local calendar and conversion can differ. No year 0 is used. Source 1 is a secondary compilation; institutional corroboration is included when available.,Americas,JAN-07-02,event,The first transatlantic commercial telephone service is established from New York City to London. The event is recorded in a dated historical chronology for this calendar day. The dated reference identifies this as a historical event on this calendar day.,The first transatlantic commercial telephone service is established from New York City to London.,7 January 1927 CE,https://en.wikipedia.org/wiki/January_7,,01-07,Wikipedia — January 7,,exact day (secondary compilation),"Science, technology and exploration",,Gregorian day-date convention (retrospective where applicable),meets target,regional,Secondary reference compilation; corroborated by institutional source where supplied,20,verified against dated reference entry,20,6
7,CE,1931,January,Date uses the Gregorian January day-page convention; for pre-modern events the original local calendar and conversion can differ. No year 0 is used. Source 1 is a secondary compilation; institutional corroboration is included when available.,Oceania,JAN-07-03,event,"Guy Menzies flies the first solo non-stop trans-Tasman flight (from Australia to New Zealand) in 11 hours and 45 minutes, crash-landing on New Zealand's west coast. The event is recorded in a dated historical chronology for this calendar day.","Guy Menzies flies the first solo non-stop trans-Tasman flight (from Australia to New Zealand) in 11 hours and 45 minutes, crash-landing on New Zealand's west coast.",7 January 1931 CE,https://en.wikipedia.org/wiki/January_7,,01-07,Wikipedia — January 7,,exact day (secondary compilation),Disaster and public safety,Australia,Gregorian day-date convention (retrospective where applicable),meets target,national,Secondary reference compilation; corroborated by institutional source where supplied,20,verified against dated reference entry,20,5
7,CE,1940,January,Date uses the Gregorian January day-page convention; for pre-modern events the original local calendar and conversion can differ. No year 0 is used. Source 1 is a secondary compilation; institutional corroboration is included when available.,Transregional/unspecified,JAN-07-04,event,Winter War: Battle of Raate Road: The Finnish 9th Division finally defeat the numerically superior Soviet forces on the Raate-Suomussalmi road. The event is recorded in a dated historical chronology for this calendar day.,Winter War: Battle of Raate Road: The Finnish 9th Division finally defeat the numerically superior Soviet forces on the Raate-Suomussalmi road.,7 January 1940 CE,https://en.wikipedia.org/wiki/January_7,,01-07,Wikipedia — January 7,,exact day (secondary compilation),War and conflict,,Gregorian day-date convention (retrospective where applicable),meets target,international,Secondary reference compilation; corroborated by institutional source where supplied,20,verified against dated reference entry,20,8
7,CE,1994,January,Date uses the Gregorian January day-page convention; for pre-modern events the original local calendar and conversion can differ. No year 0 is used. Source 1 is a secondary compilation; institutional corroboration is included when available.,Transregional/unspecified,JAN-07-05,event,"A British Aerospace Jetstream 41 operating as United Express Flight 6291 crashes in Gahanna, Ohio, killing five of the eight people on board. The event is recorded in a dated historical chronology for this calendar day.","A British Aerospace Jetstream 41 operating as United Express Flight 6291 crashes in Gahanna, Ohio, killing five of the eight people on board.",7 January 1994 CE,https://en.wikipedia.org/wiki/January_7,,01-07,Wikipedia — January 7,,exact day (secondary compilation),"Science, technology and exploration",,Gregorian day-date convention (retrospective where applicable),meets target,national,Secondary reference compilation; corroborated by institutional source where supplied,20,verified against dated reference entry,20,5
7,CE,1738,January,Date uses the Gregorian January day-page convention; for pre-modern events the original local calendar and conversion can differ. No year 0 is used. Source 1 is a secondary compilation; institutional corroboration is included when available.,Transregional/unspecified,JAN-07-06,event,A peace treaty is signed between Peshwa Bajirao and Jai Singh II following Maratha victory in the Battle of Bhopal. The event is recorded in a dated historical chronology for this calendar day.,A peace treaty is signed between Peshwa Bajirao and Jai Singh II following Maratha victory in the Battle of Bhopal.,7 January 1738 CE,https://en.wikipedia.org/wiki/January_7,,01-07,Wikipedia — January 7,,exact day (secondary compilation),War and conflict,,Gregorian day-date convention (retrospective where applicable),meets target,regional,Secondary reference compilation; corroborated by institutional source where supplied,20,verified against dated reference entry,20,7
7,CE,1968,January,Date uses the Gregorian January day-page convention; for pre-modern events the original local calendar and conversion can differ. No year 0 is used. Source 1 is a secondary compilation; institutional corroboration is included when available.,Transregional/unspecified,JAN-07-07,event,"Surveyor program: Surveyor 7, the last spacecraft in the Surveyor series, lifts off from Cape Canaveral Launch Complex 36A. The event is recorded in a dated historical chronology for this calendar day.","Surveyor program: Surveyor 7, the last spacecraft in the Surveyor series, lifts off from Cape Canaveral Launch Complex 36A.",7 January 1968 CE,https://en.wikipedia.org/wiki/January_7,,01-07,Wikipedia — January 7,,exact day (secondary compilation),"Science, technology and exploration",,Gregorian day-date convention (retrospective where applicable),meets target,regional,Secondary reference compilation; corroborated by institutional source where supplied,20,verified against dated reference entry,20,7
7,CE,1993,January,Date uses the Gregorian January day-page convention; for pre-modern events the original local calendar and conversion can differ. No year 0 is used. Source 1 is a secondary compilation; institutional corroboration is included when available.,Transregional/unspecified,JAN-07-08,event,The Fourth Republic of Ghana is inaugurated with Jerry Rawlings as president. The event is recorded in a dated historical chronology for this calendar day. The dated reference identifies this as a historical event on this calendar day.,The Fourth Republic of Ghana is inaugurated with Jerry Rawlings as president.,7 January 1993 CE,https://en.wikipedia.org/wiki/January_7,,01-07,Wikipedia — January 7,,exact day (secondary compilation),Political history and decolonization,,Gregorian day-date convention (retrospective where applicable),meets target,national,Secondary reference compilation; corroborated by institutional source where supplied,20,verified against dated reference entry,20,5
7,CE,1973,January,Date uses the Gregorian January day-page convention; for pre-modern events the original local calendar and conversion can differ. No year 0 is used. Source 1 is a secondary compilation; institutional corroboration is included when available.,Transregional/unspecified,JAN-07-09,event,"In his second shooting spree of the week, Mark Essex fatally shoots seven people and wounds five others at Howard Johnson's Hotel in New Orleans, before being shot to death by police officers.","In his second shooting spree of the week, Mark Essex fatally shoots seven people and wounds five others at Howard Johnson's Hotel in New Orleans, before being shot to death by…",7 January 1973 CE,https://en.wikipedia.org/wiki/January_7,,01-07,Wikipedia — January 7,,exact day (secondary compilation),War and conflict,,Gregorian day-date convention (retrospective where applicable),meets target,regional,Secondary reference compilation; corroborated by institutional source where supplied,20,verified against dated reference entry,20,6
7,CE,1708,January,Date uses the Gregorian January day-page convention; for pre-modern events the original local calendar and conversion can differ. No year 0 is used. Source 1 is a secondary compilation; institutional corroboration is included when available.,Europe,JAN-07-10,event,Battle of Zlatoust: Battle between Bashkir and Tatar rebels and the government troops of the Tsardom of Russia. It is one of the events of the Bashkir rebellion of 1704–1711.,Battle of Zlatoust: Battle between Bashkir and Tatar rebels and the government troops of the Tsardom of Russia. It is one of the events of the Bashkir rebellion of 1704–1711.,7 January 1708 CE,https://en.wikipedia.org/wiki/January_7,,01-07,Wikipedia — January 7,,exact day (secondary compilation),War and conflict,Russia,Gregorian day-date convention (retrospective where applicable),meets target,regional,Secondary reference compilation; corroborated by institutional source where supplied,20,verified against dated reference entry,20,6
7,CE,1979,January,Date uses the Gregorian January day-page convention; for pre-modern events the original local calendar and conversion can differ. No year 0 is used. Source 1 is a secondary compilation; institutional corroboration is included when available.,Asia,JAN-07-11,event,"Third Indochina War: Cambodian–Vietnamese War: Phnom Penh falls to the advancing Vietnamese troops, driving out Pol Pot and the Khmer Rouge. The event is recorded in a dated historical chronology for this calendar day.","Third Indochina War: Cambodian–Vietnamese War: Phnom Penh falls to the advancing Vietnamese troops, driving out Pol Pot and the Khmer Rouge.",7 January 1979 CE,https://en.wikipedia.org/wiki/January_7,,01-07,Wikipedia — January 7,,exact day (secondary compilation),War and conflict,China,Gregorian day-date convention (retrospective where applicable),meets target,regional,Secondary reference compilation; corroborated by institutional source where supplied,20,verified against dated reference entry,20,6
7,CE,1955,January,Date uses the Gregorian January day-page convention; for pre-modern events the original local calendar and conversion can differ. No year 0 is used. Source 1 is a secondary compilation; institutional corroboration is included when available.,Transregional/unspecified,JAN-07-12,event,Contralto Marian Anderson becomes the first person of color to perform at the Metropolitan Opera in Giuseppe Verdi's Un ballo in maschera. The event is recorded in a dated historical chronology for this calendar day.,Contralto Marian Anderson becomes the first person of color to perform at the Metropolitan Opera in Giuseppe Verdi's Un ballo in maschera.,7 January 1955 CE,https://en.wikipedia.org/wiki/January_7,,01-07,Wikipedia — January 7,,exact day (secondary compilation),"Culture, education and religion",,Gregorian day-date convention (retrospective where applicable),meets target,national,Secondary reference compilation; corroborated by institutional source where supplied,20,verified against dated reference entry,20,5
7,CE,1993,January,Date uses the Gregorian January day-page convention; for pre-modern events the original local calendar and conversion can differ. No year 0 is used. Source 1 is a secondary compilation; institutional corroboration is included when available.,Transregional/unspecified,JAN-07-13,event,Bosnian War: The Bosnian Army executes a surprise attack at the village of Kravica in Srebrenica. The event is recorded in a dated historical chronology for this calendar day. The dated reference identifies this as a historical event on this calendar day.,Bosnian War: The Bosnian Army executes a surprise attack at the village of Kravica in Srebrenica.,7 January 1993 CE,https://en.wikipedia.org/wiki/January_7,,01-07,Wikipedia — January 7,,exact day (secondary compilation),War and conflict,,Gregorian day-date convention (retrospective where applicable),meets target,regional,Secondary reference compilation; corroborated by institutional source where supplied,20,verified against dated reference entry,20,6
7,CE,1867,January,Date uses the Gregorian January day-page convention; for pre-modern events the original local calendar and conversion can differ. No year 0 is used. Source 1 is a secondary compilation; institutional corroboration is included when available.,Transregional/unspecified,JAN-07-14,event,The Kingstree jail fire kills 22 freedmen in Reconstruction-era South Carolina. The event is recorded in a dated historical chronology for this calendar day. The dated reference identifies this as a historical event on this calendar day.,The Kingstree jail fire kills 22 freedmen in Reconstruction-era South Carolina.,7 January 1867 CE,https://en.wikipedia.org/wiki/January_7,,01-07,Wikipedia — January 7,,exact day (secondary compilation),Disaster and public safety,,Gregorian day-date convention (retrospective where applicable),meets target,national,Secondary reference compilation; corroborated by institutional source where supplied,20,verified against dated reference entry,20,4
7,CE,1922,January,Date uses the Gregorian January day-page convention; for pre-modern events the original local calendar and conversion can differ. No year 0 is used. Source 1 is a secondary compilation; institutional corroboration is included when available.,Transregional/unspecified,JAN-07-15,event,Dáil Éireann ratifies the Anglo-Irish Treaty by a 64–57 vote. The event is recorded in a dated historical chronology for this calendar day. The dated reference identifies this as a historical event on this calendar day.,Dáil Éireann ratifies the Anglo-Irish Treaty by a 64–57 vote.,7 January 1922 CE,https://en.wikipedia.org/wiki/January_7,,01-07,Wikipedia — January 7,,exact day (secondary compilation),Political history and decolonization,,Gregorian day-date convention (retrospective where applicable),meets target,national,Secondary reference compilation; corroborated by institutional source where supplied,20,verified against dated reference entry,20,5
7,CE,1991,January,Date uses the Gregorian January day-page convention; for pre-modern events the original local calendar and conversion can differ. No year 0 is used. Source 1 is a secondary compilation; institutional corroboration is included when available.,Americas,JAN-07-16,event,"Roger Lafontant, former leader of the Tonton Macoute in Haiti under François Duvalier, attempts a coup d'état, which ends in his arrest. The event is recorded in a dated historical chronology for this calendar day.","Roger Lafontant, former leader of the Tonton Macoute in Haiti under François Duvalier, attempts a coup d'état, which ends in his arrest.",7 January 1991 CE,https://en.wikipedia.org/wiki/January_7,,01-07,Wikipedia — January 7,,exact day (secondary compilation),"Social, economic and institutional history",Haiti,Gregorian day-date convention (retrospective where applicable),meets target,national,Secondary reference compilation; corroborated by institutional source where supplied,20,verified against dated reference entry,20,5
7,CE,1948,January,Date uses the Gregorian January day-page convention; for pre-modern events the original local calendar and conversion can differ. No year 0 is used. Source 1 is a secondary compilation; institutional corroboration is included when available.,Transregional/unspecified,JAN-07-17,event,Kentucky Air National Guard pilot Thomas Mantell crashes while in pursuit of a supposed UFO. The event is recorded in a dated historical chronology for this calendar day. The dated reference identifies this as a historical event on this calendar day.,Kentucky Air National Guard pilot Thomas Mantell crashes while in pursuit of a supposed UFO.,7 January 1948 CE,https://en.wikipedia.org/wiki/January_7,,01-07,Wikipedia — January 7,,exact day (secondary compilation),Disaster and public safety,,Gregorian day-date convention (retrospective where applicable),meets target,national,Secondary reference compilation; corroborated by institutional source where supplied,20,verified against dated reference entry,20,4
7,CE,1972,January,Date uses the Gregorian January day-page convention; for pre-modern events the original local calendar and conversion can differ. No year 0 is used. Source 1 is a secondary compilation; institutional corroboration is included when available.,Transregional/unspecified,JAN-07-18,event,"Iberia Flight 602 crashes near Ibiza Airport, killing all 104 people on board. The event is recorded in a dated historical chronology for this calendar day. The dated reference identifies this as a historical event on this calendar day.","Iberia Flight 602 crashes near Ibiza Airport, killing all 104 people on board.",7 January 1972 CE,https://en.wikipedia.org/wiki/January_7,,01-07,Wikipedia — January 7,,exact day (secondary compilation),Disaster and public safety,,Gregorian day-date convention (retrospective where applicable),meets target,national,Secondary reference compilation; corroborated by institutional source where supplied,20,verified against dated reference entry,20,4
7,CE,1610,January,Date uses the Gregorian January day-page convention; for pre-modern events the original local calendar and conversion can differ. No year 0 is used. Source 1 is a secondary compilation; institutional corroboration is included when available.,Transregional/unspecified,JAN-07-19,event,"Galileo Galilei makes his first observation of the four Galilean moons: Ganymede, Callisto, Io and Europa, although he is not able to distinguish the last two until the following night.","Galileo Galilei makes his first observation of the four Galilean moons: Ganymede, Callisto, Io and Europa, although he is not able to distinguish the last two until the…",7 January 1610 CE,https://en.wikipedia.org/wiki/January_7,,01-07,Wikipedia — January 7,,exact day (secondary compilation),"Social, economic and institutional history",,Gregorian day-date convention (retrospective where applicable),meets target,national,Secondary reference compilation; corroborated by institutional source where supplied,20,verified against dated reference entry,20,5
7,CE,1954,January,Date uses the Gregorian January day-page convention; for pre-modern events the original local calendar and conversion can differ. No year 0 is used. Source 1 is a secondary compilation; institutional corroboration is included when available.,Americas,JAN-07-20,event,Georgetown–IBM experiment: The first public demonstration of a machine translation system is held in New York at the head office of IBM. The event is recorded in a dated historical chronology for this calendar day.,Georgetown–IBM experiment: The first public demonstration of a machine translation system is held in New York at the head office of IBM.,7 January 1954 CE,https://en.wikipedia.org/wiki/January_7,,01-07,Wikipedia — January 7,,exact day (secondary compilation),"Social, economic and institutional history",,Gregorian day-date convention (retrospective where applicable),meets target,national,Secondary reference compilation; corroborated by institutional source where supplied,20,verified against dated reference entry,20,5
8,CE,1454,January,Date uses the Gregorian January day-page convention; for pre-modern events the original local calendar and conversion can differ. No year 0 is used. Source 1 is a secondary compilation; institutional corroboration is included when available.,Africa,JAN-08-01,event,The papal bull Romanus Pontifex awards the Kingdom of Portugal exclusive trade and colonization rights to all of Africa south of Cape Bojador. The event is recorded in a dated historical chronology for this calendar day.,The papal bull Romanus Pontifex awards the Kingdom of Portugal exclusive trade and colonization rights to all of Africa south of Cape Bojador.,8 January 1454 CE,https://en.wikipedia.org/wiki/January_8,,01-08,Wikipedia — January 8,,exact day (secondary compilation),War and conflict,,Gregorian day-date convention (retrospective where applicable),meets target,regional,Secondary reference compilation; corroborated by institutional source where supplied,20,verified against dated reference entry,20,7
8,CE,1945,January,Date uses the Gregorian January day-page convention; for pre-modern events the original local calendar and conversion can differ. No year 0 is used. Source 1 is a secondary compilation; institutional corroboration is included when available.,Asia,JAN-08-02,event,World War II: Philippine Commonwealth troops under the Philippine Commonwealth Army units enter the province of Ilocos Sur in Northern Luzon and attack invading Japanese Imperial forces. The event is recorded in a dated historical chronology for this calendar day.,World War II: Philippine Commonwealth troops under the Philippine Commonwealth Army units enter the province of Ilocos Sur in Northern Luzon and attack invading Japanese…,8 January 1945 CE,https://en.wikipedia.org/wiki/January_8,,01-08,Wikipedia — January 8,,exact day (secondary compilation),War and conflict,Japan,Gregorian day-date convention (retrospective where applicable),meets target,international,Secondary reference compilation; corroborated by institutional source where supplied,20,verified against dated reference entry,20,8
8,CE,2003,January,Date uses the Gregorian January day-page convention; for pre-modern events the original local calendar and conversion can differ. No year 0 is used. Source 1 is a secondary compilation; institutional corroboration is included when available.,Middle East,JAN-08-03,event,"Turkish Airlines Flight 634 crashes near Diyarbakır Airport, Turkey, killing the entire crew and 70 of the 75 passengers. The event is recorded in a dated historical chronology for this calendar day.","Turkish Airlines Flight 634 crashes near Diyarbakır Airport, Turkey, killing the entire crew and 70 of the 75 passengers.",8 January 2003 CE,https://en.wikipedia.org/wiki/January_8,,01-08,Wikipedia — January 8,,exact day (secondary compilation),Disaster and public safety,Turkey,Gregorian day-date convention (retrospective where applicable),meets target,national,Secondary reference compilation; corroborated by institutional source where supplied,20,verified against dated reference entry,20,4
8,CE,1863,January,Date uses the Gregorian January day-page convention; for pre-modern events the original local calendar and conversion can differ. No year 0 is used. Source 1 is a secondary compilation; institutional corroboration is included when available.,Americas,JAN-08-04,event,American Civil War: Second Battle of Springfield. The event is recorded in a dated historical chronology for this calendar day. The dated reference identifies this as a historical event on this calendar day.,American Civil War: Second Battle of Springfield.,8 January 1863 CE,https://en.wikipedia.org/wiki/January_8,,01-08,Wikipedia — January 8,,exact day (secondary compilation),War and conflict,,Gregorian day-date convention (retrospective where applicable),meets target,international,Secondary reference compilation; corroborated by institutional source where supplied,20,verified against dated reference entry,20,9
8,CE,1959,January,Date uses the Gregorian January day-page convention; for pre-modern events the original local calendar and conversion can differ. No year 0 is used. Source 1 is a secondary compilation; institutional corroboration is included when available.,Transregional/unspecified,JAN-08-05,event,Charles de Gaulle is proclaimed as the first President of the French Fifth Republic. The event is recorded in a dated historical chronology for this calendar day. The dated reference identifies this as a historical event on this calendar day.,Charles de Gaulle is proclaimed as the first President of the French Fifth Republic.,8 January 1959 CE,https://en.wikipedia.org/wiki/January_8,,01-08,Wikipedia — January 8,,exact day (secondary compilation),Political history and decolonization,,Gregorian day-date convention (retrospective where applicable),meets target,international,Secondary reference compilation; corroborated by institutional source where supplied,20,verified against dated reference entry,20,8
8,CE,1918,January,Date uses the Gregorian January day-page convention; for pre-modern events the original local calendar and conversion can differ. No year 0 is used. Source 1 is a secondary compilation; institutional corroboration is included when available.,Americas,JAN-08-06,event,"U.S. President Woodrow Wilson announces his "" Fourteen Points"" as conditions for ending World War I. The event is recorded in a dated historical chronology for this calendar day. The dated reference identifies this as a historical event on this calendar day.","U.S. President Woodrow Wilson announces his "" Fourteen Points"" as conditions for ending World War I.",8 January 1918 CE,https://en.wikipedia.org/wiki/January_8,,01-08,Wikipedia — January 8,,exact day (secondary compilation),War and conflict,,Gregorian day-date convention (retrospective where applicable),meets target,international,Secondary reference compilation; corroborated by institutional source where supplied,20,verified against dated reference entry,20,8
8,CE,1964,January,Date uses the Gregorian January day-page convention; for pre-modern events the original local calendar and conversion can differ. No year 0 is used. Source 1 is a secondary compilation; institutional corroboration is included when available.,Americas,JAN-08-07,event,"President Lyndon B. Johnson declares a "" War on Poverty"" in the United States. The event is recorded in a dated historical chronology for this calendar day. The dated reference identifies this as a historical event on this calendar day.","President Lyndon B. Johnson declares a "" War on Poverty"" in the United States.",8 January 1964 CE,https://en.wikipedia.org/wiki/January_8,,01-08,Wikipedia — January 8,,exact day (secondary compilation),War and conflict,United States,Gregorian day-date convention (retrospective where applicable),meets target,regional,Secondary reference compilation; corroborated by institutional source where supplied,20,verified against dated reference entry,20,7
8,CE,1877,January,Date uses the Gregorian January day-page convention; for pre-modern events the original local calendar and conversion can differ. No year 0 is used. Source 1 is a secondary compilation; institutional corroboration is included when available.,Americas,JAN-08-08,event,"Crazy Horse and his warriors fight their last battle against the United States Cavalry at Wolf Mountain, Montana Territory. The event is recorded in a dated historical chronology for this calendar day.","Crazy Horse and his warriors fight their last battle against the United States Cavalry at Wolf Mountain, Montana Territory.",8 January 1877 CE,https://en.wikipedia.org/wiki/January_8,,01-08,Wikipedia — January 8,,exact day (secondary compilation),War and conflict,United States,Gregorian day-date convention (retrospective where applicable),meets target,international,Secondary reference compilation; corroborated by institutional source where supplied,20,verified against dated reference entry,20,8
8,CE,1815,January,Date uses the Gregorian January day-page convention; for pre-modern events the original local calendar and conversion can differ. No year 0 is used. Source 1 is a secondary compilation; institutional corroboration is included when available.,Americas,JAN-08-09,event,War of 1812: Battle of New Orleans: Andrew Jackson leads American forces in victory over the British. The event is recorded in a dated historical chronology for this calendar day.,War of 1812: Battle of New Orleans: Andrew Jackson leads American forces in victory over the British.,8 January 1815 CE,https://en.wikipedia.org/wiki/January_8,,01-08,Wikipedia — January 8,,exact day (secondary compilation),War and conflict,,Gregorian day-date convention (retrospective where applicable),meets target,international,Secondary reference compilation; corroborated by institutional source where supplied,20,verified against dated reference entry,20,8
8,CE,1940,January,Date uses the Gregorian January day-page convention; for pre-modern events the original local calendar and conversion can differ. No year 0 is used. Source 1 is a secondary compilation; institutional corroboration is included when available.,Europe,JAN-08-10,event,World War II: Britain introduces food rationing. The event is recorded in a dated historical chronology for this calendar day. The dated reference identifies this as a historical event on this calendar day.,World War II: Britain introduces food rationing.,8 January 1940 CE,https://en.wikipedia.org/wiki/January_8,,01-08,Wikipedia — January 8,,exact day (secondary compilation),War and conflict,,Gregorian day-date convention (retrospective where applicable),meets target,international,Secondary reference compilation; corroborated by institutional source where supplied,20,verified against dated reference entry,20,8
8,CE,871,January,Date uses the Gregorian January day-page convention; for pre-modern events the original local calendar and conversion can differ. No year 0 is used. Source 1 is a secondary compilation; institutional corroboration is included when available.,Transregional/unspecified,JAN-08-11,event,Æthelred I and Alfred the Great lead a West Saxon army to repel an invasion by Danelaw Vikings. The event is recorded in a dated historical chronology for this calendar day.,Æthelred I and Alfred the Great lead a West Saxon army to repel an invasion by Danelaw Vikings.,8 January 871 CE,https://en.wikipedia.org/wiki/January_8,,01-08,Wikipedia — January 8,,exact day (secondary compilation),War and conflict,,Gregorian day-date convention (retrospective where applicable),meets target,regional,Secondary reference compilation; corroborated by institutional source where supplied,20,verified against dated reference entry,20,6
8,CE,1973,January,Date uses the Gregorian January day-page convention; for pre-modern events the original local calendar and conversion can differ. No year 0 is used. Source 1 is a secondary compilation; institutional corroboration is included when available.,Transregional/unspecified,JAN-08-12,event,Soviet space mission Luna 21 is launched. The event is recorded in a dated historical chronology for this calendar day. The dated reference identifies this as a historical event on this calendar day.,Soviet space mission Luna 21 is launched.,8 January 1973 CE,https://en.wikipedia.org/wiki/January_8,,01-08,Wikipedia — January 8,,exact day (secondary compilation),"Science, technology and exploration",,Gregorian day-date convention (retrospective where applicable),meets target,regional,Secondary reference compilation; corroborated by institutional source where supplied,20,verified against dated reference entry,20,7
8,CE,1972,January,Date uses the Gregorian January day-page convention; for pre-modern events the original local calendar and conversion can differ. No year 0 is used. Source 1 is a secondary compilation; institutional corroboration is included when available.,Asia,JAN-08-13,event,"Bowing to international pressure, President of Pakistan Zulfikar Ali Bhutto releases Bengali leader Sheikh Mujibur Rahman from prison, who had been arrested after declaring the independence of Bangladesh. The event is recorded in a dated historical chronology for this calendar day.","Bowing to international pressure, President of Pakistan Zulfikar Ali Bhutto releases Bengali leader Sheikh Mujibur Rahman from prison, who had been arrested after declaring the…",8 January 1972 CE,https://en.wikipedia.org/wiki/January_8,,01-08,Wikipedia — January 8,,exact day (secondary compilation),Political history and decolonization,Pakistan,Gregorian day-date convention (retrospective where applicable),meets target,regional,Secondary reference compilation; corroborated by institutional source where supplied,20,verified against dated reference entry,20,6
8,CE,1956,January,Date uses the Gregorian January day-page convention; for pre-modern events the original local calendar and conversion can differ. No year 0 is used. Source 1 is a secondary compilation; institutional corroboration is included when available.,Americas,JAN-08-14,event,Operation Auca: Five U.S. missionaries are killed by the Waorani of Ecuador shortly after making first contact. The event is recorded in a dated historical chronology for this calendar day.,Operation Auca: Five U.S. missionaries are killed by the Waorani of Ecuador shortly after making first contact.,8 January 1956 CE,https://en.wikipedia.org/wiki/January_8,,01-08,Wikipedia — January 8,,exact day (secondary compilation),"Culture, education and religion",,Gregorian day-date convention (retrospective where applicable),meets target,national,Secondary reference compilation; corroborated by institutional source where supplied,20,verified against dated reference entry,20,5
8,CE,1547,January,Date uses the Gregorian January day-page convention; for pre-modern events the original local calendar and conversion can differ. No year 0 is used. Source 1 is a secondary compilation; institutional corroboration is included when available.,Transregional/unspecified,JAN-08-15,event,"The first Lithuanian-language book, the Catechism of Martynas Mažvydas, is published in Königsberg. The event is recorded in a dated historical chronology for this calendar day. The dated reference identifies this as a historical event on this calendar day.","The first Lithuanian-language book, the Catechism of Martynas Mažvydas, is published in Königsberg.",8 January 1547 CE,https://en.wikipedia.org/wiki/January_8,,01-08,Wikipedia — January 8,,exact day (secondary compilation),"Culture, education and religion",,Gregorian day-date convention (retrospective where applicable),meets target,national,Secondary reference compilation; corroborated by institutional source where supplied,20,verified against dated reference entry,20,5
8,CE,2002,January,Date uses the Gregorian January day-page convention; for pre-modern events the original local calendar and conversion can differ. No year 0 is used. Source 1 is a secondary compilation; institutional corroboration is included when available.,Americas,JAN-08-16,event,President of the United States George W. Bush signs into law the No Child Left Behind Act. The event is recorded in a dated historical chronology for this calendar day.,President of the United States George W. Bush signs into law the No Child Left Behind Act.,8 January 2002 CE,https://en.wikipedia.org/wiki/January_8,,01-08,Wikipedia — January 8,,exact day (secondary compilation),Political history and decolonization,United States,Gregorian day-date convention (retrospective where applicable),meets target,national,Secondary reference compilation; corroborated by institutional source where supplied,20,verified against dated reference entry,20,5
8,CE,1946,January,Date uses the Gregorian January day-page convention; for pre-modern events the original local calendar and conversion can differ. No year 0 is used. Source 1 is a secondary compilation; institutional corroboration is included when available.,Transregional/unspecified,JAN-08-17,event,"Andrei Zhdanov, Chairman of the Finnish Allied Commission, submits to the Finnish War Criminal Court an interrogation report by General Erich Buschenhagen, a German prisoner of war, on the contacts between Finnish and German military personnel before the Continuation War and a copy of Hitler's Barbarossa plan.","Andrei Zhdanov, Chairman of the Finnish Allied Commission, submits to the Finnish War Criminal Court an interrogation report by General Erich Buschenhagen, a German prisoner of…",8 January 1946 CE,https://en.wikipedia.org/wiki/January_8,,01-08,Wikipedia — January 8,,exact day (secondary compilation),War and conflict,,Gregorian day-date convention (retrospective where applicable),meets target,regional,Secondary reference compilation; corroborated by institutional source where supplied,20,verified against dated reference entry,20,6
8,CE,1806,January,Date uses the Gregorian January day-page convention; for pre-modern events the original local calendar and conversion can differ. No year 0 is used. Source 1 is a secondary compilation; institutional corroboration is included when available.,Africa,JAN-08-18,event,The Dutch Cape Colony in southern Africa becomes the British Cape Colony as a result of the Battle of Blaauwberg. The event is recorded in a dated historical chronology for this calendar day.,The Dutch Cape Colony in southern Africa becomes the British Cape Colony as a result of the Battle of Blaauwberg.,8 January 1806 CE,https://en.wikipedia.org/wiki/January_8,,01-08,Wikipedia — January 8,,exact day (secondary compilation),War and conflict,,Gregorian day-date convention (retrospective where applicable),meets target,regional,Secondary reference compilation; corroborated by institutional source where supplied,20,verified against dated reference entry,20,6
8,CE,1994,January,Date uses the Gregorian January day-page convention; for pre-modern events the original local calendar and conversion can differ. No year 0 is used. Source 1 is a secondary compilation; institutional corroboration is included when available.,Europe,JAN-08-19,event,"Russian cosmonaut Valeri Polyakov on Soyuz TM-18 leaves for Mir. He would stay on the space station until March 22, 1995, for a record 437 days in space. The event is recorded in a dated historical chronology for this calendar day.","Russian cosmonaut Valeri Polyakov on Soyuz TM-18 leaves for Mir. He would stay on the space station until March 22, 1995, for a record 437 days in space.",8 January 1994 CE,https://en.wikipedia.org/wiki/January_8,,01-08,Wikipedia — January 8,,exact day (secondary compilation),"Science, technology and exploration",Russia,Gregorian day-date convention (retrospective where applicable),meets target,national,Secondary reference compilation; corroborated by institutional source where supplied,20,verified against dated reference entry,20,5
8,CE,2009,January,Date uses the Gregorian January day-page convention; for pre-modern events the original local calendar and conversion can differ. No year 0 is used. Source 1 is a secondary compilation; institutional corroboration is included when available.,Transregional/unspecified,JAN-08-20,event,A 6.1-magnitude earthquake in northern Costa Rica kills 15 people and injures 32. The event is recorded in a dated historical chronology for this calendar day. The dated reference identifies this as a historical event on this calendar day.,A 6.1-magnitude earthquake in northern Costa Rica kills 15 people and injures 32.,8 January 2009 CE,https://en.wikipedia.org/wiki/January_8,,01-08,Wikipedia — January 8,,exact day (secondary compilation),Disaster and public safety,,Gregorian day-date convention (retrospective where applicable),meets target,national,Secondary reference compilation; corroborated by institutional source where supplied,20,verified against dated reference entry,20,5
9,CE,1917,January,Date uses the Gregorian January day-page convention; for pre-modern events the original local calendar and conversion can differ. No year 0 is used. Source 1 is a secondary compilation; institutional corroboration is included when available.,Africa,JAN-09-01,event,World War I: The Battle of Rafa is fought near the Egyptian border with Palestine. The event is recorded in a dated historical chronology for this calendar day. The dated reference identifies this as a historical event on this calendar day.,World War I: The Battle of Rafa is fought near the Egyptian border with Palestine.,9 January 1917 CE,https://en.wikipedia.org/wiki/January_9,,01-09,Wikipedia — January 9,,exact day (secondary compilation),War and conflict,Egypt,Gregorian day-date convention (retrospective where applicable),meets target,international,Secondary reference compilation; corroborated by institutional source where supplied,20,verified against dated reference entry,20,10
9,CE,1920,January,Date uses the Gregorian January day-page convention; for pre-modern events the original local calendar and conversion can differ. No year 0 is used. Source 1 is a secondary compilation; institutional corroboration is included when available.,Asia,JAN-09-02,event,"Ukrainian War of Independence: The All-Ukrainian Central Executive Committee outlaws the Makhnovshchina by decree, igniting the Bolshevik–Makhnovist conflict. The event is recorded in a dated historical chronology for this calendar day.","Ukrainian War of Independence: The All-Ukrainian Central Executive Committee outlaws the Makhnovshchina by decree, igniting the Bolshevik–Makhnovist conflict.",9 January 1920 CE,https://en.wikipedia.org/wiki/January_9,,01-09,Wikipedia — January 9,,exact day (secondary compilation),War and conflict,China,Gregorian day-date convention (retrospective where applicable),meets target,international,Secondary reference compilation; corroborated by institutional source where supplied,20,verified against dated reference entry,20,9
9,CE,1916,January,Date uses the Gregorian January day-page convention; for pre-modern events the original local calendar and conversion can differ. No year 0 is used. Source 1 is a secondary compilation; institutional corroboration is included when available.,Middle East,JAN-09-03,event,World War I: The Battle of Gallipoli concludes with an Ottoman Empire victory when the last Allied forces are evacuated from the peninsula. The event is recorded in a dated historical chronology for this calendar day.,World War I: The Battle of Gallipoli concludes with an Ottoman Empire victory when the last Allied forces are evacuated from the peninsula.,9 January 1916 CE,https://en.wikipedia.org/wiki/January_9,,01-09,Wikipedia — January 9,,exact day (secondary compilation),War and conflict,,Gregorian day-date convention (retrospective where applicable),meets target,international,Secondary reference compilation; corroborated by institutional source where supplied,20,verified against dated reference entry,20,10
9,CE,1945,January,Date uses the Gregorian January day-page convention; for pre-modern events the original local calendar and conversion can differ. No year 0 is used. Source 1 is a secondary compilation; institutional corroboration is included when available.,Americas,JAN-09-04,event,World War II: The Sixth United States Army begins the invasion of Lingayen Gulf. The event is recorded in a dated historical chronology for this calendar day. The dated reference identifies this as a historical event on this calendar day.,World War II: The Sixth United States Army begins the invasion of Lingayen Gulf.,9 January 1945 CE,https://en.wikipedia.org/wiki/January_9,,01-09,Wikipedia — January 9,,exact day (secondary compilation),War and conflict,United States,Gregorian day-date convention (retrospective where applicable),meets target,international,Secondary reference compilation; corroborated by institutional source where supplied,20,verified against dated reference entry,20,9
9,CE,1903,January,Date uses the Gregorian January day-page convention; for pre-modern events the original local calendar and conversion can differ. No year 0 is used. Source 1 is a secondary compilation; institutional corroboration is included when available.,Oceania,JAN-09-05,event,"Hallam Tennyson, 2nd Baron Tennyson, son of the poet Alfred Tennyson, becomes the second Governor-General of Australia. The event is recorded in a dated historical chronology for this calendar day.","Hallam Tennyson, 2nd Baron Tennyson, son of the poet Alfred Tennyson, becomes the second Governor-General of Australia.",9 January 1903 CE,https://en.wikipedia.org/wiki/January_9,,01-09,Wikipedia — January 9,,exact day (secondary compilation),"Social, economic and institutional history",Australia,Gregorian day-date convention (retrospective where applicable),meets target,national,Secondary reference compilation; corroborated by institutional source where supplied,20,verified against dated reference entry,20,4
9,CE,1909,January,Date uses the Gregorian January day-page convention; for pre-modern events the original local calendar and conversion can differ. No year 0 is used. Source 1 is a secondary compilation; institutional corroboration is included when available.,Polar regions,JAN-09-06,event,"Ernest Shackleton, leading the Nimrod Expedition to the South Pole, plants the British flag 97 nautical miles (180 km; 112 mi) from the South Pole, the farthest anyone had ever reached at that time.","Ernest Shackleton, leading the Nimrod Expedition to the South Pole, plants the British flag 97 nautical miles (180 km; 112 mi) from the South Pole, the farthest anyone had ever…",9 January 1909 CE,https://en.wikipedia.org/wiki/January_9,,01-09,Wikipedia — January 9,,exact day (secondary compilation),"Social, economic and institutional history",,Gregorian day-date convention (retrospective where applicable),meets target,national,Secondary reference compilation; corroborated by institutional source where supplied,20,verified against dated reference entry,20,4
9,CE,1996,January,Date uses the Gregorian January day-page convention; for pre-modern events the original local calendar and conversion can differ. No year 0 is used. Source 1 is a secondary compilation; institutional corroboration is included when available.,Transregional/unspecified,JAN-09-07,event,"First Chechen War: Chechen separatists launch a raid against the helicopter airfield and later a civilian hospital in the city of Kizlyar in the neighboring Dagestan, which turns into a massive hostage crisis involving thousands of civilians.","First Chechen War: Chechen separatists launch a raid against the helicopter airfield and later a civilian hospital in the city of Kizlyar in the neighboring Dagestan, which…",9 January 1996 CE,https://en.wikipedia.org/wiki/January_9,,01-09,Wikipedia — January 9,,exact day (secondary compilation),War and conflict,,Gregorian day-date convention (retrospective where applicable),meets target,international,Secondary reference compilation; corroborated by institutional source where supplied,20,verified against dated reference entry,20,8
9,CE,2005,January,Date uses the Gregorian January day-page convention; for pre-modern events the original local calendar and conversion can differ. No year 0 is used. Source 1 is a secondary compilation; institutional corroboration is included when available.,Africa,JAN-09-08,event,The Sudan People's Liberation Movement and the Government of Sudan sign the Comprehensive Peace Agreement to end the Second Sudanese Civil War. The event is recorded in a dated historical chronology for this calendar day.,The Sudan People's Liberation Movement and the Government of Sudan sign the Comprehensive Peace Agreement to end the Second Sudanese Civil War.,9 January 2005 CE,https://en.wikipedia.org/wiki/January_9,https://unis.unvienna.org/unis/en/pressrels/2005/sgsm9667.html,01-09,Wikipedia — January 9,United Nations,exact day (secondary compilation),War and conflict,Sudan,Gregorian day-date convention (retrospective where applicable),meets target,international,Secondary reference compilation; corroborated by institutional or archival source,20,verified against dated reference entry,20,9
9,CE,1921,January,Date uses the Gregorian January day-page convention; for pre-modern events the original local calendar and conversion can differ. No year 0 is used. Source 1 is a secondary compilation; institutional corroboration is included when available.,Transregional/unspecified,JAN-09-09,event,"Greco-Turkish War: The First Battle of İnönü, the first battle of the war, begins near Eskişehir in Anatolia. The event is recorded in a dated historical chronology for this calendar day.","Greco-Turkish War: The First Battle of İnönü, the first battle of the war, begins near Eskişehir in Anatolia.",9 January 1921 CE,https://en.wikipedia.org/wiki/January_9,,01-09,Wikipedia — January 9,,exact day (secondary compilation),War and conflict,,Gregorian day-date convention (retrospective where applicable),meets target,international,Secondary reference compilation; corroborated by institutional source where supplied,20,verified against dated reference entry,20,9
9,CE,1792,January,Date uses the Gregorian January day-page convention; for pre-modern events the original local calendar and conversion can differ. No year 0 is used. Source 1 is a secondary compilation; institutional corroboration is included when available.,Middle East,JAN-09-10,event,"Treaty of Jassy between Russian and Ottoman Empire is signed, ending the Russo-Turkish War of 1787–92. The event is recorded in a dated historical chronology for this calendar day. The dated reference identifies this as a historical event on this calendar day.","Treaty of Jassy between Russian and Ottoman Empire is signed, ending the Russo-Turkish War of 1787–92.",9 January 1792 CE,https://en.wikipedia.org/wiki/January_9,,01-09,Wikipedia — January 9,,exact day (secondary compilation),War and conflict,Russia,Gregorian day-date convention (retrospective where applicable),meets target,international,Secondary reference compilation; corroborated by institutional source where supplied,20,verified against dated reference entry,20,9
9,CE,1941,January,Date uses the Gregorian January day-page convention; for pre-modern events the original local calendar and conversion can differ. No year 0 is used. Source 1 is a secondary compilation; institutional corroboration is included when available.,Transregional/unspecified,JAN-09-11,event,World War II: First flight of the Avro Lancaster. The event is recorded in a dated historical chronology for this calendar day. The dated reference identifies this as a historical event on this calendar day.,World War II: First flight of the Avro Lancaster.,9 January 1941 CE,https://en.wikipedia.org/wiki/January_9,,01-09,Wikipedia — January 9,,exact day (secondary compilation),War and conflict,,Gregorian day-date convention (retrospective where applicable),meets target,international,Secondary reference compilation; corroborated by institutional source where supplied,20,verified against dated reference entry,20,9
9,CE,1914,January,Date uses the Gregorian January day-page convention; for pre-modern events the original local calendar and conversion can differ. No year 0 is used. Source 1 is a secondary compilation; institutional corroboration is included when available.,Africa,JAN-09-12,event,"The Phi Beta Sigma fraternity is founded by African-American students at Howard University in Washington D.C., United States. The event is recorded in a dated historical chronology for this calendar day.","The Phi Beta Sigma fraternity is founded by African-American students at Howard University in Washington D.C., United States.",9 January 1914 CE,https://en.wikipedia.org/wiki/January_9,,01-09,Wikipedia — January 9,,exact day (secondary compilation),War and conflict,United States,Gregorian day-date convention (retrospective where applicable),meets target,regional,Secondary reference compilation; corroborated by institutional source where supplied,20,verified against dated reference entry,20,7
9,CE,1918,January,Date uses the Gregorian January day-page convention; for pre-modern events the original local calendar and conversion can differ. No year 0 is used. Source 1 is a secondary compilation; institutional corroboration is included when available.,Asia,JAN-09-13,event,Battle of Bear Valley: The last battle of the American Indian Wars. The event is recorded in a dated historical chronology for this calendar day. The dated reference identifies this as a historical event on this calendar day.,Battle of Bear Valley: The last battle of the American Indian Wars.,9 January 1918 CE,https://en.wikipedia.org/wiki/January_9,,01-09,Wikipedia — January 9,,exact day (secondary compilation),War and conflict,India,Gregorian day-date convention (retrospective where applicable),meets target,international,Secondary reference compilation; corroborated by institutional source where supplied,20,verified against dated reference entry,20,8
9,CE,1861,January,Date uses the Gregorian January day-page convention; for pre-modern events the original local calendar and conversion can differ. No year 0 is used. Source 1 is a secondary compilation; institutional corroboration is included when available.,Americas,JAN-09-14,event,Mississippi becomes the second state to secede from the Union before the outbreak of the American Civil War. The event is recorded in a dated historical chronology for this calendar day.,Mississippi becomes the second state to secede from the Union before the outbreak of the American Civil War.,9 January 1861 CE,https://en.wikipedia.org/wiki/January_9,,01-09,Wikipedia — January 9,,exact day (secondary compilation),War and conflict,,Gregorian day-date convention (retrospective where applicable),meets target,regional,Secondary reference compilation; corroborated by institutional source where supplied,20,verified against dated reference entry,20,7
9,CE,1861,January,Date uses the Gregorian January day-page convention; for pre-modern events the original local calendar and conversion can differ. No year 0 is used. Source 1 is a secondary compilation; institutional corroboration is included when available.,Americas,JAN-09-15,event,"American Civil War: "" Star of the West"" incident occurs near Charleston, South Carolina. The event is recorded in a dated historical chronology for this calendar day. The dated reference identifies this as a historical event on this calendar day.","American Civil War: "" Star of the West"" incident occurs near Charleston, South Carolina.",9 January 1861 CE,https://en.wikipedia.org/wiki/January_9,,01-09,Wikipedia — January 9,,exact day (secondary compilation),War and conflict,,Gregorian day-date convention (retrospective where applicable),meets target,regional,Secondary reference compilation; corroborated by institutional source where supplied,20,verified against dated reference entry,20,7
9,CE,1693,January,Date uses the Gregorian January day-page convention; for pre-modern events the original local calendar and conversion can differ. No year 0 is used. Source 1 is a secondary compilation; institutional corroboration is included when available.,Transregional/unspecified,JAN-09-16,event,"Sicily earthquake: The first of two earthquakes destroys parts of Sicily and Malta. After the second quake on 11 January, the death toll is estimated at between 60,000 and 100,000 people.","Sicily earthquake: The first of two earthquakes destroys parts of Sicily and Malta. After the second quake on 11 January, the death toll is estimated at between 60,000 and…",9 January 1693 CE,https://en.wikipedia.org/wiki/January_9,,01-09,Wikipedia — January 9,,exact day (secondary compilation),Disaster and public safety,,Gregorian day-date convention (retrospective where applicable),meets target,regional,Secondary reference compilation; corroborated by institutional source where supplied,20,verified against dated reference entry,20,7
9,CE,1822,January,Date uses the Gregorian January day-page convention; for pre-modern events the original local calendar and conversion can differ. No year 0 is used. Source 1 is a secondary compilation; institutional corroboration is included when available.,Americas,JAN-09-17,event,"The Portuguese prince Pedro I of Brazil decides to stay in Brazil against the orders of the Portuguese King João VI, beginning the Brazilian independence process. The event is recorded in a dated historical chronology for this calendar day.","The Portuguese prince Pedro I of Brazil decides to stay in Brazil against the orders of the Portuguese King João VI, beginning the Brazilian independence process.",9 January 1822 CE,https://en.wikipedia.org/wiki/January_9,,01-09,Wikipedia — January 9,,exact day (secondary compilation),Political history and decolonization,Brazil,Gregorian day-date convention (retrospective where applicable),meets target,regional,Secondary reference compilation; corroborated by institutional source where supplied,20,verified against dated reference entry,20,6
9,CE,1992,January,Date uses the Gregorian January day-page convention; for pre-modern events the original local calendar and conversion can differ. No year 0 is used. Source 1 is a secondary compilation; institutional corroboration is included when available.,Transregional/unspecified,JAN-09-18,event,The first discoveries of extrasolar planets are announced by astronomers Aleksander Wolszczan and Dale Frail. They discovered two planets orbiting the pulsar PSR 1257+12. The event is recorded in a dated historical chronology for this calendar day.,The first discoveries of extrasolar planets are announced by astronomers Aleksander Wolszczan and Dale Frail. They discovered two planets orbiting the pulsar PSR 1257+12.,9 January 1992 CE,https://en.wikipedia.org/wiki/January_9,,01-09,Wikipedia — January 9,,exact day (secondary compilation),"Science, technology and exploration",,Gregorian day-date convention (retrospective where applicable),meets target,regional,Secondary reference compilation; corroborated by institutional source where supplied,20,verified against dated reference entry,20,6
9,CE,1127,January,Date uses the Gregorian January day-page convention; for pre-modern events the original local calendar and conversion can differ. No year 0 is used. Source 1 is a secondary compilation; institutional corroboration is included when available.,Asia,JAN-09-19,event,"Jin–Song Wars: Invading Jurchen soldiers from the Jin dynasty besiege and sack Bianjing (Kaifeng), the capital of the Song dynasty of China, and abduct Emperor Qinzong of Song and others, ending the Northern Song period.","Jin–Song Wars: Invading Jurchen soldiers from the Jin dynasty besiege and sack Bianjing (Kaifeng), the capital of the Song dynasty of China, and abduct Emperor Qinzong of Song…",9 January 1127 CE,https://en.wikipedia.org/wiki/January_9,,01-09,Wikipedia — January 9,,exact day (secondary compilation),War and conflict,China,Gregorian day-date convention (retrospective where applicable),meets target,regional,Secondary reference compilation; corroborated by institutional source where supplied,20,verified against dated reference entry,20,6
9,CE,1799,January,Date uses the Gregorian January day-page convention; for pre-modern events the original local calendar and conversion can differ. No year 0 is used. Source 1 is a secondary compilation; institutional corroboration is included when available.,Europe,JAN-09-20,event,British Prime Minister William Pitt the Younger introduces an income tax of two shillings to the pound to raise funds for Great Britain's war effort in the Napoleonic Wars. The event is recorded in a dated historical chronology for this calendar day.,British Prime Minister William Pitt the Younger introduces an income tax of two shillings to the pound to raise funds for Great Britain's war effort in the Napoleonic Wars.,9 January 1799 CE,https://en.wikipedia.org/wiki/January_9,,01-09,Wikipedia — January 9,,exact day (secondary compilation),War and conflict,,Gregorian day-date convention (retrospective where applicable),meets target,regional,Secondary reference compilation; corroborated by institutional source where supplied,20,verified against dated reference entry,20,6
10,CE,2003,January,Date uses the Gregorian January day-page convention; for pre-modern events the original local calendar and conversion can differ. No year 0 is used. Source 1 is a secondary compilation; institutional corroboration is included when available.,Asia,JAN-10-01,event,"North Korea withdraws from the Treaty on the Non-Proliferation of Nuclear Weapons, making it the first state to withdraw from the treaty. The event is recorded in a dated historical chronology for this calendar day.","North Korea withdraws from the Treaty on the Non-Proliferation of Nuclear Weapons, making it the first state to withdraw from the treaty.",10 January 2003 CE,https://en.wikipedia.org/wiki/January_10,,01-10,Wikipedia — January 10,,exact day (secondary compilation),Political history and decolonization,Korea,Gregorian day-date convention (retrospective where applicable),meets target,regional,Secondary reference compilation; corroborated by institutional source where supplied,20,verified against dated reference entry,20,7
10,CE,1916,January,Date uses the Gregorian January day-page convention; for pre-modern events the original local calendar and conversion can differ. No year 0 is used. Source 1 is a secondary compilation; institutional corroboration is included when available.,Middle East,JAN-10-02,event,"World War I: Imperial Russia begins the Erzurum Offensive, leading to the defeat of the Ottoman Empire' s Third Army. The event is recorded in a dated historical chronology for this calendar day.","World War I: Imperial Russia begins the Erzurum Offensive, leading to the defeat of the Ottoman Empire' s Third Army.",10 January 1916 CE,https://en.wikipedia.org/wiki/January_10,,01-10,Wikipedia — January 10,,exact day (secondary compilation),War and conflict,Russia,Gregorian day-date convention (retrospective where applicable),meets target,international,Secondary reference compilation; corroborated by institutional source where supplied,20,verified against dated reference entry,20,9
10,CE,1920,January,Date uses the Gregorian January day-page convention; for pre-modern events the original local calendar and conversion can differ. No year 0 is used. Source 1 is a secondary compilation; institutional corroboration is included when available.,Americas,JAN-10-03,event,"The Treaty of Versailles takes effect, officially ending World War I for all combatant nations except the United States. The event is recorded in a dated historical chronology for this calendar day.","The Treaty of Versailles takes effect, officially ending World War I for all combatant nations except the United States.",10 January 1920 CE,https://en.wikipedia.org/wiki/January_10,,01-10,Wikipedia — January 10,,exact day (secondary compilation),War and conflict,United States,Gregorian day-date convention (retrospective where applicable),meets target,international,Secondary reference compilation; corroborated by institutional source where supplied,20,verified against dated reference entry,20,9
10,CE,1917,January,Date uses the Gregorian January day-page convention; for pre-modern events the original local calendar and conversion can differ. No year 0 is used. Source 1 is a secondary compilation; institutional corroboration is included when available.,Polar regions,JAN-10-04,event,Imperial Trans-Antarctic Expedition: Seven survivors of the Ross Sea party are rescued after being stranded for several months. The event is recorded in a dated historical chronology for this calendar day.,Imperial Trans-Antarctic Expedition: Seven survivors of the Ross Sea party are rescued after being stranded for several months.,10 January 1917 CE,https://en.wikipedia.org/wiki/January_10,,01-10,Wikipedia — January 10,,exact day (secondary compilation),"Social, economic and institutional history",,Gregorian day-date convention (retrospective where applicable),meets target,national,Secondary reference compilation; corroborated by institutional source where supplied,20,verified against dated reference entry,20,4
10,CE,1981,January,Date uses the Gregorian January day-page convention; for pre-modern events the original local calendar and conversion can differ. No year 0 is used. Source 1 is a secondary compilation; institutional corroboration is included when available.,Transregional/unspecified,JAN-10-05,event,"Salvadoran Civil War: The FMLN launches its first major offensive, gaining control of most of Morazán and Chalatenango departments. The event is recorded in a dated historical chronology for this calendar day.","Salvadoran Civil War: The FMLN launches its first major offensive, gaining control of most of Morazán and Chalatenango departments.",10 January 1981 CE,https://en.wikipedia.org/wiki/January_10,,01-10,Wikipedia — January 10,,exact day (secondary compilation),War and conflict,,Gregorian day-date convention (retrospective where applicable),meets target,international,Secondary reference compilation; corroborated by institutional source where supplied,20,verified against dated reference entry,20,10
10,CE,1941,January,Date uses the Gregorian January day-page convention; for pre-modern events the original local calendar and conversion can differ. No year 0 is used. Source 1 is a secondary compilation; institutional corroboration is included when available.,Transregional/unspecified,JAN-10-06,event,World War II: The Greek army captures Kleisoura. The event is recorded in a dated historical chronology for this calendar day. The dated reference identifies this as a historical event on this calendar day.,World War II: The Greek army captures Kleisoura.,10 January 1941 CE,https://en.wikipedia.org/wiki/January_10,,01-10,Wikipedia — January 10,,exact day (secondary compilation),War and conflict,,Gregorian day-date convention (retrospective where applicable),meets target,international,Secondary reference compilation; corroborated by institutional source where supplied,20,verified against dated reference entry,20,8
10,CE,1861,January,Date uses the Gregorian January day-page convention; for pre-modern events the original local calendar and conversion can differ. No year 0 is used. Source 1 is a secondary compilation; institutional corroboration is included when available.,Americas,JAN-10-07,event,American Civil War: Florida becomes the third state to secede from the Union. The event is recorded in a dated historical chronology for this calendar day. The dated reference identifies this as a historical event on this calendar day.,American Civil War: Florida becomes the third state to secede from the Union.,10 January 1861 CE,https://en.wikipedia.org/wiki/January_10,,01-10,Wikipedia — January 10,,exact day (secondary compilation),War and conflict,,Gregorian day-date convention (retrospective where applicable),meets target,regional,Secondary reference compilation; corroborated by institutional source where supplied,20,verified against dated reference entry,20,7
10,CE,1475,January,Date uses the Gregorian January day-page convention; for pre-modern events the original local calendar and conversion can differ. No year 0 is used. Source 1 is a secondary compilation; institutional corroboration is included when available.,Middle East,JAN-10-08,event,Stephen III of Moldavia defeats the Ottoman Empire at the Battle of Vaslui. The event is recorded in a dated historical chronology for this calendar day. The dated reference identifies this as a historical event on this calendar day.,Stephen III of Moldavia defeats the Ottoman Empire at the Battle of Vaslui.,10 January 1475 CE,https://en.wikipedia.org/wiki/January_10,,01-10,Wikipedia — January 10,,exact day (secondary compilation),War and conflict,,Gregorian day-date convention (retrospective where applicable),meets target,regional,Secondary reference compilation; corroborated by institutional source where supplied,20,verified against dated reference entry,20,7
10,CE,1946,January,Date uses the Gregorian January day-page convention; for pre-modern events the original local calendar and conversion can differ. No year 0 is used. Source 1 is a secondary compilation; institutional corroboration is included when available.,Transregional/unspecified,JAN-10-09,event,"The first General Assembly of the United Nations assembles in the Methodist Central Hall, Westminster. Fifty-one nations are represented. The event is recorded in a dated historical chronology for this calendar day.","The first General Assembly of the United Nations assembles in the Methodist Central Hall, Westminster. Fifty-one nations are represented.",10 January 1946 CE,https://en.wikipedia.org/wiki/January_10,,01-10,Wikipedia — January 10,,exact day (secondary compilation),"Social, economic and institutional history",,Gregorian day-date convention (retrospective where applicable),meets target,regional,Secondary reference compilation; corroborated by institutional source where supplied,20,verified against dated reference entry,20,7
10,CE,1901,January,Date uses the Gregorian January day-page convention; for pre-modern events the original local calendar and conversion can differ. No year 0 is used. Source 1 is a secondary compilation; institutional corroboration is included when available.,Transregional/unspecified,JAN-10-10,event,"The first great Texas oil gusher is discovered at Spindletop in Beaumont, Texas. The event is recorded in a dated historical chronology for this calendar day. The dated reference identifies this as a historical event on this calendar day.","The first great Texas oil gusher is discovered at Spindletop in Beaumont, Texas.",10 January 1901 CE,https://en.wikipedia.org/wiki/January_10,,01-10,Wikipedia — January 10,,exact day (secondary compilation),"Science, technology and exploration",,Gregorian day-date convention (retrospective where applicable),meets target,regional,Secondary reference compilation; corroborated by institutional source where supplied,20,verified against dated reference entry,20,6
10,CE,2000,January,Date uses the Gregorian January day-page convention; for pre-modern events the original local calendar and conversion can differ. No year 0 is used. Source 1 is a secondary compilation; institutional corroboration is included when available.,Transregional/unspecified,JAN-10-11,event,"Crossair Flight 498, a Saab 340 aircraft, crashes in Niederhasli, Switzerland, after taking off from Zurich Airport, killing 13 people. The event is recorded in a dated historical chronology for this calendar day.","Crossair Flight 498, a Saab 340 aircraft, crashes in Niederhasli, Switzerland, after taking off from Zurich Airport, killing 13 people.",10 January 2000 CE,https://en.wikipedia.org/wiki/January_10,,01-10,Wikipedia — January 10,,exact day (secondary compilation),"Science, technology and exploration",,Gregorian day-date convention (retrospective where applicable),meets target,national,Secondary reference compilation; corroborated by institutional source where supplied,20,verified against dated reference entry,20,4
10,CE,1966,January,Date uses the Gregorian January day-page convention; for pre-modern events the original local calendar and conversion can differ. No year 0 is used. Source 1 is a secondary compilation; institutional corroboration is included when available.,Asia,JAN-10-12,event,"Tashkent Declaration, a peace agreement between India and Pakistan signed that resolved the Indo-Pakistani War of 1965. The event is recorded in a dated historical chronology for this calendar day.","Tashkent Declaration, a peace agreement between India and Pakistan signed that resolved the Indo-Pakistani War of 1965.",10 January 1966 CE,https://en.wikipedia.org/wiki/January_10,,01-10,Wikipedia — January 10,,exact day (secondary compilation),War and conflict,India,Gregorian day-date convention (retrospective where applicable),meets target,regional,Secondary reference compilation; corroborated by institutional source where supplied,20,verified against dated reference entry,20,6
10,CE,1791,January,Date uses the Gregorian January day-page convention; for pre-modern events the original local calendar and conversion can differ. No year 0 is used. Source 1 is a secondary compilation; institutional corroboration is included when available.,Asia,JAN-10-13,event,The Siege of Dunlap's Station begins near Cincinnati during the Northwest Indian War. The event is recorded in a dated historical chronology for this calendar day. The dated reference identifies this as a historical event on this calendar day.,The Siege of Dunlap's Station begins near Cincinnati during the Northwest Indian War.,10 January 1791 CE,https://en.wikipedia.org/wiki/January_10,,01-10,Wikipedia — January 10,,exact day (secondary compilation),War and conflict,India,Gregorian day-date convention (retrospective where applicable),meets target,regional,Secondary reference compilation; corroborated by institutional source where supplied,20,verified against dated reference entry,20,6
10,CE,1990,January,Date uses the Gregorian January day-page convention; for pre-modern events the original local calendar and conversion can differ. No year 0 is used. Source 1 is a secondary compilation; institutional corroboration is included when available.,Transregional/unspecified,JAN-10-14,event,Time Warner is formed by the merger of Time Inc. and Warner Communications. The event is recorded in a dated historical chronology for this calendar day. The dated reference identifies this as a historical event on this calendar day.,Time Warner is formed by the merger of Time Inc. and Warner Communications.,10 January 1990 CE,https://en.wikipedia.org/wiki/January_10,,01-10,Wikipedia — January 10,,exact day (secondary compilation),War and conflict,,Gregorian day-date convention (retrospective where applicable),meets target,regional,Secondary reference compilation; corroborated by institutional source where supplied,20,verified against dated reference entry,20,6
10,CE,1776,January,Date uses the Gregorian January day-page convention; for pre-modern events the original local calendar and conversion can differ. No year 0 is used. Source 1 is a secondary compilation; institutional corroboration is included when available.,Americas,JAN-10-15,event,American Revolution: Thomas Paine publishes his pamphlet Common Sense. The event is recorded in a dated historical chronology for this calendar day. The dated reference identifies this as a historical event on this calendar day.,American Revolution: Thomas Paine publishes his pamphlet Common Sense.,10 January 1776 CE,https://en.wikipedia.org/wiki/January_10,,01-10,Wikipedia — January 10,,exact day (secondary compilation),"Social, economic and institutional history",,Gregorian day-date convention (retrospective where applicable),meets target,regional,Secondary reference compilation; corroborated by institutional source where supplied,20,verified against dated reference entry,20,6
10,CE,1920,January,Date uses the Gregorian January day-page convention; for pre-modern events the original local calendar and conversion can differ. No year 0 is used. Source 1 is a secondary compilation; institutional corroboration is included when available.,Europe,JAN-10-16,event,League of Nations Covenant automatically enters into force after the Treaty of Versailles is ratified by Germany. The event is recorded in a dated historical chronology for this calendar day.,League of Nations Covenant automatically enters into force after the Treaty of Versailles is ratified by Germany.,10 January 1920 CE,https://en.wikipedia.org/wiki/January_10,,01-10,Wikipedia — January 10,,exact day (secondary compilation),Political history and decolonization,Germany,Gregorian day-date convention (retrospective where applicable),meets target,national,Secondary reference compilation; corroborated by institutional source where supplied,20,verified against dated reference entry,20,5
10,CE,1812,January,Date uses the Gregorian January day-page convention; for pre-modern events the original local calendar and conversion can differ. No year 0 is used. Source 1 is a secondary compilation; institutional corroboration is included when available.,Transregional/unspecified,JAN-10-17,event,"The first steamboat on the Ohio River or the Mississippi River arrives in New Orleans, 82 days after departing from Pittsburgh. The event is recorded in a dated historical chronology for this calendar day.","The first steamboat on the Ohio River or the Mississippi River arrives in New Orleans, 82 days after departing from Pittsburgh.",10 January 1812 CE,https://en.wikipedia.org/wiki/January_10,,01-10,Wikipedia — January 10,,exact day (secondary compilation),"Social, economic and institutional history",,Gregorian day-date convention (retrospective where applicable),meets target,national,Secondary reference compilation; corroborated by institutional source where supplied,20,verified against dated reference entry,20,5
10,CE,1985,January,Date uses the Gregorian January day-page convention; for pre-modern events the original local calendar and conversion can differ. No year 0 is used. Source 1 is a secondary compilation; institutional corroboration is included when available.,Americas,JAN-10-18,event,Sandinista Daniel Ortega becomes president of Nicaragua and vows to continue the transformation to socialism and alliance with the Soviet Union and Cuba. The event is recorded in a dated historical chronology for this calendar day.,Sandinista Daniel Ortega becomes president of Nicaragua and vows to continue the transformation to socialism and alliance with the Soviet Union and Cuba.,10 January 1985 CE,https://en.wikipedia.org/wiki/January_10,,01-10,Wikipedia — January 10,,exact day (secondary compilation),Political history and decolonization,Cuba,Gregorian day-date convention (retrospective where applicable),meets target,national,Secondary reference compilation; corroborated by institutional source where supplied,20,verified against dated reference entry,20,4
10,CE,1972,January,Date uses the Gregorian January day-page convention; for pre-modern events the original local calendar and conversion can differ. No year 0 is used. Source 1 is a secondary compilation; institutional corroboration is included when available.,Asia,JAN-10-19,event,Sheikh Mujibur Rahman returns to the newly independent Bangladesh as president after spending over nine months in prison in Pakistan. The event is recorded in a dated historical chronology for this calendar day.,Sheikh Mujibur Rahman returns to the newly independent Bangladesh as president after spending over nine months in prison in Pakistan.,10 January 1972 CE,https://en.wikipedia.org/wiki/January_10,,01-10,Wikipedia — January 10,,exact day (secondary compilation),Political history and decolonization,Pakistan,Gregorian day-date convention (retrospective where applicable),meets target,national,Secondary reference compilation; corroborated by institutional source where supplied,20,verified against dated reference entry,20,4
10,CE,2007,January,Date uses the Gregorian January day-page convention; for pre-modern events the original local calendar and conversion can differ. No year 0 is used. Source 1 is a secondary compilation; institutional corroboration is included when available.,Transregional/unspecified,JAN-10-20,event,A general strike begins in Guinea in an attempt to get President Lansana Conté to resign. The event is recorded in a dated historical chronology for this calendar day. The dated reference identifies this as a historical event on this calendar day.,A general strike begins in Guinea in an attempt to get President Lansana Conté to resign.,10 January 2007 CE,https://en.wikipedia.org/wiki/January_10,,01-10,Wikipedia — January 10,,exact day (secondary compilation),Political history and decolonization,,Gregorian day-date convention (retrospective where applicable),meets target,national,Secondary reference compilation; corroborated by institutional source where supplied,20,verified against dated reference entry,20,4
11,CE,1998,January,Date uses the Gregorian January day-page convention; for pre-modern events the original local calendar and conversion can differ. No year 0 is used. Source 1 is a secondary compilation; institutional corroboration is included when available.,Africa,JAN-11-01,event,Over 100 people are killed in the Sidi-Hamed massacre in Algeria. The event is recorded in a dated historical chronology for this calendar day. The dated reference identifies this as a historical event on this calendar day.,Over 100 people are killed in the Sidi-Hamed massacre in Algeria.,11 January 1998 CE,https://en.wikipedia.org/wiki/January_11,,01-11,Wikipedia — January 11,,exact day (secondary compilation),"Social, economic and institutional history",Algeria,Gregorian day-date convention (retrospective where applicable),meets target,regional,Secondary reference compilation; corroborated by institutional source where supplied,20,verified against dated reference entry,20,6
11,CE,1942,January,Date uses the Gregorian January day-page convention; for pre-modern events the original local calendar and conversion can differ. No year 0 is used. Source 1 is a secondary compilation; institutional corroboration is included when available.,Asia,JAN-11-02,event,"World War II: Japanese forces attack Tarakan in Borneo, Netherlands Indies (Battle of Tarakan) The event is recorded in a dated historical chronology for this calendar day. The dated reference identifies this as a historical event on this calendar day.","World War II: Japanese forces attack Tarakan in Borneo, Netherlands Indies (Battle of Tarakan)",11 January 1942 CE,https://en.wikipedia.org/wiki/January_11,,01-11,Wikipedia — January 11,,exact day (secondary compilation),War and conflict,Japan,Gregorian day-date convention (retrospective where applicable),meets target,international,Secondary reference compilation; corroborated by institutional source where supplied,20,verified against dated reference entry,20,10
11,CE,1863,January,Date uses the Gregorian January day-page convention; for pre-modern events the original local calendar and conversion can differ. No year 0 is used. Source 1 is a secondary compilation; institutional corroboration is included when available.,Americas,JAN-11-03,event,American Civil War: The three-day Battle of Arkansas Post concludes as General John McClernand and Admiral David Dixon Porter capture Fort Hindman and secure control over the Arkansas River for the Union.,American Civil War: The three-day Battle of Arkansas Post concludes as General John McClernand and Admiral David Dixon Porter capture Fort Hindman and secure control over the…,11 January 1863 CE,https://en.wikipedia.org/wiki/January_11,,01-11,Wikipedia — January 11,,exact day (secondary compilation),War and conflict,,Gregorian day-date convention (retrospective where applicable),meets target,international,Secondary reference compilation; corroborated by institutional source where supplied,20,verified against dated reference entry,20,9
11,CE,1986,January,Date uses the Gregorian January day-page convention; for pre-modern events the original local calendar and conversion can differ. No year 0 is used. Source 1 is a secondary compilation; institutional corroboration is included when available.,Oceania,JAN-11-04,event,"The Gateway Bridge, Brisbane, Queensland, Australia is officially opened. The event is recorded in a dated historical chronology for this calendar day. The dated reference identifies this as a historical event on this calendar day.","The Gateway Bridge, Brisbane, Queensland, Australia is officially opened.",11 January 1986 CE,https://en.wikipedia.org/wiki/January_11,,01-11,Wikipedia — January 11,,exact day (secondary compilation),Political history and decolonization,Australia,Gregorian day-date convention (retrospective where applicable),meets target,national,Secondary reference compilation; corroborated by institutional source where supplied,20,verified against dated reference entry,20,4
11,CE,1914,January,Date uses the Gregorian January day-page convention; for pre-modern events the original local calendar and conversion can differ. No year 0 is used. Source 1 is a secondary compilation; institutional corroboration is included when available.,Polar regions,JAN-11-05,event,"The Karluk, flagship of the Canadian Arctic Expedition, sinks after being crushed by ice. The event is recorded in a dated historical chronology for this calendar day. The dated reference identifies this as a historical event on this calendar day.","The Karluk, flagship of the Canadian Arctic Expedition, sinks after being crushed by ice.",11 January 1914 CE,https://en.wikipedia.org/wiki/January_11,,01-11,Wikipedia — January 11,,exact day (secondary compilation),"Social, economic and institutional history",,Gregorian day-date convention (retrospective where applicable),meets target,national,Secondary reference compilation; corroborated by institutional source where supplied,20,verified against dated reference entry,20,4
11,CE,1996,January,Date uses the Gregorian January day-page convention; for pre-modern events the original local calendar and conversion can differ. No year 0 is used. Source 1 is a secondary compilation; institutional corroboration is included when available.,Transregional/unspecified,JAN-11-06,event,Space Shuttle program: STS-72 launches from the Kennedy Space Center marking the start of the 74th Space Shuttle mission and the 10th flight of Endeavour. The event is recorded in a dated historical chronology for this calendar day.,Space Shuttle program: STS-72 launches from the Kennedy Space Center marking the start of the 74th Space Shuttle mission and the 10th flight of Endeavour.,11 January 1996 CE,https://en.wikipedia.org/wiki/January_11,,01-11,Wikipedia — January 11,,exact day (secondary compilation),"Science, technology and exploration",,Gregorian day-date convention (retrospective where applicable),meets target,regional,Secondary reference compilation; corroborated by institutional source where supplied,20,verified against dated reference entry,20,7
11,CE,1923,January,Date uses the Gregorian January day-page convention; for pre-modern events the original local calendar and conversion can differ. No year 0 is used. Source 1 is a secondary compilation; institutional corroboration is included when available.,Europe,JAN-11-07,event,Occupation of the Ruhr: Troops from France and Belgium occupy the Ruhr area to force Germany to make its World War I reparation payments. The event is recorded in a dated historical chronology for this calendar day.,Occupation of the Ruhr: Troops from France and Belgium occupy the Ruhr area to force Germany to make its World War I reparation payments.,11 January 1923 CE,https://en.wikipedia.org/wiki/January_11,,01-11,Wikipedia — January 11,,exact day (secondary compilation),War and conflict,France,Gregorian day-date convention (retrospective where applicable),meets target,international,Secondary reference compilation; corroborated by institutional source where supplied,20,verified against dated reference entry,20,8
11,CE,1942,January,Date uses the Gregorian January day-page convention; for pre-modern events the original local calendar and conversion can differ. No year 0 is used. Source 1 is a secondary compilation; institutional corroboration is included when available.,Asia,JAN-11-08,event,"World War II: Japanese forces capture Kuala Lumpur, the capital of the Federated Malay States. The event is recorded in a dated historical chronology for this calendar day. The dated reference identifies this as a historical event on this calendar day.","World War II: Japanese forces capture Kuala Lumpur, the capital of the Federated Malay States.",11 January 1942 CE,https://en.wikipedia.org/wiki/January_11,,01-11,Wikipedia — January 11,,exact day (secondary compilation),War and conflict,Japan,Gregorian day-date convention (retrospective where applicable),meets target,international,Secondary reference compilation; corroborated by institutional source where supplied,20,verified against dated reference entry,20,8
11,CE,1863,January,Date uses the Gregorian January day-page convention; for pre-modern events the original local calendar and conversion can differ. No year 0 is used. Source 1 is a secondary compilation; institutional corroboration is included when available.,Americas,JAN-11-09,event,American Civil War: CSS Alabama encounters and sinks the USS Hatteras off Galveston Lighthouse in Texas. The event is recorded in a dated historical chronology for this calendar day. The dated reference identifies this as a historical event on this calendar day.,American Civil War: CSS Alabama encounters and sinks the USS Hatteras off Galveston Lighthouse in Texas.,11 January 1863 CE,https://en.wikipedia.org/wiki/January_11,,01-11,Wikipedia — January 11,,exact day (secondary compilation),War and conflict,,Gregorian day-date convention (retrospective where applicable),meets target,regional,Secondary reference compilation; corroborated by institutional source where supplied,20,verified against dated reference entry,20,7
11,CE,1861,January,Date uses the Gregorian January day-page convention; for pre-modern events the original local calendar and conversion can differ. No year 0 is used. Source 1 is a secondary compilation; institutional corroboration is included when available.,Americas,JAN-11-10,event,American Civil War: Alabama secedes from the United States. The event is recorded in a dated historical chronology for this calendar day. The dated reference identifies this as a historical event on this calendar day.,American Civil War: Alabama secedes from the United States.,11 January 1861 CE,https://en.wikipedia.org/wiki/January_11,,01-11,Wikipedia — January 11,,exact day (secondary compilation),War and conflict,United States,Gregorian day-date convention (retrospective where applicable),meets target,regional,Secondary reference compilation; corroborated by institutional source where supplied,20,verified against dated reference entry,20,7
11,CE,1943,January,Date uses the Gregorian January day-page convention; for pre-modern events the original local calendar and conversion can differ. No year 0 is used. Source 1 is a secondary compilation; institutional corroboration is included when available.,Asia,JAN-11-11,event,The Republic of China agrees to the Sino-British New Equal Treaty and the Sino-American New Equal Treaty. The event is recorded in a dated historical chronology for this calendar day.,The Republic of China agrees to the Sino-British New Equal Treaty and the Sino-American New Equal Treaty.,11 January 1943 CE,https://en.wikipedia.org/wiki/January_11,,01-11,Wikipedia — January 11,,exact day (secondary compilation),Political history and decolonization,China,Gregorian day-date convention (retrospective where applicable),meets target,regional,Secondary reference compilation; corroborated by institutional source where supplied,20,verified against dated reference entry,20,7
11,CE,1946,January,Date uses the Gregorian January day-page convention; for pre-modern events the original local calendar and conversion can differ. No year 0 is used. Source 1 is a secondary compilation; institutional corroboration is included when available.,Transregional/unspecified,JAN-11-12,event,"Enver Hoxha, Secretary General of the Communist Party of Albania, declares the People's Republic of Albania with himself as head of state. The event is recorded in a dated historical chronology for this calendar day.","Enver Hoxha, Secretary General of the Communist Party of Albania, declares the People's Republic of Albania with himself as head of state.",11 January 1946 CE,https://en.wikipedia.org/wiki/January_11,,01-11,Wikipedia — January 11,,exact day (secondary compilation),Political history and decolonization,,Gregorian day-date convention (retrospective where applicable),meets target,regional,Secondary reference compilation; corroborated by institutional source where supplied,20,verified against dated reference entry,20,7
11,CE,1962,January,Date uses the Gregorian January day-page convention; for pre-modern events the original local calendar and conversion can differ. No year 0 is used. Source 1 is a secondary compilation; institutional corroboration is included when available.,Transregional/unspecified,JAN-11-13,event,"Cold War: While tied to its pier in Polyarny, the Soviet submarine B-37 is destroyed when fire breaks out in its torpedo compartment. The event is recorded in a dated historical chronology for this calendar day.","Cold War: While tied to its pier in Polyarny, the Soviet submarine B-37 is destroyed when fire breaks out in its torpedo compartment.",11 January 1962 CE,https://en.wikipedia.org/wiki/January_11,,01-11,Wikipedia — January 11,,exact day (secondary compilation),War and conflict,,Gregorian day-date convention (retrospective where applicable),meets target,regional,Secondary reference compilation; corroborated by institutional source where supplied,20,verified against dated reference entry,20,6
11,CE,1654,January,Date uses the Gregorian January day-page convention; for pre-modern events the original local calendar and conversion can differ. No year 0 is used. Source 1 is a secondary compilation; institutional corroboration is included when available.,Americas,JAN-11-14,event,Arauco War: A Spanish army is defeated by local Mapuche-Huilliches as it tries to cross Bueno River in Southern Chile. The event is recorded in a dated historical chronology for this calendar day.,Arauco War: A Spanish army is defeated by local Mapuche-Huilliches as it tries to cross Bueno River in Southern Chile.,11 January 1654 CE,https://en.wikipedia.org/wiki/January_11,,01-11,Wikipedia — January 11,,exact day (secondary compilation),War and conflict,Chile,Gregorian day-date convention (retrospective where applicable),meets target,regional,Secondary reference compilation; corroborated by institutional source where supplied,20,verified against dated reference entry,20,6
11,CE,1943,January,Date uses the Gregorian January day-page convention; for pre-modern events the original local calendar and conversion can differ. No year 0 is used. Source 1 is a secondary compilation; institutional corroboration is included when available.,Americas,JAN-11-15,event,Italian-American anarchist Carlo Tresca is assassinated in New York City. The event is recorded in a dated historical chronology for this calendar day. The dated reference identifies this as a historical event on this calendar day.,Italian-American anarchist Carlo Tresca is assassinated in New York City.,11 January 1943 CE,https://en.wikipedia.org/wiki/January_11,,01-11,Wikipedia — January 11,,exact day (secondary compilation),"Social, economic and institutional history",,Gregorian day-date convention (retrospective where applicable),meets target,regional,Secondary reference compilation; corroborated by institutional source where supplied,20,verified against dated reference entry,20,6
11,CE,1961,January,Date uses the Gregorian January day-page convention; for pre-modern events the original local calendar and conversion can differ. No year 0 is used. Source 1 is a secondary compilation; institutional corroboration is included when available.,Americas,JAN-11-16,event,"Throgs Neck Bridge over the East River, linking New York City's boroughs of The Bronx and Queens, opens to road traffic. The event is recorded in a dated historical chronology for this calendar day.","Throgs Neck Bridge over the East River, linking New York City's boroughs of The Bronx and Queens, opens to road traffic.",11 January 1961 CE,https://en.wikipedia.org/wiki/January_11,,01-11,Wikipedia — January 11,,exact day (secondary compilation),Political history and decolonization,,Gregorian day-date convention (retrospective where applicable),meets target,national,Secondary reference compilation; corroborated by institutional source where supplied,20,verified against dated reference entry,20,4
11,CE,1959,January,Date uses the Gregorian January day-page convention; for pre-modern events the original local calendar and conversion can differ. No year 0 is used. Source 1 is a secondary compilation; institutional corroboration is included when available.,Americas,JAN-11-17,event,36 people are killed when Lufthansa Flight 502 crashes on approach to Rio de Janeiro/Galeão International Airport in Brazil. The event is recorded in a dated historical chronology for this calendar day.,36 people are killed when Lufthansa Flight 502 crashes on approach to Rio de Janeiro/Galeão International Airport in Brazil.,11 January 1959 CE,https://en.wikipedia.org/wiki/January_11,,01-11,Wikipedia — January 11,,exact day (secondary compilation),Disaster and public safety,Brazil,Gregorian day-date convention (retrospective where applicable),meets target,national,Secondary reference compilation; corroborated by institutional source where supplied,20,verified against dated reference entry,20,4
11,CE,1983,January,Date uses the Gregorian January day-page convention; for pre-modern events the original local calendar and conversion can differ. No year 0 is used. Source 1 is a secondary compilation; institutional corroboration is included when available.,Transregional/unspecified,JAN-11-18,event,"United Airlines Flight 2885 crashes after takeoff from Detroit Metropolitan Airport, killing three. The event is recorded in a dated historical chronology for this calendar day. The dated reference identifies this as a historical event on this calendar day.","United Airlines Flight 2885 crashes after takeoff from Detroit Metropolitan Airport, killing three.",11 January 1983 CE,https://en.wikipedia.org/wiki/January_11,,01-11,Wikipedia — January 11,,exact day (secondary compilation),Disaster and public safety,,Gregorian day-date convention (retrospective where applicable),meets target,national,Secondary reference compilation; corroborated by institutional source where supplied,20,verified against dated reference entry,20,4
11,CE,1787,January,Date uses the Gregorian January day-page convention; for pre-modern events the original local calendar and conversion can differ. No year 0 is used. Source 1 is a secondary compilation; institutional corroboration is included when available.,Transregional/unspecified,JAN-11-19,event,"William Herschel discovers Titania and Oberon, two moons of Uranus. The event is recorded in a dated historical chronology for this calendar day. The dated reference identifies this as a historical event on this calendar day.","William Herschel discovers Titania and Oberon, two moons of Uranus.",11 January 1787 CE,https://en.wikipedia.org/wiki/January_11,,01-11,Wikipedia — January 11,,exact day (secondary compilation),"Social, economic and institutional history",,Gregorian day-date convention (retrospective where applicable),meets target,national,Secondary reference compilation; corroborated by institutional source where supplied,20,verified against dated reference entry,20,5
11,CE,1995,January,Date uses the Gregorian January day-page convention; for pre-modern events the original local calendar and conversion can differ. No year 0 is used. Source 1 is a secondary compilation; institutional corroboration is included when available.,Americas,JAN-11-20,event,"51 people are killed in a plane crash in María La Baja, Colombia. The event is recorded in a dated historical chronology for this calendar day. The dated reference identifies this as a historical event on this calendar day.","51 people are killed in a plane crash in María La Baja, Colombia.",11 January 1995 CE,https://en.wikipedia.org/wiki/January_11,,01-11,Wikipedia — January 11,,exact day (secondary compilation),Disaster and public safety,Colombia,Gregorian day-date convention (retrospective where applicable),meets target,national,Secondary reference compilation; corroborated by institutional source where supplied,20,verified against dated reference entry,20,4
12,CE,1970,January,Date uses the Gregorian January day-page convention; for pre-modern events the original local calendar and conversion can differ. No year 0 is used. Source 1 is a secondary compilation; institutional corroboration is included when available.,Africa,JAN-12-01,event,"Biafra capitulates, ending the Nigerian Civil War. The event is recorded in a dated historical chronology for this calendar day. The dated reference identifies this as a historical event on this calendar day.","Biafra capitulates, ending the Nigerian Civil War.",12 January 1970 CE,https://en.wikipedia.org/wiki/January_12,,01-12,Wikipedia — January 12,,exact day (secondary compilation),War and conflict,Nigeria,Gregorian day-date convention (retrospective where applicable),meets target,regional,Secondary reference compilation; corroborated by institutional source where supplied,20,verified against dated reference entry,20,7
12,CE,1962,January,Date uses the Gregorian January day-page convention; for pre-modern events the original local calendar and conversion can differ. No year 0 is used. Source 1 is a secondary compilation; institutional corroboration is included when available.,Asia,JAN-12-02,event,"Vietnam War: Operation Chopper, the first American combat mission and first American helicopter assault in the war, takes place. The event is recorded in a dated historical chronology for this calendar day.","Vietnam War: Operation Chopper, the first American combat mission and first American helicopter assault in the war, takes place.",12 January 1962 CE,https://en.wikipedia.org/wiki/January_12,,01-12,Wikipedia — January 12,,exact day (secondary compilation),War and conflict,Vietnam,Gregorian day-date convention (retrospective where applicable),meets target,regional,Secondary reference compilation; corroborated by institutional source where supplied,20,verified against dated reference entry,20,7
12,CE,1976,January,Date uses the Gregorian January day-page convention; for pre-modern events the original local calendar and conversion can differ. No year 0 is used. Source 1 is a secondary compilation; institutional corroboration is included when available.,Middle East,JAN-12-03,event,The United Nations Security Council votes 11–1 to allow the Palestine Liberation Organization to participate in a Security Council debate (without voting rights). The event is recorded in a dated historical chronology for this calendar day.,The United Nations Security Council votes 11–1 to allow the Palestine Liberation Organization to participate in a Security Council debate (without voting rights).,12 January 1976 CE,https://en.wikipedia.org/wiki/January_12,,01-12,Wikipedia — January 12,,exact day (secondary compilation),"Social, economic and institutional history",Palestine,Gregorian day-date convention (retrospective where applicable),meets target,international,Secondary reference compilation; corroborated by institutional source where supplied,20,verified against dated reference entry,20,9
12,CE,1942,January,Date uses the Gregorian January day-page convention; for pre-modern events the original local calendar and conversion can differ. No year 0 is used. Source 1 is a secondary compilation; institutional corroboration is included when available.,Americas,JAN-12-04,event,World War II: United States President Franklin D. Roosevelt creates the National War Labor Board. The event is recorded in a dated historical chronology for this calendar day. The dated reference identifies this as a historical event on this calendar day.,World War II: United States President Franklin D. Roosevelt creates the National War Labor Board.,12 January 1942 CE,https://en.wikipedia.org/wiki/January_12,,01-12,Wikipedia — January 12,,exact day (secondary compilation),War and conflict,United States,Gregorian day-date convention (retrospective where applicable),meets target,international,Secondary reference compilation; corroborated by institutional source where supplied,20,verified against dated reference entry,20,8
12,CE,1916,January,Date uses the Gregorian January day-page convention; for pre-modern events the original local calendar and conversion can differ. No year 0 is used. Source 1 is a secondary compilation; institutional corroboration is included when available.,Transregional/unspecified,JAN-12-05,event,"Oswald Boelcke and Max Immelmann become the first German aviators to earn the Pour le Mérite, receive the German Empire's highest military award, for achieving eight aerial victories each over Allied aircraft.","Oswald Boelcke and Max Immelmann become the first German aviators to earn the Pour le Mérite, receive the German Empire's highest military award, for achieving eight aerial…",12 January 1916 CE,https://en.wikipedia.org/wiki/January_12,,01-12,Wikipedia — January 12,,exact day (secondary compilation),War and conflict,,Gregorian day-date convention (retrospective where applicable),meets target,international,Secondary reference compilation; corroborated by institutional source where supplied,20,verified against dated reference entry,20,8
12,CE,1945,January,Date uses the Gregorian January day-page convention; for pre-modern events the original local calendar and conversion can differ. No year 0 is used. Source 1 is a secondary compilation; institutional corroboration is included when available.,Transregional/unspecified,JAN-12-06,event,World War II: The Red Army begins the Vistula–Oder Offensive. The event is recorded in a dated historical chronology for this calendar day. The dated reference identifies this as a historical event on this calendar day.,World War II: The Red Army begins the Vistula–Oder Offensive.,12 January 1945 CE,https://en.wikipedia.org/wiki/January_12,,01-12,Wikipedia — January 12,,exact day (secondary compilation),War and conflict,,Gregorian day-date convention (retrospective where applicable),meets target,international,Secondary reference compilation; corroborated by institutional source where supplied,20,verified against dated reference entry,20,8
12,CE,1964,January,Date uses the Gregorian January day-page convention; for pre-modern events the original local calendar and conversion can differ. No year 0 is used. Source 1 is a secondary compilation; institutional corroboration is included when available.,Transregional/unspecified,JAN-12-07,event,Rebels in Zanzibar begin a revolt known as the Zanzibar Revolution and proclaim a republic. The event is recorded in a dated historical chronology for this calendar day. The dated reference identifies this as a historical event on this calendar day.,Rebels in Zanzibar begin a revolt known as the Zanzibar Revolution and proclaim a republic.,12 January 1964 CE,https://en.wikipedia.org/wiki/January_12,,01-12,Wikipedia — January 12,,exact day (secondary compilation),War and conflict,,Gregorian day-date convention (retrospective where applicable),meets target,regional,Secondary reference compilation; corroborated by institutional source where supplied,20,verified against dated reference entry,20,7
12,CE,1997,January,Date uses the Gregorian January day-page convention; for pre-modern events the original local calendar and conversion can differ. No year 0 is used. Source 1 is a secondary compilation; institutional corroboration is included when available.,Europe,JAN-12-08,event,"Space Shuttle program: Atlantis launches from the Kennedy Space Center on mission STS-81 to the Russian space station Mir, carrying astronaut Jerry M. Linenger for a four-month stay on board the station, replacing astronaut John E. Blaha.","Space Shuttle program: Atlantis launches from the Kennedy Space Center on mission STS-81 to the Russian space station Mir, carrying astronaut Jerry M. Linenger for a four-month…",12 January 1997 CE,https://en.wikipedia.org/wiki/January_12,,01-12,Wikipedia — January 12,,exact day (secondary compilation),"Science, technology and exploration",Russia,Gregorian day-date convention (retrospective where applicable),meets target,regional,Secondary reference compilation; corroborated by institutional source where supplied,20,verified against dated reference entry,20,7
12,CE,1911,January,Date uses the Gregorian January day-page convention; for pre-modern events the original local calendar and conversion can differ. No year 0 is used. Source 1 is a secondary compilation; institutional corroboration is included when available.,Asia,JAN-12-09,event,The University of the Philippines College of Law is established. The event is recorded in a dated historical chronology for this calendar day. The dated reference identifies this as a historical event on this calendar day.,The University of the Philippines College of Law is established.,12 January 1911 CE,https://en.wikipedia.org/wiki/January_12,,01-12,Wikipedia — January 12,,exact day (secondary compilation),"Culture, education and religion",Philippines,Gregorian day-date convention (retrospective where applicable),meets target,regional,Secondary reference compilation; corroborated by institutional source where supplied,20,verified against dated reference entry,20,6
12,CE,1554,January,Date uses the Gregorian January day-page convention; for pre-modern events the original local calendar and conversion can differ. No year 0 is used. Source 1 is a secondary compilation; institutional corroboration is included when available.,Asia,JAN-12-10,event,"Bayinnaung, who would go on to assemble the largest empire in the history of Southeast Asia, is crowned King of Burma. The event is recorded in a dated historical chronology for this calendar day.","Bayinnaung, who would go on to assemble the largest empire in the history of Southeast Asia, is crowned King of Burma.",12 January 1554 CE,https://en.wikipedia.org/wiki/January_12,,01-12,Wikipedia — January 12,,exact day (secondary compilation),Political history and decolonization,,Gregorian day-date convention (retrospective where applicable),meets target,national,Secondary reference compilation; corroborated by institutional source where supplied,20,verified against dated reference entry,20,5
12,CE,1991,January,Date uses the Gregorian January day-page convention; for pre-modern events the original local calendar and conversion can differ. No year 0 is used. Source 1 is a secondary compilation; institutional corroboration is included when available.,Middle East,JAN-12-11,event,Persian Gulf War: An act of the U.S. Congress authorizes the use of American military force to drive Iraq out of Kuwait. The event is recorded in a dated historical chronology for this calendar day.,Persian Gulf War: An act of the U.S. Congress authorizes the use of American military force to drive Iraq out of Kuwait.,12 January 1991 CE,https://en.wikipedia.org/wiki/January_12,,01-12,Wikipedia — January 12,,exact day (secondary compilation),War and conflict,Iraq,Gregorian day-date convention (retrospective where applicable),meets target,regional,Secondary reference compilation; corroborated by institutional source where supplied,20,verified against dated reference entry,20,6
12,CE,1986,January,Date uses the Gregorian January day-page convention; for pre-modern events the original local calendar and conversion can differ. No year 0 is used. Source 1 is a secondary compilation; institutional corroboration is included when available.,Transregional/unspecified,JAN-12-12,event,Space Shuttle program: Congressman and future NASA Administrator Bill Nelson lifts off from Kennedy Space Center aboard Columbia on mission STS-61-C as a payload specialist. The event is recorded in a dated historical chronology for this calendar day.,Space Shuttle program: Congressman and future NASA Administrator Bill Nelson lifts off from Kennedy Space Center aboard Columbia on mission STS-61-C as a payload specialist.,12 January 1986 CE,https://en.wikipedia.org/wiki/January_12,,01-12,Wikipedia — January 12,,exact day (secondary compilation),"Science, technology and exploration",,Gregorian day-date convention (retrospective where applicable),meets target,national,Secondary reference compilation; corroborated by institutional source where supplied,20,verified against dated reference entry,20,5
12,CE,1915,January,Date uses the Gregorian January day-page convention; for pre-modern events the original local calendar and conversion can differ. No year 0 is used. Source 1 is a secondary compilation; institutional corroboration is included when available.,Americas,JAN-12-13,event,The United States House of Representatives rejects a proposed constitutional amendment to require states to give women the right to vote. The event is recorded in a dated historical chronology for this calendar day.,The United States House of Representatives rejects a proposed constitutional amendment to require states to give women the right to vote.,12 January 1915 CE,https://en.wikipedia.org/wiki/January_12,,01-12,Wikipedia — January 12,,exact day (secondary compilation),Political history and decolonization,United States,Gregorian day-date convention (retrospective where applicable),meets target,national,Secondary reference compilation; corroborated by institutional source where supplied,20,verified against dated reference entry,20,5
12,CE,1528,January,Date uses the Gregorian January day-page convention; for pre-modern events the original local calendar and conversion can differ. No year 0 is used. Source 1 is a secondary compilation; institutional corroboration is included when available.,Europe,JAN-12-14,event,"Gustav I of Sweden is crowned King of Sweden, having already reigned since his election in June 1523. The event is recorded in a dated historical chronology for this calendar day.","Gustav I of Sweden is crowned King of Sweden, having already reigned since his election in June 1523.",12 January 1528 CE,https://en.wikipedia.org/wiki/January_12,,01-12,Wikipedia — January 12,,exact day (secondary compilation),Political history and decolonization,Sweden,Gregorian day-date convention (retrospective where applicable),meets target,national,Secondary reference compilation; corroborated by institutional source where supplied,20,verified against dated reference entry,20,4
12,CE,1895,January,Date uses the Gregorian January day-page convention; for pre-modern events the original local calendar and conversion can differ. No year 0 is used. Source 1 is a secondary compilation; institutional corroboration is included when available.,Transregional/unspecified,JAN-12-15,event,The National Trust is founded in the United Kingdom. The event is recorded in a dated historical chronology for this calendar day. The dated reference identifies this as a historical event on this calendar day.,The National Trust is founded in the United Kingdom.,12 January 1895 CE,https://en.wikipedia.org/wiki/January_12,,01-12,Wikipedia — January 12,,exact day (secondary compilation),Political history and decolonization,United Kingdom,Gregorian day-date convention (retrospective where applicable),meets target,national,Secondary reference compilation; corroborated by institutional source where supplied,20,verified against dated reference entry,20,5
12,CE,2005,January,Date uses the Gregorian January day-page convention; for pre-modern events the original local calendar and conversion can differ. No year 0 is used. Source 1 is a secondary compilation; institutional corroboration is included when available.,Transregional/unspecified,JAN-12-16,event,Deep Impact launches from Cape Canaveral on a Delta II rocket. The event is recorded in a dated historical chronology for this calendar day. The dated reference identifies this as a historical event on this calendar day.,Deep Impact launches from Cape Canaveral on a Delta II rocket.,12 January 2005 CE,https://en.wikipedia.org/wiki/January_12,,01-12,Wikipedia — January 12,,exact day (secondary compilation),"Social, economic and institutional history",,Gregorian day-date convention (retrospective where applicable),meets target,national,Secondary reference compilation; corroborated by institutional source where supplied,20,verified against dated reference entry,20,5
12,CE,475,January,Date uses the Gregorian January day-page convention; for pre-modern events the original local calendar and conversion can differ. No year 0 is used. Source 1 is a secondary compilation; institutional corroboration is included when available.,Transregional/unspecified,JAN-12-17,event,"Byzantine Emperor Zeno is forced to flee his capital at Constantinople, and his general, Basiliscus gains control of the empire. The event is recorded in a dated historical chronology for this calendar day.","Byzantine Emperor Zeno is forced to flee his capital at Constantinople, and his general, Basiliscus gains control of the empire.",12 January 475 CE,https://en.wikipedia.org/wiki/January_12,,01-12,Wikipedia — January 12,,exact day (secondary compilation),Political history and decolonization,,Gregorian day-date convention (retrospective where applicable),meets target,national,Secondary reference compilation; corroborated by institutional source where supplied,20,verified against dated reference entry,20,5
12,CE,1872,January,Date uses the Gregorian January day-page convention; for pre-modern events the original local calendar and conversion can differ. No year 0 is used. Source 1 is a secondary compilation; institutional corroboration is included when available.,Africa,JAN-12-18,event,"Yohannes IV is crowned Emperor of Ethiopia in Axum, the first imperial coronation in that city in over 200 years. The event is recorded in a dated historical chronology for this calendar day.","Yohannes IV is crowned Emperor of Ethiopia in Axum, the first imperial coronation in that city in over 200 years.",12 January 1872 CE,https://en.wikipedia.org/wiki/January_12,,01-12,Wikipedia — January 12,,exact day (secondary compilation),"Social, economic and institutional history",Ethiopia,Gregorian day-date convention (retrospective where applicable),meets target,national,Secondary reference compilation; corroborated by institutional source where supplied,20,verified against dated reference entry,20,5
12,CE,1967,January,Date uses the Gregorian January day-page convention; for pre-modern events the original local calendar and conversion can differ. No year 0 is used. Source 1 is a secondary compilation; institutional corroboration is included when available.,Transregional/unspecified,JAN-12-19,event,Dr. James Bedford becomes the first person to be cryonically preserved with intent of future resuscitation. The event is recorded in a dated historical chronology for this calendar day. The dated reference identifies this as a historical event on this calendar day.,Dr. James Bedford becomes the first person to be cryonically preserved with intent of future resuscitation.,12 January 1967 CE,https://en.wikipedia.org/wiki/January_12,,01-12,Wikipedia — January 12,,exact day (secondary compilation),"Social, economic and institutional history",,Gregorian day-date convention (retrospective where applicable),meets target,national,Secondary reference compilation; corroborated by institutional source where supplied,20,verified against dated reference entry,20,5
12,CE,1932,January,Date uses the Gregorian January day-page convention; for pre-modern events the original local calendar and conversion can differ. No year 0 is used. Source 1 is a secondary compilation; institutional corroboration is included when available.,Americas,JAN-12-20,event,Hattie Caraway becomes the first woman elected to the United States Senate. The event is recorded in a dated historical chronology for this calendar day. The dated reference identifies this as a historical event on this calendar day.,Hattie Caraway becomes the first woman elected to the United States Senate.,12 January 1932 CE,https://en.wikipedia.org/wiki/January_12,,01-12,Wikipedia — January 12,,exact day (secondary compilation),"Social, economic and institutional history",United States,Gregorian day-date convention (retrospective where applicable),meets target,national,Secondary reference compilation; corroborated by institutional source where supplied,20,verified against dated reference entry,20,5
13,CE,1895,January,Date uses the Gregorian January day-page convention; for pre-modern events the original local calendar and conversion can differ. No year 0 is used. Source 1 is a secondary compilation; institutional corroboration is included when available.,Africa,JAN-13-01,event,"First Italo-Ethiopian War: The war's opening battle, the Battle of Coatit, occurs; it is an Italian victory. The event is recorded in a dated historical chronology for this calendar day.","First Italo-Ethiopian War: The war's opening battle, the Battle of Coatit, occurs; it is an Italian victory.",13 January 1895 CE,https://en.wikipedia.org/wiki/January_13,,01-13,Wikipedia — January 13,,exact day (secondary compilation),War and conflict,Ethiopia,Gregorian day-date convention (retrospective where applicable),meets target,international,Secondary reference compilation; corroborated by institutional source where supplied,20,verified against dated reference entry,20,9
13,CE,1951,January,Date uses the Gregorian January day-page convention; for pre-modern events the original local calendar and conversion can differ. No year 0 is used. Source 1 is a secondary compilation; institutional corroboration is included when available.,Asia,JAN-13-02,event,First Indochina War: The Battle of Vĩnh Yên begins. The event is recorded in a dated historical chronology for this calendar day. The dated reference identifies this as a historical event on this calendar day.,First Indochina War: The Battle of Vĩnh Yên begins.,13 January 1951 CE,https://en.wikipedia.org/wiki/January_13,,01-13,Wikipedia — January 13,,exact day (secondary compilation),War and conflict,China,Gregorian day-date convention (retrospective where applicable),meets target,international,Secondary reference compilation; corroborated by institutional source where supplied,20,verified against dated reference entry,20,9
13,CE,1993,January,Date uses the Gregorian January day-page convention; for pre-modern events the original local calendar and conversion can differ. No year 0 is used. Source 1 is a secondary compilation; institutional corroboration is included when available.,Middle East,JAN-13-03,event,"Operation Southern Watch: U.S.A.F., U.S.N., R.A.F. and French Air Force jets attack AAA and SAM sites in Southern Iraq. The event is recorded in a dated historical chronology for this calendar day.","Operation Southern Watch: U.S.A.F., U.S.N., R.A.F. and French Air Force jets attack AAA and SAM sites in Southern Iraq.",13 January 1993 CE,https://en.wikipedia.org/wiki/January_13,,01-13,Wikipedia — January 13,,exact day (secondary compilation),War and conflict,Iraq,Gregorian day-date convention (retrospective where applicable),meets target,national,Secondary reference compilation; corroborated by institutional source where supplied,20,verified against dated reference entry,20,4
13,CE,1847,January,Date uses the Gregorian January day-page convention; for pre-modern events the original local calendar and conversion can differ. No year 0 is used. Source 1 is a secondary compilation; institutional corroboration is included when available.,Americas,JAN-13-04,event,The Treaty of Cahuenga ends the Mexican–American War in California. The event is recorded in a dated historical chronology for this calendar day. The dated reference identifies this as a historical event on this calendar day.,The Treaty of Cahuenga ends the Mexican–American War in California.,13 January 1847 CE,https://en.wikipedia.org/wiki/January_13,,01-13,Wikipedia — January 13,,exact day (secondary compilation),War and conflict,,Gregorian day-date convention (retrospective where applicable),meets target,regional,Secondary reference compilation; corroborated by institutional source where supplied,20,verified against dated reference entry,20,7
13,CE,1939,January,Date uses the Gregorian January day-page convention; for pre-modern events the original local calendar and conversion can differ. No year 0 is used. Source 1 is a secondary compilation; institutional corroboration is included when available.,Oceania,JAN-13-05,event,"The Black Friday bushfires burn 20,000 square kilometres (7,700 sq mi) of land in Australia, claiming the lives of 71 people. The event is recorded in a dated historical chronology for this calendar day.","The Black Friday bushfires burn 20,000 square kilometres (7,700 sq mi) of land in Australia, claiming the lives of 71 people.",13 January 1939 CE,https://en.wikipedia.org/wiki/January_13,,01-13,Wikipedia — January 13,,exact day (secondary compilation),Disaster and public safety,Australia,Gregorian day-date convention (retrospective where applicable),meets target,national,Secondary reference compilation; corroborated by institutional source where supplied,20,verified against dated reference entry,20,4
13,CE,1797,January,Date uses the Gregorian January day-page convention; for pre-modern events the original local calendar and conversion can differ. No year 0 is used. Source 1 is a secondary compilation; institutional corroboration is included when available.,Transregional/unspecified,JAN-13-06,event,"French Revolutionary Wars: A naval battle between a French ship of the line and two British frigates off the coast of Brittany ends with the French vessel running aground, resulting in over 900 deaths.","French Revolutionary Wars: A naval battle between a French ship of the line and two British frigates off the coast of Brittany ends with the French vessel running aground,…",13 January 1797 CE,https://en.wikipedia.org/wiki/January_13,,01-13,Wikipedia — January 13,,exact day (secondary compilation),War and conflict,,Gregorian day-date convention (retrospective where applicable),meets target,international,Secondary reference compilation; corroborated by institutional source where supplied,20,verified against dated reference entry,20,10
13,CE,1942,January,Date uses the Gregorian January day-page convention; for pre-modern events the original local calendar and conversion can differ. No year 0 is used. Source 1 is a secondary compilation; institutional corroboration is included when available.,Transregional/unspecified,JAN-13-07,event,World War II: First use of an aircraft ejection seat by a German test pilot in a Heinkel He 280 jet fighter. The event is recorded in a dated historical chronology for this calendar day.,World War II: First use of an aircraft ejection seat by a German test pilot in a Heinkel He 280 jet fighter.,13 January 1942 CE,https://en.wikipedia.org/wiki/January_13,,01-13,Wikipedia — January 13,,exact day (secondary compilation),War and conflict,,Gregorian day-date convention (retrospective where applicable),meets target,international,Secondary reference compilation; corroborated by institutional source where supplied,20,verified against dated reference entry,20,9
13,CE,1972,January,Date uses the Gregorian January day-page convention; for pre-modern events the original local calendar and conversion can differ. No year 0 is used. Source 1 is a secondary compilation; institutional corroboration is included when available.,Transregional/unspecified,JAN-13-08,event,Prime Minister Kofi Abrefa Busia and President Edward Akufo-Addo of Ghana are ousted in a bloodless military coup by Colonel Ignatius Kutu Acheampong. The event is recorded in a dated historical chronology for this calendar day.,Prime Minister Kofi Abrefa Busia and President Edward Akufo-Addo of Ghana are ousted in a bloodless military coup by Colonel Ignatius Kutu Acheampong.,13 January 1972 CE,https://en.wikipedia.org/wiki/January_13,,01-13,Wikipedia — January 13,,exact day (secondary compilation),War and conflict,,Gregorian day-date convention (retrospective where applicable),meets target,regional,Secondary reference compilation; corroborated by institutional source where supplied,20,verified against dated reference entry,20,7
13,CE,1815,January,Date uses the Gregorian January day-page convention; for pre-modern events the original local calendar and conversion can differ. No year 0 is used. Source 1 is a secondary compilation; institutional corroboration is included when available.,Transregional/unspecified,JAN-13-09,event,"War of 1812: British troops capture Fort Peter in St. Marys, Georgia, the only battle of the war to take place in the state. The event is recorded in a dated historical chronology for this calendar day.","War of 1812: British troops capture Fort Peter in St. Marys, Georgia, the only battle of the war to take place in the state.",13 January 1815 CE,https://en.wikipedia.org/wiki/January_13,,01-13,Wikipedia — January 13,,exact day (secondary compilation),War and conflict,,Gregorian day-date convention (retrospective where applicable),meets target,international,Secondary reference compilation; corroborated by institutional source where supplied,20,verified against dated reference entry,20,8
13,CE,1849,January,Date uses the Gregorian January day-page convention; for pre-modern events the original local calendar and conversion can differ. No year 0 is used. Source 1 is a secondary compilation; institutional corroboration is included when available.,Transregional/unspecified,JAN-13-10,event,Second Anglo-Sikh War: Battle of Chillianwala: British forces retreat from the Sikhs. The event is recorded in a dated historical chronology for this calendar day. The dated reference identifies this as a historical event on this calendar day.,Second Anglo-Sikh War: Battle of Chillianwala: British forces retreat from the Sikhs.,13 January 1849 CE,https://en.wikipedia.org/wiki/January_13,,01-13,Wikipedia — January 13,,exact day (secondary compilation),War and conflict,,Gregorian day-date convention (retrospective where applicable),meets target,international,Secondary reference compilation; corroborated by institutional source where supplied,20,verified against dated reference entry,20,8
13,CE,1958,January,Date uses the Gregorian January day-page convention; for pre-modern events the original local calendar and conversion can differ. No year 0 is used. Source 1 is a secondary compilation; institutional corroboration is included when available.,Transregional/unspecified,JAN-13-11,event,The Moroccan Army of Liberation ambushes a Spanish patrol in the Battle of Edchera. The event is recorded in a dated historical chronology for this calendar day. The dated reference identifies this as a historical event on this calendar day.,The Moroccan Army of Liberation ambushes a Spanish patrol in the Battle of Edchera.,13 January 1958 CE,https://en.wikipedia.org/wiki/January_13,,01-13,Wikipedia — January 13,,exact day (secondary compilation),War and conflict,,Gregorian day-date convention (retrospective where applicable),meets target,regional,Secondary reference compilation; corroborated by institutional source where supplied,20,verified against dated reference entry,20,7
13,CE,1988,January,Date uses the Gregorian January day-page convention; for pre-modern events the original local calendar and conversion can differ. No year 0 is used. Source 1 is a secondary compilation; institutional corroboration is included when available.,Asia,JAN-13-12,event,Lee Teng-hui becomes the first native Taiwanese President of the Republic of China. The event is recorded in a dated historical chronology for this calendar day. The dated reference identifies this as a historical event on this calendar day.,Lee Teng-hui becomes the first native Taiwanese President of the Republic of China.,13 January 1988 CE,https://en.wikipedia.org/wiki/January_13,,01-13,Wikipedia — January 13,,exact day (secondary compilation),Political history and decolonization,China,Gregorian day-date convention (retrospective where applicable),meets target,regional,Secondary reference compilation; corroborated by institutional source where supplied,20,verified against dated reference entry,20,6
13,CE,1993,January,Date uses the Gregorian January day-page convention; for pre-modern events the original local calendar and conversion can differ. No year 0 is used. Source 1 is a secondary compilation; institutional corroboration is included when available.,Transregional/unspecified,JAN-13-13,event,Space Shuttle program: Endeavour heads for space for the third time as STS-54 launches from the Kennedy Space Center. The event is recorded in a dated historical chronology for this calendar day.,Space Shuttle program: Endeavour heads for space for the third time as STS-54 launches from the Kennedy Space Center.,13 January 1993 CE,https://en.wikipedia.org/wiki/January_13,,01-13,Wikipedia — January 13,,exact day (secondary compilation),"Science, technology and exploration",,Gregorian day-date convention (retrospective where applicable),meets target,regional,Secondary reference compilation; corroborated by institutional source where supplied,20,verified against dated reference entry,20,7
13,CE,1842,January,Date uses the Gregorian January day-page convention; for pre-modern events the original local calendar and conversion can differ. No year 0 is used. Source 1 is a secondary compilation; institutional corroboration is included when available.,Asia,JAN-13-14,event,"Dr. William Brydon, an assistant surgeon in the British East India Company Army during the First Anglo-Afghan War, becomes famous for being the sole survivor of an army of 4,500 men and 12,000 camp followers when he reaches the safety of a garrison in Jalalabad, Afghanistan.","Dr. William Brydon, an assistant surgeon in the British East India Company Army during the First Anglo-Afghan War, becomes famous for being the sole survivor of an army of…",13 January 1842 CE,https://en.wikipedia.org/wiki/January_13,,01-13,Wikipedia — January 13,,exact day (secondary compilation),War and conflict,India,Gregorian day-date convention (retrospective where applicable),meets target,regional,Secondary reference compilation; corroborated by institutional source where supplied,20,verified against dated reference entry,20,7
13,CE,1547,January,Date uses the Gregorian January day-page convention; for pre-modern events the original local calendar and conversion can differ. No year 0 is used. Source 1 is a secondary compilation; institutional corroboration is included when available.,Europe,JAN-13-15,event,"Henry Howard, Earl of Surrey, is sentenced to death for treason, on the grounds of having quartered his arms to make them similar to those of the King, Henry VIII of England.","Henry Howard, Earl of Surrey, is sentenced to death for treason, on the grounds of having quartered his arms to make them similar to those of the King, Henry VIII of England.",13 January 1547 CE,https://en.wikipedia.org/wiki/January_13,,01-13,Wikipedia — January 13,,exact day (secondary compilation),War and conflict,United Kingdom,Gregorian day-date convention (retrospective where applicable),meets target,regional,Secondary reference compilation; corroborated by institutional source where supplied,20,verified against dated reference entry,20,6
13,CE,1893,January,Date uses the Gregorian January day-page convention; for pre-modern events the original local calendar and conversion can differ. No year 0 is used. Source 1 is a secondary compilation; institutional corroboration is included when available.,Americas,JAN-13-16,event,"U.S. Marines land in Honolulu, Hawaii from the USS Boston to prevent the queen from abrogating the Bayonet Constitution. The event is recorded in a dated historical chronology for this calendar day.","U.S. Marines land in Honolulu, Hawaii from the USS Boston to prevent the queen from abrogating the Bayonet Constitution.",13 January 1893 CE,https://en.wikipedia.org/wiki/January_13,,01-13,Wikipedia — January 13,,exact day (secondary compilation),Political history and decolonization,,Gregorian day-date convention (retrospective where applicable),meets target,national,Secondary reference compilation; corroborated by institutional source where supplied,20,verified against dated reference entry,20,5
13,CE,1963,January,Date uses the Gregorian January day-page convention; for pre-modern events the original local calendar and conversion can differ. No year 0 is used. Source 1 is a secondary compilation; institutional corroboration is included when available.,Transregional/unspecified,JAN-13-17,event,Coup d'état in Togo results in the assassination of president Sylvanus Olympio. The event is recorded in a dated historical chronology for this calendar day. The dated reference identifies this as a historical event on this calendar day.,Coup d'état in Togo results in the assassination of president Sylvanus Olympio.,13 January 1963 CE,https://en.wikipedia.org/wiki/January_13,,01-13,Wikipedia — January 13,,exact day (secondary compilation),Political history and decolonization,,Gregorian day-date convention (retrospective where applicable),meets target,national,Secondary reference compilation; corroborated by institutional source where supplied,20,verified against dated reference entry,20,5
13,CE,1991,January,Date uses the Gregorian January day-page convention; for pre-modern events the original local calendar and conversion can differ. No year 0 is used. Source 1 is a secondary compilation; institutional corroboration is included when available.,Transregional/unspecified,JAN-13-18,event,"Soviet Union troops attack Lithuanian independence supporters in Vilnius, killing 14 people and wounding around 1,000 others. The event is recorded in a dated historical chronology for this calendar day.","Soviet Union troops attack Lithuanian independence supporters in Vilnius, killing 14 people and wounding around 1,000 others.",13 January 1991 CE,https://en.wikipedia.org/wiki/January_13,,01-13,Wikipedia — January 13,,exact day (secondary compilation),War and conflict,,Gregorian day-date convention (retrospective where applicable),meets target,regional,Secondary reference compilation; corroborated by institutional source where supplied,20,verified against dated reference entry,20,6
13,CE,1964,January,Date uses the Gregorian January day-page convention; for pre-modern events the original local calendar and conversion can differ. No year 0 is used. Source 1 is a secondary compilation; institutional corroboration is included when available.,Transregional/unspecified,JAN-13-19,event,"In Manchester, New Hampshire, fourteen-year-old Pamela Mason is murdered. Edward Coolidge is tried and convicted of the crime, but the conviction is set aside by the landmark Fourth Amendment case Coolidge v. New Hampshire (1971).","In Manchester, New Hampshire, fourteen-year-old Pamela Mason is murdered. Edward Coolidge is tried and convicted of the crime, but the conviction is set aside by the landmark…",13 January 1964 CE,https://en.wikipedia.org/wiki/January_13,,01-13,Wikipedia — January 13,,exact day (secondary compilation),War and conflict,,Gregorian day-date convention (retrospective where applicable),meets target,regional,Secondary reference compilation; corroborated by institutional source where supplied,20,verified against dated reference entry,20,6
13,CE,1793,January,Date uses the Gregorian January day-page convention; for pre-modern events the original local calendar and conversion can differ. No year 0 is used. Source 1 is a secondary compilation; institutional corroboration is included when available.,Europe,JAN-13-20,event,"Nicolas Jean Hugon de Bassville, representative of Revolutionary France, is lynched by a mob in Rome. The event is recorded in a dated historical chronology for this calendar day. The dated reference identifies this as a historical event on this calendar day.","Nicolas Jean Hugon de Bassville, representative of Revolutionary France, is lynched by a mob in Rome.",13 January 1793 CE,https://en.wikipedia.org/wiki/January_13,,01-13,Wikipedia — January 13,,exact day (secondary compilation),"Social, economic and institutional history",France,Gregorian day-date convention (retrospective where applicable),meets target,regional,Secondary reference compilation; corroborated by institutional source where supplied,20,verified against dated reference entry,20,6
14,CE,1943,January,Date uses the Gregorian January day-page convention; for pre-modern events the original local calendar and conversion can differ. No year 0 is used. Source 1 is a secondary compilation; institutional corroboration is included when available.,Asia,JAN-14-01,event,"World War II: Japan begins Operation Ke, the successful operation to evacuate its forces from Guadalcanal during the Guadalcanal campaign. The event is recorded in a dated historical chronology for this calendar day.","World War II: Japan begins Operation Ke, the successful operation to evacuate its forces from Guadalcanal during the Guadalcanal campaign.",14 January 1943 CE,https://en.wikipedia.org/wiki/January_14,,01-14,Wikipedia — January 14,,exact day (secondary compilation),War and conflict,Japan,Gregorian day-date convention (retrospective where applicable),meets target,international,Secondary reference compilation; corroborated by institutional source where supplied,20,verified against dated reference entry,20,8
14,CE,1784,January,Date uses the Gregorian January day-page convention; for pre-modern events the original local calendar and conversion can differ. No year 0 is used. Source 1 is a secondary compilation; institutional corroboration is included when available.,Americas,JAN-14-02,event,"American Revolutionary War: Ratification Day, United States: Congress ratifies the Treaty of Paris with Great Britain. The event is recorded in a dated historical chronology for this calendar day. The dated reference identifies this as a historical event on this calendar day.","American Revolutionary War: Ratification Day, United States: Congress ratifies the Treaty of Paris with Great Britain.",14 January 1784 CE,https://en.wikipedia.org/wiki/January_14,,01-14,Wikipedia — January 14,,exact day (secondary compilation),War and conflict,United States,Gregorian day-date convention (retrospective where applicable),meets target,international,Secondary reference compilation; corroborated by institutional source where supplied,20,verified against dated reference entry,20,9
14,CE,1960,January,Date uses the Gregorian January day-page convention; for pre-modern events the original local calendar and conversion can differ. No year 0 is used. Source 1 is a secondary compilation; institutional corroboration is included when available.,Oceania,JAN-14-03,event,"The Reserve Bank of Australia, the country's central bank and banknote issuing authority authorized by the 1959 Reserve Bank Act, is established. The event is recorded in a dated historical chronology for this calendar day.","The Reserve Bank of Australia, the country's central bank and banknote issuing authority authorized by the 1959 Reserve Bank Act, is established.",14 January 1960 CE,https://en.wikipedia.org/wiki/January_14,,01-14,Wikipedia — January 14,,exact day (secondary compilation),"Social, economic and institutional history",Australia,Gregorian day-date convention (retrospective where applicable),meets target,national,Secondary reference compilation; corroborated by institutional source where supplied,20,verified against dated reference entry,20,5
14,CE,1939,January,Date uses the Gregorian January day-page convention; for pre-modern events the original local calendar and conversion can differ. No year 0 is used. Source 1 is a secondary compilation; institutional corroboration is included when available.,Polar regions,JAN-14-04,event,Norway claims Queen Maud Land in Antarctica. The event is recorded in a dated historical chronology for this calendar day. The dated reference identifies this as a historical event on this calendar day.,Norway claims Queen Maud Land in Antarctica.,14 January 1939 CE,https://en.wikipedia.org/wiki/January_14,,01-14,Wikipedia — January 14,,exact day (secondary compilation),Political history and decolonization,Norway,Gregorian day-date convention (retrospective where applicable),meets target,national,Secondary reference compilation; corroborated by institutional source where supplied,20,verified against dated reference entry,20,4
14,CE,1797,January,Date uses the Gregorian January day-page convention; for pre-modern events the original local calendar and conversion can differ. No year 0 is used. Source 1 is a secondary compilation; institutional corroboration is included when available.,Europe,JAN-14-05,event,"The Battle of Rivoli is fought with a decisive French victory by Napoleon Bonaparte, marking the beginning of the end of the War of the First Coalition and the start of French hegemony over Italy for two decades.","The Battle of Rivoli is fought with a decisive French victory by Napoleon Bonaparte, marking the beginning of the end of the War of the First Coalition and the start of French…",14 January 1797 CE,https://en.wikipedia.org/wiki/January_14,,01-14,Wikipedia — January 14,,exact day (secondary compilation),War and conflict,Italy,Gregorian day-date convention (retrospective where applicable),meets target,international,Secondary reference compilation; corroborated by institutional source where supplied,20,verified against dated reference entry,20,9
14,CE,1943,January,Date uses the Gregorian January day-page convention; for pre-modern events the original local calendar and conversion can differ. No year 0 is used. Source 1 is a secondary compilation; institutional corroboration is included when available.,Transregional/unspecified,JAN-14-06,event,World War II: Franklin D. Roosevelt and Winston Churchill begin the Casablanca Conference to discuss strategy and study the next phase of the war. The event is recorded in a dated historical chronology for this calendar day.,World War II: Franklin D. Roosevelt and Winston Churchill begin the Casablanca Conference to discuss strategy and study the next phase of the war.,14 January 1943 CE,https://en.wikipedia.org/wiki/January_14,,01-14,Wikipedia — January 14,,exact day (secondary compilation),War and conflict,,Gregorian day-date convention (retrospective where applicable),meets target,international,Secondary reference compilation; corroborated by institutional source where supplied,20,verified against dated reference entry,20,8
14,CE,1761,January,Date uses the Gregorian January day-page convention; for pre-modern events the original local calendar and conversion can differ. No year 0 is used. Source 1 is a secondary compilation; institutional corroboration is included when available.,Asia,JAN-14-07,event,"The Third Battle of Panipat, the largest battle of the 18th century, is fought in India between the Afghan Durrani Empire under Ahmad Shah Durrani, and the Maratha Empire under Sadashivrao Bhau.","The Third Battle of Panipat, the largest battle of the 18th century, is fought in India between the Afghan Durrani Empire under Ahmad Shah Durrani, and the Maratha Empire under…",14 January 1761 CE,https://en.wikipedia.org/wiki/January_14,,01-14,Wikipedia — January 14,,exact day (secondary compilation),War and conflict,India,Gregorian day-date convention (retrospective where applicable),meets target,regional,Secondary reference compilation; corroborated by institutional source where supplied,20,verified against dated reference entry,20,7
14,CE,1814,January,Date uses the Gregorian January day-page convention; for pre-modern events the original local calendar and conversion can differ. No year 0 is used. Source 1 is a secondary compilation; institutional corroboration is included when available.,Europe,JAN-14-08,event,Treaty of Kiel: Frederick VI of Denmark cedes the Kingdom of Norway to Charles XIII of Sweden in return for Pomerania. The event is recorded in a dated historical chronology for this calendar day.,Treaty of Kiel: Frederick VI of Denmark cedes the Kingdom of Norway to Charles XIII of Sweden in return for Pomerania.,14 January 1814 CE,https://en.wikipedia.org/wiki/January_14,,01-14,Wikipedia — January 14,,exact day (secondary compilation),Political history and decolonization,Sweden,Gregorian day-date convention (retrospective where applicable),meets target,national,Secondary reference compilation; corroborated by institutional source where supplied,20,verified against dated reference entry,20,5
14,CE,1907,January,Date uses the Gregorian January day-page convention; for pre-modern events the original local calendar and conversion can differ. No year 0 is used. Source 1 is a secondary compilation; institutional corroboration is included when available.,Transregional/unspecified,JAN-14-09,event,"An earthquake in Kingston, Jamaica kills more than 1,000 people. The event is recorded in a dated historical chronology for this calendar day. The dated reference identifies this as a historical event on this calendar day.","An earthquake in Kingston, Jamaica kills more than 1,000 people.",14 January 1907 CE,https://en.wikipedia.org/wiki/January_14,,01-14,Wikipedia — January 14,,exact day (secondary compilation),Disaster and public safety,,Gregorian day-date convention (retrospective where applicable),meets target,national,Secondary reference compilation; corroborated by institutional source where supplied,20,verified against dated reference entry,20,5
14,CE,1953,January,Date uses the Gregorian January day-page convention; for pre-modern events the original local calendar and conversion can differ. No year 0 is used. Source 1 is a secondary compilation; institutional corroboration is included when available.,Transregional/unspecified,JAN-14-10,event,Josip Broz Tito is elected the first President of Yugoslavia. The event is recorded in a dated historical chronology for this calendar day. The dated reference identifies this as a historical event on this calendar day.,Josip Broz Tito is elected the first President of Yugoslavia.,14 January 1953 CE,https://en.wikipedia.org/wiki/January_14,,01-14,Wikipedia — January 14,,exact day (secondary compilation),Political history and decolonization,,Gregorian day-date convention (retrospective where applicable),meets target,national,Secondary reference compilation; corroborated by institutional source where supplied,20,verified against dated reference entry,20,5
14,CE,1972,January,Date uses the Gregorian January day-page convention; for pre-modern events the original local calendar and conversion can differ. No year 0 is used. Source 1 is a secondary compilation; institutional corroboration is included when available.,Transregional/unspecified,JAN-14-11,event,"Queen Margrethe II of Denmark ascends the throne, the first Queen of Denmark since 1412 and the first Danish monarch not named Frederik or Christian since 1513. The event is recorded in a dated historical chronology for this calendar day.","Queen Margrethe II of Denmark ascends the throne, the first Queen of Denmark since 1412 and the first Danish monarch not named Frederik or Christian since 1513.",14 January 1972 CE,https://en.wikipedia.org/wiki/January_14,,01-14,Wikipedia — January 14,,exact day (secondary compilation),Political history and decolonization,,Gregorian day-date convention (retrospective where applicable),meets target,national,Secondary reference compilation; corroborated by institutional source where supplied,20,verified against dated reference entry,20,5
14,CE,1973,January,Date uses the Gregorian January day-page convention; for pre-modern events the original local calendar and conversion can differ. No year 0 is used. Source 1 is a secondary compilation; institutional corroboration is included when available.,Transregional/unspecified,JAN-14-12,event,"Elvis Presley's concert Aloha from Hawaii is broadcast live via satellite, and sets the record as the most watched broadcast by an individual entertainer in television history. The event is recorded in a dated historical chronology for this calendar day.","Elvis Presley's concert Aloha from Hawaii is broadcast live via satellite, and sets the record as the most watched broadcast by an individual entertainer in television history.",14 January 1973 CE,https://en.wikipedia.org/wiki/January_14,,01-14,Wikipedia — January 14,,exact day (secondary compilation),"Science, technology and exploration",,Gregorian day-date convention (retrospective where applicable),meets target,national,Secondary reference compilation; corroborated by institutional source where supplied,20,verified against dated reference entry,20,5
14,CE,1967,January,Date uses the Gregorian January day-page convention; for pre-modern events the original local calendar and conversion can differ. No year 0 is used. Source 1 is a secondary compilation; institutional corroboration is included when available.,Americas,JAN-14-13,event,"Counterculture of the 1960s: The Human Be-In takes place in San Francisco, California's Golden Gate Park, launching the Summer of Love. The event is recorded in a dated historical chronology for this calendar day.","Counterculture of the 1960s: The Human Be-In takes place in San Francisco, California's Golden Gate Park, launching the Summer of Love.",14 January 1967 CE,https://en.wikipedia.org/wiki/January_14,,01-14,Wikipedia — January 14,,exact day (secondary compilation),"Social, economic and institutional history",,Gregorian day-date convention (retrospective where applicable),meets target,national,Secondary reference compilation; corroborated by institutional source where supplied,20,verified against dated reference entry,20,5
14,CE,1899,January,Date uses the Gregorian January day-page convention; for pre-modern events the original local calendar and conversion can differ. No year 0 is used. Source 1 is a secondary compilation; institutional corroboration is included when available.,Transregional/unspecified,JAN-14-14,event,"RMS Oceanic, the largest ship afloat since SS Great Eastern, is launched. The event is recorded in a dated historical chronology for this calendar day. The dated reference identifies this as a historical event on this calendar day.","RMS Oceanic, the largest ship afloat since SS Great Eastern, is launched.",14 January 1899 CE,https://en.wikipedia.org/wiki/January_14,,01-14,Wikipedia — January 14,,exact day (secondary compilation),"Social, economic and institutional history",,Gregorian day-date convention (retrospective where applicable),meets target,national,Secondary reference compilation; corroborated by institutional source where supplied,20,verified against dated reference entry,20,5
14,CE,1951,January,Date uses the Gregorian January day-page convention; for pre-modern events the original local calendar and conversion can differ. No year 0 is used. Source 1 is a secondary compilation; institutional corroboration is included when available.,Transregional/unspecified,JAN-14-15,event,"National Airlines Flight 83 crashes during landing at Philadelphia International Airport, killing seven passengers and crew. The event is recorded in a dated historical chronology for this calendar day. The dated reference identifies this as a historical event on this calendar day.","National Airlines Flight 83 crashes during landing at Philadelphia International Airport, killing seven passengers and crew.",14 January 1951 CE,https://en.wikipedia.org/wiki/January_14,,01-14,Wikipedia — January 14,,exact day (secondary compilation),Disaster and public safety,,Gregorian day-date convention (retrospective where applicable),meets target,national,Secondary reference compilation; corroborated by institutional source where supplied,20,verified against dated reference entry,20,4
14,CE,1969,January,Date uses the Gregorian January day-page convention; for pre-modern events the original local calendar and conversion can differ. No year 0 is used. Source 1 is a secondary compilation; institutional corroboration is included when available.,Transregional/unspecified,JAN-14-16,event,USS Enterprise fire: An accidental explosion aboard the USS Enterprise near Hawaii kills 28 people. The event is recorded in a dated historical chronology for this calendar day. The dated reference identifies this as a historical event on this calendar day.,USS Enterprise fire: An accidental explosion aboard the USS Enterprise near Hawaii kills 28 people.,14 January 1969 CE,https://en.wikipedia.org/wiki/January_14,,01-14,Wikipedia — January 14,,exact day (secondary compilation),Disaster and public safety,,Gregorian day-date convention (retrospective where applicable),meets target,national,Secondary reference compilation; corroborated by institutional source where supplied,20,verified against dated reference entry,20,4
14,CE,1993,January,Date uses the Gregorian January day-page convention; for pre-modern events the original local calendar and conversion can differ. No year 0 is used. Source 1 is a secondary compilation; institutional corroboration is included when available.,Europe,JAN-14-17,event,"Sinking of the MS Jan Heweliusz: In Poland's worst peacetime maritime disaster, ferry MS Jan Heweliusz sinks off the coast of Rügen, drowning 55 passengers. The event is recorded in a dated historical chronology for this calendar day.","Sinking of the MS Jan Heweliusz: In Poland's worst peacetime maritime disaster, ferry MS Jan Heweliusz sinks off the coast of Rügen, drowning 55 passengers.",14 January 1993 CE,https://en.wikipedia.org/wiki/January_14,,01-14,Wikipedia — January 14,,exact day (secondary compilation),Disaster and public safety,Poland,Gregorian day-date convention (retrospective where applicable),meets target,national,Secondary reference compilation; corroborated by institutional source where supplied,20,verified against dated reference entry,20,4
14,CE,1236,January,Date uses the Gregorian January day-page convention; for pre-modern events the original local calendar and conversion can differ. No year 0 is used. Source 1 is a secondary compilation; institutional corroboration is included when available.,Europe,JAN-14-18,event,King Henry III of England marries Eleanor of Provence. The event is recorded in a dated historical chronology for this calendar day. The dated reference identifies this as a historical event on this calendar day.,King Henry III of England marries Eleanor of Provence.,14 January 1236 CE,https://en.wikipedia.org/wiki/January_14,,01-14,Wikipedia — January 14,,exact day (secondary compilation),Political history and decolonization,United Kingdom,Gregorian day-date convention (retrospective where applicable),meets target,national,Secondary reference compilation; corroborated by institutional source where supplied,20,verified against dated reference entry,20,4
14,CE,1957,January,Date uses the Gregorian January day-page convention; for pre-modern events the original local calendar and conversion can differ. No year 0 is used. Source 1 is a secondary compilation; institutional corroboration is included when available.,Transregional/unspecified,JAN-14-19,event,Kripalu Maharaj is named fifth Jagadguru (world teacher) after giving seven days of speeches before 500 Hindu scholars. The event is recorded in a dated historical chronology for this calendar day.,Kripalu Maharaj is named fifth Jagadguru (world teacher) after giving seven days of speeches before 500 Hindu scholars.,14 January 1957 CE,https://en.wikipedia.org/wiki/January_14,,01-14,Wikipedia — January 14,,exact day (secondary compilation),"Social, economic and institutional history",,Gregorian day-date convention (retrospective where applicable),meets target,national,Secondary reference compilation; corroborated by institutional source where supplied,20,verified against dated reference entry,20,4
14,CE,1954,January,Date uses the Gregorian January day-page convention; for pre-modern events the original local calendar and conversion can differ. No year 0 is used. Source 1 is a secondary compilation; institutional corroboration is included when available.,Americas,JAN-14-20,event,The Hudson Motor Car Company merges with Nash-Kelvinator Corporation forming the American Motors Corporation. The event is recorded in a dated historical chronology for this calendar day. The dated reference identifies this as a historical event on this calendar day.,The Hudson Motor Car Company merges with Nash-Kelvinator Corporation forming the American Motors Corporation.,14 January 1954 CE,https://en.wikipedia.org/wiki/January_14,,01-14,Wikipedia — January 14,,exact day (secondary compilation),"Social, economic and institutional history",,Gregorian day-date convention (retrospective where applicable),meets target,national,Secondary reference compilation; corroborated by institutional source where supplied,20,verified against dated reference entry,20,4
15,CE,1970,January,Date uses the Gregorian January day-page convention; for pre-modern events the original local calendar and conversion can differ. No year 0 is used. Source 1 is a secondary compilation; institutional corroboration is included when available.,Africa,JAN-15-01,event,Nigerian Civil War: Biafran rebels surrender following an unsuccessful 32-month fight for independence from Nigeria. The event is recorded in a dated historical chronology for this calendar day. The dated reference identifies this as a historical event on this calendar day.,Nigerian Civil War: Biafran rebels surrender following an unsuccessful 32-month fight for independence from Nigeria.,15 January 1970 CE,https://en.wikipedia.org/wiki/January_15,,01-15,Wikipedia — January 15,,exact day (secondary compilation),War and conflict,Nigeria,Gregorian day-date convention (retrospective where applicable),meets target,international,Secondary reference compilation; corroborated by institutional source where supplied,20,verified against dated reference entry,20,10
15,CE,1973,January,Date uses the Gregorian January day-page convention; for pre-modern events the original local calendar and conversion can differ. No year 0 is used. Source 1 is a secondary compilation; institutional corroboration is included when available.,Asia,JAN-15-02,event,"Vietnam War: Citing progress in peace negotiations, President Richard Nixon announces the suspension of offensive action in North Vietnam. The event is recorded in a dated historical chronology for this calendar day.","Vietnam War: Citing progress in peace negotiations, President Richard Nixon announces the suspension of offensive action in North Vietnam.",15 January 1973 CE,https://en.wikipedia.org/wiki/January_15,,01-15,Wikipedia — January 15,,exact day (secondary compilation),War and conflict,Vietnam,Gregorian day-date convention (retrospective where applicable),meets target,regional,Secondary reference compilation; corroborated by institutional source where supplied,20,verified against dated reference entry,20,6
15,CE,1991,January,Date uses the Gregorian January day-page convention; for pre-modern events the original local calendar and conversion can differ. No year 0 is used. Source 1 is a secondary compilation; institutional corroboration is included when available.,Middle East,JAN-15-03,event,"The United Nations deadline for the withdrawal of Iraqi forces from occupied Kuwait expires, preparing the way for the start of Operation Desert Storm. The event is recorded in a dated historical chronology for this calendar day.","The United Nations deadline for the withdrawal of Iraqi forces from occupied Kuwait expires, preparing the way for the start of Operation Desert Storm.",15 January 1991 CE,https://en.wikipedia.org/wiki/January_15,,01-15,Wikipedia — January 15,,exact day (secondary compilation),"Culture, education and religion",Iraq,Gregorian day-date convention (retrospective where applicable),meets target,regional,Secondary reference compilation; corroborated by institutional source where supplied,20,verified against dated reference entry,20,6
15,CE,1777,January,Date uses the Gregorian January day-page convention; for pre-modern events the original local calendar and conversion can differ. No year 0 is used. Source 1 is a secondary compilation; institutional corroboration is included when available.,Americas,JAN-15-04,event,American Revolutionary War: New Connecticut (present-day Vermont) declares its independence. The event is recorded in a dated historical chronology for this calendar day. The dated reference identifies this as a historical event on this calendar day.,American Revolutionary War: New Connecticut (present-day Vermont) declares its independence.,15 January 1777 CE,https://en.wikipedia.org/wiki/January_15,,01-15,Wikipedia — January 15,,exact day (secondary compilation),War and conflict,,Gregorian day-date convention (retrospective where applicable),meets target,international,Secondary reference compilation; corroborated by institutional source where supplied,20,verified against dated reference entry,20,10
15,CE,1991,January,Date uses the Gregorian January day-page convention; for pre-modern events the original local calendar and conversion can differ. No year 0 is used. Source 1 is a secondary compilation; institutional corroboration is included when available.,Oceania,JAN-15-05,event,"Elizabeth II, in her capacity as Queen of Australia, signs letters patent allowing Australia to become the first Commonwealth realm to institute its own Victoria Cross in its honours system.","Elizabeth II, in her capacity as Queen of Australia, signs letters patent allowing Australia to become the first Commonwealth realm to institute its own Victoria Cross in its…",15 January 1991 CE,https://en.wikipedia.org/wiki/January_15,,01-15,Wikipedia — January 15,,exact day (secondary compilation),Political history and decolonization,Australia,Gregorian day-date convention (retrospective where applicable),meets target,national,Secondary reference compilation; corroborated by institutional source where supplied,20,verified against dated reference entry,20,5
15,CE,1937,January,Date uses the Gregorian January day-page convention; for pre-modern events the original local calendar and conversion can differ. No year 0 is used. Source 1 is a secondary compilation; institutional corroboration is included when available.,Transregional/unspecified,JAN-15-06,event,"Spanish Civil War: Nationalists and Republicans both withdraw after suffering heavy losses, ending the Second Battle of the Corunna Road. The event is recorded in a dated historical chronology for this calendar day.","Spanish Civil War: Nationalists and Republicans both withdraw after suffering heavy losses, ending the Second Battle of the Corunna Road.",15 January 1937 CE,https://en.wikipedia.org/wiki/January_15,,01-15,Wikipedia — January 15,,exact day (secondary compilation),War and conflict,,Gregorian day-date convention (retrospective where applicable),meets target,international,Secondary reference compilation; corroborated by institutional source where supplied,20,verified against dated reference entry,20,10
15,CE,1822,January,Date uses the Gregorian January day-page convention; for pre-modern events the original local calendar and conversion can differ. No year 0 is used. Source 1 is a secondary compilation; institutional corroboration is included when available.,Transregional/unspecified,JAN-15-07,event,Greek War of Independence: Demetrios Ypsilantis is elected president of the legislative assembly. The event is recorded in a dated historical chronology for this calendar day. The dated reference identifies this as a historical event on this calendar day.,Greek War of Independence: Demetrios Ypsilantis is elected president of the legislative assembly.,15 January 1822 CE,https://en.wikipedia.org/wiki/January_15,,01-15,Wikipedia — January 15,,exact day (secondary compilation),War and conflict,,Gregorian day-date convention (retrospective where applicable),meets target,international,Secondary reference compilation; corroborated by institutional source where supplied,20,verified against dated reference entry,20,8
15,CE,1966,January,Date uses the Gregorian January day-page convention; for pre-modern events the original local calendar and conversion can differ. No year 0 is used. Source 1 is a secondary compilation; institutional corroboration is included when available.,Africa,JAN-15-08,event,"The First Nigerian Republic, led by Abubakar Tafawa Balewa is overthrown in a military coup d'état. The event is recorded in a dated historical chronology for this calendar day. The dated reference identifies this as a historical event on this calendar day.","The First Nigerian Republic, led by Abubakar Tafawa Balewa is overthrown in a military coup d'état.",15 January 1966 CE,https://en.wikipedia.org/wiki/January_15,,01-15,Wikipedia — January 15,,exact day (secondary compilation),War and conflict,Nigeria,Gregorian day-date convention (retrospective where applicable),meets target,international,Secondary reference compilation; corroborated by institutional source where supplied,20,verified against dated reference entry,20,8
15,CE,1975,January,Date uses the Gregorian January day-page convention; for pre-modern events the original local calendar and conversion can differ. No year 0 is used. Source 1 is a secondary compilation; institutional corroboration is included when available.,Africa,JAN-15-09,event,"The Alvor Agreement is signed, ending the Angolan War of Independence and giving Angola independence from Portugal. The event is recorded in a dated historical chronology for this calendar day.","The Alvor Agreement is signed, ending the Angolan War of Independence and giving Angola independence from Portugal.",15 January 1975 CE,https://en.wikipedia.org/wiki/January_15,,01-15,Wikipedia — January 15,,exact day (secondary compilation),War and conflict,Angola,Gregorian day-date convention (retrospective where applicable),meets target,international,Secondary reference compilation; corroborated by institutional source where supplied,20,verified against dated reference entry,20,8
15,CE,1943,January,Date uses the Gregorian January day-page convention; for pre-modern events the original local calendar and conversion can differ. No year 0 is used. Source 1 is a secondary compilation; institutional corroboration is included when available.,Transregional/unspecified,JAN-15-10,event,World War II: The Soviet counter-offensive at Voronezh begins. The event is recorded in a dated historical chronology for this calendar day. The dated reference identifies this as a historical event on this calendar day.,World War II: The Soviet counter-offensive at Voronezh begins.,15 January 1943 CE,https://en.wikipedia.org/wiki/January_15,,01-15,Wikipedia — January 15,,exact day (secondary compilation),War and conflict,,Gregorian day-date convention (retrospective where applicable),meets target,international,Secondary reference compilation; corroborated by institutional source where supplied,20,verified against dated reference entry,20,8
15,CE,1865,January,Date uses the Gregorian January day-page convention; for pre-modern events the original local calendar and conversion can differ. No year 0 is used. Source 1 is a secondary compilation; institutional corroboration is included when available.,Americas,JAN-15-11,event,"American Civil War: Fort Fisher in North Carolina falls to the Union, thus cutting off the last major seaport of the Confederacy. The event is recorded in a dated historical chronology for this calendar day.","American Civil War: Fort Fisher in North Carolina falls to the Union, thus cutting off the last major seaport of the Confederacy.",15 January 1865 CE,https://en.wikipedia.org/wiki/January_15,,01-15,Wikipedia — January 15,,exact day (secondary compilation),War and conflict,,Gregorian day-date convention (retrospective where applicable),meets target,regional,Secondary reference compilation; corroborated by institutional source where supplied,20,verified against dated reference entry,20,7
15,CE,1949,January,Date uses the Gregorian January day-page convention; for pre-modern events the original local calendar and conversion can differ. No year 0 is used. Source 1 is a secondary compilation; institutional corroboration is included when available.,Transregional/unspecified,JAN-15-12,event,Chinese Civil War: The Communist forces take over Tianjin from the Nationalist government. The event is recorded in a dated historical chronology for this calendar day. The dated reference identifies this as a historical event on this calendar day.,Chinese Civil War: The Communist forces take over Tianjin from the Nationalist government.,15 January 1949 CE,https://en.wikipedia.org/wiki/January_15,,01-15,Wikipedia — January 15,,exact day (secondary compilation),War and conflict,,Gregorian day-date convention (retrospective where applicable),meets target,regional,Secondary reference compilation; corroborated by institutional source where supplied,20,verified against dated reference entry,20,7
15,CE,1908,January,Date uses the Gregorian January day-page convention; for pre-modern events the original local calendar and conversion can differ. No year 0 is used. Source 1 is a secondary compilation; institutional corroboration is included when available.,Africa,JAN-15-13,event,The Alpha Kappa Alpha sorority becomes the first Greek-letter organization founded and established by African American college women. The event is recorded in a dated historical chronology for this calendar day.,The Alpha Kappa Alpha sorority becomes the first Greek-letter organization founded and established by African American college women.,15 January 1908 CE,https://en.wikipedia.org/wiki/January_15,,01-15,Wikipedia — January 15,,exact day (secondary compilation),"Social, economic and institutional history",,Gregorian day-date convention (retrospective where applicable),meets target,regional,Secondary reference compilation; corroborated by institutional source where supplied,20,verified against dated reference entry,20,7
15,CE,1815,January,Date uses the Gregorian January day-page convention; for pre-modern events the original local calendar and conversion can differ. No year 0 is used. Source 1 is a secondary compilation; institutional corroboration is included when available.,Americas,JAN-15-14,event,"War of 1812: American frigate USS President, commanded by Commodore Stephen Decatur, is captured by a squadron of four British frigates. The event is recorded in a dated historical chronology for this calendar day.","War of 1812: American frigate USS President, commanded by Commodore Stephen Decatur, is captured by a squadron of four British frigates.",15 January 1815 CE,https://en.wikipedia.org/wiki/January_15,,01-15,Wikipedia — January 15,,exact day (secondary compilation),War and conflict,,Gregorian day-date convention (retrospective where applicable),meets target,regional,Secondary reference compilation; corroborated by institutional source where supplied,20,verified against dated reference entry,20,6
15,CE,1876,January,Date uses the Gregorian January day-page convention; for pre-modern events the original local calendar and conversion can differ. No year 0 is used. Source 1 is a secondary compilation; institutional corroboration is included when available.,Transregional/unspecified,JAN-15-15,event,"The first newspaper in Afrikaans, Die Afrikaanse Patriot, is published in Paarl. The event is recorded in a dated historical chronology for this calendar day. The dated reference identifies this as a historical event on this calendar day.","The first newspaper in Afrikaans, Die Afrikaanse Patriot, is published in Paarl.",15 January 1876 CE,https://en.wikipedia.org/wiki/January_15,,01-15,Wikipedia — January 15,,exact day (secondary compilation),"Culture, education and religion",,Gregorian day-date convention (retrospective where applicable),meets target,national,Secondary reference compilation; corroborated by institutional source where supplied,20,verified against dated reference entry,20,5
15,CE,1934,January,Date uses the Gregorian January day-page convention; for pre-modern events the original local calendar and conversion can differ. No year 0 is used. Source 1 is a secondary compilation; institutional corroboration is included when available.,Asia,JAN-15-16,event,"The 8.0 M w Nepal–Bihar earthquake strikes Nepal and Bihar with a maximum Mercalli intensity of XI (Extreme), killing an estimated 6,000–10,700 people. The event is recorded in a dated historical chronology for this calendar day.","The 8.0 M w Nepal–Bihar earthquake strikes Nepal and Bihar with a maximum Mercalli intensity of XI (Extreme), killing an estimated 6,000–10,700 people.",15 January 1934 CE,https://en.wikipedia.org/wiki/January_15,,01-15,Wikipedia — January 15,,exact day (secondary compilation),Disaster and public safety,Nepal,Gregorian day-date convention (retrospective where applicable),meets target,national,Secondary reference compilation; corroborated by institutional source where supplied,20,verified against dated reference entry,20,5
15,CE,2001,January,Date uses the Gregorian January day-page convention; for pre-modern events the original local calendar and conversion can differ. No year 0 is used. Source 1 is a secondary compilation; institutional corroboration is included when available.,Transregional/unspecified,JAN-15-17,event,"Wikipedia, a free wiki content encyclopedia, is launched (Wikipedia Day). The event is recorded in a dated historical chronology for this calendar day. The dated reference identifies this as a historical event on this calendar day.","Wikipedia, a free wiki content encyclopedia, is launched (Wikipedia Day).",15 January 2001 CE,https://en.wikipedia.org/wiki/January_15,,01-15,Wikipedia — January 15,,exact day (secondary compilation),"Social, economic and institutional history",,Gregorian day-date convention (retrospective where applicable),meets target,national,Secondary reference compilation; corroborated by institutional source where supplied,20,verified against dated reference entry,20,5
15,CE,2005,January,Date uses the Gregorian January day-page convention; for pre-modern events the original local calendar and conversion can differ. No year 0 is used. Source 1 is a secondary compilation; institutional corroboration is included when available.,Transregional/unspecified,JAN-15-18,event,"ESA's SMART-1 lunar orbiter discovers elements such as calcium, aluminum, silicon, iron, and other surface elements on the Moon. The event is recorded in a dated historical chronology for this calendar day.","ESA's SMART-1 lunar orbiter discovers elements such as calcium, aluminum, silicon, iron, and other surface elements on the Moon.",15 January 2005 CE,https://en.wikipedia.org/wiki/January_15,,01-15,Wikipedia — January 15,,exact day (secondary compilation),"Social, economic and institutional history",,Gregorian day-date convention (retrospective where applicable),meets target,national,Secondary reference compilation; corroborated by institutional source where supplied,20,verified against dated reference entry,20,5
15,CE,1977,January,Date uses the Gregorian January day-page convention; for pre-modern events the original local calendar and conversion can differ. No year 0 is used. Source 1 is a secondary compilation; institutional corroboration is included when available.,Europe,JAN-15-19,event,"Linjeflyg Flight 618 crashes in Kälvesta near Stockholm Bromma Airport in Stockholm, Sweden, killing 22 people. The event is recorded in a dated historical chronology for this calendar day. The dated reference identifies this as a historical event on this calendar day.","Linjeflyg Flight 618 crashes in Kälvesta near Stockholm Bromma Airport in Stockholm, Sweden, killing 22 people.",15 January 1977 CE,https://en.wikipedia.org/wiki/January_15,,01-15,Wikipedia — January 15,,exact day (secondary compilation),Disaster and public safety,Sweden,Gregorian day-date convention (retrospective where applicable),meets target,national,Secondary reference compilation; corroborated by institutional source where supplied,20,verified against dated reference entry,20,4
15,CE,1970,January,Date uses the Gregorian January day-page convention; for pre-modern events the original local calendar and conversion can differ. No year 0 is used. Source 1 is a secondary compilation; institutional corroboration is included when available.,Transregional/unspecified,JAN-15-20,event,Muammar Gaddafi is proclaimed premier of Libya. The event is recorded in a dated historical chronology for this calendar day. The dated reference identifies this as a historical event on this calendar day.,Muammar Gaddafi is proclaimed premier of Libya.,15 January 1970 CE,https://en.wikipedia.org/wiki/January_15,,01-15,Wikipedia — January 15,,exact day (secondary compilation),"Social, economic and institutional history",,Gregorian day-date convention (retrospective where applicable),meets target,national,Secondary reference compilation; corroborated by institutional source where supplied,20,verified against dated reference entry,20,5
16,CE,2001,January,Date uses the Gregorian January day-page convention; for pre-modern events the original local calendar and conversion can differ. No year 0 is used. Source 1 is a secondary compilation; institutional corroboration is included when available.,Africa,JAN-16-01,event,Second Congo War: Congolese President Laurent-Désiré Kabila is assassinated by one of his own bodyguards in Kinshasa. The event is recorded in a dated historical chronology for this calendar day.,Second Congo War: Congolese President Laurent-Désiré Kabila is assassinated by one of his own bodyguards in Kinshasa.,16 January 2001 CE,https://en.wikipedia.org/wiki/January_16,,01-16,Wikipedia — January 16,,exact day (secondary compilation),War and conflict,Democratic Republic of the Congo,Gregorian day-date convention (retrospective where applicable),meets target,international,Secondary reference compilation; corroborated by institutional source where supplied,20,verified against dated reference entry,20,8
16,CE,1913,January,Date uses the Gregorian January day-page convention; for pre-modern events the original local calendar and conversion can differ. No year 0 is used. Source 1 is a secondary compilation; institutional corroboration is included when available.,Asia,JAN-16-02,event,"Indian mathematician Srinivasa Ramanujan writes his first letter to G. H. Hardy at Cambridge, stating without proof various formulae involving integrals, infinite series, and continued fractions, beginning a long correspondence between the two as well as widespread recognition of Ramanujan's results.","Indian mathematician Srinivasa Ramanujan writes his first letter to G. H. Hardy at Cambridge, stating without proof various formulae involving integrals, infinite series, and…",16 January 1913 CE,https://en.wikipedia.org/wiki/January_16,,01-16,Wikipedia — January 16,,exact day (secondary compilation),"Social, economic and institutional history",India,Gregorian day-date convention (retrospective where applicable),meets target,national,Secondary reference compilation; corroborated by institutional source where supplied,20,verified against dated reference entry,20,5
16,CE,1878,January,Date uses the Gregorian January day-page convention; for pre-modern events the original local calendar and conversion can differ. No year 0 is used. Source 1 is a secondary compilation; institutional corroboration is included when available.,Middle East,JAN-16-03,event,Russo-Turkish War (1877–78): Battle of Philippopolis: Captain Aleksandr Burago with a squadron of Russian Imperial army dragoons liberates Plovdiv from Ottoman rule. The event is recorded in a dated historical chronology for this calendar day.,Russo-Turkish War (1877–78): Battle of Philippopolis: Captain Aleksandr Burago with a squadron of Russian Imperial army dragoons liberates Plovdiv from Ottoman rule.,16 January 1878 CE,https://en.wikipedia.org/wiki/January_16,,01-16,Wikipedia — January 16,,exact day (secondary compilation),War and conflict,Russia,Gregorian day-date convention (retrospective where applicable),meets target,international,Secondary reference compilation; corroborated by institutional source where supplied,20,verified against dated reference entry,20,8
16,CE,1780,January,Date uses the Gregorian January day-page convention; for pre-modern events the original local calendar and conversion can differ. No year 0 is used. Source 1 is a secondary compilation; institutional corroboration is included when available.,Americas,JAN-16-04,event,American Revolutionary War: Battle of Cape St. Vincent. The event is recorded in a dated historical chronology for this calendar day. The dated reference identifies this as a historical event on this calendar day.,American Revolutionary War: Battle of Cape St. Vincent.,16 January 1780 CE,https://en.wikipedia.org/wiki/January_16,,01-16,Wikipedia — January 16,,exact day (secondary compilation),War and conflict,,Gregorian day-date convention (retrospective where applicable),meets target,international,Secondary reference compilation; corroborated by institutional source where supplied,20,verified against dated reference entry,20,10
16,CE,1909,January,Date uses the Gregorian January day-page convention; for pre-modern events the original local calendar and conversion can differ. No year 0 is used. Source 1 is a secondary compilation; institutional corroboration is included when available.,Polar regions,JAN-16-05,event,Ernest Shackleton's expedition finds the magnetic South Pole. The event is recorded in a dated historical chronology for this calendar day. The dated reference identifies this as a historical event on this calendar day.,Ernest Shackleton's expedition finds the magnetic South Pole.,16 January 1909 CE,https://en.wikipedia.org/wiki/January_16,,01-16,Wikipedia — January 16,,exact day (secondary compilation),"Social, economic and institutional history",,Gregorian day-date convention (retrospective where applicable),meets target,national,Secondary reference compilation; corroborated by institutional source where supplied,20,verified against dated reference entry,20,4
16,CE,1945,January,Date uses the Gregorian January day-page convention; for pre-modern events the original local calendar and conversion can differ. No year 0 is used. Source 1 is a secondary compilation; institutional corroboration is included when available.,Transregional/unspecified,JAN-16-06,event,"World War II: Adolf Hitler moves into his underground bunker, the so-called Führerbunker. The event is recorded in a dated historical chronology for this calendar day. The dated reference identifies this as a historical event on this calendar day.","World War II: Adolf Hitler moves into his underground bunker, the so-called Führerbunker.",16 January 1945 CE,https://en.wikipedia.org/wiki/January_16,,01-16,Wikipedia — January 16,,exact day (secondary compilation),War and conflict,,Gregorian day-date convention (retrospective where applicable),meets target,international,Secondary reference compilation; corroborated by institutional source where supplied,20,verified against dated reference entry,20,8
16,CE,1809,January,Date uses the Gregorian January day-page convention; for pre-modern events the original local calendar and conversion can differ. No year 0 is used. Source 1 is a secondary compilation; institutional corroboration is included when available.,Transregional/unspecified,JAN-16-07,event,Peninsular War: The British defeat the French at the Battle of La Coruña. The event is recorded in a dated historical chronology for this calendar day. The dated reference identifies this as a historical event on this calendar day.,Peninsular War: The British defeat the French at the Battle of La Coruña.,16 January 1809 CE,https://en.wikipedia.org/wiki/January_16,,01-16,Wikipedia — January 16,,exact day (secondary compilation),War and conflict,,Gregorian day-date convention (retrospective where applicable),meets target,international,Secondary reference compilation; corroborated by institutional source where supplied,20,verified against dated reference entry,20,8
16,CE,1969,January,Date uses the Gregorian January day-page convention; for pre-modern events the original local calendar and conversion can differ. No year 0 is used. Source 1 is a secondary compilation; institutional corroboration is included when available.,Transregional/unspecified,JAN-16-08,event,"Space Race: Soviet spacecraft Soyuz 4 and Soyuz 5 perform the first-ever docking of crewed spacecraft in orbit, the first-ever transfer of crew from one space vehicle to another, and the only time such a transfer was accomplished with a space walk.","Space Race: Soviet spacecraft Soyuz 4 and Soyuz 5 perform the first-ever docking of crewed spacecraft in orbit, the first-ever transfer of crew from one space vehicle to…",16 January 1969 CE,https://en.wikipedia.org/wiki/January_16,,01-16,Wikipedia — January 16,,exact day (secondary compilation),"Science, technology and exploration",,Gregorian day-date convention (retrospective where applicable),meets target,regional,Secondary reference compilation; corroborated by institutional source where supplied,20,verified against dated reference entry,20,7
16,CE,1992,January,Date uses the Gregorian January day-page convention; for pre-modern events the original local calendar and conversion can differ. No year 0 is used. Source 1 is a secondary compilation; institutional corroboration is included when available.,Americas,JAN-16-09,event,"El Salvador officials and rebel leaders sign the Chapultepec Peace Accords in Mexico City, Mexico ending the 12-year Salvadoran Civil War that claimed at least 75,000 lives. The event is recorded in a dated historical chronology for this calendar day.","El Salvador officials and rebel leaders sign the Chapultepec Peace Accords in Mexico City, Mexico ending the 12-year Salvadoran Civil War that claimed at least 75,000 lives.",16 January 1992 CE,https://en.wikipedia.org/wiki/January_16,,01-16,Wikipedia — January 16,,exact day (secondary compilation),War and conflict,Mexico,Gregorian day-date convention (retrospective where applicable),meets target,regional,Secondary reference compilation; corroborated by institutional source where supplied,20,verified against dated reference entry,20,7
16,CE,1641,January,Date uses the Gregorian January day-page convention; for pre-modern events the original local calendar and conversion can differ. No year 0 is used. Source 1 is a secondary compilation; institutional corroboration is included when available.,Transregional/unspecified,JAN-16-10,event,"Reapers' War: The Junta de Braços (parliamentary assembly) of the Principality of Catalonia accepts the proposal of establishment of the Catalan Republic, under French protection. The event is recorded in a dated historical chronology for this calendar day.","Reapers' War: The Junta de Braços (parliamentary assembly) of the Principality of Catalonia accepts the proposal of establishment of the Catalan Republic, under French protection.",16 January 1641 CE,https://en.wikipedia.org/wiki/January_16,,01-16,Wikipedia — January 16,,exact day (secondary compilation),War and conflict,,Gregorian day-date convention (retrospective where applicable),meets target,regional,Secondary reference compilation; corroborated by institutional source where supplied,20,verified against dated reference entry,20,7
16,CE,1757,January,Date uses the Gregorian January day-page convention; for pre-modern events the original local calendar and conversion can differ. No year 0 is used. Source 1 is a secondary compilation; institutional corroboration is included when available.,Transregional/unspecified,JAN-16-11,event,Forces of the Maratha Empire are defeated by the Durrani Empire in the Battle of Narela. The event is recorded in a dated historical chronology for this calendar day. The dated reference identifies this as a historical event on this calendar day.,Forces of the Maratha Empire are defeated by the Durrani Empire in the Battle of Narela.,16 January 1757 CE,https://en.wikipedia.org/wiki/January_16,,01-16,Wikipedia — January 16,,exact day (secondary compilation),War and conflict,,Gregorian day-date convention (retrospective where applicable),meets target,regional,Secondary reference compilation; corroborated by institutional source where supplied,20,verified against dated reference entry,20,7
16,CE,2001,January,Date uses the Gregorian January day-page convention; for pre-modern events the original local calendar and conversion can differ. No year 0 is used. Source 1 is a secondary compilation; institutional corroboration is included when available.,Americas,JAN-16-12,event,US President Bill Clinton awards former President Theodore Roosevelt a posthumous Medal of Honor for his service in the Spanish–American War. The event is recorded in a dated historical chronology for this calendar day.,US President Bill Clinton awards former President Theodore Roosevelt a posthumous Medal of Honor for his service in the Spanish–American War.,16 January 2001 CE,https://en.wikipedia.org/wiki/January_16,,01-16,Wikipedia — January 16,,exact day (secondary compilation),War and conflict,,Gregorian day-date convention (retrospective where applicable),meets target,regional,Secondary reference compilation; corroborated by institutional source where supplied,20,verified against dated reference entry,20,6
16,CE,1900,January,Date uses the Gregorian January day-page convention; for pre-modern events the original local calendar and conversion can differ. No year 0 is used. Source 1 is a secondary compilation; institutional corroboration is included when available.,Americas,JAN-16-13,event,The United States Senate accepts the Anglo-German treaty of 1899 in which the United Kingdom renounces its claims to the Samoan islands. The event is recorded in a dated historical chronology for this calendar day.,The United States Senate accepts the Anglo-German treaty of 1899 in which the United Kingdom renounces its claims to the Samoan islands.,16 January 1900 CE,https://en.wikipedia.org/wiki/January_16,,01-16,Wikipedia — January 16,,exact day (secondary compilation),Political history and decolonization,United States,Gregorian day-date convention (retrospective where applicable),meets target,national,Secondary reference compilation; corroborated by institutional source where supplied,20,verified against dated reference entry,20,5
16,CE,1716,January,Date uses the Gregorian January day-page convention; for pre-modern events the original local calendar and conversion can differ. No year 0 is used. Source 1 is a secondary compilation; institutional corroboration is included when available.,Europe,JAN-16-14,event,"King Philip V of Spain promulgates the Nueva Planta decree of the Principality of Catalonia, abolishing the Catalan institutions and its legal system, being replaced by those of Castile, thus putting an end to Catalonia as separate state and becoming a province of the new French-style Kingdom of Spain.","King Philip V of Spain promulgates the Nueva Planta decree of the Principality of Catalonia, abolishing the Catalan institutions and its legal system, being replaced by those…",16 January 1716 CE,https://en.wikipedia.org/wiki/January_16,,01-16,Wikipedia — January 16,,exact day (secondary compilation),Political history and decolonization,Spain,Gregorian day-date convention (retrospective where applicable),meets target,national,Secondary reference compilation; corroborated by institutional source where supplied,20,verified against dated reference entry,20,5
16,CE,1605,January,Date uses the Gregorian January day-page convention; for pre-modern events the original local calendar and conversion can differ. No year 0 is used. Source 1 is a secondary compilation; institutional corroboration is included when available.,Europe,JAN-16-15,event,"The first edition of El ingenioso hidalgo Don Quijote de la Mancha (Book One of Don Quixote) by Miguel de Cervantes is published in Madrid, Spain. The event is recorded in a dated historical chronology for this calendar day.","The first edition of El ingenioso hidalgo Don Quijote de la Mancha (Book One of Don Quixote) by Miguel de Cervantes is published in Madrid, Spain.",16 January 1605 CE,https://en.wikipedia.org/wiki/January_16,,01-16,Wikipedia — January 16,,exact day (secondary compilation),"Culture, education and religion",Spain,Gregorian day-date convention (retrospective where applicable),meets target,national,Secondary reference compilation; corroborated by institutional source where supplied,20,verified against dated reference entry,20,5
16,CE,2006,January,Date uses the Gregorian January day-page convention; for pre-modern events the original local calendar and conversion can differ. No year 0 is used. Source 1 is a secondary compilation; institutional corroboration is included when available.,Africa,JAN-16-16,event,Ellen Johnson Sirleaf is sworn in as Liberia's new president. She becomes Africa's first female elected head of state. The event is recorded in a dated historical chronology for this calendar day.,Ellen Johnson Sirleaf is sworn in as Liberia's new president. She becomes Africa's first female elected head of state.,16 January 2006 CE,https://en.wikipedia.org/wiki/January_16,,01-16,Wikipedia — January 16,,exact day (secondary compilation),Political history and decolonization,Liberia,Gregorian day-date convention (retrospective where applicable),meets target,national,Secondary reference compilation; corroborated by institutional source where supplied,20,verified against dated reference entry,20,5
16,CE,2002,January,Date uses the Gregorian January day-page convention; for pre-modern events the original local calendar and conversion can differ. No year 0 is used. Source 1 is a secondary compilation; institutional corroboration is included when available.,Middle East,JAN-16-17,event,"War in Afghanistan: The UN Security Council unanimously establishes an arms embargo and the freezing of assets of Osama bin Laden, al-Qaeda, and the remaining members of the Taliban. The event is recorded in a dated historical chronology for this calendar day.","War in Afghanistan: The UN Security Council unanimously establishes an arms embargo and the freezing of assets of Osama bin Laden, al-Qaeda, and the remaining members of the…",16 January 2002 CE,https://en.wikipedia.org/wiki/January_16,,01-16,Wikipedia — January 16,,exact day (secondary compilation),War and conflict,Afghanistan,Gregorian day-date convention (retrospective where applicable),meets target,regional,Secondary reference compilation; corroborated by institutional source where supplied,20,verified against dated reference entry,20,6
16,CE,1572,January,Date uses the Gregorian January day-page convention; for pre-modern events the original local calendar and conversion can differ. No year 0 is used. Source 1 is a secondary compilation; institutional corroboration is included when available.,Europe,JAN-16-18,event,"Thomas Howard, 4th Duke of Norfolk is tried and found guilty of treason for his part in the Ridolfi plot to restore Catholicism in England. The event is recorded in a dated historical chronology for this calendar day.","Thomas Howard, 4th Duke of Norfolk is tried and found guilty of treason for his part in the Ridolfi plot to restore Catholicism in England.",16 January 1572 CE,https://en.wikipedia.org/wiki/January_16,,01-16,Wikipedia — January 16,,exact day (secondary compilation),War and conflict,United Kingdom,Gregorian day-date convention (retrospective where applicable),meets target,regional,Secondary reference compilation; corroborated by institutional source where supplied,20,verified against dated reference entry,20,6
16,CE,1275,January,Date uses the Gregorian January day-page convention; for pre-modern events the original local calendar and conversion can differ. No year 0 is used. Source 1 is a secondary compilation; institutional corroboration is included when available.,Transregional/unspecified,JAN-16-19,event,"Edward I permits his mother Eleanor of Provence to expel the Jews from the towns Worcester, Marlborough, Cambridge and Gloucester. The event is recorded in a dated historical chronology for this calendar day.","Edward I permits his mother Eleanor of Provence to expel the Jews from the towns Worcester, Marlborough, Cambridge and Gloucester.",16 January 1275 CE,https://en.wikipedia.org/wiki/January_16,,01-16,Wikipedia — January 16,,exact day (secondary compilation),War and conflict,,Gregorian day-date convention (retrospective where applicable),meets target,regional,Secondary reference compilation; corroborated by institutional source where supplied,20,verified against dated reference entry,20,6
16,CE,1120,January,Date uses the Gregorian January day-page convention; for pre-modern events the original local calendar and conversion can differ. No year 0 is used. Source 1 is a secondary compilation; institutional corroboration is included when available.,Transregional/unspecified,JAN-16-20,event,"Crusades: The Council of Nablus is held, establishing the earliest surviving written laws of the Crusader Kingdom of Jerusalem. The event is recorded in a dated historical chronology for this calendar day.","Crusades: The Council of Nablus is held, establishing the earliest surviving written laws of the Crusader Kingdom of Jerusalem.",16 January 1120 CE,https://en.wikipedia.org/wiki/January_16,,01-16,Wikipedia — January 16,,exact day (secondary compilation),Political history and decolonization,,Gregorian day-date convention (retrospective where applicable),meets target,national,Secondary reference compilation; corroborated by institutional source where supplied,20,verified against dated reference entry,20,5
17,CE,1852,January,Date uses the Gregorian January day-page convention; for pre-modern events the original local calendar and conversion can differ. No year 0 is used. Source 1 is a secondary compilation; institutional corroboration is included when available.,Africa,JAN-17-01,event,The United Kingdom signs the Sand River Convention with the South African Republic. The event is recorded in a dated historical chronology for this calendar day. The dated reference identifies this as a historical event on this calendar day.,The United Kingdom signs the Sand River Convention with the South African Republic.,17 January 1852 CE,https://en.wikipedia.org/wiki/January_17,,01-17,Wikipedia — January 17,,exact day (secondary compilation),Political history and decolonization,South Africa,Gregorian day-date convention (retrospective where applicable),meets target,national,Secondary reference compilation; corroborated by institutional source where supplied,20,verified against dated reference entry,20,5
17,CE,1992,January,Date uses the Gregorian January day-page convention; for pre-modern events the original local calendar and conversion can differ. No year 0 is used. Source 1 is a secondary compilation; institutional corroboration is included when available.,Asia,JAN-17-02,event,"During a visit to South Korea, Japanese Prime Minister Kiichi Miyazawa apologizes for forcing Korean women into sexual slavery during World War II. The event is recorded in a dated historical chronology for this calendar day.","During a visit to South Korea, Japanese Prime Minister Kiichi Miyazawa apologizes for forcing Korean women into sexual slavery during World War II.",17 January 1992 CE,https://en.wikipedia.org/wiki/January_17,,01-17,Wikipedia — January 17,,exact day (secondary compilation),War and conflict,Japan,Gregorian day-date convention (retrospective where applicable),meets target,international,Secondary reference compilation; corroborated by institutional source where supplied,20,verified against dated reference entry,20,9
17,CE,1915,January,Date uses the Gregorian January day-page convention; for pre-modern events the original local calendar and conversion can differ. No year 0 is used. Source 1 is a secondary compilation; institutional corroboration is included when available.,Middle East,JAN-17-03,event,Russia defeats Ottoman Turkey in the Battle of Sarikamish during the Caucasus Campaign of World War I. The event is recorded in a dated historical chronology for this calendar day.,Russia defeats Ottoman Turkey in the Battle of Sarikamish during the Caucasus Campaign of World War I.,17 January 1915 CE,https://en.wikipedia.org/wiki/January_17,,01-17,Wikipedia — January 17,,exact day (secondary compilation),War and conflict,Turkey,Gregorian day-date convention (retrospective where applicable),meets target,international,Secondary reference compilation; corroborated by institutional source where supplied,20,verified against dated reference entry,20,10
17,CE,1781,January,Date uses the Gregorian January day-page convention; for pre-modern events the original local calendar and conversion can differ. No year 0 is used. Source 1 is a secondary compilation; institutional corroboration is included when available.,Americas,JAN-17-04,event,American Revolutionary War: Battle of Cowpens: Continental troops under Brigadier General Daniel Morgan defeat British forces under Lieutenant Colonel Banastre Tarleton at the battle in South Carolina. The event is recorded in a dated historical chronology for this calendar day.,American Revolutionary War: Battle of Cowpens: Continental troops under Brigadier General Daniel Morgan defeat British forces under Lieutenant Colonel Banastre Tarleton at the…,17 January 1781 CE,https://en.wikipedia.org/wiki/January_17,,01-17,Wikipedia — January 17,,exact day (secondary compilation),War and conflict,,Gregorian day-date convention (retrospective where applicable),meets target,international,Secondary reference compilation; corroborated by institutional source where supplied,20,verified against dated reference entry,20,10
17,CE,1524,January,Date uses the Gregorian January day-page convention; for pre-modern events the original local calendar and conversion can differ. No year 0 is used. Source 1 is a secondary compilation; institutional corroboration is included when available.,Oceania,JAN-17-05,event,Giovanni da Verrazzano sets sail westward from Madeira to find a sea route to the Pacific Ocean. The event is recorded in a dated historical chronology for this calendar day.,Giovanni da Verrazzano sets sail westward from Madeira to find a sea route to the Pacific Ocean.,17 January 1524 CE,https://en.wikipedia.org/wiki/January_17,,01-17,Wikipedia — January 17,,exact day (secondary compilation),War and conflict,,Gregorian day-date convention (retrospective where applicable),meets target,regional,Secondary reference compilation; corroborated by institutional source where supplied,20,verified against dated reference entry,20,6
17,CE,1773,January,Date uses the Gregorian January day-page convention; for pre-modern events the original local calendar and conversion can differ. No year 0 is used. Source 1 is a secondary compilation; institutional corroboration is included when available.,Polar regions,JAN-17-06,event,Captain James Cook leads the first expedition to sail south of the Antarctic Circle. The event is recorded in a dated historical chronology for this calendar day. The dated reference identifies this as a historical event on this calendar day.,Captain James Cook leads the first expedition to sail south of the Antarctic Circle.,17 January 1773 CE,https://en.wikipedia.org/wiki/January_17,,01-17,Wikipedia — January 17,,exact day (secondary compilation),"Social, economic and institutional history",,Gregorian day-date convention (retrospective where applicable),meets target,national,Secondary reference compilation; corroborated by institutional source where supplied,20,verified against dated reference entry,20,5
17,CE,1811,January,Date uses the Gregorian January day-page convention; for pre-modern events the original local calendar and conversion can differ. No year 0 is used. Source 1 is a secondary compilation; institutional corroboration is included when available.,Transregional/unspecified,JAN-17-07,event,"Mexican War of Independence: In the Battle of Calderón Bridge, a heavily outnumbered Spanish force of 6,000 troops defeats nearly 100,000 Mexican revolutionaries. The event is recorded in a dated historical chronology for this calendar day.","Mexican War of Independence: In the Battle of Calderón Bridge, a heavily outnumbered Spanish force of 6,000 troops defeats nearly 100,000 Mexican revolutionaries.",17 January 1811 CE,https://en.wikipedia.org/wiki/January_17,,01-17,Wikipedia — January 17,,exact day (secondary compilation),War and conflict,,Gregorian day-date convention (retrospective where applicable),meets target,international,Secondary reference compilation; corroborated by institutional source where supplied,20,verified against dated reference entry,20,10
17,CE,1944,January,Date uses the Gregorian January day-page convention; for pre-modern events the original local calendar and conversion can differ. No year 0 is used. Source 1 is a secondary compilation; institutional corroboration is included when available.,Europe,JAN-17-08,event,"World War II: Allied forces launch the first of four assaults on Monte Cassino with the intention of breaking through the Winter Line and seizing Rome, an effort that would ultimately take four months and cost 105,000 Allied casualties.","World War II: Allied forces launch the first of four assaults on Monte Cassino with the intention of breaking through the Winter Line and seizing Rome, an effort that would…",17 January 1944 CE,https://en.wikipedia.org/wiki/January_17,,01-17,Wikipedia — January 17,,exact day (secondary compilation),War and conflict,,Gregorian day-date convention (retrospective where applicable),meets target,international,Secondary reference compilation; corroborated by institutional source where supplied,20,verified against dated reference entry,20,10
17,CE,1918,January,Date uses the Gregorian January day-page convention; for pre-modern events the original local calendar and conversion can differ. No year 0 is used. Source 1 is a secondary compilation; institutional corroboration is included when available.,Transregional/unspecified,JAN-17-09,event,Finnish Civil War: The first serious battles take place between the Red Guards and the White Guard. The event is recorded in a dated historical chronology for this calendar day.,Finnish Civil War: The first serious battles take place between the Red Guards and the White Guard.,17 January 1918 CE,https://en.wikipedia.org/wiki/January_17,,01-17,Wikipedia — January 17,,exact day (secondary compilation),War and conflict,,Gregorian day-date convention (retrospective where applicable),meets target,international,Secondary reference compilation; corroborated by institutional source where supplied,20,verified against dated reference entry,20,10
17,CE,1873,January,Date uses the Gregorian January day-page convention; for pre-modern events the original local calendar and conversion can differ. No year 0 is used. Source 1 is a secondary compilation; institutional corroboration is included when available.,Americas,JAN-17-10,event,"A group of Modoc warriors defeats the United States Army in the First Battle of the Stronghold, part of the Modoc War. The event is recorded in a dated historical chronology for this calendar day.","A group of Modoc warriors defeats the United States Army in the First Battle of the Stronghold, part of the Modoc War.",17 January 1873 CE,https://en.wikipedia.org/wiki/January_17,,01-17,Wikipedia — January 17,,exact day (secondary compilation),War and conflict,United States,Gregorian day-date convention (retrospective where applicable),meets target,international,Secondary reference compilation; corroborated by institutional source where supplied,20,verified against dated reference entry,20,9
17,CE,1991,January,Date uses the Gregorian January day-page convention; for pre-modern events the original local calendar and conversion can differ. No year 0 is used. Source 1 is a secondary compilation; institutional corroboration is included when available.,Middle East,JAN-17-11,event,"Gulf War: Operation Desert Storm begins early in the morning as aircraft strike positions across Iraq, it is also the first major combat sortie for the F-117. LCDR Scott Speicher's F/A-18C Hornet from VFA-81 is shot down by a Mig-25 and is the first American casualty of the War. Iraq fires eight Scud missiles into Israel in an unsuccessful bid to provoke Israeli retaliation.","Gulf War: Operation Desert Storm begins early in the morning as aircraft strike positions across Iraq, it is also the first major combat sortie for the F-117. LCDR Scott…",17 January 1991 CE,https://en.wikipedia.org/wiki/January_17,,01-17,Wikipedia — January 17,,exact day (secondary compilation),War and conflict,Iraq,Gregorian day-date convention (retrospective where applicable),meets target,regional,Secondary reference compilation; corroborated by institutional source where supplied,20,verified against dated reference entry,20,7
17,CE,1648,January,Date uses the Gregorian January day-page convention; for pre-modern events the original local calendar and conversion can differ. No year 0 is used. Source 1 is a secondary compilation; institutional corroboration is included when available.,Europe,JAN-17-12,event,"England's Long Parliament passes the "" Vote of No Addresses"", breaking off negotiations with King Charles I and thereby setting the scene for the second phase of the English Civil War.","England's Long Parliament passes the "" Vote of No Addresses"", breaking off negotiations with King Charles I and thereby setting the scene for the second phase of the English…",17 January 1648 CE,https://en.wikipedia.org/wiki/January_17,,01-17,Wikipedia — January 17,,exact day (secondary compilation),War and conflict,United Kingdom,Gregorian day-date convention (retrospective where applicable),meets target,regional,Secondary reference compilation; corroborated by institutional source where supplied,20,verified against dated reference entry,20,7
17,CE,1943,January,Date uses the Gregorian January day-page convention; for pre-modern events the original local calendar and conversion can differ. No year 0 is used. Source 1 is a secondary compilation; institutional corroboration is included when available.,Transregional/unspecified,JAN-17-13,event,World War II: Greek submarine Papanikolis captures the 200-ton sailing vessel Agios Stefanos and mans her with part of her crew. The event is recorded in a dated historical chronology for this calendar day.,World War II: Greek submarine Papanikolis captures the 200-ton sailing vessel Agios Stefanos and mans her with part of her crew.,17 January 1943 CE,https://en.wikipedia.org/wiki/January_17,,01-17,Wikipedia — January 17,,exact day (secondary compilation),War and conflict,,Gregorian day-date convention (retrospective where applicable),meets target,international,Secondary reference compilation; corroborated by institutional source where supplied,20,verified against dated reference entry,20,8
17,CE,1945,January,Date uses the Gregorian January day-page convention; for pre-modern events the original local calendar and conversion can differ. No year 0 is used. Source 1 is a secondary compilation; institutional corroboration is included when available.,Transregional/unspecified,JAN-17-14,event,World War II: The Vistula–Oder Offensive forces German troops out of Warsaw. The event is recorded in a dated historical chronology for this calendar day. The dated reference identifies this as a historical event on this calendar day.,World War II: The Vistula–Oder Offensive forces German troops out of Warsaw.,17 January 1945 CE,https://en.wikipedia.org/wiki/January_17,,01-17,Wikipedia — January 17,,exact day (secondary compilation),War and conflict,,Gregorian day-date convention (retrospective where applicable),meets target,international,Secondary reference compilation; corroborated by institutional source where supplied,20,verified against dated reference entry,20,8
17,CE,1595,January,Date uses the Gregorian January day-page convention; for pre-modern events the original local calendar and conversion can differ. No year 0 is used. Source 1 is a secondary compilation; institutional corroboration is included when available.,Europe,JAN-17-15,event,"During the French Wars of Religion, Henry IV of France declares war on Spain. The event is recorded in a dated historical chronology for this calendar day. The dated reference identifies this as a historical event on this calendar day.","During the French Wars of Religion, Henry IV of France declares war on Spain.",17 January 1595 CE,https://en.wikipedia.org/wiki/January_17,,01-17,Wikipedia — January 17,,exact day (secondary compilation),War and conflict,France,Gregorian day-date convention (retrospective where applicable),meets target,regional,Secondary reference compilation; corroborated by institutional source where supplied,20,verified against dated reference entry,20,7
17,CE,1997,January,Date uses the Gregorian January day-page convention; for pre-modern events the original local calendar and conversion can differ. No year 0 is used. Source 1 is a secondary compilation; institutional corroboration is included when available.,Transregional/unspecified,JAN-17-16,event,"Cape Canaveral Air Force Station: A Delta II carrying the GPS IIR-1 satellite explodes 13 seconds after launch, dropping 250 tons of burning rocket remains around the launch pad. The event is recorded in a dated historical chronology for this calendar day.","Cape Canaveral Air Force Station: A Delta II carrying the GPS IIR-1 satellite explodes 13 seconds after launch, dropping 250 tons of burning rocket remains around the launch pad.",17 January 1997 CE,https://en.wikipedia.org/wiki/January_17,,01-17,Wikipedia — January 17,,exact day (secondary compilation),"Science, technology and exploration",,Gregorian day-date convention (retrospective where applicable),meets target,regional,Secondary reference compilation; corroborated by institutional source where supplied,20,verified against dated reference entry,20,7
17,CE,1961,January,Date uses the Gregorian January day-page convention; for pre-modern events the original local calendar and conversion can differ. No year 0 is used. Source 1 is a secondary compilation; institutional corroboration is included when available.,Americas,JAN-17-17,event,"U.S. President Dwight D. Eisenhower delivers a televised farewell address to the nation three days before leaving office, in which he warns against the accumulation of power by the "" military–industrial complex"" as well as the dangers of massive spending, especially deficit spending.","U.S. President Dwight D. Eisenhower delivers a televised farewell address to the nation three days before leaving office, in which he warns against the accumulation of power by…",17 January 1961 CE,https://en.wikipedia.org/wiki/January_17,,01-17,Wikipedia — January 17,,exact day (secondary compilation),War and conflict,,Gregorian day-date convention (retrospective where applicable),meets target,regional,Secondary reference compilation; corroborated by institutional source where supplied,20,verified against dated reference entry,20,6
17,CE,1649,January,Date uses the Gregorian January day-page convention; for pre-modern events the original local calendar and conversion can differ. No year 0 is used. Source 1 is a secondary compilation; institutional corroboration is included when available.,Europe,JAN-17-18,event,The Second Ormonde Peace creates an alliance between the Irish Royalists and Confederates during the War of the Three Kingdoms. The coalition was then decisively defeated during the Cromwellian conquest of Ireland.,The Second Ormonde Peace creates an alliance between the Irish Royalists and Confederates during the War of the Three Kingdoms. The coalition was then decisively defeated…,17 January 1649 CE,https://en.wikipedia.org/wiki/January_17,,01-17,Wikipedia — January 17,,exact day (secondary compilation),War and conflict,Ireland,Gregorian day-date convention (retrospective where applicable),meets target,regional,Secondary reference compilation; corroborated by institutional source where supplied,20,verified against dated reference entry,20,6
17,CE,1981,January,Date uses the Gregorian January day-page convention; for pre-modern events the original local calendar and conversion can differ. No year 0 is used. Source 1 is a secondary compilation; institutional corroboration is included when available.,Asia,JAN-17-19,event,President of the Philippines Ferdinand Marcos lifts martial law eight years and five months after declaring it. The event is recorded in a dated historical chronology for this calendar day.,President of the Philippines Ferdinand Marcos lifts martial law eight years and five months after declaring it.,17 January 1981 CE,https://en.wikipedia.org/wiki/January_17,,01-17,Wikipedia — January 17,,exact day (secondary compilation),Political history and decolonization,Philippines,Gregorian day-date convention (retrospective where applicable),meets target,national,Secondary reference compilation; corroborated by institutional source where supplied,20,verified against dated reference entry,20,5
17,CE,1941,January,Date uses the Gregorian January day-page convention; for pre-modern events the original local calendar and conversion can differ. No year 0 is used. Source 1 is a secondary compilation; institutional corroboration is included when available.,Transregional/unspecified,JAN-17-20,event,Franco-Thai War: Vichy French forces inflict a decisive defeat over the Royal Thai Navy. The event is recorded in a dated historical chronology for this calendar day. The dated reference identifies this as a historical event on this calendar day.,Franco-Thai War: Vichy French forces inflict a decisive defeat over the Royal Thai Navy.,17 January 1941 CE,https://en.wikipedia.org/wiki/January_17,,01-17,Wikipedia — January 17,,exact day (secondary compilation),War and conflict,,Gregorian day-date convention (retrospective where applicable),meets target,regional,Secondary reference compilation; corroborated by institutional source where supplied,20,verified against dated reference entry,20,6
18,CE,1941,January,Date uses the Gregorian January day-page convention; for pre-modern events the original local calendar and conversion can differ. No year 0 is used. Source 1 is a secondary compilation; institutional corroboration is included when available.,Africa,JAN-18-01,event,World War II: British troops launch a general counter-offensive against Italian East Africa. The event is recorded in a dated historical chronology for this calendar day. The dated reference identifies this as a historical event on this calendar day.,World War II: British troops launch a general counter-offensive against Italian East Africa.,18 January 1941 CE,https://en.wikipedia.org/wiki/January_18,,01-18,Wikipedia — January 18,,exact day (secondary compilation),War and conflict,,Gregorian day-date convention (retrospective where applicable),meets target,international,Secondary reference compilation; corroborated by institutional source where supplied,20,verified against dated reference entry,20,9
18,CE,1586,January,Date uses the Gregorian January day-page convention; for pre-modern events the original local calendar and conversion can differ. No year 0 is used. Source 1 is a secondary compilation; institutional corroboration is included when available.,Asia,JAN-18-02,event,"The magnitude 7.9 Tenshō earthquake strikes Honshu, Japan, killing 8,000 people and triggering a tsunami. The event is recorded in a dated historical chronology for this calendar day. The dated reference identifies this as a historical event on this calendar day.","The magnitude 7.9 Tenshō earthquake strikes Honshu, Japan, killing 8,000 people and triggering a tsunami.",18 January 1586 CE,https://en.wikipedia.org/wiki/January_18,,01-18,Wikipedia — January 18,,exact day (secondary compilation),Disaster and public safety,Japan,Gregorian day-date convention (retrospective where applicable),meets target,regional,Secondary reference compilation; corroborated by institutional source where supplied,20,verified against dated reference entry,20,7
18,CE,1913,January,Date uses the Gregorian January day-page convention; for pre-modern events the original local calendar and conversion can differ. No year 0 is used. Source 1 is a secondary compilation; institutional corroboration is included when available.,Middle East,JAN-18-03,event,"First Balkan War: A Greek flotilla defeats the Ottoman Navy in the Naval Battle of Lemnos, securing the islands of the Northern Aegean Sea for Greece. The event is recorded in a dated historical chronology for this calendar day.","First Balkan War: A Greek flotilla defeats the Ottoman Navy in the Naval Battle of Lemnos, securing the islands of the Northern Aegean Sea for Greece.",18 January 1913 CE,https://en.wikipedia.org/wiki/January_18,,01-18,Wikipedia — January 18,,exact day (secondary compilation),War and conflict,Greece,Gregorian day-date convention (retrospective where applicable),meets target,international,Secondary reference compilation; corroborated by institutional source where supplied,20,verified against dated reference entry,20,9
18,CE,1960,January,Date uses the Gregorian January day-page convention; for pre-modern events the original local calendar and conversion can differ. No year 0 is used. Source 1 is a secondary compilation; institutional corroboration is included when available.,Americas,JAN-18-04,event,"Capital Airlines Flight 20 crashes into a farm in Charles City County, Virginia, killing all 50 aboard, the third fatal Capital Airlines crash in as many years. The event is recorded in a dated historical chronology for this calendar day.","Capital Airlines Flight 20 crashes into a farm in Charles City County, Virginia, killing all 50 aboard, the third fatal Capital Airlines crash in as many years.",18 January 1960 CE,https://en.wikipedia.org/wiki/January_18,,01-18,Wikipedia — January 18,,exact day (secondary compilation),Disaster and public safety,,Gregorian day-date convention (retrospective where applicable),meets target,national,Secondary reference compilation; corroborated by institutional source where supplied,20,verified against dated reference entry,20,4
18,CE,1788,January,Date uses the Gregorian January day-page convention; for pre-modern events the original local calendar and conversion can differ. No year 0 is used. Source 1 is a secondary compilation; institutional corroboration is included when available.,Oceania,JAN-18-05,event,The first elements of the First Fleet carrying 736 convicts from Great Britain to Australia arrive at Botany Bay. The event is recorded in a dated historical chronology for this calendar day.,The first elements of the First Fleet carrying 736 convicts from Great Britain to Australia arrive at Botany Bay.,18 January 1788 CE,https://en.wikipedia.org/wiki/January_18,,01-18,Wikipedia — January 18,,exact day (secondary compilation),"Social, economic and institutional history",Australia,Gregorian day-date convention (retrospective where applicable),meets target,national,Secondary reference compilation; corroborated by institutional source where supplied,20,verified against dated reference entry,20,5
18,CE,1945,January,Date uses the Gregorian January day-page convention; for pre-modern events the original local calendar and conversion can differ. No year 0 is used. Source 1 is a secondary compilation; institutional corroboration is included when available.,Europe,JAN-18-06,event,"World War II: Liberation of Kraków, Poland by the Red Army. The event is recorded in a dated historical chronology for this calendar day. The dated reference identifies this as a historical event on this calendar day.","World War II: Liberation of Kraków, Poland by the Red Army.",18 January 1945 CE,https://en.wikipedia.org/wiki/January_18,,01-18,Wikipedia — January 18,,exact day (secondary compilation),War and conflict,Poland,Gregorian day-date convention (retrospective where applicable),meets target,international,Secondary reference compilation; corroborated by institutional source where supplied,20,verified against dated reference entry,20,9
18,CE,1871,January,Date uses the Gregorian January day-page convention; for pre-modern events the original local calendar and conversion can differ. No year 0 is used. Source 1 is a secondary compilation; institutional corroboration is included when available.,Europe,JAN-18-07,event,"Wilhelm I of Germany is proclaimed Kaiser Wilhelm in the Hall of Mirrors of the Palace of Versailles (France) towards the end of the Franco-Prussian War. Wilhelm already had the title of German Emperor since the constitution of 1 January 1871, but he had hesitated to accept the title.",Wilhelm I of Germany is proclaimed Kaiser Wilhelm in the Hall of Mirrors of the Palace of Versailles (France) towards the end of the Franco-Prussian War. Wilhelm already had…,18 January 1871 CE,https://en.wikipedia.org/wiki/January_18,,01-18,Wikipedia — January 18,,exact day (secondary compilation),War and conflict,France,Gregorian day-date convention (retrospective where applicable),meets target,international,Secondary reference compilation; corroborated by institutional source where supplied,20,verified against dated reference entry,20,9
18,CE,1919,January,Date uses the Gregorian January day-page convention; for pre-modern events the original local calendar and conversion can differ. No year 0 is used. Source 1 is a secondary compilation; institutional corroboration is included when available.,Europe,JAN-18-08,event,"World War I: The Paris Peace Conference opens in Versailles, France. The event is recorded in a dated historical chronology for this calendar day. The dated reference identifies this as a historical event on this calendar day.","World War I: The Paris Peace Conference opens in Versailles, France.",18 January 1919 CE,https://en.wikipedia.org/wiki/January_18,,01-18,Wikipedia — January 18,,exact day (secondary compilation),War and conflict,France,Gregorian day-date convention (retrospective where applicable),meets target,international,Secondary reference compilation; corroborated by institutional source where supplied,20,verified against dated reference entry,20,8
18,CE,2002,January,Date uses the Gregorian January day-page convention; for pre-modern events the original local calendar and conversion can differ. No year 0 is used. Source 1 is a secondary compilation; institutional corroboration is included when available.,Transregional/unspecified,JAN-18-09,event,The Sierra Leone Civil War is declared over. The event is recorded in a dated historical chronology for this calendar day. The dated reference identifies this as a historical event on this calendar day.,The Sierra Leone Civil War is declared over.,18 January 2002 CE,https://en.wikipedia.org/wiki/January_18,,01-18,Wikipedia — January 18,,exact day (secondary compilation),War and conflict,,Gregorian day-date convention (retrospective where applicable),meets target,regional,Secondary reference compilation; corroborated by institutional source where supplied,20,verified against dated reference entry,20,7
18,CE,1943,January,Date uses the Gregorian January day-page convention; for pre-modern events the original local calendar and conversion can differ. No year 0 is used. Source 1 is a secondary compilation; institutional corroboration is included when available.,Transregional/unspecified,JAN-18-10,event,Warsaw Ghetto Uprising: The first uprising of Jews in the Warsaw Ghetto. The event is recorded in a dated historical chronology for this calendar day. The dated reference identifies this as a historical event on this calendar day.,Warsaw Ghetto Uprising: The first uprising of Jews in the Warsaw Ghetto.,18 January 1943 CE,https://en.wikipedia.org/wiki/January_18,,01-18,Wikipedia — January 18,,exact day (secondary compilation),War and conflict,,Gregorian day-date convention (retrospective where applicable),meets target,regional,Secondary reference compilation; corroborated by institutional source where supplied,20,verified against dated reference entry,20,7
18,CE,1486,January,Date uses the Gregorian January day-page convention; for pre-modern events the original local calendar and conversion can differ. No year 0 is used. Source 1 is a secondary compilation; institutional corroboration is included when available.,Europe,JAN-18-11,event,"King Henry VII of England marries Elizabeth of York, daughter of Edward IV, uniting the House of Lancaster and the House of York. The event is recorded in a dated historical chronology for this calendar day.","King Henry VII of England marries Elizabeth of York, daughter of Edward IV, uniting the House of Lancaster and the House of York.",18 January 1486 CE,https://en.wikipedia.org/wiki/January_18,,01-18,Wikipedia — January 18,,exact day (secondary compilation),War and conflict,United Kingdom,Gregorian day-date convention (retrospective where applicable),meets target,regional,Secondary reference compilation; corroborated by institutional source where supplied,20,verified against dated reference entry,20,6
18,CE,1978,January,Date uses the Gregorian January day-page convention; for pre-modern events the original local calendar and conversion can differ. No year 0 is used. Source 1 is a secondary compilation; institutional corroboration is included when available.,Europe,JAN-18-12,event,"The European Court of Human Rights finds the United Kingdom's government guilty of mistreating prisoners in Northern Ireland, but not guilty of torture. The event is recorded in a dated historical chronology for this calendar day.","The European Court of Human Rights finds the United Kingdom's government guilty of mistreating prisoners in Northern Ireland, but not guilty of torture.",18 January 1978 CE,https://en.wikipedia.org/wiki/January_18,,01-18,Wikipedia — January 18,,exact day (secondary compilation),Political history and decolonization,United Kingdom,Gregorian day-date convention (retrospective where applicable),meets target,national,Secondary reference compilation; corroborated by institutional source where supplied,20,verified against dated reference entry,20,5
18,CE,1972,January,Date uses the Gregorian January day-page convention; for pre-modern events the original local calendar and conversion can differ. No year 0 is used. Source 1 is a secondary compilation; institutional corroboration is included when available.,Asia,JAN-18-13,event,"Members of the Mukti Bahini lay down their arms to the government of the newly independent Bangladesh, a month after winning the war against the occupying Pakistan Army. The event is recorded in a dated historical chronology for this calendar day.","Members of the Mukti Bahini lay down their arms to the government of the newly independent Bangladesh, a month after winning the war against the occupying Pakistan Army.",18 January 1972 CE,https://en.wikipedia.org/wiki/January_18,,01-18,Wikipedia — January 18,,exact day (secondary compilation),War and conflict,Pakistan,Gregorian day-date convention (retrospective where applicable),meets target,regional,Secondary reference compilation; corroborated by institutional source where supplied,20,verified against dated reference entry,20,6
18,CE,1974,January,Date uses the Gregorian January day-page convention; for pre-modern events the original local calendar and conversion can differ. No year 0 is used. Source 1 is a secondary compilation; institutional corroboration is included when available.,Africa,JAN-18-14,event,"A Disengagement of Forces agreement is signed between the Israeli and Egyptian governments, ending conflict on the Egyptian front of the Yom Kippur War. The event is recorded in a dated historical chronology for this calendar day.","A Disengagement of Forces agreement is signed between the Israeli and Egyptian governments, ending conflict on the Egyptian front of the Yom Kippur War.",18 January 1974 CE,https://en.wikipedia.org/wiki/January_18,,01-18,Wikipedia — January 18,,exact day (secondary compilation),War and conflict,Egypt,Gregorian day-date convention (retrospective where applicable),meets target,regional,Secondary reference compilation; corroborated by institutional source where supplied,20,verified against dated reference entry,20,6
18,CE,1993,January,Date uses the Gregorian January day-page convention; for pre-modern events the original local calendar and conversion can differ. No year 0 is used. Source 1 is a secondary compilation; institutional corroboration is included when available.,Transregional/unspecified,JAN-18-15,event,"Martin Luther King, Jr. Day is officially observed for the first time in all 50 US states. The event is recorded in a dated historical chronology for this calendar day.","Martin Luther King, Jr. Day is officially observed for the first time in all 50 US states.",18 January 1993 CE,https://en.wikipedia.org/wiki/January_18,,01-18,Wikipedia — January 18,,exact day (secondary compilation),Political history and decolonization,,Gregorian day-date convention (retrospective where applicable),meets target,national,Secondary reference compilation; corroborated by institutional source where supplied,20,verified against dated reference entry,20,5
18,CE,1915,January,Date uses the Gregorian January day-page convention; for pre-modern events the original local calendar and conversion can differ. No year 0 is used. Source 1 is a secondary compilation; institutional corroboration is included when available.,Asia,JAN-18-16,event,"Japan issues the "" Twenty-One Demands"" to the Republic of China in a bid to increase its power in East Asia. The event is recorded in a dated historical chronology for this calendar day.","Japan issues the "" Twenty-One Demands"" to the Republic of China in a bid to increase its power in East Asia.",18 January 1915 CE,https://en.wikipedia.org/wiki/January_18,,01-18,Wikipedia — January 18,,exact day (secondary compilation),Political history and decolonization,China,Gregorian day-date convention (retrospective where applicable),meets target,national,Secondary reference compilation; corroborated by institutional source where supplied,20,verified against dated reference entry,20,5
18,CE,1986,January,Date uses the Gregorian January day-page convention; for pre-modern events the original local calendar and conversion can differ. No year 0 is used. Source 1 is a secondary compilation; institutional corroboration is included when available.,Transregional/unspecified,JAN-18-17,event,"An Aerovías Sud Aviation Caravelle crashes on approach to Mundo Maya International Airport in Flores, Petén, Guatemala, killing all 94 people on board. The event is recorded in a dated historical chronology for this calendar day.","An Aerovías Sud Aviation Caravelle crashes on approach to Mundo Maya International Airport in Flores, Petén, Guatemala, killing all 94 people on board.",18 January 1986 CE,https://en.wikipedia.org/wiki/January_18,,01-18,Wikipedia — January 18,,exact day (secondary compilation),Disaster and public safety,,Gregorian day-date convention (retrospective where applicable),meets target,national,Secondary reference compilation; corroborated by institutional source where supplied,20,verified against dated reference entry,20,4
18,CE,1977,January,Date uses the Gregorian January day-page convention; for pre-modern events the original local calendar and conversion can differ. No year 0 is used. Source 1 is a secondary compilation; institutional corroboration is included when available.,Transregional/unspecified,JAN-18-18,event,"SFR Yugoslavia's Prime minister, Džemal Bijedić, his wife and six others are killed in a plane crash in Bosnia and Herzegovina. The event is recorded in a dated historical chronology for this calendar day.","SFR Yugoslavia's Prime minister, Džemal Bijedić, his wife and six others are killed in a plane crash in Bosnia and Herzegovina.",18 January 1977 CE,https://en.wikipedia.org/wiki/January_18,,01-18,Wikipedia — January 18,,exact day (secondary compilation),Disaster and public safety,,Gregorian day-date convention (retrospective where applicable),meets target,national,Secondary reference compilation; corroborated by institutional source where supplied,20,verified against dated reference entry,20,4
18,CE,1988,January,Date uses the Gregorian January day-page convention; for pre-modern events the original local calendar and conversion can differ. No year 0 is used. Source 1 is a secondary compilation; institutional corroboration is included when available.,Asia,JAN-18-19,event,"China Southwest Airlines Flight 4146 crashes near Chongqing Baishiyi Airport, killing all 98 passengers and 10 crew members. The event is recorded in a dated historical chronology for this calendar day.","China Southwest Airlines Flight 4146 crashes near Chongqing Baishiyi Airport, killing all 98 passengers and 10 crew members.",18 January 1988 CE,https://en.wikipedia.org/wiki/January_18,,01-18,Wikipedia — January 18,,exact day (secondary compilation),Disaster and public safety,China,Gregorian day-date convention (retrospective where applicable),meets target,national,Secondary reference compilation; corroborated by institutional source where supplied,20,verified against dated reference entry,20,4
18,CE,350,January,Date uses the Gregorian January day-page convention; for pre-modern events the original local calendar and conversion can differ. No year 0 is used. Source 1 is a secondary compilation; institutional corroboration is included when available.,Transregional/unspecified,JAN-18-20,event,General Magnentius is proclaimed emperor by Roman aristocrats discontent with the rule of emperor Constans. The event is recorded in a dated historical chronology for this calendar day. The dated reference identifies this as a historical event on this calendar day.,General Magnentius is proclaimed emperor by Roman aristocrats discontent with the rule of emperor Constans.,18 January 350 CE,https://en.wikipedia.org/wiki/January_18,,01-18,Wikipedia — January 18,,exact day (secondary compilation),"Social, economic and institutional history",,Gregorian day-date convention (retrospective where applicable),meets target,national,Secondary reference compilation; corroborated by institutional source where supplied,20,verified against dated reference entry,20,5
19,CE,1942,January,Date uses the Gregorian January day-page convention; for pre-modern events the original local calendar and conversion can differ. No year 0 is used. Source 1 is a secondary compilation; institutional corroboration is included when available.,Asia,JAN-19-01,event,World War II: The Japanese conquest of Burma begins. The event is recorded in a dated historical chronology for this calendar day. The dated reference identifies this as a historical event on this calendar day.,World War II: The Japanese conquest of Burma begins.,19 January 1942 CE,https://en.wikipedia.org/wiki/January_19,,01-19,Wikipedia — January 19,,exact day (secondary compilation),War and conflict,Japan,Gregorian day-date convention (retrospective where applicable),meets target,international,Secondary reference compilation; corroborated by institutional source where supplied,20,verified against dated reference entry,20,8
19,CE,1991,January,Date uses the Gregorian January day-page convention; for pre-modern events the original local calendar and conversion can differ. No year 0 is used. Source 1 is a secondary compilation; institutional corroboration is included when available.,Middle East,JAN-19-02,event,"Gulf War: Iraq fires a second Scud missile into Israel, causing 15 injuries. The event is recorded in a dated historical chronology for this calendar day. The dated reference identifies this as a historical event on this calendar day.","Gulf War: Iraq fires a second Scud missile into Israel, causing 15 injuries.",19 January 1991 CE,https://en.wikipedia.org/wiki/January_19,,01-19,Wikipedia — January 19,,exact day (secondary compilation),War and conflict,Iraq,Gregorian day-date convention (retrospective where applicable),meets target,regional,Secondary reference compilation; corroborated by institutional source where supplied,20,verified against dated reference entry,20,6
19,CE,1862,January,Date uses the Gregorian January day-page convention; for pre-modern events the original local calendar and conversion can differ. No year 0 is used. Source 1 is a secondary compilation; institutional corroboration is included when available.,Americas,JAN-19-03,event,American Civil War: Battle of Mill Springs: The Confederacy suffers its first significant defeat in the conflict. The event is recorded in a dated historical chronology for this calendar day.,American Civil War: Battle of Mill Springs: The Confederacy suffers its first significant defeat in the conflict.,19 January 1862 CE,https://en.wikipedia.org/wiki/January_19,,01-19,Wikipedia — January 19,,exact day (secondary compilation),War and conflict,,Gregorian day-date convention (retrospective where applicable),meets target,international,Secondary reference compilation; corroborated by institutional source where supplied,20,verified against dated reference entry,20,10
19,CE,2007,January,Date uses the Gregorian January day-page convention; for pre-modern events the original local calendar and conversion can differ. No year 0 is used. Source 1 is a secondary compilation; institutional corroboration is included when available.,Polar regions,JAN-19-04,event,"Four-man Team N2i, using only skis and kites, completes a 1,093-mile (1,759 km) trek to reach the Antarctic pole of inaccessibility for the first time since 1965 and for the first time ever without mechanical assistance.","Four-man Team N2i, using only skis and kites, completes a 1,093-mile (1,759 km) trek to reach the Antarctic pole of inaccessibility for the first time since 1965 and for the…",19 January 2007 CE,https://en.wikipedia.org/wiki/January_19,,01-19,Wikipedia — January 19,,exact day (secondary compilation),"Social, economic and institutional history",,Gregorian day-date convention (retrospective where applicable),meets target,national,Secondary reference compilation; corroborated by institutional source where supplied,20,verified against dated reference entry,20,5
19,CE,1915,January,Date uses the Gregorian January day-page convention; for pre-modern events the original local calendar and conversion can differ. No year 0 is used. Source 1 is a secondary compilation; institutional corroboration is included when available.,Transregional/unspecified,JAN-19-05,event,"German strategic bombing during World War I: German zeppelins bomb the towns of Great Yarmouth and King's Lynn in the United Kingdom killing at least 20 people, in the first major aerial bombardment of a civilian target.","German strategic bombing during World War I: German zeppelins bomb the towns of Great Yarmouth and King's Lynn in the United Kingdom killing at least 20 people, in the first…",19 January 1915 CE,https://en.wikipedia.org/wiki/January_19,,01-19,Wikipedia — January 19,,exact day (secondary compilation),War and conflict,United Kingdom,Gregorian day-date convention (retrospective where applicable),meets target,international,Secondary reference compilation; corroborated by institutional source where supplied,20,verified against dated reference entry,20,9
19,CE,1871,January,Date uses the Gregorian January day-page convention; for pre-modern events the original local calendar and conversion can differ. No year 0 is used. Source 1 is a secondary compilation; institutional corroboration is included when available.,Europe,JAN-19-06,event,"Franco-Prussian War: In the Siege of Paris, Prussia wins the Battle of St. Quentin. Meanwhile, the French attempt to break the siege in the Battle of Buzenval will end unsuccessfully the following day.","Franco-Prussian War: In the Siege of Paris, Prussia wins the Battle of St. Quentin. Meanwhile, the French attempt to break the siege in the Battle of Buzenval will end…",19 January 1871 CE,https://en.wikipedia.org/wiki/January_19,,01-19,Wikipedia — January 19,,exact day (secondary compilation),War and conflict,Russia,Gregorian day-date convention (retrospective where applicable),meets target,international,Secondary reference compilation; corroborated by institutional source where supplied,20,verified against dated reference entry,20,8
19,CE,1941,January,Date uses the Gregorian January day-page convention; for pre-modern events the original local calendar and conversion can differ. No year 0 is used. Source 1 is a secondary compilation; institutional corroboration is included when available.,Transregional/unspecified,JAN-19-07,event,World War II: HMS Greyhound and other escorts of convoy AS-12 sink Italian submarine Neghelli with all hands 64 kilometres (40 mi) northeast of Falkonera. The event is recorded in a dated historical chronology for this calendar day.,World War II: HMS Greyhound and other escorts of convoy AS-12 sink Italian submarine Neghelli with all hands 64 kilometres (40 mi) northeast of Falkonera.,19 January 1941 CE,https://en.wikipedia.org/wiki/January_19,,01-19,Wikipedia — January 19,,exact day (secondary compilation),War and conflict,,Gregorian day-date convention (retrospective where applicable),meets target,international,Secondary reference compilation; corroborated by institutional source where supplied,20,verified against dated reference entry,20,8
19,CE,1945,January,Date uses the Gregorian January day-page convention; for pre-modern events the original local calendar and conversion can differ. No year 0 is used. Source 1 is a secondary compilation; institutional corroboration is included when available.,Transregional/unspecified,JAN-19-08,event,"World War II: Soviet forces liberate the Łódź Ghetto. Of more than 200,000 inhabitants in 1940, fewer than 900 had survived the Nazi occupation. The event is recorded in a dated historical chronology for this calendar day.","World War II: Soviet forces liberate the Łódź Ghetto. Of more than 200,000 inhabitants in 1940, fewer than 900 had survived the Nazi occupation.",19 January 1945 CE,https://en.wikipedia.org/wiki/January_19,,01-19,Wikipedia — January 19,,exact day (secondary compilation),War and conflict,,Gregorian day-date convention (retrospective where applicable),meets target,international,Secondary reference compilation; corroborated by institutional source where supplied,20,verified against dated reference entry,20,8
19,CE,1861,January,Date uses the Gregorian January day-page convention; for pre-modern events the original local calendar and conversion can differ. No year 0 is used. Source 1 is a secondary compilation; institutional corroboration is included when available.,Americas,JAN-19-09,event,"American Civil War: Georgia joins South Carolina, Florida, Mississippi, and Alabama in declaring secession from the United States. The event is recorded in a dated historical chronology for this calendar day.","American Civil War: Georgia joins South Carolina, Florida, Mississippi, and Alabama in declaring secession from the United States.",19 January 1861 CE,https://en.wikipedia.org/wiki/January_19,,01-19,Wikipedia — January 19,,exact day (secondary compilation),War and conflict,United States,Gregorian day-date convention (retrospective where applicable),meets target,regional,Secondary reference compilation; corroborated by institutional source where supplied,20,verified against dated reference entry,20,7
19,CE,1993,January,Date uses the Gregorian January day-page convention; for pre-modern events the original local calendar and conversion can differ. No year 0 is used. Source 1 is a secondary compilation; institutional corroboration is included when available.,Transregional/unspecified,JAN-19-10,event,Czech Republic and Slovakia join the United Nations. The event is recorded in a dated historical chronology for this calendar day. The dated reference identifies this as a historical event on this calendar day.,Czech Republic and Slovakia join the United Nations.,19 January 1993 CE,https://en.wikipedia.org/wiki/January_19,,01-19,Wikipedia — January 19,,exact day (secondary compilation),Political history and decolonization,,Gregorian day-date convention (retrospective where applicable),meets target,regional,Secondary reference compilation; corroborated by institutional source where supplied,20,verified against dated reference entry,20,7
19,CE,1795,January,Date uses the Gregorian January day-page convention; for pre-modern events the original local calendar and conversion can differ. No year 0 is used. Source 1 is a secondary compilation; institutional corroboration is included when available.,Europe,JAN-19-11,event,"The Batavian Republic is proclaimed in the Netherlands, replacing the Dutch Republic. The event is recorded in a dated historical chronology for this calendar day. The dated reference identifies this as a historical event on this calendar day.","The Batavian Republic is proclaimed in the Netherlands, replacing the Dutch Republic.",19 January 1795 CE,https://en.wikipedia.org/wiki/January_19,,01-19,Wikipedia — January 19,,exact day (secondary compilation),Political history and decolonization,Netherlands,Gregorian day-date convention (retrospective where applicable),meets target,regional,Secondary reference compilation; corroborated by institutional source where supplied,20,verified against dated reference entry,20,7
19,CE,1969,January,Date uses the Gregorian January day-page convention; for pre-modern events the original local calendar and conversion can differ. No year 0 is used. Source 1 is a secondary compilation; institutional corroboration is included when available.,Transregional/unspecified,JAN-19-12,event,Student Jan Palach dies after setting himself on fire three days earlier in Prague's Wenceslas Square to protest about the invasion of Czechoslovakia by the Soviet Union in 1968. His funeral turns into another major protest.,Student Jan Palach dies after setting himself on fire three days earlier in Prague's Wenceslas Square to protest about the invasion of Czechoslovakia by the Soviet Union in…,19 January 1969 CE,https://en.wikipedia.org/wiki/January_19,,01-19,Wikipedia — January 19,,exact day (secondary compilation),War and conflict,,Gregorian day-date convention (retrospective where applicable),meets target,national,Secondary reference compilation; corroborated by institutional source where supplied,20,verified against dated reference entry,20,5
19,CE,2007,January,Date uses the Gregorian January day-page convention; for pre-modern events the original local calendar and conversion can differ. No year 0 is used. Source 1 is a secondary compilation; institutional corroboration is included when available.,Transregional/unspecified,JAN-19-13,event,Turkish-Armenian journalist Hrant Dink is assassinated in front of his newspaper's Istanbul office by 17-year-old Turkish ultra-nationalist Ogün Samast. The event is recorded in a dated historical chronology for this calendar day.,Turkish-Armenian journalist Hrant Dink is assassinated in front of his newspaper's Istanbul office by 17-year-old Turkish ultra-nationalist Ogün Samast.,19 January 2007 CE,https://en.wikipedia.org/wiki/January_19,,01-19,Wikipedia — January 19,,exact day (secondary compilation),"Social, economic and institutional history",,Gregorian day-date convention (retrospective where applicable),meets target,regional,Secondary reference compilation; corroborated by institutional source where supplied,20,verified against dated reference entry,20,6
19,CE,1946,January,Date uses the Gregorian January day-page convention; for pre-modern events the original local calendar and conversion can differ. No year 0 is used. Source 1 is a secondary compilation; institutional corroboration is included when available.,Asia,JAN-19-14,event,General Douglas MacArthur establishes the International Military Tribunal for the Far East in Tokyo to try Japanese war criminals. The event is recorded in a dated historical chronology for this calendar day.,General Douglas MacArthur establishes the International Military Tribunal for the Far East in Tokyo to try Japanese war criminals.,19 January 1946 CE,https://en.wikipedia.org/wiki/January_19,,01-19,Wikipedia — January 19,,exact day (secondary compilation),War and conflict,Japan,Gregorian day-date convention (retrospective where applicable),meets target,regional,Secondary reference compilation; corroborated by institutional source where supplied,20,verified against dated reference entry,20,6
19,CE,1937,January,Date uses the Gregorian January day-page convention; for pre-modern events the original local calendar and conversion can differ. No year 0 is used. Source 1 is a secondary compilation; institutional corroboration is included when available.,Americas,JAN-19-15,event,"Howard Hughes sets a new air record by flying from Los Angeles to New York City in seven hours, 28 minutes, 25 seconds. The event is recorded in a dated historical chronology for this calendar day.","Howard Hughes sets a new air record by flying from Los Angeles to New York City in seven hours, 28 minutes, 25 seconds.",19 January 1937 CE,https://en.wikipedia.org/wiki/January_19,,01-19,Wikipedia — January 19,,exact day (secondary compilation),War and conflict,,Gregorian day-date convention (retrospective where applicable),meets target,regional,Secondary reference compilation; corroborated by institutional source where supplied,20,verified against dated reference entry,20,6
19,CE,1520,January,Date uses the Gregorian January day-page convention; for pre-modern events the original local calendar and conversion can differ. No year 0 is used. Source 1 is a secondary compilation; institutional corroboration is included when available.,Europe,JAN-19-16,event,"Sten Sture the Younger, the Regent of Sweden, is mortally wounded at the Battle of Bogesund and dies on February 3. The event is recorded in a dated historical chronology for this calendar day.","Sten Sture the Younger, the Regent of Sweden, is mortally wounded at the Battle of Bogesund and dies on February 3.",19 January 1520 CE,https://en.wikipedia.org/wiki/January_19,,01-19,Wikipedia — January 19,,exact day (secondary compilation),War and conflict,Sweden,Gregorian day-date convention (retrospective where applicable),meets target,regional,Secondary reference compilation; corroborated by institutional source where supplied,20,verified against dated reference entry,20,6
19,CE,1419,January,Date uses the Gregorian January day-page convention; for pre-modern events the original local calendar and conversion can differ. No year 0 is used. Source 1 is a secondary compilation; institutional corroboration is included when available.,Europe,JAN-19-17,event,"Hundred Years' War: Rouen surrenders to Henry V of England, completing his reconquest of Normandy. The event is recorded in a dated historical chronology for this calendar day. The dated reference identifies this as a historical event on this calendar day.","Hundred Years' War: Rouen surrenders to Henry V of England, completing his reconquest of Normandy.",19 January 1419 CE,https://en.wikipedia.org/wiki/January_19,,01-19,Wikipedia — January 19,,exact day (secondary compilation),War and conflict,United Kingdom,Gregorian day-date convention (retrospective where applicable),meets target,regional,Secondary reference compilation; corroborated by institutional source where supplied,20,verified against dated reference entry,20,6
19,CE,1996,January,Date uses the Gregorian January day-page convention; for pre-modern events the original local calendar and conversion can differ. No year 0 is used. Source 1 is a secondary compilation; institutional corroboration is included when available.,Transregional/unspecified,JAN-19-18,event,"The barge North Cape oil spill occurs as an engine fire forces the tugboat Scandia ashore on Moonstone Beach in South Kingstown, Rhode Island. The event is recorded in a dated historical chronology for this calendar day.","The barge North Cape oil spill occurs as an engine fire forces the tugboat Scandia ashore on Moonstone Beach in South Kingstown, Rhode Island.",19 January 1996 CE,https://en.wikipedia.org/wiki/January_19,,01-19,Wikipedia — January 19,,exact day (secondary compilation),Disaster and public safety,,Gregorian day-date convention (retrospective where applicable),meets target,national,Secondary reference compilation; corroborated by institutional source where supplied,20,verified against dated reference entry,20,4
19,CE,1999,January,Date uses the Gregorian January day-page convention; for pre-modern events the original local calendar and conversion can differ. No year 0 is used. Source 1 is a secondary compilation; institutional corroboration is included when available.,Transregional/unspecified,JAN-19-19,event,"British Aerospace agrees to acquire the defence subsidiary of the General Electric Company, forming BAE Systems in November 1999. The event is recorded in a dated historical chronology for this calendar day.","British Aerospace agrees to acquire the defence subsidiary of the General Electric Company, forming BAE Systems in November 1999.",19 January 1999 CE,https://en.wikipedia.org/wiki/January_19,,01-19,Wikipedia — January 19,,exact day (secondary compilation),"Science, technology and exploration",,Gregorian day-date convention (retrospective where applicable),meets target,national,Secondary reference compilation; corroborated by institutional source where supplied,20,verified against dated reference entry,20,5
19,CE,1960,January,Date uses the Gregorian January day-page convention; for pre-modern events the original local calendar and conversion can differ. No year 0 is used. Source 1 is a secondary compilation; institutional corroboration is included when available.,Asia,JAN-19-20,event,Japan and the United States sign the US–Japan Mutual Security Treaty The event is recorded in a dated historical chronology for this calendar day. The dated reference identifies this as a historical event on this calendar day.,Japan and the United States sign the US–Japan Mutual Security Treaty,19 January 1960 CE,https://en.wikipedia.org/wiki/January_19,,01-19,Wikipedia — January 19,,exact day (secondary compilation),Political history and decolonization,Japan,Gregorian day-date convention (retrospective where applicable),meets target,national,Secondary reference compilation; corroborated by institutional source where supplied,20,verified against dated reference entry,20,5
20,CE,1991,January,Date uses the Gregorian January day-page convention; for pre-modern events the original local calendar and conversion can differ. No year 0 is used. Source 1 is a secondary compilation; institutional corroboration is included when available.,Africa,JAN-20-01,event,"Sudan's government imposes Islamic law nationwide, worsening the civil war between the country's Muslim north and Christian south. The event is recorded in a dated historical chronology for this calendar day.","Sudan's government imposes Islamic law nationwide, worsening the civil war between the country's Muslim north and Christian south.",20 January 1991 CE,https://en.wikipedia.org/wiki/January_20,,01-20,Wikipedia — January 20,,exact day (secondary compilation),War and conflict,Sudan,Gregorian day-date convention (retrospective where applicable),meets target,international,Secondary reference compilation; corroborated by institutional source where supplied,20,verified against dated reference entry,20,9
20,CE,1972,January,Date uses the Gregorian January day-page convention; for pre-modern events the original local calendar and conversion can differ. No year 0 is used. Source 1 is a secondary compilation; institutional corroboration is included when available.,Asia,JAN-20-02,event,"Pakistan launches its nuclear weapons program, a few weeks after its defeat in the Bangladesh Liberation War, as well as the Indo-Pakistani War of 1971. The event is recorded in a dated historical chronology for this calendar day.","Pakistan launches its nuclear weapons program, a few weeks after its defeat in the Bangladesh Liberation War, as well as the Indo-Pakistani War of 1971.",20 January 1972 CE,https://en.wikipedia.org/wiki/January_20,,01-20,Wikipedia — January 20,,exact day (secondary compilation),War and conflict,Pakistan,Gregorian day-date convention (retrospective where applicable),meets target,international,Secondary reference compilation; corroborated by institutional source where supplied,20,verified against dated reference entry,20,9
20,CE,1921,January,Date uses the Gregorian January day-page convention; for pre-modern events the original local calendar and conversion can differ. No year 0 is used. Source 1 is a secondary compilation; institutional corroboration is included when available.,Middle East,JAN-20-03,event,"The first Constitution of Turkey is adopted, making fundamental changes in the source and exercise of sovereignty by consecrating the principle of national sovereignty. The event is recorded in a dated historical chronology for this calendar day.","The first Constitution of Turkey is adopted, making fundamental changes in the source and exercise of sovereignty by consecrating the principle of national sovereignty.",20 January 1921 CE,https://en.wikipedia.org/wiki/January_20,,01-20,Wikipedia — January 20,,exact day (secondary compilation),Political history and decolonization,Turkey,Gregorian day-date convention (retrospective where applicable),meets target,regional,Secondary reference compilation; corroborated by institutional source where supplied,20,verified against dated reference entry,20,7
20,CE,1783,January,Date uses the Gregorian January day-page convention; for pre-modern events the original local calendar and conversion can differ. No year 0 is used. Source 1 is a secondary compilation; institutional corroboration is included when available.,Americas,JAN-20-04,event,"The Kingdom of Great Britain signs preliminary articles of peace with the Kingdom of France, setting the stage for the official end of hostilities in the American Revolutionary War later that year.","The Kingdom of Great Britain signs preliminary articles of peace with the Kingdom of France, setting the stage for the official end of hostilities in the American Revolutionary…",20 January 1783 CE,https://en.wikipedia.org/wiki/January_20,,01-20,Wikipedia — January 20,,exact day (secondary compilation),War and conflict,France,Gregorian day-date convention (retrospective where applicable),meets target,international,Secondary reference compilation; corroborated by institutional source where supplied,20,verified against dated reference entry,20,8
20,CE,1788,January,Date uses the Gregorian January day-page convention; for pre-modern events the original local calendar and conversion can differ. No year 0 is used. Source 1 is a secondary compilation; institutional corroboration is included when available.,Oceania,JAN-20-05,event,"The third and main part of First Fleet arrives at Botany Bay, beginning the British colonization of Australia. Arthur Phillip decides that Port Jackson is a more suitable location for a colony.","The third and main part of First Fleet arrives at Botany Bay, beginning the British colonization of Australia. Arthur Phillip decides that Port Jackson is a more suitable…",20 January 1788 CE,https://en.wikipedia.org/wiki/January_20,,01-20,Wikipedia — January 20,,exact day (secondary compilation),Political history and decolonization,Australia,Gregorian day-date convention (retrospective where applicable),meets target,national,Secondary reference compilation; corroborated by institutional source where supplied,20,verified against dated reference entry,20,5
20,CE,1923,January,Date uses the Gregorian January day-page convention; for pre-modern events the original local calendar and conversion can differ. No year 0 is used. Source 1 is a secondary compilation; institutional corroboration is included when available.,Transregional/unspecified,JAN-20-06,event,During the Irish Civil War the Irish Free State Army executes 11 members of the anti-treaty Irish Republican Army The event is recorded in a dated historical chronology for this calendar day.,During the Irish Civil War the Irish Free State Army executes 11 members of the anti-treaty Irish Republican Army,20 January 1923 CE,https://en.wikipedia.org/wiki/January_20,,01-20,Wikipedia — January 20,,exact day (secondary compilation),War and conflict,,Gregorian day-date convention (retrospective where applicable),meets target,international,Secondary reference compilation; corroborated by institutional source where supplied,20,verified against dated reference entry,20,10
20,CE,1973,January,Date uses the Gregorian January day-page convention; for pre-modern events the original local calendar and conversion can differ. No year 0 is used. Source 1 is a secondary compilation; institutional corroboration is included when available.,Transregional/unspecified,JAN-20-07,event,"Amílcar Cabral, leader of the independence movement in Guinea-Bissau and Cape Verde, is assassinated in Conakry, Guinea. The event is recorded in a dated historical chronology for this calendar day.","Amílcar Cabral, leader of the independence movement in Guinea-Bissau and Cape Verde, is assassinated in Conakry, Guinea.",20 January 1973 CE,https://en.wikipedia.org/wiki/January_20,,01-20,Wikipedia — January 20,,exact day (secondary compilation),Political history and decolonization,,Gregorian day-date convention (retrospective where applicable),meets target,international,Secondary reference compilation; corroborated by institutional source where supplied,20,verified against dated reference entry,20,8
20,CE,1942,January,Date uses the Gregorian January day-page convention; for pre-modern events the original local calendar and conversion can differ. No year 0 is used. Source 1 is a secondary compilation; institutional corroboration is included when available.,Transregional/unspecified,JAN-20-08,event,"World War II: At the Wannsee Conference held in the Berlin suburb of Wannsee, senior Nazi German officials discuss the implementation of the "" Final Solution to the Jewish question"".","World War II: At the Wannsee Conference held in the Berlin suburb of Wannsee, senior Nazi German officials discuss the implementation of the "" Final Solution to the Jewish…",20 January 1942 CE,https://en.wikipedia.org/wiki/January_20,https://www.yadvashem.org/docs/wannsee-conference-protocol.html,01-20,Wikipedia — January 20,Yad Vashem,exact day (secondary compilation),War and conflict,,Gregorian day-date convention (retrospective where applicable),meets target,international,Secondary reference compilation; corroborated by institutional or archival source,20,verified against dated reference entry,20,8
20,CE,1945,January,Date uses the Gregorian January day-page convention; for pre-modern events the original local calendar and conversion can differ. No year 0 is used. Source 1 is a secondary compilation; institutional corroboration is included when available.,Europe,JAN-20-09,event,"World War II: Germany begins the evacuation of 1.8 million people from East Prussia, a task which will take nearly two months. The event is recorded in a dated historical chronology for this calendar day.","World War II: Germany begins the evacuation of 1.8 million people from East Prussia, a task which will take nearly two months.",20 January 1945 CE,https://en.wikipedia.org/wiki/January_20,,01-20,Wikipedia — January 20,,exact day (secondary compilation),War and conflict,Germany,Gregorian day-date convention (retrospective where applicable),meets target,international,Secondary reference compilation; corroborated by institutional source where supplied,20,verified against dated reference entry,20,8
20,CE,1945,January,Date uses the Gregorian January day-page convention; for pre-modern events the original local calendar and conversion can differ. No year 0 is used. Source 1 is a secondary compilation; institutional corroboration is included when available.,Europe,JAN-20-10,event,World War II: The provisional government of Béla Miklós in Hungary agrees to an armistice with the Allies. The event is recorded in a dated historical chronology for this calendar day.,World War II: The provisional government of Béla Miklós in Hungary agrees to an armistice with the Allies.,20 January 1945 CE,https://en.wikipedia.org/wiki/January_20,,01-20,Wikipedia — January 20,,exact day (secondary compilation),War and conflict,Hungary,Gregorian day-date convention (retrospective where applicable),meets target,international,Secondary reference compilation; corroborated by institutional source where supplied,20,verified against dated reference entry,20,8
20,CE,1841,January,Date uses the Gregorian January day-page convention; for pre-modern events the original local calendar and conversion can differ. No year 0 is used. Source 1 is a secondary compilation; institutional corroboration is included when available.,Transregional/unspecified,JAN-20-11,event,Hong Kong Island is occupied by the British during the First Opium War. The event is recorded in a dated historical chronology for this calendar day. The dated reference identifies this as a historical event on this calendar day.,Hong Kong Island is occupied by the British during the First Opium War.,20 January 1841 CE,https://en.wikipedia.org/wiki/January_20,,01-20,Wikipedia — January 20,,exact day (secondary compilation),War and conflict,,Gregorian day-date convention (retrospective where applicable),meets target,regional,Secondary reference compilation; corroborated by institutional source where supplied,20,verified against dated reference entry,20,7
20,CE,2001,January,Date uses the Gregorian January day-page convention; for pre-modern events the original local calendar and conversion can differ. No year 0 is used. Source 1 is a secondary compilation; institutional corroboration is included when available.,Asia,JAN-20-12,event,"President of the Philippines Joseph Estrada is ousted in a nonviolent four-day revolution, and is succeeded by Gloria Macapagal Arroyo. The event is recorded in a dated historical chronology for this calendar day.","President of the Philippines Joseph Estrada is ousted in a nonviolent four-day revolution, and is succeeded by Gloria Macapagal Arroyo.",20 January 2001 CE,https://en.wikipedia.org/wiki/January_20,,01-20,Wikipedia — January 20,,exact day (secondary compilation),Political history and decolonization,Philippines,Gregorian day-date convention (retrospective where applicable),meets target,regional,Secondary reference compilation; corroborated by institutional source where supplied,20,verified against dated reference entry,20,6
20,CE,1785,January,Date uses the Gregorian January day-page convention; for pre-modern events the original local calendar and conversion can differ. No year 0 is used. Source 1 is a secondary compilation; institutional corroboration is included when available.,Asia,JAN-20-13,event,"Invading Siamese forces attempt to exploit the political chaos in Vietnam, but are ambushed and annihilated at the Mekong river by the Tây Sơn in the Battle of Rạch Gầm-Xoài Mút.","Invading Siamese forces attempt to exploit the political chaos in Vietnam, but are ambushed and annihilated at the Mekong river by the Tây Sơn in the Battle of Rạch Gầm-Xoài Mút.",20 January 1785 CE,https://en.wikipedia.org/wiki/January_20,,01-20,Wikipedia — January 20,,exact day (secondary compilation),War and conflict,Vietnam,Gregorian day-date convention (retrospective where applicable),meets target,regional,Secondary reference compilation; corroborated by institutional source where supplied,20,verified against dated reference entry,20,6
20,CE,1401,January,Date uses the Gregorian January day-page convention; for pre-modern events the original local calendar and conversion can differ. No year 0 is used. Source 1 is a secondary compilation; institutional corroboration is included when available.,Europe,JAN-20-14,event,"The Taula de canvi (Catalan: ""Table of change""), described as Europe's first-ever public bank, began operations inside Barcelona's Llotja de Mar. The event is recorded in a dated historical chronology for this calendar day.","The Taula de canvi (Catalan: ""Table of change""), described as Europe's first-ever public bank, began operations inside Barcelona's Llotja de Mar.",20 January 1401 CE,https://en.wikipedia.org/wiki/January_20,,01-20,Wikipedia — January 20,,exact day (secondary compilation),"Culture, education and religion",,Gregorian day-date convention (retrospective where applicable),meets target,national,Secondary reference compilation; corroborated by institutional source where supplied,20,verified against dated reference entry,20,5
20,CE,1567,January,Date uses the Gregorian January day-page convention; for pre-modern events the original local calendar and conversion can differ. No year 0 is used. Source 1 is a secondary compilation; institutional corroboration is included when available.,Transregional/unspecified,JAN-20-15,event,Battle of Rio de Janeiro: Portuguese forces under the command of Estácio de Sá definitively drive the French out of Rio de Janeiro. The event is recorded in a dated historical chronology for this calendar day.,Battle of Rio de Janeiro: Portuguese forces under the command of Estácio de Sá definitively drive the French out of Rio de Janeiro.,20 January 1567 CE,https://en.wikipedia.org/wiki/January_20,,01-20,Wikipedia — January 20,,exact day (secondary compilation),War and conflict,,Gregorian day-date convention (retrospective where applicable),meets target,regional,Secondary reference compilation; corroborated by institutional source where supplied,20,verified against dated reference entry,20,6
20,CE,1356,January,Date uses the Gregorian January day-page convention; for pre-modern events the original local calendar and conversion can differ. No year 0 is used. Source 1 is a secondary compilation; institutional corroboration is included when available.,Transregional/unspecified,JAN-20-16,event,Edward Balliol surrenders his claim to the Scottish throne to Edward III in exchange for an English pension. The event is recorded in a dated historical chronology for this calendar day.,Edward Balliol surrenders his claim to the Scottish throne to Edward III in exchange for an English pension.,20 January 1356 CE,https://en.wikipedia.org/wiki/January_20,,01-20,Wikipedia — January 20,,exact day (secondary compilation),War and conflict,,Gregorian day-date convention (retrospective where applicable),meets target,regional,Secondary reference compilation; corroborated by institutional source where supplied,20,verified against dated reference entry,20,6
20,CE,1986,January,Date uses the Gregorian January day-page convention; for pre-modern events the original local calendar and conversion can differ. No year 0 is used. Source 1 is a secondary compilation; institutional corroboration is included when available.,Americas,JAN-20-17,event,"In the United States, Martin Luther King Jr. Day is celebrated as a federal holiday for the first time. The event is recorded in a dated historical chronology for this calendar day.","In the United States, Martin Luther King Jr. Day is celebrated as a federal holiday for the first time.",20 January 1986 CE,https://en.wikipedia.org/wiki/January_20,,01-20,Wikipedia — January 20,,exact day (secondary compilation),Political history and decolonization,United States,Gregorian day-date convention (retrospective where applicable),meets target,national,Secondary reference compilation; corroborated by institutional source where supplied,20,verified against dated reference entry,20,5
20,CE,1839,January,Date uses the Gregorian January day-page convention; for pre-modern events the original local calendar and conversion can differ. No year 0 is used. Source 1 is a secondary compilation; institutional corroboration is included when available.,Americas,JAN-20-18,event,"In the Battle of Yungay, Chile defeats an alliance between Peru and Bolivia. The event is recorded in a dated historical chronology for this calendar day. The dated reference identifies this as a historical event on this calendar day.","In the Battle of Yungay, Chile defeats an alliance between Peru and Bolivia.",20 January 1839 CE,https://en.wikipedia.org/wiki/January_20,,01-20,Wikipedia — January 20,,exact day (secondary compilation),War and conflict,Chile,Gregorian day-date convention (retrospective where applicable),meets target,regional,Secondary reference compilation; corroborated by institutional source where supplied,20,verified against dated reference entry,20,6
20,CE,1320,January,Date uses the Gregorian January day-page convention; for pre-modern events the original local calendar and conversion can differ. No year 0 is used. Source 1 is a secondary compilation; institutional corroboration is included when available.,Europe,JAN-20-19,event,Duke Wladyslaw Lokietek becomes king of Poland. The event is recorded in a dated historical chronology for this calendar day. The dated reference identifies this as a historical event on this calendar day.,Duke Wladyslaw Lokietek becomes king of Poland.,20 January 1320 CE,https://en.wikipedia.org/wiki/January_20,,01-20,Wikipedia — January 20,,exact day (secondary compilation),Political history and decolonization,Poland,Gregorian day-date convention (retrospective where applicable),meets target,national,Secondary reference compilation; corroborated by institutional source where supplied,20,verified against dated reference entry,20,5
20,CE,1874,January,Date uses the Gregorian January day-page convention; for pre-modern events the original local calendar and conversion can differ. No year 0 is used. Source 1 is a secondary compilation; institutional corroboration is included when available.,Transregional/unspecified,JAN-20-20,event,"The Treaty of Pangkor is signed between the British and Sultan Abdullah of Perak, paving the way for further British colonization of Malaya. The event is recorded in a dated historical chronology for this calendar day.","The Treaty of Pangkor is signed between the British and Sultan Abdullah of Perak, paving the way for further British colonization of Malaya.",20 January 1874 CE,https://en.wikipedia.org/wiki/January_20,,01-20,Wikipedia — January 20,,exact day (secondary compilation),Political history and decolonization,,Gregorian day-date convention (retrospective where applicable),meets target,national,Secondary reference compilation; corroborated by institutional source where supplied,20,verified against dated reference entry,20,5
21,CE,1960,January,Date uses the Gregorian January day-page convention; for pre-modern events the original local calendar and conversion can differ. No year 0 is used. Source 1 is a secondary compilation; institutional corroboration is included when available.,Africa,JAN-21-01,event,"A coal mine collapses at Holly Country, South Africa, killing 435 miners. The event is recorded in a dated historical chronology for this calendar day. The dated reference identifies this as a historical event on this calendar day.","A coal mine collapses at Holly Country, South Africa, killing 435 miners.",21 January 1960 CE,https://en.wikipedia.org/wiki/January_21,,01-21,Wikipedia — January 21,,exact day (secondary compilation),"Social, economic and institutional history",South Africa,Gregorian day-date convention (retrospective where applicable),meets target,national,Secondary reference compilation; corroborated by institutional source where supplied,20,verified against dated reference entry,20,4
21,CE,1968,January,Date uses the Gregorian January day-page convention; for pre-modern events the original local calendar and conversion can differ. No year 0 is used. Source 1 is a secondary compilation; institutional corroboration is included when available.,Asia,JAN-21-02,event,"Vietnam War, Battle of Khe Sanh: One of the most publicized and controversial battles of the war begins. The event is recorded in a dated historical chronology for this calendar day.","Vietnam War, Battle of Khe Sanh: One of the most publicized and controversial battles of the war begins.",21 January 1968 CE,https://en.wikipedia.org/wiki/January_21,,01-21,Wikipedia — January 21,,exact day (secondary compilation),War and conflict,Vietnam,Gregorian day-date convention (retrospective where applicable),meets target,international,Secondary reference compilation; corroborated by institutional source where supplied,20,verified against dated reference entry,20,8
21,CE,2009,January,Date uses the Gregorian January day-page convention; for pre-modern events the original local calendar and conversion can differ. No year 0 is used. Source 1 is a secondary compilation; institutional corroboration is included when available.,Middle East,JAN-21-03,event,"Israel withdraws from the Gaza Strip, officially ending a three-week war it had with Hamas. However, intermittent fire by both sides continues in the weeks to follow. The event is recorded in a dated historical chronology for this calendar day.","Israel withdraws from the Gaza Strip, officially ending a three-week war it had with Hamas. However, intermittent fire by both sides continues in the weeks to follow.",21 January 2009 CE,https://en.wikipedia.org/wiki/January_21,,01-21,Wikipedia — January 21,,exact day (secondary compilation),War and conflict,Israel,Gregorian day-date convention (retrospective where applicable),meets target,regional,Secondary reference compilation; corroborated by institutional source where supplied,20,verified against dated reference entry,20,6
21,CE,1954,January,Date uses the Gregorian January day-page convention; for pre-modern events the original local calendar and conversion can differ. No year 0 is used. Source 1 is a secondary compilation; institutional corroboration is included when available.,Americas,JAN-21-04,event,"The first nuclear-powered submarine, the USS Nautilus, is launched in Groton, Connecticut by Mamie Eisenhower, the First Lady of the United States. The event is recorded in a dated historical chronology for this calendar day.","The first nuclear-powered submarine, the USS Nautilus, is launched in Groton, Connecticut by Mamie Eisenhower, the First Lady of the United States.",21 January 1954 CE,https://en.wikipedia.org/wiki/January_21,,01-21,Wikipedia — January 21,,exact day (secondary compilation),"Social, economic and institutional history",United States,Gregorian day-date convention (retrospective where applicable),meets target,regional,Secondary reference compilation; corroborated by institutional source where supplied,20,verified against dated reference entry,20,6
21,CE,1931,January,Date uses the Gregorian January day-page convention; for pre-modern events the original local calendar and conversion can differ. No year 0 is used. Source 1 is a secondary compilation; institutional corroboration is included when available.,Oceania,JAN-21-05,event,Sir Isaac Isaacs is sworn in as the first Australian-born Governor-General of Australia. The event is recorded in a dated historical chronology for this calendar day. The dated reference identifies this as a historical event on this calendar day.,Sir Isaac Isaacs is sworn in as the first Australian-born Governor-General of Australia.,21 January 1931 CE,https://en.wikipedia.org/wiki/January_21,,01-21,Wikipedia — January 21,,exact day (secondary compilation),"Social, economic and institutional history",Australia,Gregorian day-date convention (retrospective where applicable),meets target,national,Secondary reference compilation; corroborated by institutional source where supplied,20,verified against dated reference entry,20,5
21,CE,1919,January,Date uses the Gregorian January day-page convention; for pre-modern events the original local calendar and conversion can differ. No year 0 is used. Source 1 is a secondary compilation; institutional corroboration is included when available.,Transregional/unspecified,JAN-21-06,event,A revolutionary Irish parliament is founded and declares the independence of the Irish Republic. One of the first engagements of the Irish War of Independence takes place. The event is recorded in a dated historical chronology for this calendar day.,A revolutionary Irish parliament is founded and declares the independence of the Irish Republic. One of the first engagements of the Irish War of Independence takes place.,21 January 1919 CE,https://en.wikipedia.org/wiki/January_21,,01-21,Wikipedia — January 21,,exact day (secondary compilation),War and conflict,,Gregorian day-date convention (retrospective where applicable),meets target,international,Secondary reference compilation; corroborated by institutional source where supplied,20,verified against dated reference entry,20,10
21,CE,1824,January,Date uses the Gregorian January day-page convention; for pre-modern events the original local calendar and conversion can differ. No year 0 is used. Source 1 is a secondary compilation; institutional corroboration is included when available.,Transregional/unspecified,JAN-21-07,event,The Ashantis defeat British forces in the Gold Coast during the First Anglo-Ashanti War. The event is recorded in a dated historical chronology for this calendar day. The dated reference identifies this as a historical event on this calendar day.,The Ashantis defeat British forces in the Gold Coast during the First Anglo-Ashanti War.,21 January 1824 CE,https://en.wikipedia.org/wiki/January_21,,01-21,Wikipedia — January 21,,exact day (secondary compilation),War and conflict,,Gregorian day-date convention (retrospective where applicable),meets target,regional,Secondary reference compilation; corroborated by institutional source where supplied,20,verified against dated reference entry,20,7
21,CE,1968,January,Date uses the Gregorian January day-page convention; for pre-modern events the original local calendar and conversion can differ. No year 0 is used. Source 1 is a secondary compilation; institutional corroboration is included when available.,Transregional/unspecified,JAN-21-08,event,"A B-52 bomber crashes near Thule Air Base, contaminating the area after its nuclear payload ruptures. One of the four bombs remains unaccounted for after the cleanup operation is complete.","A B-52 bomber crashes near Thule Air Base, contaminating the area after its nuclear payload ruptures. One of the four bombs remains unaccounted for after the cleanup operation…",21 January 1968 CE,https://en.wikipedia.org/wiki/January_21,,01-21,Wikipedia — January 21,,exact day (secondary compilation),War and conflict,,Gregorian day-date convention (retrospective where applicable),meets target,national,Secondary reference compilation; corroborated by institutional source where supplied,20,verified against dated reference entry,20,4
21,CE,1789,January,Date uses the Gregorian January day-page convention; for pre-modern events the original local calendar and conversion can differ. No year 0 is used. Source 1 is a secondary compilation; institutional corroboration is included when available.,Americas,JAN-21-09,event,"The first American novel, The Power of Sympathy or the Triumph of Nature Founded in Truth by William Hill Brown, is printed in Boston. The event is recorded in a dated historical chronology for this calendar day.","The first American novel, The Power of Sympathy or the Triumph of Nature Founded in Truth by William Hill Brown, is printed in Boston.",21 January 1789 CE,https://en.wikipedia.org/wiki/January_21,,01-21,Wikipedia — January 21,,exact day (secondary compilation),"Social, economic and institutional history",,Gregorian day-date convention (retrospective where applicable),meets target,regional,Secondary reference compilation; corroborated by institutional source where supplied,20,verified against dated reference entry,20,6
21,CE,1999,January,Date uses the Gregorian January day-page convention; for pre-modern events the original local calendar and conversion can differ. No year 0 is used. Source 1 is a secondary compilation; institutional corroboration is included when available.,Americas,JAN-21-10,event,"War on drugs: In one of the largest drug busts in American history, the United States Coast Guard intercepts a ship with over 4,300 kilograms (9,500 lb) of cocaine on board.","War on drugs: In one of the largest drug busts in American history, the United States Coast Guard intercepts a ship with over 4,300 kilograms (9,500 lb) of cocaine on board.",21 January 1999 CE,https://en.wikipedia.org/wiki/January_21,,01-21,Wikipedia — January 21,,exact day (secondary compilation),War and conflict,United States,Gregorian day-date convention (retrospective where applicable),meets target,regional,Secondary reference compilation; corroborated by institutional source where supplied,20,verified against dated reference entry,20,6
21,CE,1997,January,Date uses the Gregorian January day-page convention; for pre-modern events the original local calendar and conversion can differ. No year 0 is used. Source 1 is a secondary compilation; institutional corroboration is included when available.,Americas,JAN-21-11,event,"The U.S. House of Representatives votes 395–28 to reprimand Newt Gingrich for ethics violations, making him the first Speaker of the House to be so disciplined. The event is recorded in a dated historical chronology for this calendar day.","The U.S. House of Representatives votes 395–28 to reprimand Newt Gingrich for ethics violations, making him the first Speaker of the House to be so disciplined.",21 January 1997 CE,https://en.wikipedia.org/wiki/January_21,,01-21,Wikipedia — January 21,,exact day (secondary compilation),Political history and decolonization,,Gregorian day-date convention (retrospective where applicable),meets target,national,Secondary reference compilation; corroborated by institutional source where supplied,20,verified against dated reference entry,20,5
21,CE,763,January,Date uses the Gregorian January day-page convention; for pre-modern events the original local calendar and conversion can differ. No year 0 is used. Source 1 is a secondary compilation; institutional corroboration is included when available.,Transregional/unspecified,JAN-21-12,event,"Following the Battle of Bakhamra between Alids and Abbasids near Kufa, the Alid rebellion ends with the death of Ibrahim, brother of Isa ibn Musa. The event is recorded in a dated historical chronology for this calendar day.","Following the Battle of Bakhamra between Alids and Abbasids near Kufa, the Alid rebellion ends with the death of Ibrahim, brother of Isa ibn Musa.",21 January 763 CE,https://en.wikipedia.org/wiki/January_21,,01-21,Wikipedia — January 21,,exact day (secondary compilation),War and conflict,,Gregorian day-date convention (retrospective where applicable),meets target,regional,Secondary reference compilation; corroborated by institutional source where supplied,20,verified against dated reference entry,20,6
21,CE,1525,January,Date uses the Gregorian January day-page convention; for pre-modern events the original local calendar and conversion can differ. No year 0 is used. Source 1 is a secondary compilation; institutional corroboration is included when available.,Transregional/unspecified,JAN-21-13,event,"The Swiss Anabaptist Movement is founded when Conrad Grebel, Felix Manz, George Blaurock, and about a dozen others baptize each other in the home of Manz's mother in Zürich, breaking a thousand-year tradition of church-state union.","The Swiss Anabaptist Movement is founded when Conrad Grebel, Felix Manz, George Blaurock, and about a dozen others baptize each other in the home of Manz's mother in Zürich,…",21 January 1525 CE,https://en.wikipedia.org/wiki/January_21,,01-21,Wikipedia — January 21,,exact day (secondary compilation),"Culture, education and religion",,Gregorian day-date convention (retrospective where applicable),meets target,national,Secondary reference compilation; corroborated by institutional source where supplied,20,verified against dated reference entry,20,5
21,CE,1960,January,Date uses the Gregorian January day-page convention; for pre-modern events the original local calendar and conversion can differ. No year 0 is used. Source 1 is a secondary compilation; institutional corroboration is included when available.,Americas,JAN-21-14,event,"Little Joe 1B, a Mercury spacecraft, lifts off from Wallops Island, Virginia, with Miss Sam, a female rhesus monkey, on board. The event is recorded in a dated historical chronology for this calendar day.","Little Joe 1B, a Mercury spacecraft, lifts off from Wallops Island, Virginia, with Miss Sam, a female rhesus monkey, on board.",21 January 1960 CE,https://en.wikipedia.org/wiki/January_21,,01-21,Wikipedia — January 21,,exact day (secondary compilation),"Science, technology and exploration",,Gregorian day-date convention (retrospective where applicable),meets target,national,Secondary reference compilation; corroborated by institutional source where supplied,20,verified against dated reference entry,20,5
21,CE,2003,January,Date uses the Gregorian January day-page convention; for pre-modern events the original local calendar and conversion can differ. No year 0 is used. Source 1 is a secondary compilation; institutional corroboration is included when available.,Transregional/unspecified,JAN-21-15,event,"A 7.6 magnitude earthquake strikes the Mexican state of Colima, killing 29 and leaving approximately 10,000 people homeless. The event is recorded in a dated historical chronology for this calendar day.","A 7.6 magnitude earthquake strikes the Mexican state of Colima, killing 29 and leaving approximately 10,000 people homeless.",21 January 2003 CE,https://en.wikipedia.org/wiki/January_21,,01-21,Wikipedia — January 21,,exact day (secondary compilation),Disaster and public safety,,Gregorian day-date convention (retrospective where applicable),meets target,national,Secondary reference compilation; corroborated by institutional source where supplied,20,verified against dated reference entry,20,5
21,CE,1932,January,Date uses the Gregorian January day-page convention; for pre-modern events the original local calendar and conversion can differ. No year 0 is used. Source 1 is a secondary compilation; institutional corroboration is included when available.,Transregional/unspecified,JAN-21-16,event,Finland and the Soviet Union sign a non-aggression treaty. The event is recorded in a dated historical chronology for this calendar day. The dated reference identifies this as a historical event on this calendar day.,Finland and the Soviet Union sign a non-aggression treaty.,21 January 1932 CE,https://en.wikipedia.org/wiki/January_21,,01-21,Wikipedia — January 21,,exact day (secondary compilation),Political history and decolonization,,Gregorian day-date convention (retrospective where applicable),meets target,national,Secondary reference compilation; corroborated by institutional source where supplied,20,verified against dated reference entry,20,5
21,CE,1720,January,Date uses the Gregorian January day-page convention; for pre-modern events the original local calendar and conversion can differ. No year 0 is used. Source 1 is a secondary compilation; institutional corroboration is included when available.,Europe,JAN-21-17,event,Sweden and Prussia sign the Treaty of Stockholm. The event is recorded in a dated historical chronology for this calendar day. The dated reference identifies this as a historical event on this calendar day.,Sweden and Prussia sign the Treaty of Stockholm.,21 January 1720 CE,https://en.wikipedia.org/wiki/January_21,,01-21,Wikipedia — January 21,,exact day (secondary compilation),Political history and decolonization,Russia,Gregorian day-date convention (retrospective where applicable),meets target,national,Secondary reference compilation; corroborated by institutional source where supplied,20,verified against dated reference entry,20,5
21,CE,1980,January,Date uses the Gregorian January day-page convention; for pre-modern events the original local calendar and conversion can differ. No year 0 is used. Source 1 is a secondary compilation; institutional corroboration is included when available.,Middle East,JAN-21-18,event,"Iran Air Flight 291 crashes in the Alborz Mountains while on approach to Mehrabad International Airport in Tehran, Iran, killing 128 people. The event is recorded in a dated historical chronology for this calendar day.","Iran Air Flight 291 crashes in the Alborz Mountains while on approach to Mehrabad International Airport in Tehran, Iran, killing 128 people.",21 January 1980 CE,https://en.wikipedia.org/wiki/January_21,,01-21,Wikipedia — January 21,,exact day (secondary compilation),Disaster and public safety,Iran,Gregorian day-date convention (retrospective where applicable),meets target,national,Secondary reference compilation; corroborated by institutional source where supplied,20,verified against dated reference entry,20,4
21,CE,1985,January,Date uses the Gregorian January day-page convention; for pre-modern events the original local calendar and conversion can differ. No year 0 is used. Source 1 is a secondary compilation; institutional corroboration is included when available.,Transregional/unspecified,JAN-21-19,event,"Galaxy Airlines Flight 203 crashes near Reno–Tahoe International Airport in Reno, Nevada, killing 70 people. The event is recorded in a dated historical chronology for this calendar day. The dated reference identifies this as a historical event on this calendar day.","Galaxy Airlines Flight 203 crashes near Reno–Tahoe International Airport in Reno, Nevada, killing 70 people.",21 January 1985 CE,https://en.wikipedia.org/wiki/January_21,,01-21,Wikipedia — January 21,,exact day (secondary compilation),Disaster and public safety,,Gregorian day-date convention (retrospective where applicable),meets target,national,Secondary reference compilation; corroborated by institutional source where supplied,20,verified against dated reference entry,20,4
21,CE,1960,January,Date uses the Gregorian January day-page convention; for pre-modern events the original local calendar and conversion can differ. No year 0 is used. Source 1 is a secondary compilation; institutional corroboration is included when available.,Transregional/unspecified,JAN-21-20,event,"Avianca Flight 671 crashes at Montego Bay, Jamaica airport, killing 37 people. The event is recorded in a dated historical chronology for this calendar day. The dated reference identifies this as a historical event on this calendar day.","Avianca Flight 671 crashes at Montego Bay, Jamaica airport, killing 37 people.",21 January 1960 CE,https://en.wikipedia.org/wiki/January_21,,01-21,Wikipedia — January 21,,exact day (secondary compilation),Disaster and public safety,,Gregorian day-date convention (retrospective where applicable),meets target,national,Secondary reference compilation; corroborated by institutional source where supplied,20,verified against dated reference entry,20,4
22,CE,1517,January,Date uses the Gregorian January day-page convention; for pre-modern events the original local calendar and conversion can differ. No year 0 is used. Source 1 is a secondary compilation; institutional corroboration is included when available.,Africa,JAN-22-01,event,The Ottoman Empire under Selim I defeats the Mamluk Sultanate and captures present-day Egypt at the Battle of Ridaniya. The event is recorded in a dated historical chronology for this calendar day.,The Ottoman Empire under Selim I defeats the Mamluk Sultanate and captures present-day Egypt at the Battle of Ridaniya.,22 January 1517 CE,https://en.wikipedia.org/wiki/January_22,,01-22,Wikipedia — January 22,,exact day (secondary compilation),War and conflict,Egypt,Gregorian day-date convention (retrospective where applicable),meets target,regional,Secondary reference compilation; corroborated by institutional source where supplied,20,verified against dated reference entry,20,7
22,CE,1943,January,Date uses the Gregorian January day-page convention; for pre-modern events the original local calendar and conversion can differ. No year 0 is used. Source 1 is a secondary compilation; institutional corroboration is included when available.,Asia,JAN-22-02,event,World War II: Australian and American forces defeat Japanese army and navy units in the bitterly fought Battle of Buna–Gona. The event is recorded in a dated historical chronology for this calendar day.,World War II: Australian and American forces defeat Japanese army and navy units in the bitterly fought Battle of Buna–Gona.,22 January 1943 CE,https://en.wikipedia.org/wiki/January_22,,01-22,Wikipedia — January 22,,exact day (secondary compilation),War and conflict,Japan,Gregorian day-date convention (retrospective where applicable),meets target,international,Secondary reference compilation; corroborated by institutional source where supplied,20,verified against dated reference entry,20,10
22,CE,1946,January,Date uses the Gregorian January day-page convention; for pre-modern events the original local calendar and conversion can differ. No year 0 is used. Source 1 is a secondary compilation; institutional corroboration is included when available.,Middle East,JAN-22-03,event,"In Iran, Qazi Muhammad declares the independent people's Republic of Mahabad at Chahar Cheragh Square in the Kurdish city of Mahabad; he becomes the new president and Haji Baba Sheikh becomes the prime minister.","In Iran, Qazi Muhammad declares the independent people's Republic of Mahabad at Chahar Cheragh Square in the Kurdish city of Mahabad; he becomes the new president and Haji Baba…",22 January 1946 CE,https://en.wikipedia.org/wiki/January_22,,01-22,Wikipedia — January 22,,exact day (secondary compilation),Political history and decolonization,Iran,Gregorian day-date convention (retrospective where applicable),meets target,regional,Secondary reference compilation; corroborated by institutional source where supplied,20,verified against dated reference entry,20,7
22,CE,1917,January,Date uses the Gregorian January day-page convention; for pre-modern events the original local calendar and conversion can differ. No year 0 is used. Source 1 is a secondary compilation; institutional corroboration is included when available.,Americas,JAN-22-04,event,"American entry into World War I: President Woodrow Wilson of the still-neutral United States calls for ""peace without victory"" in Europe. The event is recorded in a dated historical chronology for this calendar day.","American entry into World War I: President Woodrow Wilson of the still-neutral United States calls for ""peace without victory"" in Europe.",22 January 1917 CE,https://en.wikipedia.org/wiki/January_22,,01-22,Wikipedia — January 22,,exact day (secondary compilation),War and conflict,United States,Gregorian day-date convention (retrospective where applicable),meets target,international,Secondary reference compilation; corroborated by institutional source where supplied,20,verified against dated reference entry,20,8
22,CE,1901,January,Date uses the Gregorian January day-page convention; for pre-modern events the original local calendar and conversion can differ. No year 0 is used. Source 1 is a secondary compilation; institutional corroboration is included when available.,Transregional/unspecified,JAN-22-05,event,"Edward VII is proclaimed King of the United Kingdom after the death of his mother, Queen Victoria. The event is recorded in a dated historical chronology for this calendar day.","Edward VII is proclaimed King of the United Kingdom after the death of his mother, Queen Victoria.",22 January 1901 CE,https://en.wikipedia.org/wiki/January_22,,01-22,Wikipedia — January 22,,exact day (secondary compilation),War and conflict,United Kingdom,Gregorian day-date convention (retrospective where applicable),meets target,regional,Secondary reference compilation; corroborated by institutional source where supplied,20,verified against dated reference entry,20,7
22,CE,1941,January,Date uses the Gregorian January day-page convention; for pre-modern events the original local calendar and conversion can differ. No year 0 is used. Source 1 is a secondary compilation; institutional corroboration is included when available.,Transregional/unspecified,JAN-22-06,event,World War II: British and Commonwealth troops capture Tobruk from Italian forces during Operation Compass. The event is recorded in a dated historical chronology for this calendar day. The dated reference identifies this as a historical event on this calendar day.,World War II: British and Commonwealth troops capture Tobruk from Italian forces during Operation Compass.,22 January 1941 CE,https://en.wikipedia.org/wiki/January_22,,01-22,Wikipedia — January 22,,exact day (secondary compilation),War and conflict,,Gregorian day-date convention (retrospective where applicable),meets target,international,Secondary reference compilation; corroborated by institutional source where supplied,20,verified against dated reference entry,20,8
22,CE,1944,January,Date uses the Gregorian January day-page convention; for pre-modern events the original local calendar and conversion can differ. No year 0 is used. Source 1 is a secondary compilation; institutional corroboration is included when available.,Europe,JAN-22-07,event,"World War II: The Allies commence Operation Shingle, an assault on Anzio and Nettuno, Italy. The event is recorded in a dated historical chronology for this calendar day. The dated reference identifies this as a historical event on this calendar day.","World War II: The Allies commence Operation Shingle, an assault on Anzio and Nettuno, Italy.",22 January 1944 CE,https://en.wikipedia.org/wiki/January_22,,01-22,Wikipedia — January 22,,exact day (secondary compilation),War and conflict,Italy,Gregorian day-date convention (retrospective where applicable),meets target,international,Secondary reference compilation; corroborated by institutional source where supplied,20,verified against dated reference entry,20,8
22,CE,1992,January,Date uses the Gregorian January day-page convention; for pre-modern events the original local calendar and conversion can differ. No year 0 is used. Source 1 is a secondary compilation; institutional corroboration is included when available.,Transregional/unspecified,JAN-22-08,event,"Space Shuttle program: The space shuttle Discovery launches on STS-42 carrying Dr. Roberta Bondar, who becomes the first Canadian woman and the first neurologist in space. The event is recorded in a dated historical chronology for this calendar day.","Space Shuttle program: The space shuttle Discovery launches on STS-42 carrying Dr. Roberta Bondar, who becomes the first Canadian woman and the first neurologist in space.",22 January 1992 CE,https://en.wikipedia.org/wiki/January_22,,01-22,Wikipedia — January 22,,exact day (secondary compilation),"Science, technology and exploration",,Gregorian day-date convention (retrospective where applicable),meets target,international,Secondary reference compilation; corroborated by institutional source where supplied,20,verified against dated reference entry,20,8
22,CE,1879,January,Date uses the Gregorian January day-page convention; for pre-modern events the original local calendar and conversion can differ. No year 0 is used. Source 1 is a secondary compilation; institutional corroboration is included when available.,Transregional/unspecified,JAN-22-09,event,"Anglo-Zulu War: the Battle of Rorke's Drift, just some 15 km (9.3 mi) away from Isandlwana, results in a British victory. The event is recorded in a dated historical chronology for this calendar day.","Anglo-Zulu War: the Battle of Rorke's Drift, just some 15 km (9.3 mi) away from Isandlwana, results in a British victory.",22 January 1879 CE,https://en.wikipedia.org/wiki/January_22,,01-22,Wikipedia — January 22,,exact day (secondary compilation),War and conflict,,Gregorian day-date convention (retrospective where applicable),meets target,international,Secondary reference compilation; corroborated by institutional source where supplied,20,verified against dated reference entry,20,8
22,CE,871,January,Date uses the Gregorian January day-page convention; for pre-modern events the original local calendar and conversion can differ. No year 0 is used. Source 1 is a secondary compilation; institutional corroboration is included when available.,Transregional/unspecified,JAN-22-10,event,Battle of Basing: The West Saxons led by King Æthelred I are defeated by the Danelaw Vikings at Basing. The event is recorded in a dated historical chronology for this calendar day.,Battle of Basing: The West Saxons led by King Æthelred I are defeated by the Danelaw Vikings at Basing.,22 January 871 CE,https://en.wikipedia.org/wiki/January_22,,01-22,Wikipedia — January 22,,exact day (secondary compilation),War and conflict,,Gregorian day-date convention (retrospective where applicable),meets target,regional,Secondary reference compilation; corroborated by institutional source where supplied,20,verified against dated reference entry,20,7
22,CE,1879,January,Date uses the Gregorian January day-page convention; for pre-modern events the original local calendar and conversion can differ. No year 0 is used. Source 1 is a secondary compilation; institutional corroboration is included when available.,Transregional/unspecified,JAN-22-11,event,Anglo-Zulu War: the Battle of Isandlwana results in a Zulu victory. The event is recorded in a dated historical chronology for this calendar day. The dated reference identifies this as a historical event on this calendar day.,Anglo-Zulu War: the Battle of Isandlwana results in a Zulu victory.,22 January 1879 CE,https://en.wikipedia.org/wiki/January_22,,01-22,Wikipedia — January 22,,exact day (secondary compilation),War and conflict,,Gregorian day-date convention (retrospective where applicable),meets target,international,Secondary reference compilation; corroborated by institutional source where supplied,20,verified against dated reference entry,20,8
22,CE,1998,January,Date uses the Gregorian January day-page convention; for pre-modern events the original local calendar and conversion can differ. No year 0 is used. Source 1 is a secondary compilation; institutional corroboration is included when available.,Europe,JAN-22-12,event,Space Shuttle program: space shuttle Endeavour launches on STS-89 to dock with the Russian space station Mir. The event is recorded in a dated historical chronology for this calendar day.,Space Shuttle program: space shuttle Endeavour launches on STS-89 to dock with the Russian space station Mir.,22 January 1998 CE,https://en.wikipedia.org/wiki/January_22,,01-22,Wikipedia — January 22,,exact day (secondary compilation),"Science, technology and exploration",Russia,Gregorian day-date convention (retrospective where applicable),meets target,regional,Secondary reference compilation; corroborated by institutional source where supplied,20,verified against dated reference entry,20,7
22,CE,1968,January,Date uses the Gregorian January day-page convention; for pre-modern events the original local calendar and conversion can differ. No year 0 is used. Source 1 is a secondary compilation; institutional corroboration is included when available.,Transregional/unspecified,JAN-22-13,event,Apollo Program: Apollo 5 lifts off carrying the first Lunar module into space. The event is recorded in a dated historical chronology for this calendar day. The dated reference identifies this as a historical event on this calendar day.,Apollo Program: Apollo 5 lifts off carrying the first Lunar module into space.,22 January 1968 CE,https://en.wikipedia.org/wiki/January_22,,01-22,Wikipedia — January 22,,exact day (secondary compilation),"Science, technology and exploration",,Gregorian day-date convention (retrospective where applicable),meets target,regional,Secondary reference compilation; corroborated by institutional source where supplied,20,verified against dated reference entry,20,7
22,CE,1970,January,Date uses the Gregorian January day-page convention; for pre-modern events the original local calendar and conversion can differ. No year 0 is used. Source 1 is a secondary compilation; institutional corroboration is included when available.,Americas,JAN-22-14,event,"The Boeing 747, the world's first "" jumbo jet"", enters commercial service for launch customer Pan American Airways with its maiden voyage from New York's John F. Kennedy International Airport to London Heathrow Airport.","The Boeing 747, the world's first "" jumbo jet"", enters commercial service for launch customer Pan American Airways with its maiden voyage from New York's John F. Kennedy…",22 January 1970 CE,https://en.wikipedia.org/wiki/January_22,,01-22,Wikipedia — January 22,,exact day (secondary compilation),"Social, economic and institutional history",,Gregorian day-date convention (retrospective where applicable),meets target,regional,Secondary reference compilation; corroborated by institutional source where supplied,20,verified against dated reference entry,20,6
22,CE,1963,January,Date uses the Gregorian January day-page convention; for pre-modern events the original local calendar and conversion can differ. No year 0 is used. Source 1 is a secondary compilation; institutional corroboration is included when available.,Europe,JAN-22-15,event,The Élysée Treaty of cooperation between France and West Germany is signed by Charles de Gaulle and Konrad Adenauer. The event is recorded in a dated historical chronology for this calendar day.,The Élysée Treaty of cooperation between France and West Germany is signed by Charles de Gaulle and Konrad Adenauer.,22 January 1963 CE,https://en.wikipedia.org/wiki/January_22,,01-22,Wikipedia — January 22,,exact day (secondary compilation),"Culture, education and religion",France,Gregorian day-date convention (retrospective where applicable),meets target,national,Secondary reference compilation; corroborated by institutional source where supplied,20,verified against dated reference entry,20,5
22,CE,2006,January,Date uses the Gregorian January day-page convention; for pre-modern events the original local calendar and conversion can differ. No year 0 is used. Source 1 is a secondary compilation; institutional corroboration is included when available.,Transregional/unspecified,JAN-22-16,event,"Evo Morales is inaugurated as President of Bolivia, becoming the country's first indigenous president. The event is recorded in a dated historical chronology for this calendar day. The dated reference identifies this as a historical event on this calendar day.","Evo Morales is inaugurated as President of Bolivia, becoming the country's first indigenous president.",22 January 2006 CE,https://en.wikipedia.org/wiki/January_22,,01-22,Wikipedia — January 22,,exact day (secondary compilation),Political history and decolonization,,Gregorian day-date convention (retrospective where applicable),meets target,national,Secondary reference compilation; corroborated by institutional source where supplied,20,verified against dated reference entry,20,5
22,CE,1973,January,Date uses the Gregorian January day-page convention; for pre-modern events the original local calendar and conversion can differ. No year 0 is used. Source 1 is a secondary compilation; institutional corroboration is included when available.,Transregional/unspecified,JAN-22-17,event,"In a bout for the world heavyweight boxing championship in Kingston, Jamaica, challenger George Foreman knocks down champion Joe Frazier six times in the first two rounds before the fight is stopped by referee Arthur Mercante Sr..","In a bout for the world heavyweight boxing championship in Kingston, Jamaica, challenger George Foreman knocks down champion Joe Frazier six times in the first two rounds…",22 January 1973 CE,https://en.wikipedia.org/wiki/January_22,,01-22,Wikipedia — January 22,,exact day (secondary compilation),Political history and decolonization,,Gregorian day-date convention (retrospective where applicable),meets target,national,Secondary reference compilation; corroborated by institutional source where supplied,20,verified against dated reference entry,20,5
22,CE,1849,January,Date uses the Gregorian January day-page convention; for pre-modern events the original local calendar and conversion can differ. No year 0 is used. Source 1 is a secondary compilation; institutional corroboration is included when available.,Transregional/unspecified,JAN-22-18,event,"Second Anglo-Sikh War: The Siege of Multan ends after nine months when the last Sikh defenders of Multan, Punjab, surrender. The event is recorded in a dated historical chronology for this calendar day.","Second Anglo-Sikh War: The Siege of Multan ends after nine months when the last Sikh defenders of Multan, Punjab, surrender.",22 January 1849 CE,https://en.wikipedia.org/wiki/January_22,,01-22,Wikipedia — January 22,,exact day (secondary compilation),War and conflict,,Gregorian day-date convention (retrospective where applicable),meets target,regional,Secondary reference compilation; corroborated by institutional source where supplied,20,verified against dated reference entry,20,6
22,CE,1947,January,Date uses the Gregorian January day-page convention; for pre-modern events the original local calendar and conversion can differ. No year 0 is used. Source 1 is a secondary compilation; institutional corroboration is included when available.,Transregional/unspecified,JAN-22-19,event,"KTLA, the first commercial television station west of the Mississippi River, begins operation in Hollywood. The event is recorded in a dated historical chronology for this calendar day. The dated reference identifies this as a historical event on this calendar day.","KTLA, the first commercial television station west of the Mississippi River, begins operation in Hollywood.",22 January 1947 CE,https://en.wikipedia.org/wiki/January_22,,01-22,Wikipedia — January 22,,exact day (secondary compilation),"Culture, education and religion",,Gregorian day-date convention (retrospective where applicable),meets target,national,Secondary reference compilation; corroborated by institutional source where supplied,20,verified against dated reference entry,20,5
22,CE,1924,January,Date uses the Gregorian January day-page convention; for pre-modern events the original local calendar and conversion can differ. No year 0 is used. Source 1 is a secondary compilation; institutional corroboration is included when available.,Transregional/unspecified,JAN-22-20,event,Ramsay MacDonald becomes the first Labour Prime Minister of the United Kingdom. The event is recorded in a dated historical chronology for this calendar day. The dated reference identifies this as a historical event on this calendar day.,Ramsay MacDonald becomes the first Labour Prime Minister of the United Kingdom.,22 January 1924 CE,https://en.wikipedia.org/wiki/January_22,,01-22,Wikipedia — January 22,,exact day (secondary compilation),Political history and decolonization,United Kingdom,Gregorian day-date convention (retrospective where applicable),meets target,national,Secondary reference compilation; corroborated by institutional source where supplied,20,verified against dated reference entry,20,5
23,CE,1900,January,Date uses the Gregorian January day-page convention; for pre-modern events the original local calendar and conversion can differ. No year 0 is used. Source 1 is a secondary compilation; institutional corroboration is included when available.,Africa,JAN-23-01,event,Second Boer War: The Battle of Spion Kop between the forces of the South African Republic and the Orange Free State and British forces ends in a British defeat. The event is recorded in a dated historical chronology for this calendar day.,Second Boer War: The Battle of Spion Kop between the forces of the South African Republic and the Orange Free State and British forces ends in a British defeat.,23 January 1900 CE,https://en.wikipedia.org/wiki/January_23,,01-23,Wikipedia — January 23,,exact day (secondary compilation),War and conflict,South Africa,Gregorian day-date convention (retrospective where applicable),meets target,international,Secondary reference compilation; corroborated by institutional source where supplied,20,verified against dated reference entry,20,9
23,CE,1942,January,Date uses the Gregorian January day-page convention; for pre-modern events the original local calendar and conversion can differ. No year 0 is used. Source 1 is a secondary compilation; institutional corroboration is included when available.,Asia,JAN-23-02,event,World War II: The Battle of Rabaul commences Japan's invasion of Australia's Territory of New Guinea. The event is recorded in a dated historical chronology for this calendar day. The dated reference identifies this as a historical event on this calendar day.,World War II: The Battle of Rabaul commences Japan's invasion of Australia's Territory of New Guinea.,23 January 1942 CE,https://en.wikipedia.org/wiki/January_23,,01-23,Wikipedia — January 23,,exact day (secondary compilation),War and conflict,Japan,Gregorian day-date convention (retrospective where applicable),meets target,international,Secondary reference compilation; corroborated by institutional source where supplied,20,verified against dated reference entry,20,10
23,CE,1950,January,Date uses the Gregorian January day-page convention; for pre-modern events the original local calendar and conversion can differ. No year 0 is used. Source 1 is a secondary compilation; institutional corroboration is included when available.,Middle East,JAN-23-03,event,The Knesset resolves that Jerusalem is the capital of Israel. The event is recorded in a dated historical chronology for this calendar day. The dated reference identifies this as a historical event on this calendar day.,The Knesset resolves that Jerusalem is the capital of Israel.,23 January 1950 CE,https://en.wikipedia.org/wiki/January_23,,01-23,Wikipedia — January 23,,exact day (secondary compilation),"Social, economic and institutional history",Israel,Gregorian day-date convention (retrospective where applicable),meets target,national,Secondary reference compilation; corroborated by institutional source where supplied,20,verified against dated reference entry,20,4
23,CE,1789,January,Date uses the Gregorian January day-page convention; for pre-modern events the original local calendar and conversion can differ. No year 0 is used. Source 1 is a secondary compilation; institutional corroboration is included when available.,Americas,JAN-23-04,event,"Georgetown College, the first Catholic university in the United States, is founded in Georgetown, Maryland (now a part of Washington, D.C.) when Bishop John Carroll, Rev. Robert Molyneux, and Rev. John Ashton purchase land for the proposed academy for the education of youth.","Georgetown College, the first Catholic university in the United States, is founded in Georgetown, Maryland (now a part of Washington, D.C.) when Bishop John Carroll, Rev.…",23 January 1789 CE,https://en.wikipedia.org/wiki/January_23,,01-23,Wikipedia — January 23,,exact day (secondary compilation),"Culture, education and religion",United States,Gregorian day-date convention (retrospective where applicable),meets target,regional,Secondary reference compilation; corroborated by institutional source where supplied,20,verified against dated reference entry,20,6
23,CE,1960,January,Date uses the Gregorian January day-page convention; for pre-modern events the original local calendar and conversion can differ. No year 0 is used. Source 1 is a secondary compilation; institutional corroboration is included when available.,Oceania,JAN-23-05,event,"The bathyscaphe USS Trieste breaks a depth record by descending to 10,911 metres (35,797 ft) in the Pacific Ocean. The event is recorded in a dated historical chronology for this calendar day.","The bathyscaphe USS Trieste breaks a depth record by descending to 10,911 metres (35,797 ft) in the Pacific Ocean.",23 January 1960 CE,https://en.wikipedia.org/wiki/January_23,,01-23,Wikipedia — January 23,,exact day (secondary compilation),"Social, economic and institutional history",,Gregorian day-date convention (retrospective where applicable),meets target,national,Secondary reference compilation; corroborated by institutional source where supplied,20,verified against dated reference entry,20,4
23,CE,1570,January,Date uses the Gregorian January day-page convention; for pre-modern events the original local calendar and conversion can differ. No year 0 is used. Source 1 is a secondary compilation; institutional corroboration is included when available.,Transregional/unspecified,JAN-23-06,event,"James Stewart, 1st Earl of Moray, regent for the infant King James VI of Scotland, is assassinated by firearm, the first recorded instance of such. The event is recorded in a dated historical chronology for this calendar day.","James Stewart, 1st Earl of Moray, regent for the infant King James VI of Scotland, is assassinated by firearm, the first recorded instance of such.",23 January 1570 CE,https://en.wikipedia.org/wiki/January_23,,01-23,Wikipedia — January 23,,exact day (secondary compilation),War and conflict,,Gregorian day-date convention (retrospective where applicable),meets target,international,Secondary reference compilation; corroborated by institutional source where supplied,20,verified against dated reference entry,20,9
23,CE,1945,January,Date uses the Gregorian January day-page convention; for pre-modern events the original local calendar and conversion can differ. No year 0 is used. Source 1 is a secondary compilation; institutional corroboration is included when available.,Transregional/unspecified,JAN-23-07,event,"World War II: German admiral Karl Dönitz launches Operation Hannibal, the evacuation of areas along the eastern Baltic coast. The event is recorded in a dated historical chronology for this calendar day.","World War II: German admiral Karl Dönitz launches Operation Hannibal, the evacuation of areas along the eastern Baltic coast.",23 January 1945 CE,https://en.wikipedia.org/wiki/January_23,,01-23,Wikipedia — January 23,,exact day (secondary compilation),War and conflict,,Gregorian day-date convention (retrospective where applicable),meets target,international,Secondary reference compilation; corroborated by institutional source where supplied,20,verified against dated reference entry,20,9
23,CE,1899,January,Date uses the Gregorian January day-page convention; for pre-modern events the original local calendar and conversion can differ. No year 0 is used. Source 1 is a secondary compilation; institutional corroboration is included when available.,Transregional/unspecified,JAN-23-08,event,"The Malolos Constitution is inaugurated, establishing the First Philippine Republic. Emilio Aguinaldo is sworn in as its first president. The event is recorded in a dated historical chronology for this calendar day.","The Malolos Constitution is inaugurated, establishing the First Philippine Republic. Emilio Aguinaldo is sworn in as its first president.",23 January 1899 CE,https://en.wikipedia.org/wiki/January_23,,01-23,Wikipedia — January 23,,exact day (secondary compilation),Political history and decolonization,,Gregorian day-date convention (retrospective where applicable),meets target,international,Secondary reference compilation; corroborated by institutional source where supplied,20,verified against dated reference entry,20,8
23,CE,1963,January,Date uses the Gregorian January day-page convention; for pre-modern events the original local calendar and conversion can differ. No year 0 is used. Source 1 is a secondary compilation; institutional corroboration is included when available.,Transregional/unspecified,JAN-23-09,event,The Guinea-Bissau War of Independence officially begins when PAIGC guerrilla fighters attack the Portuguese Army stationed in Tite. The event is recorded in a dated historical chronology for this calendar day.,The Guinea-Bissau War of Independence officially begins when PAIGC guerrilla fighters attack the Portuguese Army stationed in Tite.,23 January 1963 CE,https://en.wikipedia.org/wiki/January_23,,01-23,Wikipedia — January 23,,exact day (secondary compilation),War and conflict,,Gregorian day-date convention (retrospective where applicable),meets target,international,Secondary reference compilation; corroborated by institutional source where supplied,20,verified against dated reference entry,20,8
23,CE,1943,January,Date uses the Gregorian January day-page convention; for pre-modern events the original local calendar and conversion can differ. No year 0 is used. Source 1 is a secondary compilation; institutional corroboration is included when available.,Transregional/unspecified,JAN-23-10,event,World War II: Troops of the British Eighth Army capture Tripoli in Libya from the German–Italian Panzer Army. The event is recorded in a dated historical chronology for this calendar day.,World War II: Troops of the British Eighth Army capture Tripoli in Libya from the German–Italian Panzer Army.,23 January 1943 CE,https://en.wikipedia.org/wiki/January_23,,01-23,Wikipedia — January 23,,exact day (secondary compilation),War and conflict,,Gregorian day-date convention (retrospective where applicable),meets target,international,Secondary reference compilation; corroborated by institutional source where supplied,20,verified against dated reference entry,20,8
23,CE,1879,January,Date uses the Gregorian January day-page convention; for pre-modern events the original local calendar and conversion can differ. No year 0 is used. Source 1 is a secondary compilation; institutional corroboration is included when available.,Transregional/unspecified,JAN-23-11,event,Anglo-Zulu War: The Battle of Rorke's Drift ends. The event is recorded in a dated historical chronology for this calendar day. The dated reference identifies this as a historical event on this calendar day.,Anglo-Zulu War: The Battle of Rorke's Drift ends.,23 January 1879 CE,https://en.wikipedia.org/wiki/January_23,,01-23,Wikipedia — January 23,,exact day (secondary compilation),War and conflict,,Gregorian day-date convention (retrospective where applicable),meets target,international,Secondary reference compilation; corroborated by institutional source where supplied,20,verified against dated reference entry,20,8
23,CE,1565,January,Date uses the Gregorian January day-page convention; for pre-modern events the original local calendar and conversion can differ. No year 0 is used. Source 1 is a secondary compilation; institutional corroboration is included when available.,Transregional/unspecified,JAN-23-12,event,"The Deccan Sultanates defeat Rama Raya of the Vijayanagara Empire at the Battle of Talikota, resulting in over 100,000 casualties and the destruction of the capital Vijayanagara. The event is recorded in a dated historical chronology for this calendar day.","The Deccan Sultanates defeat Rama Raya of the Vijayanagara Empire at the Battle of Talikota, resulting in over 100,000 casualties and the destruction of the capital Vijayanagara.",23 January 1565 CE,https://en.wikipedia.org/wiki/January_23,,01-23,Wikipedia — January 23,,exact day (secondary compilation),War and conflict,,Gregorian day-date convention (retrospective where applicable),meets target,regional,Secondary reference compilation; corroborated by institutional source where supplied,20,verified against dated reference entry,20,7
23,CE,1849,January,Date uses the Gregorian January day-page convention; for pre-modern events the original local calendar and conversion can differ. No year 0 is used. Source 1 is a secondary compilation; institutional corroboration is included when available.,Americas,JAN-23-13,event,"Elizabeth Blackwell is awarded her M.D. by the Geneva Medical College of Geneva, New York, becoming the United States' first female doctor. The event is recorded in a dated historical chronology for this calendar day.","Elizabeth Blackwell is awarded her M.D. by the Geneva Medical College of Geneva, New York, becoming the United States' first female doctor.",23 January 1849 CE,https://en.wikipedia.org/wiki/January_23,,01-23,Wikipedia — January 23,,exact day (secondary compilation),War and conflict,United States,Gregorian day-date convention (retrospective where applicable),meets target,regional,Secondary reference compilation; corroborated by institutional source where supplied,20,verified against dated reference entry,20,7
23,CE,1909,January,Date uses the Gregorian January day-page convention; for pre-modern events the original local calendar and conversion can differ. No year 0 is used. Source 1 is a secondary compilation; institutional corroboration is included when available.,Transregional/unspecified,JAN-23-14,event,"RMS Republic, a passenger ship of the White Star Line, becomes the first ship to use the CQD distress signal after colliding with another ship, the SS Florida, off the Massachusetts coastline, an event that kills six people. The Republic sinks the next day.","RMS Republic, a passenger ship of the White Star Line, becomes the first ship to use the CQD distress signal after colliding with another ship, the SS Florida, off the…",23 January 1909 CE,https://en.wikipedia.org/wiki/January_23,,01-23,Wikipedia — January 23,,exact day (secondary compilation),Political history and decolonization,,Gregorian day-date convention (retrospective where applicable),meets target,regional,Secondary reference compilation; corroborated by institutional source where supplied,20,verified against dated reference entry,20,6
23,CE,1264,January,Date uses the Gregorian January day-page convention; for pre-modern events the original local calendar and conversion can differ. No year 0 is used. Source 1 is a secondary compilation; institutional corroboration is included when available.,Europe,JAN-23-15,event,"In the conflict between King Henry III of England and his rebellious barons led by Simon de Montfort, King Louis IX of France issues the Mise of Amiens, a one-sided decision in favour of Henry that later leads to the Second Barons' War.","In the conflict between King Henry III of England and his rebellious barons led by Simon de Montfort, King Louis IX of France issues the Mise of Amiens, a one-sided decision in…",23 January 1264 CE,https://en.wikipedia.org/wiki/January_23,,01-23,Wikipedia — January 23,,exact day (secondary compilation),War and conflict,France,Gregorian day-date convention (retrospective where applicable),meets target,regional,Secondary reference compilation; corroborated by institutional source where supplied,20,verified against dated reference entry,20,6
23,CE,1964,January,Date uses the Gregorian January day-page convention; for pre-modern events the original local calendar and conversion can differ. No year 0 is used. Source 1 is a secondary compilation; institutional corroboration is included when available.,Americas,JAN-23-16,event,"The 24th Amendment to the United States Constitution, prohibiting the use of poll taxes in national elections, is ratified. The event is recorded in a dated historical chronology for this calendar day.","The 24th Amendment to the United States Constitution, prohibiting the use of poll taxes in national elections, is ratified.",23 January 1964 CE,https://en.wikipedia.org/wiki/January_23,,01-23,Wikipedia — January 23,,exact day (secondary compilation),Political history and decolonization,United States,Gregorian day-date convention (retrospective where applicable),meets target,national,Secondary reference compilation; corroborated by institutional source where supplied,20,verified against dated reference entry,20,5
23,CE,1755,January,Date uses the Gregorian January day-page convention; for pre-modern events the original local calendar and conversion can differ. No year 0 is used. Source 1 is a secondary compilation; institutional corroboration is included when available.,Transregional/unspecified,JAN-23-17,event,Moscow University is established (12 January 1755 O.S.). The event is recorded in a dated historical chronology for this calendar day. The dated reference identifies this as a historical event on this calendar day.,Moscow University is established (12 January 1755 O.S.).,23 January 1755 CE,https://en.wikipedia.org/wiki/January_23,,01-23,Wikipedia — January 23,,exact day (secondary compilation),"Culture, education and religion",,Gregorian day-date convention (retrospective where applicable),meets target,national,Secondary reference compilation; corroborated by institutional source where supplied,20,verified against dated reference entry,20,5
23,CE,1870,January,Date uses the Gregorian January day-page convention; for pre-modern events the original local calendar and conversion can differ. No year 0 is used. Source 1 is a secondary compilation; institutional corroboration is included when available.,Americas,JAN-23-18,event,"In Montana, U.S. cavalrymen kill 173 Native Americans, mostly women and children, in what becomes known as the Marias Massacre. The event is recorded in a dated historical chronology for this calendar day.","In Montana, U.S. cavalrymen kill 173 Native Americans, mostly women and children, in what becomes known as the Marias Massacre.",23 January 1870 CE,https://en.wikipedia.org/wiki/January_23,,01-23,Wikipedia — January 23,,exact day (secondary compilation),"Social, economic and institutional history",,Gregorian day-date convention (retrospective where applicable),meets target,regional,Secondary reference compilation; corroborated by institutional source where supplied,20,verified against dated reference entry,20,6
23,CE,971,January,Date uses the Gregorian January day-page convention; for pre-modern events the original local calendar and conversion can differ. No year 0 is used. Source 1 is a secondary compilation; institutional corroboration is included when available.,Transregional/unspecified,JAN-23-19,event,"Using crossbows, Song dynasty troops soundly defeat a war elephant corps of the Southern Han at Shao. The event is recorded in a dated historical chronology for this calendar day.","Using crossbows, Song dynasty troops soundly defeat a war elephant corps of the Southern Han at Shao.",23 January 971 CE,https://en.wikipedia.org/wiki/January_23,,01-23,Wikipedia — January 23,,exact day (secondary compilation),War and conflict,,Gregorian day-date convention (retrospective where applicable),meets target,regional,Secondary reference compilation; corroborated by institutional source where supplied,20,verified against dated reference entry,20,6
23,CE,1556,January,Date uses the Gregorian January day-page convention; for pre-modern events the original local calendar and conversion can differ. No year 0 is used. Source 1 is a secondary compilation; institutional corroboration is included when available.,Asia,JAN-23-20,event,"The deadliest earthquake in history, the Shaanxi earthquake, hits Shaanxi province, China. The death toll may have been as high as 830,000. The event is recorded in a dated historical chronology for this calendar day.","The deadliest earthquake in history, the Shaanxi earthquake, hits Shaanxi province, China. The death toll may have been as high as 830,000.",23 January 1556 CE,https://en.wikipedia.org/wiki/January_23,,01-23,Wikipedia — January 23,,exact day (secondary compilation),Disaster and public safety,China,Gregorian day-date convention (retrospective where applicable),meets target,national,Secondary reference compilation; corroborated by institutional source where supplied,20,verified against dated reference entry,20,5
24,CE,914,January,Date uses the Gregorian January day-page convention; for pre-modern events the original local calendar and conversion can differ. No year 0 is used. Source 1 is a secondary compilation; institutional corroboration is included when available.,Africa,JAN-24-01,event,Start of the First Fatimid invasion of Egypt. The event is recorded in a dated historical chronology for this calendar day. The dated reference identifies this as a historical event on this calendar day.,Start of the First Fatimid invasion of Egypt.,24 January 914 CE,https://en.wikipedia.org/wiki/January_24,,01-24,Wikipedia — January 24,,exact day (secondary compilation),War and conflict,Egypt,Gregorian day-date convention (retrospective where applicable),meets target,regional,Secondary reference compilation; corroborated by institutional source where supplied,20,verified against dated reference entry,20,6
24,CE,1942,January,Date uses the Gregorian January day-page convention; for pre-modern events the original local calendar and conversion can differ. No year 0 is used. Source 1 is a secondary compilation; institutional corroboration is included when available.,Asia,JAN-24-02,event,"World War II: The Allies bombard Bangkok, leading Thailand, then under Japanese control, to declare war against the United States and United Kingdom. The event is recorded in a dated historical chronology for this calendar day.","World War II: The Allies bombard Bangkok, leading Thailand, then under Japanese control, to declare war against the United States and United Kingdom.",24 January 1942 CE,https://en.wikipedia.org/wiki/January_24,,01-24,Wikipedia — January 24,,exact day (secondary compilation),War and conflict,Japan,Gregorian day-date convention (retrospective where applicable),meets target,international,Secondary reference compilation; corroborated by institutional source where supplied,20,verified against dated reference entry,20,8
24,CE,1916,January,Date uses the Gregorian January day-page convention; for pre-modern events the original local calendar and conversion can differ. No year 0 is used. Source 1 is a secondary compilation; institutional corroboration is included when available.,Americas,JAN-24-03,event,"In Brushaber v. Union Pacific Railroad Co., the Supreme Court of the United States declares the federal income tax constitutional. The event is recorded in a dated historical chronology for this calendar day.","In Brushaber v. Union Pacific Railroad Co., the Supreme Court of the United States declares the federal income tax constitutional.",24 January 1916 CE,https://en.wikipedia.org/wiki/January_24,,01-24,Wikipedia — January 24,,exact day (secondary compilation),Political history and decolonization,United States,Gregorian day-date convention (retrospective where applicable),meets target,regional,Secondary reference compilation; corroborated by institutional source where supplied,20,verified against dated reference entry,20,7
24,CE,1915,January,Date uses the Gregorian January day-page convention; for pre-modern events the original local calendar and conversion can differ. No year 0 is used. Source 1 is a secondary compilation; institutional corroboration is included when available.,Transregional/unspecified,JAN-24-04,event,World War I: British Grand Fleet battle cruisers under Vice-Admiral Sir David Beatty engage Rear-Admiral Franz von Hipper's battle cruisers in the Battle of Dogger Bank. The event is recorded in a dated historical chronology for this calendar day.,World War I: British Grand Fleet battle cruisers under Vice-Admiral Sir David Beatty engage Rear-Admiral Franz von Hipper's battle cruisers in the Battle of Dogger Bank.,24 January 1915 CE,https://en.wikipedia.org/wiki/January_24,,01-24,Wikipedia — January 24,,exact day (secondary compilation),War and conflict,,Gregorian day-date convention (retrospective where applicable),meets target,international,Secondary reference compilation; corroborated by institutional source where supplied,20,verified against dated reference entry,20,10
24,CE,1968,January,Date uses the Gregorian January day-page convention; for pre-modern events the original local calendar and conversion can differ. No year 0 is used. Source 1 is a secondary compilation; institutional corroboration is included when available.,Asia,JAN-24-05,event,Vietnam War: The 1st Australian Task Force launches Operation Coburg against the North Vietnamese Army and Viet Cong during wider fighting around Long Bình and Biên Hòa. The event is recorded in a dated historical chronology for this calendar day.,Vietnam War: The 1st Australian Task Force launches Operation Coburg against the North Vietnamese Army and Viet Cong during wider fighting around Long Bình and Biên Hòa.,24 January 1968 CE,https://en.wikipedia.org/wiki/January_24,,01-24,Wikipedia — January 24,,exact day (secondary compilation),War and conflict,Vietnam,Gregorian day-date convention (retrospective where applicable),meets target,regional,Secondary reference compilation; corroborated by institutional source where supplied,20,verified against dated reference entry,20,7
24,CE,1972,January,Date uses the Gregorian January day-page convention; for pre-modern events the original local calendar and conversion can differ. No year 0 is used. Source 1 is a secondary compilation; institutional corroboration is included when available.,Asia,JAN-24-06,event,"Japanese Sgt. Shoichi Yokoi is found hiding in a Guam jungle, where he had been since the end of World War II. The event is recorded in a dated historical chronology for this calendar day.","Japanese Sgt. Shoichi Yokoi is found hiding in a Guam jungle, where he had been since the end of World War II.",24 January 1972 CE,https://en.wikipedia.org/wiki/January_24,,01-24,Wikipedia — January 24,,exact day (secondary compilation),War and conflict,Japan,Gregorian day-date convention (retrospective where applicable),meets target,international,Secondary reference compilation; corroborated by institutional source where supplied,20,verified against dated reference entry,20,8
24,CE,1900,January,Date uses the Gregorian January day-page convention; for pre-modern events the original local calendar and conversion can differ. No year 0 is used. Source 1 is a secondary compilation; institutional corroboration is included when available.,Transregional/unspecified,JAN-24-07,event,Second Boer War: Boers stop a British attempt to break the Siege of Ladysmith in the Battle of Spion Kop. The event is recorded in a dated historical chronology for this calendar day.,Second Boer War: Boers stop a British attempt to break the Siege of Ladysmith in the Battle of Spion Kop.,24 January 1900 CE,https://en.wikipedia.org/wiki/January_24,,01-24,Wikipedia — January 24,,exact day (secondary compilation),War and conflict,,Gregorian day-date convention (retrospective where applicable),meets target,international,Secondary reference compilation; corroborated by institutional source where supplied,20,verified against dated reference entry,20,8
24,CE,1943,January,Date uses the Gregorian January day-page convention; for pre-modern events the original local calendar and conversion can differ. No year 0 is used. Source 1 is a secondary compilation; institutional corroboration is included when available.,Transregional/unspecified,JAN-24-08,event,World War II: Franklin D. Roosevelt and Winston Churchill conclude a conference in Casablanca. The event is recorded in a dated historical chronology for this calendar day. The dated reference identifies this as a historical event on this calendar day.,World War II: Franklin D. Roosevelt and Winston Churchill conclude a conference in Casablanca.,24 January 1943 CE,https://en.wikipedia.org/wiki/January_24,,01-24,Wikipedia — January 24,,exact day (secondary compilation),War and conflict,,Gregorian day-date convention (retrospective where applicable),meets target,international,Secondary reference compilation; corroborated by institutional source where supplied,20,verified against dated reference entry,20,8
24,CE,1651,January,Date uses the Gregorian January day-page convention; for pre-modern events the original local calendar and conversion can differ. No year 0 is used. Source 1 is a secondary compilation; institutional corroboration is included when available.,Transregional/unspecified,JAN-24-09,event,Arauco War: Spanish and Mapuche authorities meet in the Parliament of Boroa renewing the fragile peace established at the parliaments of Quillín in 1641 and 1647. The event is recorded in a dated historical chronology for this calendar day.,Arauco War: Spanish and Mapuche authorities meet in the Parliament of Boroa renewing the fragile peace established at the parliaments of Quillín in 1641 and 1647.,24 January 1651 CE,https://en.wikipedia.org/wiki/January_24,,01-24,Wikipedia — January 24,,exact day (secondary compilation),War and conflict,,Gregorian day-date convention (retrospective where applicable),meets target,regional,Secondary reference compilation; corroborated by institutional source where supplied,20,verified against dated reference entry,20,7
24,CE,1946,January,Date uses the Gregorian January day-page convention; for pre-modern events the original local calendar and conversion can differ. No year 0 is used. Source 1 is a secondary compilation; institutional corroboration is included when available.,Transregional/unspecified,JAN-24-10,event,The United Nations General Assembly passes its first resolution to establish the United Nations Atomic Energy Commission. The event is recorded in a dated historical chronology for this calendar day.,The United Nations General Assembly passes its first resolution to establish the United Nations Atomic Energy Commission.,24 January 1946 CE,https://en.wikipedia.org/wiki/January_24,,01-24,Wikipedia — January 24,,exact day (secondary compilation),"Science, technology and exploration",,Gregorian day-date convention (retrospective where applicable),meets target,regional,Secondary reference compilation; corroborated by institutional source where supplied,20,verified against dated reference entry,20,7
24,CE,1857,January,Date uses the Gregorian January day-page convention; for pre-modern events the original local calendar and conversion can differ. No year 0 is used. Source 1 is a secondary compilation; institutional corroboration is included when available.,Asia,JAN-24-11,event,The University of Calcutta is formally founded as the first fully fledged university in South Asia. The event is recorded in a dated historical chronology for this calendar day. The dated reference identifies this as a historical event on this calendar day.,The University of Calcutta is formally founded as the first fully fledged university in South Asia.,24 January 1857 CE,https://en.wikipedia.org/wiki/January_24,,01-24,Wikipedia — January 24,,exact day (secondary compilation),"Culture, education and religion",,Gregorian day-date convention (retrospective where applicable),meets target,regional,Secondary reference compilation; corroborated by institutional source where supplied,20,verified against dated reference entry,20,6
24,CE,1990,January,Date uses the Gregorian January day-page convention; for pre-modern events the original local calendar and conversion can differ. No year 0 is used. Source 1 is a secondary compilation; institutional corroboration is included when available.,Asia,JAN-24-12,event,"Japan launches Hiten, the country's first lunar probe, the first robotic lunar probe since the Soviet Union's Luna 24 in 1976, and the first lunar probe launched by a country other than Soviet Union or the United States.","Japan launches Hiten, the country's first lunar probe, the first robotic lunar probe since the Soviet Union's Luna 24 in 1976, and the first lunar probe launched by a country…",24 January 1990 CE,https://en.wikipedia.org/wiki/January_24,,01-24,Wikipedia — January 24,,exact day (secondary compilation),Political history and decolonization,Japan,Gregorian day-date convention (retrospective where applicable),meets target,regional,Secondary reference compilation; corroborated by institutional source where supplied,20,verified against dated reference entry,20,6
24,CE,1960,January,Date uses the Gregorian January day-page convention; for pre-modern events the original local calendar and conversion can differ. No year 0 is used. Source 1 is a secondary compilation; institutional corroboration is included when available.,Africa,JAN-24-13,event,"Algerian War: Some units of European volunteers in Algiers stage an insurrection known as the ""barricades week"", during which they seize government buildings and clash with local police. The event is recorded in a dated historical chronology for this calendar day.","Algerian War: Some units of European volunteers in Algiers stage an insurrection known as the ""barricades week"", during which they seize government buildings and clash with…",24 January 1960 CE,https://en.wikipedia.org/wiki/January_24,,01-24,Wikipedia — January 24,,exact day (secondary compilation),War and conflict,Algeria,Gregorian day-date convention (retrospective where applicable),meets target,regional,Secondary reference compilation; corroborated by institutional source where supplied,20,verified against dated reference entry,20,6
24,CE,1758,January,Date uses the Gregorian January day-page convention; for pre-modern events the original local calendar and conversion can differ. No year 0 is used. Source 1 is a secondary compilation; institutional corroboration is included when available.,Europe,JAN-24-14,event,"During the Seven Years' War the leading burghers of Königsberg submit to Elizabeth of Russia, thus forming Russian Prussia (until 1763). The event is recorded in a dated historical chronology for this calendar day.","During the Seven Years' War the leading burghers of Königsberg submit to Elizabeth of Russia, thus forming Russian Prussia (until 1763).",24 January 1758 CE,https://en.wikipedia.org/wiki/January_24,,01-24,Wikipedia — January 24,,exact day (secondary compilation),War and conflict,Russia,Gregorian day-date convention (retrospective where applicable),meets target,regional,Secondary reference compilation; corroborated by institutional source where supplied,20,verified against dated reference entry,20,6
24,CE,1977,January,Date uses the Gregorian January day-page convention; for pre-modern events the original local calendar and conversion can differ. No year 0 is used. Source 1 is a secondary compilation; institutional corroboration is included when available.,Transregional/unspecified,JAN-24-15,event,The Atocha massacre occurs in Madrid during the Spanish transition to democracy. The event is recorded in a dated historical chronology for this calendar day. The dated reference identifies this as a historical event on this calendar day.,The Atocha massacre occurs in Madrid during the Spanish transition to democracy.,24 January 1977 CE,https://en.wikipedia.org/wiki/January_24,,01-24,Wikipedia — January 24,,exact day (secondary compilation),"Social, economic and institutional history",,Gregorian day-date convention (retrospective where applicable),meets target,regional,Secondary reference compilation; corroborated by institutional source where supplied,20,verified against dated reference entry,20,6
24,CE,1978,January,Date uses the Gregorian January day-page convention; for pre-modern events the original local calendar and conversion can differ. No year 0 is used. Source 1 is a secondary compilation; institutional corroboration is included when available.,Americas,JAN-24-16,event,"Soviet satellite Kosmos 954, with a nuclear reactor on board, burns up in Earth's atmosphere, scattering radioactive debris over Canada's Northwest Territories. Only 1% is recovered. The event is recorded in a dated historical chronology for this calendar day.","Soviet satellite Kosmos 954, with a nuclear reactor on board, burns up in Earth's atmosphere, scattering radioactive debris over Canada's Northwest Territories. Only 1% is…",24 January 1978 CE,https://en.wikipedia.org/wiki/January_24,,01-24,Wikipedia — January 24,,exact day (secondary compilation),"Science, technology and exploration",Canada,Gregorian day-date convention (retrospective where applicable),meets target,national,Secondary reference compilation; corroborated by institutional source where supplied,20,verified against dated reference entry,20,5
24,CE,1933,January,Date uses the Gregorian January day-page convention; for pre-modern events the original local calendar and conversion can differ. No year 0 is used. Source 1 is a secondary compilation; institutional corroboration is included when available.,Americas,JAN-24-17,event,"The 20th Amendment to the United States Constitution is ratified, changing the beginning and end of terms for all elected federal offices. The event is recorded in a dated historical chronology for this calendar day.","The 20th Amendment to the United States Constitution is ratified, changing the beginning and end of terms for all elected federal offices.",24 January 1933 CE,https://en.wikipedia.org/wiki/January_24,,01-24,Wikipedia — January 24,,exact day (secondary compilation),Political history and decolonization,United States,Gregorian day-date convention (retrospective where applicable),meets target,national,Secondary reference compilation; corroborated by institutional source where supplied,20,verified against dated reference entry,20,5
24,CE,1835,January,Date uses the Gregorian January day-page convention; for pre-modern events the original local calendar and conversion can differ. No year 0 is used. Source 1 is a secondary compilation; institutional corroboration is included when available.,Americas,JAN-24-18,event,"Slaves in Salvador da Bahia, Brazil, stage a revolt, which is instrumental in ending slavery there 50 years later. The event is recorded in a dated historical chronology for this calendar day.","Slaves in Salvador da Bahia, Brazil, stage a revolt, which is instrumental in ending slavery there 50 years later.",24 January 1835 CE,https://en.wikipedia.org/wiki/January_24,,01-24,Wikipedia — January 24,,exact day (secondary compilation),War and conflict,Brazil,Gregorian day-date convention (retrospective where applicable),meets target,national,Secondary reference compilation; corroborated by institutional source where supplied,20,verified against dated reference entry,20,5
24,CE,1939,January,Date uses the Gregorian January day-page convention; for pre-modern events the original local calendar and conversion can differ. No year 0 is used. Source 1 is a secondary compilation; institutional corroboration is included when available.,Americas,JAN-24-19,event,"The deadliest earthquake in Chilean history strikes Chillán, killing approximately 28,000 people. The event is recorded in a dated historical chronology for this calendar day. The dated reference identifies this as a historical event on this calendar day.","The deadliest earthquake in Chilean history strikes Chillán, killing approximately 28,000 people.",24 January 1939 CE,https://en.wikipedia.org/wiki/January_24,,01-24,Wikipedia — January 24,,exact day (secondary compilation),Disaster and public safety,Chile,Gregorian day-date convention (retrospective where applicable),meets target,national,Secondary reference compilation; corroborated by institutional source where supplied,20,verified against dated reference entry,20,5
24,CE,1986,January,Date uses the Gregorian January day-page convention; for pre-modern events the original local calendar and conversion can differ. No year 0 is used. Source 1 is a secondary compilation; institutional corroboration is included when available.,Transregional/unspecified,JAN-24-20,event,The Voyager 2 space probe makes its closest approach to Uranus. The event is recorded in a dated historical chronology for this calendar day. The dated reference identifies this as a historical event on this calendar day.,The Voyager 2 space probe makes its closest approach to Uranus.,24 January 1986 CE,https://en.wikipedia.org/wiki/January_24,,01-24,Wikipedia — January 24,,exact day (secondary compilation),"Science, technology and exploration",,Gregorian day-date convention (retrospective where applicable),meets target,national,Secondary reference compilation; corroborated by institutional source where supplied,20,verified against dated reference entry,20,5
25,CE,1971,January,Date uses the Gregorian January day-page convention; for pre-modern events the original local calendar and conversion can differ. No year 0 is used. Source 1 is a secondary compilation; institutional corroboration is included when available.,Africa,JAN-25-01,event,Idi Amin leads a coup deposing Milton Obote and becomes Uganda's president. The event is recorded in a dated historical chronology for this calendar day. The dated reference identifies this as a historical event on this calendar day.,Idi Amin leads a coup deposing Milton Obote and becomes Uganda's president.,25 January 1971 CE,https://en.wikipedia.org/wiki/January_25,,01-25,Wikipedia — January 25,,exact day (secondary compilation),Political history and decolonization,Uganda,Gregorian day-date convention (retrospective where applicable),meets target,national,Secondary reference compilation; corroborated by institutional source where supplied,20,verified against dated reference entry,20,5
25,CE,1942,January,Date uses the Gregorian January day-page convention; for pre-modern events the original local calendar and conversion can differ. No year 0 is used. Source 1 is a secondary compilation; institutional corroboration is included when available.,Asia,JAN-25-02,event,World War II: Thailand declares war on the United States and United Kingdom. The event is recorded in a dated historical chronology for this calendar day. The dated reference identifies this as a historical event on this calendar day.,World War II: Thailand declares war on the United States and United Kingdom.,25 January 1942 CE,https://en.wikipedia.org/wiki/January_25,,01-25,Wikipedia — January 25,,exact day (secondary compilation),War and conflict,Thailand,Gregorian day-date convention (retrospective where applicable),meets target,international,Secondary reference compilation; corroborated by institutional source where supplied,20,verified against dated reference entry,20,9
25,CE,1479,January,Date uses the Gregorian January day-page convention; for pre-modern events the original local calendar and conversion can differ. No year 0 is used. Source 1 is a secondary compilation; institutional corroboration is included when available.,Middle East,JAN-25-03,event,The Treaty of Constantinople ends the 16-year-long First Ottoman–Venetian War. The event is recorded in a dated historical chronology for this calendar day. The dated reference identifies this as a historical event on this calendar day.,The Treaty of Constantinople ends the 16-year-long First Ottoman–Venetian War.,25 January 1479 CE,https://en.wikipedia.org/wiki/January_25,,01-25,Wikipedia — January 25,,exact day (secondary compilation),War and conflict,,Gregorian day-date convention (retrospective where applicable),meets target,international,Secondary reference compilation; corroborated by institutional source where supplied,20,verified against dated reference entry,20,9
25,CE,1949,January,Date uses the Gregorian January day-page convention; for pre-modern events the original local calendar and conversion can differ. No year 0 is used. Source 1 is a secondary compilation; institutional corroboration is included when available.,Americas,JAN-25-04,event,The first Emmy Awards are presented in the United States; the venue is the Hollywood Athletic Club. The event is recorded in a dated historical chronology for this calendar day.,The first Emmy Awards are presented in the United States; the venue is the Hollywood Athletic Club.,25 January 1949 CE,https://en.wikipedia.org/wiki/January_25,,01-25,Wikipedia — January 25,,exact day (secondary compilation),War and conflict,United States,Gregorian day-date convention (retrospective where applicable),meets target,regional,Secondary reference compilation; corroborated by institutional source where supplied,20,verified against dated reference entry,20,7
25,CE,1945,January,Date uses the Gregorian January day-page convention; for pre-modern events the original local calendar and conversion can differ. No year 0 is used. Source 1 is a secondary compilation; institutional corroboration is included when available.,Transregional/unspecified,JAN-25-05,event,World War II: The Battle of the Bulge ends. The event is recorded in a dated historical chronology for this calendar day. The dated reference identifies this as a historical event on this calendar day.,World War II: The Battle of the Bulge ends.,25 January 1945 CE,https://en.wikipedia.org/wiki/January_25,,01-25,Wikipedia — January 25,,exact day (secondary compilation),War and conflict,,Gregorian day-date convention (retrospective where applicable),meets target,international,Secondary reference compilation; corroborated by institutional source where supplied,20,verified against dated reference entry,20,10
25,CE,1918,January,Date uses the Gregorian January day-page convention; for pre-modern events the original local calendar and conversion can differ. No year 0 is used. Source 1 is a secondary compilation; institutional corroboration is included when available.,Europe,JAN-25-06,event,The Ukrainian People's Republic declares independence from Soviet Russia. The event is recorded in a dated historical chronology for this calendar day. The dated reference identifies this as a historical event on this calendar day.,The Ukrainian People's Republic declares independence from Soviet Russia.,25 January 1918 CE,https://en.wikipedia.org/wiki/January_25,,01-25,Wikipedia — January 25,,exact day (secondary compilation),Political history and decolonization,Russia,Gregorian day-date convention (retrospective where applicable),meets target,international,Secondary reference compilation; corroborated by institutional source where supplied,20,verified against dated reference entry,20,9
25,CE,1932,January,Date uses the Gregorian January day-page convention; for pre-modern events the original local calendar and conversion can differ. No year 0 is used. Source 1 is a secondary compilation; institutional corroboration is included when available.,Asia,JAN-25-07,event,Second Sino-Japanese War: The Chinese National Revolutionary Army begins the defense of Harbin. The event is recorded in a dated historical chronology for this calendar day. The dated reference identifies this as a historical event on this calendar day.,Second Sino-Japanese War: The Chinese National Revolutionary Army begins the defense of Harbin.,25 January 1932 CE,https://en.wikipedia.org/wiki/January_25,,01-25,Wikipedia — January 25,,exact day (secondary compilation),War and conflict,Japan,Gregorian day-date convention (retrospective where applicable),meets target,international,Secondary reference compilation; corroborated by institutional source where supplied,20,verified against dated reference entry,20,8
25,CE,1327,January,Date uses the Gregorian January day-page convention; for pre-modern events the original local calendar and conversion can differ. No year 0 is used. Source 1 is a secondary compilation; institutional corroboration is included when available.,Europe,JAN-25-08,event,"Fourteen-year-old Edward III ascends the throne of England after his father the king is forced to abdicate by Queen Isabella and her lover, Roger Mortimer. The event is recorded in a dated historical chronology for this calendar day.","Fourteen-year-old Edward III ascends the throne of England after his father the king is forced to abdicate by Queen Isabella and her lover, Roger Mortimer.",25 January 1327 CE,https://en.wikipedia.org/wiki/January_25,,01-25,Wikipedia — January 25,,exact day (secondary compilation),War and conflict,United Kingdom,Gregorian day-date convention (retrospective where applicable),meets target,regional,Secondary reference compilation; corroborated by institutional source where supplied,20,verified against dated reference entry,20,6
25,CE,1994,January,Date uses the Gregorian January day-page convention; for pre-modern events the original local calendar and conversion can differ. No year 0 is used. Source 1 is a secondary compilation; institutional corroboration is included when available.,Transregional/unspecified,JAN-25-09,event,The spacecraft Clementine by BMDO and NASA is launched. The event is recorded in a dated historical chronology for this calendar day. The dated reference identifies this as a historical event on this calendar day.,The spacecraft Clementine by BMDO and NASA is launched.,25 January 1994 CE,https://en.wikipedia.org/wiki/January_25,,01-25,Wikipedia — January 25,,exact day (secondary compilation),"Science, technology and exploration",,Gregorian day-date convention (retrospective where applicable),meets target,regional,Secondary reference compilation; corroborated by institutional source where supplied,20,verified against dated reference entry,20,7
25,CE,1704,January,Date uses the Gregorian January day-page convention; for pre-modern events the original local calendar and conversion can differ. No year 0 is used. Source 1 is a secondary compilation; institutional corroboration is included when available.,Europe,JAN-25-10,event,"The Apalachee massacre: A combined British and Muscogee force from the Province of Carolina destroys the main fortified mission of Ayubale, breaking Spain's hold on Spanish Florida. The event is recorded in a dated historical chronology for this calendar day.","The Apalachee massacre: A combined British and Muscogee force from the Province of Carolina destroys the main fortified mission of Ayubale, breaking Spain's hold on Spanish…",25 January 1704 CE,https://en.wikipedia.org/wiki/January_25,,01-25,Wikipedia — January 25,,exact day (secondary compilation),Political history and decolonization,Spain,Gregorian day-date convention (retrospective where applicable),meets target,regional,Secondary reference compilation; corroborated by institutional source where supplied,20,verified against dated reference entry,20,6
25,CE,1979,January,Date uses the Gregorian January day-page convention; for pre-modern events the original local calendar and conversion can differ. No year 0 is used. Source 1 is a secondary compilation; institutional corroboration is included when available.,Americas,JAN-25-11,event,"Pope John Paul II starts his first official papal visits outside Italy to The Bahamas, Dominican Republic, and Mexico. The event is recorded in a dated historical chronology for this calendar day.","Pope John Paul II starts his first official papal visits outside Italy to The Bahamas, Dominican Republic, and Mexico.",25 January 1979 CE,https://en.wikipedia.org/wiki/January_25,,01-25,Wikipedia — January 25,,exact day (secondary compilation),"Culture, education and religion",Mexico,Gregorian day-date convention (retrospective where applicable),meets target,regional,Secondary reference compilation; corroborated by institutional source where supplied,20,verified against dated reference entry,20,6
25,CE,1961,January,Date uses the Gregorian January day-page convention; for pre-modern events the original local calendar and conversion can differ. No year 0 is used. Source 1 is a secondary compilation; institutional corroboration is included when available.,Transregional/unspecified,JAN-25-12,event,"In Washington, D.C., US President John F. Kennedy delivers the first live presidential television news conference. The event is recorded in a dated historical chronology for this calendar day. The dated reference identifies this as a historical event on this calendar day.","In Washington, D.C., US President John F. Kennedy delivers the first live presidential television news conference.",25 January 1961 CE,https://en.wikipedia.org/wiki/January_25,,01-25,Wikipedia — January 25,,exact day (secondary compilation),Political history and decolonization,,Gregorian day-date convention (retrospective where applicable),meets target,national,Secondary reference compilation; corroborated by institutional source where supplied,20,verified against dated reference entry,20,5
25,CE,750,January,Date uses the Gregorian January day-page convention; for pre-modern events the original local calendar and conversion can differ. No year 0 is used. Source 1 is a secondary compilation; institutional corroboration is included when available.,Transregional/unspecified,JAN-25-13,event,"In the Battle of the Zab, the Abbasid rebels defeat the Umayyad Caliphate, leading to the overthrow of the dynasty. The event is recorded in a dated historical chronology for this calendar day.","In the Battle of the Zab, the Abbasid rebels defeat the Umayyad Caliphate, leading to the overthrow of the dynasty.",25 January 750 CE,https://en.wikipedia.org/wiki/January_25,,01-25,Wikipedia — January 25,,exact day (secondary compilation),War and conflict,,Gregorian day-date convention (retrospective where applicable),meets target,regional,Secondary reference compilation; corroborated by institutional source where supplied,20,verified against dated reference entry,20,6
25,CE,1964,January,Date uses the Gregorian January day-page convention; for pre-modern events the original local calendar and conversion can differ. No year 0 is used. Source 1 is a secondary compilation; institutional corroboration is included when available.,Transregional/unspecified,JAN-25-14,event,"Blue Ribbon Sports, which would later become Nike, is founded by University of Oregon track and field athletes. The event is recorded in a dated historical chronology for this calendar day.","Blue Ribbon Sports, which would later become Nike, is founded by University of Oregon track and field athletes.",25 January 1964 CE,https://en.wikipedia.org/wiki/January_25,,01-25,Wikipedia — January 25,,exact day (secondary compilation),"Culture, education and religion",,Gregorian day-date convention (retrospective where applicable),meets target,national,Secondary reference compilation; corroborated by institutional source where supplied,20,verified against dated reference entry,20,5
25,CE,1946,January,Date uses the Gregorian January day-page convention; for pre-modern events the original local calendar and conversion can differ. No year 0 is used. Source 1 is a secondary compilation; institutional corroboration is included when available.,Transregional/unspecified,JAN-25-15,event,United Nations Security Council Resolution 1 relating to Military Staff Committee is adopted. The event is recorded in a dated historical chronology for this calendar day. The dated reference identifies this as a historical event on this calendar day.,United Nations Security Council Resolution 1 relating to Military Staff Committee is adopted.,25 January 1946 CE,https://en.wikipedia.org/wiki/January_25,,01-25,Wikipedia — January 25,,exact day (secondary compilation),War and conflict,,Gregorian day-date convention (retrospective where applicable),meets target,regional,Secondary reference compilation; corroborated by institutional source where supplied,20,verified against dated reference entry,20,6
25,CE,1980,January,Date uses the Gregorian January day-page convention; for pre-modern events the original local calendar and conversion can differ. No year 0 is used. Source 1 is a secondary compilation; institutional corroboration is included when available.,Asia,JAN-25-16,event,"Mother Teresa is honored with India's highest civilian award, the Bharat Ratna. The event is recorded in a dated historical chronology for this calendar day. The dated reference identifies this as a historical event on this calendar day.","Mother Teresa is honored with India's highest civilian award, the Bharat Ratna.",25 January 1980 CE,https://en.wikipedia.org/wiki/January_25,,01-25,Wikipedia — January 25,,exact day (secondary compilation),War and conflict,India,Gregorian day-date convention (retrospective where applicable),meets target,regional,Secondary reference compilation; corroborated by institutional source where supplied,20,verified against dated reference entry,20,6
25,CE,1573,January,Date uses the Gregorian January day-page convention; for pre-modern events the original local calendar and conversion can differ. No year 0 is used. Source 1 is a secondary compilation; institutional corroboration is included when available.,Asia,JAN-25-17,event,"Battle of Mikatagahara: In Japan, Takeda Shingen defeats Tokugawa Ieyasu. The event is recorded in a dated historical chronology for this calendar day. The dated reference identifies this as a historical event on this calendar day.","Battle of Mikatagahara: In Japan, Takeda Shingen defeats Tokugawa Ieyasu.",25 January 1573 CE,https://en.wikipedia.org/wiki/January_25,,01-25,Wikipedia — January 25,,exact day (secondary compilation),War and conflict,Japan,Gregorian day-date convention (retrospective where applicable),meets target,regional,Secondary reference compilation; corroborated by institutional source where supplied,20,verified against dated reference entry,20,6
25,CE,1348,January,Date uses the Gregorian January day-page convention; for pre-modern events the original local calendar and conversion can differ. No year 0 is used. Source 1 is a secondary compilation; institutional corroboration is included when available.,Europe,JAN-25-18,event,"A strong earthquake strikes the South Alpine region of Friuli in modern Italy, causing considerable damage to buildings as far away as Rome. The event is recorded in a dated historical chronology for this calendar day.","A strong earthquake strikes the South Alpine region of Friuli in modern Italy, causing considerable damage to buildings as far away as Rome.",25 January 1348 CE,https://en.wikipedia.org/wiki/January_25,,01-25,Wikipedia — January 25,,exact day (secondary compilation),Disaster and public safety,Italy,Gregorian day-date convention (retrospective where applicable),meets target,national,Secondary reference compilation; corroborated by institutional source where supplied,20,verified against dated reference entry,20,5
25,CE,1791,January,Date uses the Gregorian January day-page convention; for pre-modern events the original local calendar and conversion can differ. No year 0 is used. Source 1 is a secondary compilation; institutional corroboration is included when available.,Americas,JAN-25-19,event,The British Parliament passes the Constitutional Act of 1791 and splits the old Province of Quebec into Upper Canada and Lower Canada. The event is recorded in a dated historical chronology for this calendar day.,The British Parliament passes the Constitutional Act of 1791 and splits the old Province of Quebec into Upper Canada and Lower Canada.,25 January 1791 CE,https://en.wikipedia.org/wiki/January_25,,01-25,Wikipedia — January 25,,exact day (secondary compilation),Political history and decolonization,Canada,Gregorian day-date convention (retrospective where applicable),meets target,national,Secondary reference compilation; corroborated by institutional source where supplied,20,verified against dated reference entry,20,5
25,CE,1998,January,Date uses the Gregorian January day-page convention; for pre-modern events the original local calendar and conversion can differ. No year 0 is used. Source 1 is a secondary compilation; institutional corroboration is included when available.,Asia,JAN-25-20,event,A suicide attack by the Liberation Tigers of Tamil Eelam on Sri Lanka's Temple of the Tooth kills eight and injures 25 others. The event is recorded in a dated historical chronology for this calendar day.,A suicide attack by the Liberation Tigers of Tamil Eelam on Sri Lanka's Temple of the Tooth kills eight and injures 25 others.,25 January 1998 CE,https://en.wikipedia.org/wiki/January_25,,01-25,Wikipedia — January 25,,exact day (secondary compilation),War and conflict,Sri Lanka,Gregorian day-date convention (retrospective where applicable),meets target,national,Secondary reference compilation; corroborated by institutional source where supplied,20,verified against dated reference entry,20,5
26,CE,1863,January,Date uses the Gregorian January day-page convention; for pre-modern events the original local calendar and conversion can differ. No year 0 is used. Source 1 is a secondary compilation; institutional corroboration is included when available.,Africa,JAN-26-01,event,American Civil War: Governor of Massachusetts John Albion Andrew receives permission from the Secretary of War to raise a militia organization for men of African descent. The event is recorded in a dated historical chronology for this calendar day.,American Civil War: Governor of Massachusetts John Albion Andrew receives permission from the Secretary of War to raise a militia organization for men of African descent.,26 January 1863 CE,https://en.wikipedia.org/wiki/January_26,,01-26,Wikipedia — January 26,,exact day (secondary compilation),War and conflict,,Gregorian day-date convention (retrospective where applicable),meets target,regional,Secondary reference compilation; corroborated by institutional source where supplied,20,verified against dated reference entry,20,7
26,CE,1930,January,Date uses the Gregorian January day-page convention; for pre-modern events the original local calendar and conversion can differ. No year 0 is used. Source 1 is a secondary compilation; institutional corroboration is included when available.,Asia,JAN-26-02,event,"The Indian National Congress declares 26 January as Independence Day or as the day for Poorna Swaraj (""Complete Independence"") which occurred 17 years later. The event is recorded in a dated historical chronology for this calendar day.","The Indian National Congress declares 26 January as Independence Day or as the day for Poorna Swaraj (""Complete Independence"") which occurred 17 years later.",26 January 1930 CE,https://en.wikipedia.org/wiki/January_26,,01-26,Wikipedia — January 26,,exact day (secondary compilation),War and conflict,India,Gregorian day-date convention (retrospective where applicable),meets target,international,Secondary reference compilation; corroborated by institutional source where supplied,20,verified against dated reference entry,20,9
26,CE,1699,January,Date uses the Gregorian January day-page convention; for pre-modern events the original local calendar and conversion can differ. No year 0 is used. Source 1 is a secondary compilation; institutional corroboration is included when available.,Middle East,JAN-26-03,event,"For the first time, the Ottoman Empire permanently cedes territory to the Christian powers. The event is recorded in a dated historical chronology for this calendar day. The dated reference identifies this as a historical event on this calendar day.","For the first time, the Ottoman Empire permanently cedes territory to the Christian powers.",26 January 1699 CE,https://en.wikipedia.org/wiki/January_26,,01-26,Wikipedia — January 26,,exact day (secondary compilation),Political history and decolonization,,Gregorian day-date convention (retrospective where applicable),meets target,regional,Secondary reference compilation; corroborated by institutional source where supplied,20,verified against dated reference entry,20,6
26,CE,1942,January,Date uses the Gregorian January day-page convention; for pre-modern events the original local calendar and conversion can differ. No year 0 is used. Source 1 is a secondary compilation; institutional corroboration is included when available.,Americas,JAN-26-04,event,"World War II: The first United States forces arrive in Europe, landing in Northern Ireland. The event is recorded in a dated historical chronology for this calendar day. The dated reference identifies this as a historical event on this calendar day.","World War II: The first United States forces arrive in Europe, landing in Northern Ireland.",26 January 1942 CE,https://en.wikipedia.org/wiki/January_26,,01-26,Wikipedia — January 26,,exact day (secondary compilation),War and conflict,United States,Gregorian day-date convention (retrospective where applicable),meets target,international,Secondary reference compilation; corroborated by institutional source where supplied,20,verified against dated reference entry,20,9
26,CE,1788,January,Date uses the Gregorian January day-page convention; for pre-modern events the original local calendar and conversion can differ. No year 0 is used. Source 1 is a secondary compilation; institutional corroboration is included when available.,Oceania,JAN-26-05,event,"The British First Fleet, led by Arthur Phillip, sails into Port Jackson (Sydney Harbour) to establish Sydney, the first permanent European settlement on Australia. Commemorated as Australia Day. The event is recorded in a dated historical chronology for this calendar day.","The British First Fleet, led by Arthur Phillip, sails into Port Jackson (Sydney Harbour) to establish Sydney, the first permanent European settlement on Australia. Commemorated…",26 January 1788 CE,https://en.wikipedia.org/wiki/January_26,,01-26,Wikipedia — January 26,,exact day (secondary compilation),"Social, economic and institutional history",Australia,Gregorian day-date convention (retrospective where applicable),meets target,national,Secondary reference compilation; corroborated by institutional source where supplied,20,verified against dated reference entry,20,5
26,CE,1950,January,Date uses the Gregorian January day-page convention; for pre-modern events the original local calendar and conversion can differ. No year 0 is used. Source 1 is a secondary compilation; institutional corroboration is included when available.,Asia,JAN-26-06,event,"The Constitution of India comes into force, forming a republic. Rajendra Prasad is sworn in as the first President of India. Observed as Republic Day in India. The event is recorded in a dated historical chronology for this calendar day.","The Constitution of India comes into force, forming a republic. Rajendra Prasad is sworn in as the first President of India. Observed as Republic Day in India.",26 January 1950 CE,https://en.wikipedia.org/wiki/January_26,,01-26,Wikipedia — January 26,,exact day (secondary compilation),Political history and decolonization,India,Gregorian day-date convention (retrospective where applicable),meets target,international,Secondary reference compilation; corroborated by institutional source where supplied,20,verified against dated reference entry,20,8
26,CE,1945,January,Date uses the Gregorian January day-page convention; for pre-modern events the original local calendar and conversion can differ. No year 0 is used. Source 1 is a secondary compilation; institutional corroboration is included when available.,Transregional/unspecified,JAN-26-07,event,World War II: Audie Murphy displays valor and bravery in action for which he will later be awarded the Medal of Honor. The event is recorded in a dated historical chronology for this calendar day.,World War II: Audie Murphy displays valor and bravery in action for which he will later be awarded the Medal of Honor.,26 January 1945 CE,https://en.wikipedia.org/wiki/January_26,,01-26,Wikipedia — January 26,,exact day (secondary compilation),War and conflict,,Gregorian day-date convention (retrospective where applicable),meets target,international,Secondary reference compilation; corroborated by institutional source where supplied,20,verified against dated reference entry,20,8
26,CE,1641,January,Date uses the Gregorian January day-page convention; for pre-modern events the original local calendar and conversion can differ. No year 0 is used. Source 1 is a secondary compilation; institutional corroboration is included when available.,Transregional/unspecified,JAN-26-08,event,"Reapers' War: Battle of Montjuïc, decisive victory of the Catalan army (with French support) over the Spanish army. The event is recorded in a dated historical chronology for this calendar day.","Reapers' War: Battle of Montjuïc, decisive victory of the Catalan army (with French support) over the Spanish army.",26 January 1641 CE,https://en.wikipedia.org/wiki/January_26,,01-26,Wikipedia — January 26,,exact day (secondary compilation),War and conflict,,Gregorian day-date convention (retrospective where applicable),meets target,international,Secondary reference compilation; corroborated by institutional source where supplied,20,verified against dated reference entry,20,8
26,CE,1564,January,Date uses the Gregorian January day-page convention; for pre-modern events the original local calendar and conversion can differ. No year 0 is used. Source 1 is a secondary compilation; institutional corroboration is included when available.,Europe,JAN-26-09,event,The Grand Duchy of Lithuania defeats the Tsardom of Russia in the Battle of Ula during the Livonian War. The event is recorded in a dated historical chronology for this calendar day.,The Grand Duchy of Lithuania defeats the Tsardom of Russia in the Battle of Ula during the Livonian War.,26 January 1564 CE,https://en.wikipedia.org/wiki/January_26,,01-26,Wikipedia — January 26,,exact day (secondary compilation),War and conflict,Russia,Gregorian day-date convention (retrospective where applicable),meets target,international,Secondary reference compilation; corroborated by institutional source where supplied,20,verified against dated reference entry,20,8
26,CE,1863,January,Date uses the Gregorian January day-page convention; for pre-modern events the original local calendar and conversion can differ. No year 0 is used. Source 1 is a secondary compilation; institutional corroboration is included when available.,Americas,JAN-26-10,event,American Civil War: General Ambrose Burnside is relieved of command of the Army of the Potomac after the disastrous Fredericksburg campaign. He is replaced by Joseph Hooker. The event is recorded in a dated historical chronology for this calendar day.,American Civil War: General Ambrose Burnside is relieved of command of the Army of the Potomac after the disastrous Fredericksburg campaign. He is replaced by Joseph Hooker.,26 January 1863 CE,https://en.wikipedia.org/wiki/January_26,,01-26,Wikipedia — January 26,,exact day (secondary compilation),War and conflict,,Gregorian day-date convention (retrospective where applicable),meets target,regional,Secondary reference compilation; corroborated by institutional source where supplied,20,verified against dated reference entry,20,7
26,CE,1918,January,Date uses the Gregorian January day-page convention; for pre-modern events the original local calendar and conversion can differ. No year 0 is used. Source 1 is a secondary compilation; institutional corroboration is included when available.,Transregional/unspecified,JAN-26-11,event,Finnish Civil War: A group of Red Guards hangs a red lantern atop the tower of Helsinki Workers' Hall to symbolically mark the start of the war. The event is recorded in a dated historical chronology for this calendar day.,Finnish Civil War: A group of Red Guards hangs a red lantern atop the tower of Helsinki Workers' Hall to symbolically mark the start of the war.,26 January 1918 CE,https://en.wikipedia.org/wiki/January_26,,01-26,Wikipedia — January 26,,exact day (secondary compilation),War and conflict,,Gregorian day-date convention (retrospective where applicable),meets target,regional,Secondary reference compilation; corroborated by institutional source where supplied,20,verified against dated reference entry,20,7
26,CE,1939,January,Date uses the Gregorian January day-page convention; for pre-modern events the original local calendar and conversion can differ. No year 0 is used. Source 1 is a secondary compilation; institutional corroboration is included when available.,Europe,JAN-26-12,event,Spanish Civil War: Catalonia Offensive: Troops loyal to nationalist General Francisco Franco and aided by Italy take Barcelona. The event is recorded in a dated historical chronology for this calendar day.,Spanish Civil War: Catalonia Offensive: Troops loyal to nationalist General Francisco Franco and aided by Italy take Barcelona.,26 January 1939 CE,https://en.wikipedia.org/wiki/January_26,,01-26,Wikipedia — January 26,,exact day (secondary compilation),War and conflict,Italy,Gregorian day-date convention (retrospective where applicable),meets target,regional,Secondary reference compilation; corroborated by institutional source where supplied,20,verified against dated reference entry,20,7
26,CE,1861,January,Date uses the Gregorian January day-page convention; for pre-modern events the original local calendar and conversion can differ. No year 0 is used. Source 1 is a secondary compilation; institutional corroboration is included when available.,Americas,JAN-26-13,event,American Civil War: The state of Louisiana secedes from the Union. The event is recorded in a dated historical chronology for this calendar day. The dated reference identifies this as a historical event on this calendar day.,American Civil War: The state of Louisiana secedes from the Union.,26 January 1861 CE,https://en.wikipedia.org/wiki/January_26,,01-26,Wikipedia — January 26,,exact day (secondary compilation),War and conflict,,Gregorian day-date convention (retrospective where applicable),meets target,regional,Secondary reference compilation; corroborated by institutional source where supplied,20,verified against dated reference entry,20,7
26,CE,1962,January,Date uses the Gregorian January day-page convention; for pre-modern events the original local calendar and conversion can differ. No year 0 is used. Source 1 is a secondary compilation; institutional corroboration is included when available.,Transregional/unspecified,JAN-26-14,event,"Ranger 3 is launched to study the Moon. The space probe later misses the Moon by 22,000 miles (35,400 km). The event is recorded in a dated historical chronology for this calendar day.","Ranger 3 is launched to study the Moon. The space probe later misses the Moon by 22,000 miles (35,400 km).",26 January 1962 CE,https://en.wikipedia.org/wiki/January_26,,01-26,Wikipedia — January 26,,exact day (secondary compilation),"Science, technology and exploration",,Gregorian day-date convention (retrospective where applicable),meets target,regional,Secondary reference compilation; corroborated by institutional source where supplied,20,verified against dated reference entry,20,7
26,CE,1856,January,Date uses the Gregorian January day-page convention; for pre-modern events the original local calendar and conversion can differ. No year 0 is used. Source 1 is a secondary compilation; institutional corroboration is included when available.,Americas,JAN-26-15,event,First Battle of Seattle: Marines from the USS Decatur drive off Native American attackers after all-day battle with settlers. The event is recorded in a dated historical chronology for this calendar day.,First Battle of Seattle: Marines from the USS Decatur drive off Native American attackers after all-day battle with settlers.,26 January 1856 CE,https://en.wikipedia.org/wiki/January_26,,01-26,Wikipedia — January 26,,exact day (secondary compilation),War and conflict,,Gregorian day-date convention (retrospective where applicable),meets target,regional,Secondary reference compilation; corroborated by institutional source where supplied,20,verified against dated reference entry,20,7
26,CE,2009,January,Date uses the Gregorian January day-page convention; for pre-modern events the original local calendar and conversion can differ. No year 0 is used. Source 1 is a secondary compilation; institutional corroboration is included when available.,Transregional/unspecified,JAN-26-16,event,"Rioting breaks out in Antananarivo, Madagascar, sparking a political crisis that will result in the replacement of President Marc Ravalomanana with Andry Rajoelina. The event is recorded in a dated historical chronology for this calendar day.","Rioting breaks out in Antananarivo, Madagascar, sparking a political crisis that will result in the replacement of President Marc Ravalomanana with Andry Rajoelina.",26 January 2009 CE,https://en.wikipedia.org/wiki/January_26,,01-26,Wikipedia — January 26,,exact day (secondary compilation),Political history and decolonization,,Gregorian day-date convention (retrospective where applicable),meets target,national,Secondary reference compilation; corroborated by institutional source where supplied,20,verified against dated reference entry,20,4
26,CE,1700,January,Date uses the Gregorian January day-page convention; for pre-modern events the original local calendar and conversion can differ. No year 0 is used. Source 1 is a secondary compilation; institutional corroboration is included when available.,Asia,JAN-26-17,event,"The 8.7–9.2 M w Cascadia earthquake takes place off the west coast of North America, as evidenced by Japanese records. The event is recorded in a dated historical chronology for this calendar day.","The 8.7–9.2 M w Cascadia earthquake takes place off the west coast of North America, as evidenced by Japanese records.",26 January 1700 CE,https://en.wikipedia.org/wiki/January_26,,01-26,Wikipedia — January 26,,exact day (secondary compilation),Disaster and public safety,Japan,Gregorian day-date convention (retrospective where applicable),meets target,national,Secondary reference compilation; corroborated by institutional source where supplied,20,verified against dated reference entry,20,5
26,CE,2001,January,Date uses the Gregorian January day-page convention; for pre-modern events the original local calendar and conversion can differ. No year 0 is used. Source 1 is a secondary compilation; institutional corroboration is included when available.,Asia,JAN-26-18,event,"The 7.7 M w Gujarat earthquake shakes Western India, leaving 13,805–20,023 dead and about 166,800 injured. The event is recorded in a dated historical chronology for this calendar day. The dated reference identifies this as a historical event on this calendar day.","The 7.7 M w Gujarat earthquake shakes Western India, leaving 13,805–20,023 dead and about 166,800 injured.",26 January 2001 CE,https://en.wikipedia.org/wiki/January_26,,01-26,Wikipedia — January 26,,exact day (secondary compilation),Disaster and public safety,India,Gregorian day-date convention (retrospective where applicable),meets target,national,Secondary reference compilation; corroborated by institutional source where supplied,20,verified against dated reference entry,20,5
26,CE,1531,January,Date uses the Gregorian January day-page convention; for pre-modern events the original local calendar and conversion can differ. No year 0 is used. Source 1 is a secondary compilation; institutional corroboration is included when available.,Transregional/unspecified,JAN-26-19,event,The 6.4–7.1 M w Lisbon earthquake kills about thirty thousand people. The event is recorded in a dated historical chronology for this calendar day. The dated reference identifies this as a historical event on this calendar day.,The 6.4–7.1 M w Lisbon earthquake kills about thirty thousand people.,26 January 1531 CE,https://en.wikipedia.org/wiki/January_26,,01-26,Wikipedia — January 26,,exact day (secondary compilation),Disaster and public safety,,Gregorian day-date convention (retrospective where applicable),meets target,national,Secondary reference compilation; corroborated by institutional source where supplied,20,verified against dated reference entry,20,5
26,CE,1855,January,Date uses the Gregorian January day-page convention; for pre-modern events the original local calendar and conversion can differ. No year 0 is used. Source 1 is a secondary compilation; institutional corroboration is included when available.,Transregional/unspecified,JAN-26-20,event,Point No Point Treaty is signed in Washington Territory. The event is recorded in a dated historical chronology for this calendar day. The dated reference identifies this as a historical event on this calendar day.,Point No Point Treaty is signed in Washington Territory.,26 January 1855 CE,https://en.wikipedia.org/wiki/January_26,,01-26,Wikipedia — January 26,,exact day (secondary compilation),Political history and decolonization,,Gregorian day-date convention (retrospective where applicable),meets target,national,Secondary reference compilation; corroborated by institutional source where supplied,20,verified against dated reference entry,20,5
27,CE,2002,January,Date uses the Gregorian January day-page convention; for pre-modern events the original local calendar and conversion can differ. No year 0 is used. Source 1 is a secondary compilation; institutional corroboration is included when available.,Africa,JAN-27-01,event,"An explosion at a military storage facility in Lagos, Nigeria, kills at least 1,100 people and displaces over 20,000 others. The event is recorded in a dated historical chronology for this calendar day.","An explosion at a military storage facility in Lagos, Nigeria, kills at least 1,100 people and displaces over 20,000 others.",27 January 2002 CE,https://en.wikipedia.org/wiki/January_27,,01-27,Wikipedia — January 27,,exact day (secondary compilation),War and conflict,Nigeria,Gregorian day-date convention (retrospective where applicable),meets target,national,Secondary reference compilation; corroborated by institutional source where supplied,20,verified against dated reference entry,20,4
27,CE,1973,January,Date uses the Gregorian January day-page convention; for pre-modern events the original local calendar and conversion can differ. No year 0 is used. Source 1 is a secondary compilation; institutional corroboration is included when available.,Asia,JAN-27-02,event,The Paris Peace Accords officially ends the Vietnam War. Colonel William Nolde is killed in action becoming the conflict's last recorded American combat casualty. The event is recorded in a dated historical chronology for this calendar day.,The Paris Peace Accords officially ends the Vietnam War. Colonel William Nolde is killed in action becoming the conflict's last recorded American combat casualty.,27 January 1973 CE,https://en.wikipedia.org/wiki/January_27,,01-27,Wikipedia — January 27,,exact day (secondary compilation),War and conflict,Vietnam,Gregorian day-date convention (retrospective where applicable),meets target,regional,Secondary reference compilation; corroborated by institutional source where supplied,20,verified against dated reference entry,20,6
27,CE,1980,January,Date uses the Gregorian January day-page convention; for pre-modern events the original local calendar and conversion can differ. No year 0 is used. Source 1 is a secondary compilation; institutional corroboration is included when available.,Middle East,JAN-27-03,event,"Through cooperation between the U.S. and Canadian governments, six American diplomats secretly escape hostilities in Iran in the culmination of the Canadian Caper. The event is recorded in a dated historical chronology for this calendar day.","Through cooperation between the U.S. and Canadian governments, six American diplomats secretly escape hostilities in Iran in the culmination of the Canadian Caper.",27 January 1980 CE,https://en.wikipedia.org/wiki/January_27,,01-27,Wikipedia — January 27,,exact day (secondary compilation),"Culture, education and religion",Iran,Gregorian day-date convention (retrospective where applicable),meets target,national,Secondary reference compilation; corroborated by institutional source where supplied,20,verified against dated reference entry,20,4
27,CE,1967,January,Date uses the Gregorian January day-page convention; for pre-modern events the original local calendar and conversion can differ. No year 0 is used. Source 1 is a secondary compilation; institutional corroboration is included when available.,Americas,JAN-27-04,event,"Cold War: The Soviet Union, the United States, and the United Kingdom sign the Outer Space Treaty in Washington, D.C., banning deployment of nuclear weapons in space, and limiting the usage of the Moon and other celestial bodies to peaceful purposes.","Cold War: The Soviet Union, the United States, and the United Kingdom sign the Outer Space Treaty in Washington, D.C., banning deployment of nuclear weapons in space, and…",27 January 1967 CE,https://en.wikipedia.org/wiki/January_27,,01-27,Wikipedia — January 27,,exact day (secondary compilation),War and conflict,United States,Gregorian day-date convention (retrospective where applicable),meets target,international,Secondary reference compilation; corroborated by institutional source where supplied,20,verified against dated reference entry,20,9
27,CE,1928,January,Date uses the Gregorian January day-page convention; for pre-modern events the original local calendar and conversion can differ. No year 0 is used. Source 1 is a secondary compilation; institutional corroboration is included when available.,Oceania,JAN-27-05,event,"Bundaberg tragedy: a diphtheria vaccine is contaminated with Staph. aureus bacterium, resulting in the deaths of twelve children in the Australian town of Bundaberg. The event is recorded in a dated historical chronology for this calendar day.","Bundaberg tragedy: a diphtheria vaccine is contaminated with Staph. aureus bacterium, resulting in the deaths of twelve children in the Australian town of Bundaberg.",27 January 1928 CE,https://en.wikipedia.org/wiki/January_27,,01-27,Wikipedia — January 27,,exact day (secondary compilation),"Social, economic and institutional history",Australia,Gregorian day-date convention (retrospective where applicable),meets target,national,Secondary reference compilation; corroborated by institutional source where supplied,20,verified against dated reference entry,20,4
27,CE,1820,January,Date uses the Gregorian January day-page convention; for pre-modern events the original local calendar and conversion can differ. No year 0 is used. Source 1 is a secondary compilation; institutional corroboration is included when available.,Polar regions,JAN-27-06,event,"A Russian expedition led by Fabian Gottlieb von Bellingshausen and Mikhail Petrovich Lazarev discovers the Antarctic continent, approaching the Antarctic coast. The event is recorded in a dated historical chronology for this calendar day.","A Russian expedition led by Fabian Gottlieb von Bellingshausen and Mikhail Petrovich Lazarev discovers the Antarctic continent, approaching the Antarctic coast.",27 January 1820 CE,https://en.wikipedia.org/wiki/January_27,,01-27,Wikipedia — January 27,,exact day (secondary compilation),"Social, economic and institutional history",Russia,Gregorian day-date convention (retrospective where applicable),meets target,national,Secondary reference compilation; corroborated by institutional source where supplied,20,verified against dated reference entry,20,5
27,CE,1943,January,Date uses the Gregorian January day-page convention; for pre-modern events the original local calendar and conversion can differ. No year 0 is used. Source 1 is a secondary compilation; institutional corroboration is included when available.,Americas,JAN-27-07,event,"World War II: The Eighth Air Force sorties ninety-one B-17s and B-24s to attack the U-boat construction yards at Wilhelmshaven, Germany. This was the first American bombing attack on Germany.","World War II: The Eighth Air Force sorties ninety-one B-17s and B-24s to attack the U-boat construction yards at Wilhelmshaven, Germany. This was the first American bombing…",27 January 1943 CE,https://en.wikipedia.org/wiki/January_27,,01-27,Wikipedia — January 27,,exact day (secondary compilation),War and conflict,Germany,Gregorian day-date convention (retrospective where applicable),meets target,international,Secondary reference compilation; corroborated by institutional source where supplied,20,verified against dated reference entry,20,9
27,CE,1916,January,Date uses the Gregorian January day-page convention; for pre-modern events the original local calendar and conversion can differ. No year 0 is used. Source 1 is a secondary compilation; institutional corroboration is included when available.,Transregional/unspecified,JAN-27-08,event,World War I: The British government passes the Military Service Act that introduces conscription in the United Kingdom. The event is recorded in a dated historical chronology for this calendar day.,World War I: The British government passes the Military Service Act that introduces conscription in the United Kingdom.,27 January 1916 CE,https://en.wikipedia.org/wiki/January_27,,01-27,Wikipedia — January 27,,exact day (secondary compilation),War and conflict,United Kingdom,Gregorian day-date convention (retrospective where applicable),meets target,international,Secondary reference compilation; corroborated by institutional source where supplied,20,verified against dated reference entry,20,8
27,CE,1868,January,Date uses the Gregorian January day-page convention; for pre-modern events the original local calendar and conversion can differ. No year 0 is used. Source 1 is a secondary compilation; institutional corroboration is included when available.,Transregional/unspecified,JAN-27-09,event,"Boshin War: The Battle of Toba–Fushimi begins, between forces of the Tokugawa shogunate and pro- Imperial factions; it will end in defeat for the shogunate, and is a pivotal point in the Meiji Restoration.","Boshin War: The Battle of Toba–Fushimi begins, between forces of the Tokugawa shogunate and pro- Imperial factions; it will end in defeat for the shogunate, and is a pivotal…",27 January 1868 CE,https://en.wikipedia.org/wiki/January_27,,01-27,Wikipedia — January 27,,exact day (secondary compilation),War and conflict,,Gregorian day-date convention (retrospective where applicable),meets target,international,Secondary reference compilation; corroborated by institutional source where supplied,20,verified against dated reference entry,20,8
27,CE,1776,January,Date uses the Gregorian January day-page convention; for pre-modern events the original local calendar and conversion can differ. No year 0 is used. Source 1 is a secondary compilation; institutional corroboration is included when available.,Americas,JAN-27-10,event,"American Revolutionary War: Henry Knox's "" noble train of artillery"" arrives in Cambridge, Massachusetts. The event is recorded in a dated historical chronology for this calendar day. The dated reference identifies this as a historical event on this calendar day.","American Revolutionary War: Henry Knox's "" noble train of artillery"" arrives in Cambridge, Massachusetts.",27 January 1776 CE,https://en.wikipedia.org/wiki/January_27,,01-27,Wikipedia — January 27,,exact day (secondary compilation),War and conflict,,Gregorian day-date convention (retrospective where applicable),meets target,international,Secondary reference compilation; corroborated by institutional source where supplied,20,verified against dated reference entry,20,8
27,CE,1945,January,Date uses the Gregorian January day-page convention; for pre-modern events the original local calendar and conversion can differ. No year 0 is used. Source 1 is a secondary compilation; institutional corroboration is included when available.,Transregional/unspecified,JAN-27-11,event,World War II: The Soviet 322nd Rifle Division liberates the remaining inmates of Auschwitz-Birkenau. The event is recorded in a dated historical chronology for this calendar day. The dated reference identifies this as a historical event on this calendar day.,World War II: The Soviet 322nd Rifle Division liberates the remaining inmates of Auschwitz-Birkenau.,27 January 1945 CE,https://en.wikipedia.org/wiki/January_27,https://www.un.org/en/observances/commemoration-holocaust-victims-day?utm=,01-27,Wikipedia — January 27,United Nations,exact day (secondary compilation),War and conflict,,Gregorian day-date convention (retrospective where applicable),meets target,international,Secondary reference compilation; corroborated by institutional source where supplied,20,verified against dated reference entry,20,8
27,CE,1944,January,Date uses the Gregorian January day-page convention; for pre-modern events the original local calendar and conversion can differ. No year 0 is used. Source 1 is a secondary compilation; institutional corroboration is included when available.,Transregional/unspecified,JAN-27-12,event,World War II: The 872-day Siege of Leningrad is lifted. The event is recorded in a dated historical chronology for this calendar day. The dated reference identifies this as a historical event on this calendar day.,World War II: The 872-day Siege of Leningrad is lifted.,27 January 1944 CE,https://en.wikipedia.org/wiki/January_27,,01-27,Wikipedia — January 27,,exact day (secondary compilation),War and conflict,,Gregorian day-date convention (retrospective where applicable),meets target,international,Secondary reference compilation; corroborated by institutional source where supplied,20,verified against dated reference entry,20,8
27,CE,1996,January,Date uses the Gregorian January day-page convention; for pre-modern events the original local calendar and conversion can differ. No year 0 is used. Source 1 is a secondary compilation; institutional corroboration is included when available.,Transregional/unspecified,JAN-27-13,event,"In a military coup, Colonel Ibrahim Baré Maïnassara deposes the first democratically elected president of Niger, Mahamane Ousmane. The event is recorded in a dated historical chronology for this calendar day.","In a military coup, Colonel Ibrahim Baré Maïnassara deposes the first democratically elected president of Niger, Mahamane Ousmane.",27 January 1996 CE,https://en.wikipedia.org/wiki/January_27,,01-27,Wikipedia — January 27,,exact day (secondary compilation),War and conflict,,Gregorian day-date convention (retrospective where applicable),meets target,regional,Secondary reference compilation; corroborated by institutional source where supplied,20,verified against dated reference entry,20,6
27,CE,1869,January,Date uses the Gregorian January day-page convention; for pre-modern events the original local calendar and conversion can differ. No year 0 is used. Source 1 is a secondary compilation; institutional corroboration is included when available.,Transregional/unspecified,JAN-27-14,event,Boshin War: Tokugawa rebels establish the Ezo Republic in Hokkaidō. The event is recorded in a dated historical chronology for this calendar day. The dated reference identifies this as a historical event on this calendar day.,Boshin War: Tokugawa rebels establish the Ezo Republic in Hokkaidō.,27 January 1869 CE,https://en.wikipedia.org/wiki/January_27,,01-27,Wikipedia — January 27,,exact day (secondary compilation),War and conflict,,Gregorian day-date convention (retrospective where applicable),meets target,regional,Secondary reference compilation; corroborated by institutional source where supplied,20,verified against dated reference entry,20,7
27,CE,1785,January,Date uses the Gregorian January day-page convention; for pre-modern events the original local calendar and conversion can differ. No year 0 is used. Source 1 is a secondary compilation; institutional corroboration is included when available.,Americas,JAN-27-15,event,"The University of Georgia is founded, the first state-chartered public university in the United States. The event is recorded in a dated historical chronology for this calendar day. The dated reference identifies this as a historical event on this calendar day.","The University of Georgia is founded, the first state-chartered public university in the United States.",27 January 1785 CE,https://en.wikipedia.org/wiki/January_27,,01-27,Wikipedia — January 27,,exact day (secondary compilation),"Culture, education and religion",United States,Gregorian day-date convention (retrospective where applicable),meets target,regional,Secondary reference compilation; corroborated by institutional source where supplied,20,verified against dated reference entry,20,6
27,CE,1967,January,Date uses the Gregorian January day-page convention; for pre-modern events the original local calendar and conversion can differ. No year 0 is used. Source 1 is a secondary compilation; institutional corroboration is included when available.,Transregional/unspecified,JAN-27-16,event,"Apollo program: Astronauts Gus Grissom, Ed White and Roger Chaffee are killed in a fire during a test of their Apollo 1 spacecraft at the Kennedy Space Center, Florida. The event is recorded in a dated historical chronology for this calendar day.","Apollo program: Astronauts Gus Grissom, Ed White and Roger Chaffee are killed in a fire during a test of their Apollo 1 spacecraft at the Kennedy Space Center, Florida.",27 January 1967 CE,https://en.wikipedia.org/wiki/January_27,,01-27,Wikipedia — January 27,,exact day (secondary compilation),"Science, technology and exploration",,Gregorian day-date convention (retrospective where applicable),meets target,national,Secondary reference compilation; corroborated by institutional source where supplied,20,verified against dated reference entry,20,5
27,CE,2003,January,Date uses the Gregorian January day-page convention; for pre-modern events the original local calendar and conversion can differ. No year 0 is used. Source 1 is a secondary compilation; institutional corroboration is included when available.,Transregional/unspecified,JAN-27-17,event,The first selections for the National Recording Registry are announced by the Library of Congress. The event is recorded in a dated historical chronology for this calendar day. The dated reference identifies this as a historical event on this calendar day.,The first selections for the National Recording Registry are announced by the Library of Congress.,27 January 2003 CE,https://en.wikipedia.org/wiki/January_27,,01-27,Wikipedia — January 27,,exact day (secondary compilation),Political history and decolonization,,Gregorian day-date convention (retrospective where applicable),meets target,national,Secondary reference compilation; corroborated by institutional source where supplied,20,verified against dated reference entry,20,5
27,CE,1759,January,Date uses the Gregorian January day-page convention; for pre-modern events the original local calendar and conversion can differ. No year 0 is used. Source 1 is a secondary compilation; institutional corroboration is included when available.,Americas,JAN-27-18,event,Spanish forces clash with indigenous Huilliches of southern Chile in the battle of Río Bueno. The event is recorded in a dated historical chronology for this calendar day. The dated reference identifies this as a historical event on this calendar day.,Spanish forces clash with indigenous Huilliches of southern Chile in the battle of Río Bueno.,27 January 1759 CE,https://en.wikipedia.org/wiki/January_27,,01-27,Wikipedia — January 27,,exact day (secondary compilation),War and conflict,Chile,Gregorian day-date convention (retrospective where applicable),meets target,regional,Secondary reference compilation; corroborated by institutional source where supplied,20,verified against dated reference entry,20,6
27,CE,417,January,Date uses the Gregorian January day-page convention; for pre-modern events the original local calendar and conversion can differ. No year 0 is used. Source 1 is a secondary compilation; institutional corroboration is included when available.,Transregional/unspecified,JAN-27-19,event,Pope Innocent I declares Pelagius and his follower Caelestius excommunicated unless they return to orthodoxy. The event is recorded in a dated historical chronology for this calendar day. The dated reference identifies this as a historical event on this calendar day.,Pope Innocent I declares Pelagius and his follower Caelestius excommunicated unless they return to orthodoxy.,27 January 417 CE,https://en.wikipedia.org/wiki/January_27,,01-27,Wikipedia — January 27,,exact day (secondary compilation),"Culture, education and religion",,Gregorian day-date convention (retrospective where applicable),meets target,national,Secondary reference compilation; corroborated by institutional source where supplied,20,verified against dated reference entry,20,5
27,CE,945,January,Date uses the Gregorian January day-page convention; for pre-modern events the original local calendar and conversion can differ. No year 0 is used. Source 1 is a secondary compilation; institutional corroboration is included when available.,Transregional/unspecified,JAN-27-20,event,"The co-emperors Stephen and Constantine are overthrown and forced to become monks by Constantine VII, who becomes sole emperor of the Byzantine Empire. The event is recorded in a dated historical chronology for this calendar day.","The co-emperors Stephen and Constantine are overthrown and forced to become monks by Constantine VII, who becomes sole emperor of the Byzantine Empire.",27 January 945 CE,https://en.wikipedia.org/wiki/January_27,,01-27,Wikipedia — January 27,,exact day (secondary compilation),Political history and decolonization,,Gregorian day-date convention (retrospective where applicable),meets target,national,Secondary reference compilation; corroborated by institutional source where supplied,20,verified against dated reference entry,20,5
28,CE,1985,January,Date uses the Gregorian January day-page convention; for pre-modern events the original local calendar and conversion can differ. No year 0 is used. Source 1 is a secondary compilation; institutional corroboration is included when available.,Africa,JAN-28-01,event,"Supergroup USA for Africa (United Support of Artists for Africa) records the hit single We Are the World, to help raise funds for Ethiopian famine relief. The event is recorded in a dated historical chronology for this calendar day.","Supergroup USA for Africa (United Support of Artists for Africa) records the hit single We Are the World, to help raise funds for Ethiopian famine relief.",28 January 1985 CE,https://en.wikipedia.org/wiki/January_28,,01-28,Wikipedia — January 28,,exact day (secondary compilation),"Social, economic and institutional history",Ethiopia,Gregorian day-date convention (retrospective where applicable),meets target,national,Secondary reference compilation; corroborated by institutional source where supplied,20,verified against dated reference entry,20,4
28,CE,1945,January,Date uses the Gregorian January day-page convention; for pre-modern events the original local calendar and conversion can differ. No year 0 is used. Source 1 is a secondary compilation; institutional corroboration is included when available.,Asia,JAN-28-02,event,World War II: Supplies begin to reach the Republic of China over the newly reopened Burma Road. The event is recorded in a dated historical chronology for this calendar day.,World War II: Supplies begin to reach the Republic of China over the newly reopened Burma Road.,28 January 1945 CE,https://en.wikipedia.org/wiki/January_28,,01-28,Wikipedia — January 28,,exact day (secondary compilation),War and conflict,China,Gregorian day-date convention (retrospective where applicable),meets target,international,Secondary reference compilation; corroborated by institutional source where supplied,20,verified against dated reference entry,20,9
28,CE,1909,January,Date uses the Gregorian January day-page convention; for pre-modern events the original local calendar and conversion can differ. No year 0 is used. Source 1 is a secondary compilation; institutional corroboration is included when available.,Americas,JAN-28-03,event,"United States troops leave Cuba, with the exception of Guantanamo Bay Naval Base, after being there since the Spanish–American War. The event is recorded in a dated historical chronology for this calendar day.","United States troops leave Cuba, with the exception of Guantanamo Bay Naval Base, after being there since the Spanish–American War.",28 January 1909 CE,https://en.wikipedia.org/wiki/January_28,,01-28,Wikipedia — January 28,,exact day (secondary compilation),War and conflict,United States,Gregorian day-date convention (retrospective where applicable),meets target,regional,Secondary reference compilation; corroborated by institutional source where supplied,20,verified against dated reference entry,20,6
28,CE,1855,January,Date uses the Gregorian January day-page convention; for pre-modern events the original local calendar and conversion can differ. No year 0 is used. Source 1 is a secondary compilation; institutional corroboration is included when available.,Oceania,JAN-28-04,event,A locomotive on the Panama Canal Railway runs from the Atlantic Ocean to the Pacific Ocean for the first time. The event is recorded in a dated historical chronology for this calendar day.,A locomotive on the Panama Canal Railway runs from the Atlantic Ocean to the Pacific Ocean for the first time.,28 January 1855 CE,https://en.wikipedia.org/wiki/January_28,,01-28,Wikipedia — January 28,,exact day (secondary compilation),"Science, technology and exploration",,Gregorian day-date convention (retrospective where applicable),meets target,national,Secondary reference compilation; corroborated by institutional source where supplied,20,verified against dated reference entry,20,5
28,CE,1916,January,Date uses the Gregorian January day-page convention; for pre-modern events the original local calendar and conversion can differ. No year 0 is used. Source 1 is a secondary compilation; institutional corroboration is included when available.,Asia,JAN-28-05,event,"The Canadian province of Manitoba grants women the right to vote and run for office in provincial elections (although still excluding women of Indigenous or Asian heritage), marking the first time women in Canada are granted voting rights.","The Canadian province of Manitoba grants women the right to vote and run for office in provincial elections (although still excluding women of Indigenous or Asian heritage),…",28 January 1916 CE,https://en.wikipedia.org/wiki/January_28,,01-28,Wikipedia — January 28,,exact day (secondary compilation),Political history and decolonization,Canada,Gregorian day-date convention (retrospective where applicable),meets target,regional,Secondary reference compilation; corroborated by institutional source where supplied,20,verified against dated reference entry,20,6
28,CE,1941,January,Date uses the Gregorian January day-page convention; for pre-modern events the original local calendar and conversion can differ. No year 0 is used. Source 1 is a secondary compilation; institutional corroboration is included when available.,Asia,JAN-28-06,event,Franco-Thai War: Final air battle of the conflict. A Japanese-mediated armistice goes into effect later in the day. The event is recorded in a dated historical chronology for this calendar day.,Franco-Thai War: Final air battle of the conflict. A Japanese-mediated armistice goes into effect later in the day.,28 January 1941 CE,https://en.wikipedia.org/wiki/January_28,,01-28,Wikipedia — January 28,,exact day (secondary compilation),War and conflict,Japan,Gregorian day-date convention (retrospective where applicable),meets target,international,Secondary reference compilation; corroborated by institutional source where supplied,20,verified against dated reference entry,20,8
28,CE,1918,January,Date uses the Gregorian January day-page convention; for pre-modern events the original local calendar and conversion can differ. No year 0 is used. Source 1 is a secondary compilation; institutional corroboration is included when available.,Transregional/unspecified,JAN-28-07,event,"Finnish Civil War: The Red Guard rebels seize control of the capital, Helsinki; members of the Senate of Finland go underground. The event is recorded in a dated historical chronology for this calendar day.","Finnish Civil War: The Red Guard rebels seize control of the capital, Helsinki; members of the Senate of Finland go underground.",28 January 1918 CE,https://en.wikipedia.org/wiki/January_28,,01-28,Wikipedia — January 28,,exact day (secondary compilation),War and conflict,,Gregorian day-date convention (retrospective where applicable),meets target,regional,Secondary reference compilation; corroborated by institutional source where supplied,20,verified against dated reference entry,20,7
28,CE,1908,January,Date uses the Gregorian January day-page convention; for pre-modern events the original local calendar and conversion can differ. No year 0 is used. Source 1 is a secondary compilation; institutional corroboration is included when available.,Transregional/unspecified,JAN-28-08,event,Members of the Portuguese Republican Party fail in their attempted coup d'état against the administrative dictatorship of Prime Minister João Franco. The event is recorded in a dated historical chronology for this calendar day.,Members of the Portuguese Republican Party fail in their attempted coup d'état against the administrative dictatorship of Prime Minister João Franco.,28 January 1908 CE,https://en.wikipedia.org/wiki/January_28,,01-28,Wikipedia — January 28,,exact day (secondary compilation),Political history and decolonization,,Gregorian day-date convention (retrospective where applicable),meets target,regional,Secondary reference compilation; corroborated by institutional source where supplied,20,verified against dated reference entry,20,7
28,CE,1624,January,Date uses the Gregorian January day-page convention; for pre-modern events the original local calendar and conversion can differ. No year 0 is used. Source 1 is a secondary compilation; institutional corroboration is included when available.,Transregional/unspecified,JAN-28-09,event,"Sir Thomas Warner founds the first British colony in the Caribbean, on the island of Saint Kitts. The event is recorded in a dated historical chronology for this calendar day.","Sir Thomas Warner founds the first British colony in the Caribbean, on the island of Saint Kitts.",28 January 1624 CE,https://en.wikipedia.org/wiki/January_28,,01-28,Wikipedia — January 28,,exact day (secondary compilation),War and conflict,,Gregorian day-date convention (retrospective where applicable),meets target,regional,Secondary reference compilation; corroborated by institutional source where supplied,20,verified against dated reference entry,20,7
28,CE,1933,January,Date uses the Gregorian January day-page convention; for pre-modern events the original local calendar and conversion can differ. No year 0 is used. Source 1 is a secondary compilation; institutional corroboration is included when available.,Asia,JAN-28-10,event,The name Pakistan is coined by Choudhry Rahmat Ali Khan and is accepted by Indian Muslims who then thereby adopted it further for the Pakistan Movement seeking independence. The event is recorded in a dated historical chronology for this calendar day.,The name Pakistan is coined by Choudhry Rahmat Ali Khan and is accepted by Indian Muslims who then thereby adopted it further for the Pakistan Movement seeking independence.,28 January 1933 CE,https://en.wikipedia.org/wiki/January_28,,01-28,Wikipedia — January 28,,exact day (secondary compilation),Political history and decolonization,India,Gregorian day-date convention (retrospective where applicable),meets target,regional,Secondary reference compilation; corroborated by institutional source where supplied,20,verified against dated reference entry,20,6
28,CE,1813,January,Date uses the Gregorian January day-page convention; for pre-modern events the original local calendar and conversion can differ. No year 0 is used. Source 1 is a secondary compilation; institutional corroboration is included when available.,Transregional/unspecified,JAN-28-11,event,Jane Austen's Pride and Prejudice is first published in the United Kingdom. The event is recorded in a dated historical chronology for this calendar day. The dated reference identifies this as a historical event on this calendar day.,Jane Austen's Pride and Prejudice is first published in the United Kingdom.,28 January 1813 CE,https://en.wikipedia.org/wiki/January_28,,01-28,Wikipedia — January 28,,exact day (secondary compilation),"Culture, education and religion",United Kingdom,Gregorian day-date convention (retrospective where applicable),meets target,national,Secondary reference compilation; corroborated by institutional source where supplied,20,verified against dated reference entry,20,5
28,CE,1547,January,Date uses the Gregorian January day-page convention; for pre-modern events the original local calendar and conversion can differ. No year 0 is used. Source 1 is a secondary compilation; institutional corroboration is included when available.,Europe,JAN-28-12,event,"Edward VI, the nine-year-old son of Henry VIII, becomes King of England on his father's death. The event is recorded in a dated historical chronology for this calendar day. The dated reference identifies this as a historical event on this calendar day.","Edward VI, the nine-year-old son of Henry VIII, becomes King of England on his father's death.",28 January 1547 CE,https://en.wikipedia.org/wiki/January_28,,01-28,Wikipedia — January 28,,exact day (secondary compilation),War and conflict,United Kingdom,Gregorian day-date convention (retrospective where applicable),meets target,regional,Secondary reference compilation; corroborated by institutional source where supplied,20,verified against dated reference entry,20,6
28,CE,814,January,Date uses the Gregorian January day-page convention; for pre-modern events the original local calendar and conversion can differ. No year 0 is used. Source 1 is a secondary compilation; institutional corroboration is included when available.,Transregional/unspecified,JAN-28-13,event,"The death of Charlemagne, the first Holy Roman Emperor, brings about the accession of his son Louis the Pious as ruler of the Frankish Empire. The event is recorded in a dated historical chronology for this calendar day.","The death of Charlemagne, the first Holy Roman Emperor, brings about the accession of his son Louis the Pious as ruler of the Frankish Empire.",28 January 814 CE,https://en.wikipedia.org/wiki/January_28,,01-28,Wikipedia — January 28,,exact day (secondary compilation),Political history and decolonization,,Gregorian day-date convention (retrospective where applicable),meets target,regional,Secondary reference compilation; corroborated by institutional source where supplied,20,verified against dated reference entry,20,6
28,CE,1851,January,Date uses the Gregorian January day-page convention; for pre-modern events the original local calendar and conversion can differ. No year 0 is used. Source 1 is a secondary compilation; institutional corroboration is included when available.,Transregional/unspecified,JAN-28-14,event,Northwestern University becomes the first chartered university in Illinois. The event is recorded in a dated historical chronology for this calendar day. The dated reference identifies this as a historical event on this calendar day.,Northwestern University becomes the first chartered university in Illinois.,28 January 1851 CE,https://en.wikipedia.org/wiki/January_28,,01-28,Wikipedia — January 28,,exact day (secondary compilation),"Culture, education and religion",,Gregorian day-date convention (retrospective where applicable),meets target,national,Secondary reference compilation; corroborated by institutional source where supplied,20,verified against dated reference entry,20,5
28,CE,1671,January,Date uses the Gregorian January day-page convention; for pre-modern events the original local calendar and conversion can differ. No year 0 is used. Source 1 is a secondary compilation; institutional corroboration is included when available.,Transregional/unspecified,JAN-28-15,event,Original city of Panama (founded in 1519) is destroyed by a fire when privateer Henry Morgan sacks and sets fire to it. The site of the previously devastated city is still in ruins (see Panama Viejo).,Original city of Panama (founded in 1519) is destroyed by a fire when privateer Henry Morgan sacks and sets fire to it. The site of the previously devastated city is still in…,28 January 1671 CE,https://en.wikipedia.org/wiki/January_28,,01-28,Wikipedia — January 28,,exact day (secondary compilation),Disaster and public safety,,Gregorian day-date convention (retrospective where applicable),meets target,national,Secondary reference compilation; corroborated by institutional source where supplied,20,verified against dated reference entry,20,5
28,CE,1573,January,Date uses the Gregorian January day-page convention; for pre-modern events the original local calendar and conversion can differ. No year 0 is used. Source 1 is a secondary compilation; institutional corroboration is included when available.,Europe,JAN-28-16,event,"Articles of the Warsaw Confederation are signed, sanctioning freedom of religion in Poland. The event is recorded in a dated historical chronology for this calendar day. The dated reference identifies this as a historical event on this calendar day.","Articles of the Warsaw Confederation are signed, sanctioning freedom of religion in Poland.",28 January 1573 CE,https://en.wikipedia.org/wiki/January_28,,01-28,Wikipedia — January 28,,exact day (secondary compilation),War and conflict,Poland,Gregorian day-date convention (retrospective where applicable),meets target,regional,Secondary reference compilation; corroborated by institutional source where supplied,20,verified against dated reference entry,20,6
28,CE,1846,January,Date uses the Gregorian January day-page convention; for pre-modern events the original local calendar and conversion can differ. No year 0 is used. Source 1 is a secondary compilation; institutional corroboration is included when available.,Asia,JAN-28-17,event,"The Battle of Aliwal, India, is won by British troops commanded by Sir Harry Smith. The event is recorded in a dated historical chronology for this calendar day. The dated reference identifies this as a historical event on this calendar day.","The Battle of Aliwal, India, is won by British troops commanded by Sir Harry Smith.",28 January 1846 CE,https://en.wikipedia.org/wiki/January_28,,01-28,Wikipedia — January 28,,exact day (secondary compilation),War and conflict,India,Gregorian day-date convention (retrospective where applicable),meets target,regional,Secondary reference compilation; corroborated by institutional source where supplied,20,verified against dated reference entry,20,6
28,CE,1871,January,Date uses the Gregorian January day-page convention; for pre-modern events the original local calendar and conversion can differ. No year 0 is used. Source 1 is a secondary compilation; institutional corroboration is included when available.,Europe,JAN-28-18,event,Franco-Prussian War: The Siege of Paris ends in French defeat and an armistice. The event is recorded in a dated historical chronology for this calendar day. The dated reference identifies this as a historical event on this calendar day.,Franco-Prussian War: The Siege of Paris ends in French defeat and an armistice.,28 January 1871 CE,https://en.wikipedia.org/wiki/January_28,,01-28,Wikipedia — January 28,,exact day (secondary compilation),War and conflict,Russia,Gregorian day-date convention (retrospective where applicable),meets target,regional,Secondary reference compilation; corroborated by institutional source where supplied,20,verified against dated reference entry,20,6
28,CE,1986,January,Date uses the Gregorian January day-page convention; for pre-modern events the original local calendar and conversion can differ. No year 0 is used. Source 1 is a secondary compilation; institutional corroboration is included when available.,Transregional/unspecified,JAN-28-19,event,"Space Shuttle program: STS-51-L mission: Space Shuttle Challenger disintegrates after liftoff, killing all seven astronauts on board. The event is recorded in a dated historical chronology for this calendar day.","Space Shuttle program: STS-51-L mission: Space Shuttle Challenger disintegrates after liftoff, killing all seven astronauts on board.",28 January 1986 CE,https://en.wikipedia.org/wiki/January_28,,01-28,Wikipedia — January 28,,exact day (secondary compilation),"Science, technology and exploration",,Gregorian day-date convention (retrospective where applicable),meets target,national,Secondary reference compilation; corroborated by institutional source where supplied,20,verified against dated reference entry,20,5
28,CE,1393,January,Date uses the Gregorian January day-page convention; for pre-modern events the original local calendar and conversion can differ. No year 0 is used. Source 1 is a secondary compilation; institutional corroboration is included when available.,Europe,JAN-28-20,event,King Charles VI of France is nearly killed when several other dancers' costumes catch fire during a masquerade ball in Paris. The event is recorded in a dated historical chronology for this calendar day.,King Charles VI of France is nearly killed when several other dancers' costumes catch fire during a masquerade ball in Paris.,28 January 1393 CE,https://en.wikipedia.org/wiki/January_28,,01-28,Wikipedia — January 28,,exact day (secondary compilation),Disaster and public safety,France,Gregorian day-date convention (retrospective where applicable),meets target,national,Secondary reference compilation; corroborated by institutional source where supplied,20,verified against dated reference entry,20,4
29,CE,1973,January,Date uses the Gregorian January day-page convention; for pre-modern events the original local calendar and conversion can differ. No year 0 is used. Source 1 is a secondary compilation; institutional corroboration is included when available.,Africa,JAN-29-01,event,"EgyptAir Flight 741 crashes into the Kyrenia Mountains in Cyprus, killing 37 people. The event is recorded in a dated historical chronology for this calendar day. The dated reference identifies this as a historical event on this calendar day.","EgyptAir Flight 741 crashes into the Kyrenia Mountains in Cyprus, killing 37 people.",29 January 1973 CE,https://en.wikipedia.org/wiki/January_29,,01-29,Wikipedia — January 29,,exact day (secondary compilation),Disaster and public safety,Egypt,Gregorian day-date convention (retrospective where applicable),meets target,national,Secondary reference compilation; corroborated by institutional source where supplied,20,verified against dated reference entry,20,4
29,CE,1943,January,Date uses the Gregorian January day-page convention; for pre-modern events the original local calendar and conversion can differ. No year 0 is used. Source 1 is a secondary compilation; institutional corroboration is included when available.,Asia,JAN-29-02,event,"World War II: The first day of the Battle of Rennell Island, USS Chicago (CA-29) is torpedoed and heavily damaged by Japanese bombers. The event is recorded in a dated historical chronology for this calendar day.","World War II: The first day of the Battle of Rennell Island, USS Chicago (CA-29) is torpedoed and heavily damaged by Japanese bombers.",29 January 1943 CE,https://en.wikipedia.org/wiki/January_29,,01-29,Wikipedia — January 29,,exact day (secondary compilation),War and conflict,Japan,Gregorian day-date convention (retrospective where applicable),meets target,international,Secondary reference compilation; corroborated by institutional source where supplied,20,verified against dated reference entry,20,10
29,CE,1991,January,Date uses the Gregorian January day-page convention; for pre-modern events the original local calendar and conversion can differ. No year 0 is used. Source 1 is a secondary compilation; institutional corroboration is included when available.,Middle East,JAN-29-03,event,"Gulf War: The Battle of Khafji, the first major ground engagement of the war, as well as its deadliest, begins between Iraq and Saudi Arabia. The event is recorded in a dated historical chronology for this calendar day.","Gulf War: The Battle of Khafji, the first major ground engagement of the war, as well as its deadliest, begins between Iraq and Saudi Arabia.",29 January 1991 CE,https://en.wikipedia.org/wiki/January_29,,01-29,Wikipedia — January 29,,exact day (secondary compilation),War and conflict,Iraq,Gregorian day-date convention (retrospective where applicable),meets target,international,Secondary reference compilation; corroborated by institutional source where supplied,20,verified against dated reference entry,20,9
29,CE,1863,January,Date uses the Gregorian January day-page convention; for pre-modern events the original local calendar and conversion can differ. No year 0 is used. Source 1 is a secondary compilation; institutional corroboration is included when available.,Americas,JAN-29-04,event,"The Bear River Massacre: A detachment of California Volunteers led by Colonel Patrick Edward Connor engage the Shoshone at Bear River, Washington Territory, killing hundreds of men, women and children.","The Bear River Massacre: A detachment of California Volunteers led by Colonel Patrick Edward Connor engage the Shoshone at Bear River, Washington Territory, killing hundreds of…",29 January 1863 CE,https://en.wikipedia.org/wiki/January_29,,01-29,Wikipedia — January 29,,exact day (secondary compilation),War and conflict,,Gregorian day-date convention (retrospective where applicable),meets target,international,Secondary reference compilation; corroborated by institutional source where supplied,20,verified against dated reference entry,20,8
29,CE,1944,January,Date uses the Gregorian January day-page convention; for pre-modern events the original local calendar and conversion can differ. No year 0 is used. Source 1 is a secondary compilation; institutional corroboration is included when available.,Transregional/unspecified,JAN-29-05,event,"World War II: Approximately 38 people are killed and about a dozen injured when the Polish village of Koniuchy (present-day Kaniūkai, Lithuania) is attacked by Soviet partisan units. The event is recorded in a dated historical chronology for this calendar day.","World War II: Approximately 38 people are killed and about a dozen injured when the Polish village of Koniuchy (present-day Kaniūkai, Lithuania) is attacked by Soviet partisan…",29 January 1944 CE,https://en.wikipedia.org/wiki/January_29,,01-29,Wikipedia — January 29,,exact day (secondary compilation),War and conflict,,Gregorian day-date convention (retrospective where applicable),meets target,international,Secondary reference compilation; corroborated by institutional source where supplied,20,verified against dated reference entry,20,8
29,CE,1918,January,Date uses the Gregorian January day-page convention; for pre-modern events the original local calendar and conversion can differ. No year 0 is used. Source 1 is a secondary compilation; institutional corroboration is included when available.,Transregional/unspecified,JAN-29-06,event,"Ukrainian–Soviet War: The Bolshevik Red Army, on its way to besiege Kyiv, is met by a small group of military students at the Battle of Kruty. The event is recorded in a dated historical chronology for this calendar day.","Ukrainian–Soviet War: The Bolshevik Red Army, on its way to besiege Kyiv, is met by a small group of military students at the Battle of Kruty.",29 January 1918 CE,https://en.wikipedia.org/wiki/January_29,,01-29,Wikipedia — January 29,,exact day (secondary compilation),War and conflict,,Gregorian day-date convention (retrospective where applicable),meets target,international,Secondary reference compilation; corroborated by institutional source where supplied,20,verified against dated reference entry,20,8
29,CE,1989,January,Date uses the Gregorian January day-page convention; for pre-modern events the original local calendar and conversion can differ. No year 0 is used. Source 1 is a secondary compilation; institutional corroboration is included when available.,Asia,JAN-29-07,event,"Cold War: Hungary establishes diplomatic relations with South Korea, making it the first Eastern Bloc nation to do so. The event is recorded in a dated historical chronology for this calendar day.","Cold War: Hungary establishes diplomatic relations with South Korea, making it the first Eastern Bloc nation to do so.",29 January 1989 CE,https://en.wikipedia.org/wiki/January_29,,01-29,Wikipedia — January 29,,exact day (secondary compilation),War and conflict,Korea,Gregorian day-date convention (retrospective where applicable),meets target,regional,Secondary reference compilation; corroborated by institutional source where supplied,20,verified against dated reference entry,20,7
29,CE,1944,January,Date uses the Gregorian January day-page convention; for pre-modern events the original local calendar and conversion can differ. No year 0 is used. Source 1 is a secondary compilation; institutional corroboration is included when available.,Europe,JAN-29-08,event,"World War II: In Bologna, Italy, the Anatomical theatre of the Archiginnasio is completely destroyed in an air-raid. The event is recorded in a dated historical chronology for this calendar day.","World War II: In Bologna, Italy, the Anatomical theatre of the Archiginnasio is completely destroyed in an air-raid.",29 January 1944 CE,https://en.wikipedia.org/wiki/January_29,,01-29,Wikipedia — January 29,,exact day (secondary compilation),War and conflict,Italy,Gregorian day-date convention (retrospective where applicable),meets target,international,Secondary reference compilation; corroborated by institutional source where supplied,20,verified against dated reference entry,20,8
29,CE,1814,January,Date uses the Gregorian January day-page convention; for pre-modern events the original local calendar and conversion can differ. No year 0 is used. Source 1 is a secondary compilation; institutional corroboration is included when available.,Europe,JAN-29-09,event,War of the Sixth Coalition: France engages Russia and Prussia in the Battle of Brienne. The event is recorded in a dated historical chronology for this calendar day. The dated reference identifies this as a historical event on this calendar day.,War of the Sixth Coalition: France engages Russia and Prussia in the Battle of Brienne.,29 January 1814 CE,https://en.wikipedia.org/wiki/January_29,,01-29,Wikipedia — January 29,,exact day (secondary compilation),War and conflict,France,Gregorian day-date convention (retrospective where applicable),meets target,international,Secondary reference compilation; corroborated by institutional source where supplied,20,verified against dated reference entry,20,8
29,CE,2005,January,Date uses the Gregorian January day-page convention; for pre-modern events the original local calendar and conversion can differ. No year 0 is used. Source 1 is a secondary compilation; institutional corroboration is included when available.,Asia,JAN-29-10,event,"The first direct commercial flights from mainland China (from Guangzhou) to Taiwan since 1949 arrived in Taipei. Shortly afterwards, a China Airlines flight lands in Beijing. The event is recorded in a dated historical chronology for this calendar day.","The first direct commercial flights from mainland China (from Guangzhou) to Taiwan since 1949 arrived in Taipei. Shortly afterwards, a China Airlines flight lands in Beijing.",29 January 2005 CE,https://en.wikipedia.org/wiki/January_29,,01-29,Wikipedia — January 29,,exact day (secondary compilation),War and conflict,China,Gregorian day-date convention (retrospective where applicable),meets target,regional,Secondary reference compilation; corroborated by institutional source where supplied,20,verified against dated reference entry,20,7
29,CE,1891,January,Date uses the Gregorian January day-page convention; for pre-modern events the original local calendar and conversion can differ. No year 0 is used. Source 1 is a secondary compilation; institutional corroboration is included when available.,Transregional/unspecified,JAN-29-11,event,Liliʻuokalani is proclaimed the last monarch and only queen regnant of the Kingdom of Hawaii. The event is recorded in a dated historical chronology for this calendar day. The dated reference identifies this as a historical event on this calendar day.,Liliʻuokalani is proclaimed the last monarch and only queen regnant of the Kingdom of Hawaii.,29 January 1891 CE,https://en.wikipedia.org/wiki/January_29,,01-29,Wikipedia — January 29,,exact day (secondary compilation),Political history and decolonization,,Gregorian day-date convention (retrospective where applicable),meets target,national,Secondary reference compilation; corroborated by institutional source where supplied,20,verified against dated reference entry,20,5
29,CE,1856,January,Date uses the Gregorian January day-page convention; for pre-modern events the original local calendar and conversion can differ. No year 0 is used. Source 1 is a secondary compilation; institutional corroboration is included when available.,Transregional/unspecified,JAN-29-12,event,Queen Victoria issues a Warrant under the Royal sign-manual that establishes the Victoria Cross to recognise acts of valour by British military personnel during the Crimean War. The event is recorded in a dated historical chronology for this calendar day.,Queen Victoria issues a Warrant under the Royal sign-manual that establishes the Victoria Cross to recognise acts of valour by British military personnel during the Crimean War.,29 January 1856 CE,https://en.wikipedia.org/wiki/January_29,,01-29,Wikipedia — January 29,,exact day (secondary compilation),War and conflict,,Gregorian day-date convention (retrospective where applicable),meets target,regional,Secondary reference compilation; corroborated by institutional source where supplied,20,verified against dated reference entry,20,6
29,CE,1983,January,Date uses the Gregorian January day-page convention; for pre-modern events the original local calendar and conversion can differ. No year 0 is used. Source 1 is a secondary compilation; institutional corroboration is included when available.,Transregional/unspecified,JAN-29-13,event,"Singapore cable car crash: Panamanian-registered oil rig, Eniwetok, strikes the cables of the Singapore Cable Car system linking the mainland and Sentosa Island, causing two cabins to fall into the water and killing seven people and leaving thirteen others trapped for hours.","Singapore cable car crash: Panamanian-registered oil rig, Eniwetok, strikes the cables of the Singapore Cable Car system linking the mainland and Sentosa Island, causing two…",29 January 1983 CE,https://en.wikipedia.org/wiki/January_29,,01-29,Wikipedia — January 29,,exact day (secondary compilation),Disaster and public safety,,Gregorian day-date convention (retrospective where applicable),meets target,national,Secondary reference compilation; corroborated by institutional source where supplied,20,verified against dated reference entry,20,4
29,CE,1845,January,Date uses the Gregorian January day-page convention; for pre-modern events the original local calendar and conversion can differ. No year 0 is used. Source 1 is a secondary compilation; institutional corroboration is included when available.,Americas,JAN-29-14,event,""" The Raven"" is published in The Evening Mirror in New York, the first publication with the name of the author, Edgar Allan Poe. The event is recorded in a dated historical chronology for this calendar day.",""" The Raven"" is published in The Evening Mirror in New York, the first publication with the name of the author, Edgar Allan Poe.",29 January 1845 CE,https://en.wikipedia.org/wiki/January_29,,01-29,Wikipedia — January 29,,exact day (secondary compilation),"Culture, education and religion",,Gregorian day-date convention (retrospective where applicable),meets target,national,Secondary reference compilation; corroborated by institutional source where supplied,20,verified against dated reference entry,20,5
29,CE,1918,January,Date uses the Gregorian January day-page convention; for pre-modern events the original local calendar and conversion can differ. No year 0 is used. Source 1 is a secondary compilation; institutional corroboration is included when available.,Transregional/unspecified,JAN-29-15,event,"Ukrainian–Soviet War: An armed uprising organized by the Bolsheviks in anticipation of the encroaching Red Army begins at the Kiev Arsenal, which will be put down six days later. The event is recorded in a dated historical chronology for this calendar day.","Ukrainian–Soviet War: An armed uprising organized by the Bolsheviks in anticipation of the encroaching Red Army begins at the Kiev Arsenal, which will be put down six days later.",29 January 1918 CE,https://en.wikipedia.org/wiki/January_29,,01-29,Wikipedia — January 29,,exact day (secondary compilation),War and conflict,,Gregorian day-date convention (retrospective where applicable),meets target,regional,Secondary reference compilation; corroborated by institutional source where supplied,20,verified against dated reference entry,20,6
29,CE,1911,January,Date uses the Gregorian January day-page convention; for pre-modern events the original local calendar and conversion can differ. No year 0 is used. Source 1 is a secondary compilation; institutional corroboration is included when available.,Transregional/unspecified,JAN-29-16,event,"Mexican Revolution: Mexicali is captured by the Mexican Liberal Party, igniting the Magonista rebellion of 1911. The event is recorded in a dated historical chronology for this calendar day. The dated reference identifies this as a historical event on this calendar day.","Mexican Revolution: Mexicali is captured by the Mexican Liberal Party, igniting the Magonista rebellion of 1911.",29 January 1911 CE,https://en.wikipedia.org/wiki/January_29,,01-29,Wikipedia — January 29,,exact day (secondary compilation),"Social, economic and institutional history",,Gregorian day-date convention (retrospective where applicable),meets target,regional,Secondary reference compilation; corroborated by institutional source where supplied,20,verified against dated reference entry,20,6
29,CE,946,January,Date uses the Gregorian January day-page convention; for pre-modern events the original local calendar and conversion can differ. No year 0 is used. Source 1 is a secondary compilation; institutional corroboration is included when available.,Transregional/unspecified,JAN-29-17,event,"Caliph al-Mustakfi is blinded and deposed by Mu'izz al-Dawla, ruler of the Buyid Empire. He is succeeded by al-Muti as caliph of the Abbasid Caliphate. The event is recorded in a dated historical chronology for this calendar day.","Caliph al-Mustakfi is blinded and deposed by Mu'izz al-Dawla, ruler of the Buyid Empire. He is succeeded by al-Muti as caliph of the Abbasid Caliphate.",29 January 946 CE,https://en.wikipedia.org/wiki/January_29,,01-29,Wikipedia — January 29,,exact day (secondary compilation),Political history and decolonization,,Gregorian day-date convention (retrospective where applicable),meets target,national,Secondary reference compilation; corroborated by institutional source where supplied,20,verified against dated reference entry,20,5
29,CE,1907,January,Date uses the Gregorian January day-page convention; for pre-modern events the original local calendar and conversion can differ. No year 0 is used. Source 1 is a secondary compilation; institutional corroboration is included when available.,Americas,JAN-29-18,event,Charles Curtis of Kansas becomes the first Native American U.S. Senator. The event is recorded in a dated historical chronology for this calendar day. The dated reference identifies this as a historical event on this calendar day.,Charles Curtis of Kansas becomes the first Native American U.S. Senator.,29 January 1907 CE,https://en.wikipedia.org/wiki/January_29,,01-29,Wikipedia — January 29,,exact day (secondary compilation),"Social, economic and institutional history",,Gregorian day-date convention (retrospective where applicable),meets target,national,Secondary reference compilation; corroborated by institutional source where supplied,20,verified against dated reference entry,20,5
29,CE,1886,January,Date uses the Gregorian January day-page convention; for pre-modern events the original local calendar and conversion can differ. No year 0 is used. Source 1 is a secondary compilation; institutional corroboration is included when available.,Transregional/unspecified,JAN-29-19,event,Karl Benz patents the first successful gasoline-driven automobile. The event is recorded in a dated historical chronology for this calendar day. The dated reference identifies this as a historical event on this calendar day.,Karl Benz patents the first successful gasoline-driven automobile.,29 January 1886 CE,https://en.wikipedia.org/wiki/January_29,,01-29,Wikipedia — January 29,,exact day (secondary compilation),"Social, economic and institutional history",,Gregorian day-date convention (retrospective where applicable),meets target,national,Secondary reference compilation; corroborated by institutional source where supplied,20,verified against dated reference entry,20,5
29,CE,1959,January,Date uses the Gregorian January day-page convention; for pre-modern events the original local calendar and conversion can differ. No year 0 is used. Source 1 is a secondary compilation; institutional corroboration is included when available.,Europe,JAN-29-20,event,"The first Melodifestivalen is held at Cirkus in Stockholm, Sweden. The event is recorded in a dated historical chronology for this calendar day. The dated reference identifies this as a historical event on this calendar day.","The first Melodifestivalen is held at Cirkus in Stockholm, Sweden.",29 January 1959 CE,https://en.wikipedia.org/wiki/January_29,,01-29,Wikipedia — January 29,,exact day (secondary compilation),"Social, economic and institutional history",Sweden,Gregorian day-date convention (retrospective where applicable),meets target,national,Secondary reference compilation; corroborated by institutional source where supplied,20,verified against dated reference entry,20,5
30,CE,2000,January,Date uses the Gregorian January day-page convention; for pre-modern events the original local calendar and conversion can differ. No year 0 is used. Source 1 is a secondary compilation; institutional corroboration is included when available.,Africa,JAN-30-01,event,"Kenya Airways Flight 431 crashes into the Atlantic Ocean off the coast of Ivory Coast, killing 169. The event is recorded in a dated historical chronology for this calendar day.","Kenya Airways Flight 431 crashes into the Atlantic Ocean off the coast of Ivory Coast, killing 169.",30 January 2000 CE,https://en.wikipedia.org/wiki/January_30,,01-30,Wikipedia — January 30,,exact day (secondary compilation),Disaster and public safety,Kenya,Gregorian day-date convention (retrospective where applicable),meets target,national,Secondary reference compilation; corroborated by institutional source where supplied,20,verified against dated reference entry,20,4
30,CE,1942,January,Date uses the Gregorian January day-page convention; for pre-modern events the original local calendar and conversion can differ. No year 0 is used. Source 1 is a secondary compilation; institutional corroboration is included when available.,Asia,JAN-30-02,event,World War II: Japanese forces invade the island of Ambon in the Dutch East Indies. Some 300 captured Allied troops are killed after the surrender. One-quarter of the remaining POWs remain alive at the end of the war.,World War II: Japanese forces invade the island of Ambon in the Dutch East Indies. Some 300 captured Allied troops are killed after the surrender. One-quarter of the remaining…,30 January 1942 CE,https://en.wikipedia.org/wiki/January_30,,01-30,Wikipedia — January 30,,exact day (secondary compilation),War and conflict,Japan,Gregorian day-date convention (retrospective where applicable),meets target,international,Secondary reference compilation; corroborated by institutional source where supplied,20,verified against dated reference entry,20,8
30,CE,1925,January,Date uses the Gregorian January day-page convention; for pre-modern events the original local calendar and conversion can differ. No year 0 is used. Source 1 is a secondary compilation; institutional corroboration is included when available.,Middle East,JAN-30-03,event,The Government of Turkey expels Patriarch Constantine VI from Istanbul. The event is recorded in a dated historical chronology for this calendar day. The dated reference identifies this as a historical event on this calendar day.,The Government of Turkey expels Patriarch Constantine VI from Istanbul.,30 January 1925 CE,https://en.wikipedia.org/wiki/January_30,,01-30,Wikipedia — January 30,,exact day (secondary compilation),Political history and decolonization,Turkey,Gregorian day-date convention (retrospective where applicable),meets target,national,Secondary reference compilation; corroborated by institutional source where supplied,20,verified against dated reference entry,20,4
30,CE,1862,January,Date uses the Gregorian January day-page convention; for pre-modern events the original local calendar and conversion can differ. No year 0 is used. Source 1 is a secondary compilation; institutional corroboration is included when available.,Americas,JAN-30-04,event,"American Civil War: The first American ironclad warship, the USS Monitor is launched. The event is recorded in a dated historical chronology for this calendar day. The dated reference identifies this as a historical event on this calendar day.","American Civil War: The first American ironclad warship, the USS Monitor is launched.",30 January 1862 CE,https://en.wikipedia.org/wiki/January_30,,01-30,Wikipedia — January 30,,exact day (secondary compilation),War and conflict,,Gregorian day-date convention (retrospective where applicable),meets target,international,Secondary reference compilation; corroborated by institutional source where supplied,20,verified against dated reference entry,20,10
30,CE,1979,January,Date uses the Gregorian January day-page convention; for pre-modern events the original local calendar and conversion can differ. No year 0 is used. Source 1 is a secondary compilation; institutional corroboration is included when available.,Oceania,JAN-30-05,event,"A Varig Boeing 707-323C freighter, flown by the same commander as Flight 820, disappears over the Pacific Ocean 30 minutes after taking off from Tokyo. The event is recorded in a dated historical chronology for this calendar day.","A Varig Boeing 707-323C freighter, flown by the same commander as Flight 820, disappears over the Pacific Ocean 30 minutes after taking off from Tokyo.",30 January 1979 CE,https://en.wikipedia.org/wiki/January_30,,01-30,Wikipedia — January 30,,exact day (secondary compilation),Political history and decolonization,,Gregorian day-date convention (retrospective where applicable),meets target,national,Secondary reference compilation; corroborated by institutional source where supplied,20,verified against dated reference entry,20,4
30,CE,1820,January,Date uses the Gregorian January day-page convention; for pre-modern events the original local calendar and conversion can differ. No year 0 is used. Source 1 is a secondary compilation; institutional corroboration is included when available.,Polar regions,JAN-30-06,event,Edward Bransfield sights the Trinity Peninsula and claims the discovery of Antarctica. The event is recorded in a dated historical chronology for this calendar day. The dated reference identifies this as a historical event on this calendar day.,Edward Bransfield sights the Trinity Peninsula and claims the discovery of Antarctica.,30 January 1820 CE,https://en.wikipedia.org/wiki/January_30,,01-30,Wikipedia — January 30,,exact day (secondary compilation),War and conflict,,Gregorian day-date convention (retrospective where applicable),meets target,regional,Secondary reference compilation; corroborated by institutional source where supplied,20,verified against dated reference entry,20,6
30,CE,1944,January,Date uses the Gregorian January day-page convention; for pre-modern events the original local calendar and conversion can differ. No year 0 is used. Source 1 is a secondary compilation; institutional corroboration is included when available.,Europe,JAN-30-07,event,"World War II: The Battle of Cisterna, part of Operation Shingle, begins in central Italy. The event is recorded in a dated historical chronology for this calendar day. The dated reference identifies this as a historical event on this calendar day.","World War II: The Battle of Cisterna, part of Operation Shingle, begins in central Italy.",30 January 1944 CE,https://en.wikipedia.org/wiki/January_30,,01-30,Wikipedia — January 30,,exact day (secondary compilation),War and conflict,Italy,Gregorian day-date convention (retrospective where applicable),meets target,international,Secondary reference compilation; corroborated by institutional source where supplied,20,verified against dated reference entry,20,10
30,CE,1287,January,Date uses the Gregorian January day-page convention; for pre-modern events the original local calendar and conversion can differ. No year 0 is used. Source 1 is a secondary compilation; institutional corroboration is included when available.,Transregional/unspecified,JAN-30-08,event,"King Wareru founds the Hanthawaddy kingdom, and proclaims independence from the Pagan Kingdom. The event is recorded in a dated historical chronology for this calendar day. The dated reference identifies this as a historical event on this calendar day.","King Wareru founds the Hanthawaddy kingdom, and proclaims independence from the Pagan Kingdom.",30 January 1287 CE,https://en.wikipedia.org/wiki/January_30,,01-30,Wikipedia — January 30,,exact day (secondary compilation),War and conflict,,Gregorian day-date convention (retrospective where applicable),meets target,international,Secondary reference compilation; corroborated by institutional source where supplied,20,verified against dated reference entry,20,8
30,CE,1945,January,Date uses the Gregorian January day-page convention; for pre-modern events the original local calendar and conversion can differ. No year 0 is used. Source 1 is a secondary compilation; institutional corroboration is included when available.,Asia,JAN-30-09,event,World War II: Raid at Cabanatuan: One hundred and twenty-six American Rangers and Filipino resistance fighters liberate over 500 Allied prisoners from the Japanese-controlled Cabanatuan POW camp. The event is recorded in a dated historical chronology for this calendar day.,World War II: Raid at Cabanatuan: One hundred and twenty-six American Rangers and Filipino resistance fighters liberate over 500 Allied prisoners from the Japanese-controlled…,30 January 1945 CE,https://en.wikipedia.org/wiki/January_30,,01-30,Wikipedia — January 30,,exact day (secondary compilation),War and conflict,Japan,Gregorian day-date convention (retrospective where applicable),meets target,international,Secondary reference compilation; corroborated by institutional source where supplied,20,verified against dated reference entry,20,8
30,CE,1945,January,Date uses the Gregorian January day-page convention; for pre-modern events the original local calendar and conversion can differ. No year 0 is used. Source 1 is a secondary compilation; institutional corroboration is included when available.,Transregional/unspecified,JAN-30-10,event,"World War II: The Wilhelm Gustloff, overfilled with German refugees, sinks in the Baltic Sea after being torpedoed by a Soviet submarine, killing approximately 9,500 people. The event is recorded in a dated historical chronology for this calendar day.","World War II: The Wilhelm Gustloff, overfilled with German refugees, sinks in the Baltic Sea after being torpedoed by a Soviet submarine, killing approximately 9,500 people.",30 January 1945 CE,https://en.wikipedia.org/wiki/January_30,,01-30,Wikipedia — January 30,,exact day (secondary compilation),War and conflict,,Gregorian day-date convention (retrospective where applicable),meets target,international,Secondary reference compilation; corroborated by institutional source where supplied,20,verified against dated reference entry,20,8
30,CE,1939,January,Date uses the Gregorian January day-page convention; for pre-modern events the original local calendar and conversion can differ. No year 0 is used. Source 1 is a secondary compilation; institutional corroboration is included when available.,Europe,JAN-30-11,event,"During a speech in the Reichstag, Adolf Hitler makes a prediction about the end of the Jewish race in Europe if another world war were to occur. The event is recorded in a dated historical chronology for this calendar day.","During a speech in the Reichstag, Adolf Hitler makes a prediction about the end of the Jewish race in Europe if another world war were to occur.",30 January 1939 CE,https://en.wikipedia.org/wiki/January_30,,01-30,Wikipedia — January 30,,exact day (secondary compilation),War and conflict,,Gregorian day-date convention (retrospective where applicable),meets target,international,Secondary reference compilation; corroborated by institutional source where supplied,20,verified against dated reference entry,20,8
30,CE,1648,January,Date uses the Gregorian January day-page convention; for pre-modern events the original local calendar and conversion can differ. No year 0 is used. Source 1 is a secondary compilation; institutional corroboration is included when available.,Europe,JAN-30-12,event,"Eighty Years' War: The Treaty of Münster and Osnabrück is signed, ending the conflict between the Netherlands and Spain. The event is recorded in a dated historical chronology for this calendar day.","Eighty Years' War: The Treaty of Münster and Osnabrück is signed, ending the conflict between the Netherlands and Spain.",30 January 1648 CE,https://en.wikipedia.org/wiki/January_30,,01-30,Wikipedia — January 30,,exact day (secondary compilation),War and conflict,Spain,Gregorian day-date convention (retrospective where applicable),meets target,regional,Secondary reference compilation; corroborated by institutional source where supplied,20,verified against dated reference entry,20,7
30,CE,1968,January,Date uses the Gregorian January day-page convention; for pre-modern events the original local calendar and conversion can differ. No year 0 is used. Source 1 is a secondary compilation; institutional corroboration is included when available.,Asia,JAN-30-13,event,"Vietnam War: Tet Offensive launch by forces of the Viet Cong and North Vietnamese Army against South Vietnam, the United States, and their allies. The event is recorded in a dated historical chronology for this calendar day.","Vietnam War: Tet Offensive launch by forces of the Viet Cong and North Vietnamese Army against South Vietnam, the United States, and their allies.",30 January 1968 CE,https://en.wikipedia.org/wiki/January_30,,01-30,Wikipedia — January 30,,exact day (secondary compilation),War and conflict,Vietnam,Gregorian day-date convention (retrospective where applicable),meets target,regional,Secondary reference compilation; corroborated by institutional source where supplied,20,verified against dated reference entry,20,7
30,CE,1835,January,Date uses the Gregorian January day-page convention; for pre-modern events the original local calendar and conversion can differ. No year 0 is used. Source 1 is a secondary compilation; institutional corroboration is included when available.,Americas,JAN-30-14,event,"In the first assassination attempt against a President of the United States, Richard Lawrence attempts to shoot president Andrew Jackson, but fails and is subdued by a crowd, including several congressmen as well as Jackson himself.","In the first assassination attempt against a President of the United States, Richard Lawrence attempts to shoot president Andrew Jackson, but fails and is subdued by a crowd,…",30 January 1835 CE,https://en.wikipedia.org/wiki/January_30,,01-30,Wikipedia — January 30,,exact day (secondary compilation),Political history and decolonization,United States,Gregorian day-date convention (retrospective where applicable),meets target,regional,Secondary reference compilation; corroborated by institutional source where supplied,20,verified against dated reference entry,20,6
30,CE,1806,January,Date uses the Gregorian January day-page convention; for pre-modern events the original local calendar and conversion can differ. No year 0 is used. Source 1 is a secondary compilation; institutional corroboration is included when available.,Transregional/unspecified,JAN-30-15,event,"The original Lower Trenton Bridge (also called the Trenton Makes the World Takes Bridge), which spans the Delaware River between Morrisville, Pennsylvania and Trenton, New Jersey, is opened. The event is recorded in a dated historical chronology for this calendar day.","The original Lower Trenton Bridge (also called the Trenton Makes the World Takes Bridge), which spans the Delaware River between Morrisville, Pennsylvania and Trenton, New…",30 January 1806 CE,https://en.wikipedia.org/wiki/January_30,,01-30,Wikipedia — January 30,,exact day (secondary compilation),War and conflict,,Gregorian day-date convention (retrospective where applicable),meets target,regional,Secondary reference compilation; corroborated by institutional source where supplied,20,verified against dated reference entry,20,7
30,CE,1959,January,Date uses the Gregorian January day-page convention; for pre-modern events the original local calendar and conversion can differ. No year 0 is used. Source 1 is a secondary compilation; institutional corroboration is included when available.,Transregional/unspecified,JAN-30-16,event,"The forces of the Sultanate of Muscat occupy the last strongholds of the Imamate of Oman, Saiq and Shuraijah, marking the end of Jebel Akhdar War in Oman. The event is recorded in a dated historical chronology for this calendar day.","The forces of the Sultanate of Muscat occupy the last strongholds of the Imamate of Oman, Saiq and Shuraijah, marking the end of Jebel Akhdar War in Oman.",30 January 1959 CE,https://en.wikipedia.org/wiki/January_30,,01-30,Wikipedia — January 30,,exact day (secondary compilation),War and conflict,,Gregorian day-date convention (retrospective where applicable),meets target,regional,Secondary reference compilation; corroborated by institutional source where supplied,20,verified against dated reference entry,20,6
30,CE,1956,January,Date uses the Gregorian January day-page convention; for pre-modern events the original local calendar and conversion can differ. No year 0 is used. Source 1 is a secondary compilation; institutional corroboration is included when available.,Americas,JAN-30-17,event,"In the United States, Civil Rights Movement leader Martin Luther King Jr.'s home is bombed in retaliation for the Montgomery bus boycott. The event is recorded in a dated historical chronology for this calendar day.","In the United States, Civil Rights Movement leader Martin Luther King Jr.'s home is bombed in retaliation for the Montgomery bus boycott.",30 January 1956 CE,https://en.wikipedia.org/wiki/January_30,,01-30,Wikipedia — January 30,,exact day (secondary compilation),War and conflict,United States,Gregorian day-date convention (retrospective where applicable),meets target,national,Secondary reference compilation; corroborated by institutional source where supplied,20,verified against dated reference entry,20,5
30,CE,1975,January,Date uses the Gregorian January day-page convention; for pre-modern events the original local calendar and conversion can differ. No year 0 is used. Source 1 is a secondary compilation; institutional corroboration is included when available.,Americas,JAN-30-18,event,The Monitor National Marine Sanctuary is established as the first United States National Marine Sanctuary. The event is recorded in a dated historical chronology for this calendar day. The dated reference identifies this as a historical event on this calendar day.,The Monitor National Marine Sanctuary is established as the first United States National Marine Sanctuary.,30 January 1975 CE,https://en.wikipedia.org/wiki/January_30,,01-30,Wikipedia — January 30,,exact day (secondary compilation),"Social, economic and institutional history",United States,Gregorian day-date convention (retrospective where applicable),meets target,regional,Secondary reference compilation; corroborated by institutional source where supplied,20,verified against dated reference entry,20,6
30,CE,1858,January,Date uses the Gregorian January day-page convention; for pre-modern events the original local calendar and conversion can differ. No year 0 is used. Source 1 is a secondary compilation; institutional corroboration is included when available.,Europe,JAN-30-19,event,"The first Hallé concert is given in Manchester, England, marking the official founding of The Hallé orchestra as a full-time, professional orchestra. The event is recorded in a dated historical chronology for this calendar day.","The first Hallé concert is given in Manchester, England, marking the official founding of The Hallé orchestra as a full-time, professional orchestra.",30 January 1858 CE,https://en.wikipedia.org/wiki/January_30,,01-30,Wikipedia — January 30,,exact day (secondary compilation),Political history and decolonization,United Kingdom,Gregorian day-date convention (retrospective where applicable),meets target,national,Secondary reference compilation; corroborated by institutional source where supplied,20,verified against dated reference entry,20,5
30,CE,1667,January,Date uses the Gregorian January day-page convention; for pre-modern events the original local calendar and conversion can differ. No year 0 is used. Source 1 is a secondary compilation; institutional corroboration is included when available.,Europe,JAN-30-20,event,"The Truce of Andrusovo is signed, ending the Russian-Polish War of 1654-1667. The event is recorded in a dated historical chronology for this calendar day. The dated reference identifies this as a historical event on this calendar day.","The Truce of Andrusovo is signed, ending the Russian-Polish War of 1654-1667.",30 January 1667 CE,https://en.wikipedia.org/wiki/January_30,,01-30,Wikipedia — January 30,,exact day (secondary compilation),War and conflict,Russia,Gregorian day-date convention (retrospective where applicable),meets target,regional,Secondary reference compilation; corroborated by institutional source where supplied,20,verified against dated reference entry,20,6
31,CE,1988,January,Date uses the Gregorian January day-page convention; for pre-modern events the original local calendar and conversion can differ. No year 0 is used. Source 1 is a secondary compilation; institutional corroboration is included when available.,Africa,JAN-31-01,event,Doug Williams becomes the first African American quarterback to play in a Super Bowl and leads the Washington Redskins to victory in Super Bowl XXII. The event is recorded in a dated historical chronology for this calendar day.,Doug Williams becomes the first African American quarterback to play in a Super Bowl and leads the Washington Redskins to victory in Super Bowl XXII.,31 January 1988 CE,https://en.wikipedia.org/wiki/January_31,,01-31,Wikipedia — January 31,,exact day (secondary compilation),"Social, economic and institutional history",,Gregorian day-date convention (retrospective where applicable),meets target,national,Secondary reference compilation; corroborated by institutional source where supplied,20,verified against dated reference entry,20,5
31,CE,1942,January,Date uses the Gregorian January day-page convention; for pre-modern events the original local calendar and conversion can differ. No year 0 is used. Source 1 is a secondary compilation; institutional corroboration is included when available.,Asia,JAN-31-02,event,World War II: Allied forces are defeated by the Japanese at the Battle of Malaya and retreat to Singapore. The event is recorded in a dated historical chronology for this calendar day.,World War II: Allied forces are defeated by the Japanese at the Battle of Malaya and retreat to Singapore.,31 January 1942 CE,https://en.wikipedia.org/wiki/January_31,,01-31,Wikipedia — January 31,,exact day (secondary compilation),War and conflict,Japan,Gregorian day-date convention (retrospective where applicable),meets target,international,Secondary reference compilation; corroborated by institutional source where supplied,20,verified against dated reference entry,20,10
31,CE,1865,January,Date uses the Gregorian January day-page convention; for pre-modern events the original local calendar and conversion can differ. No year 0 is used. Source 1 is a secondary compilation; institutional corroboration is included when available.,Americas,JAN-31-03,event,"American Civil War: The United States Congress passes the Thirteenth Amendment to the United States Constitution, abolishing slavery, and submits it to the states for ratification. The event is recorded in a dated historical chronology for this calendar day.","American Civil War: The United States Congress passes the Thirteenth Amendment to the United States Constitution, abolishing slavery, and submits it to the states for ratification.",31 January 1865 CE,https://en.wikipedia.org/wiki/January_31,,01-31,Wikipedia — January 31,,exact day (secondary compilation),War and conflict,United States,Gregorian day-date convention (retrospective where applicable),meets target,international,Secondary reference compilation; corroborated by institutional source where supplied,20,verified against dated reference entry,20,10
31,CE,2003,January,Date uses the Gregorian January day-page convention; for pre-modern events the original local calendar and conversion can differ. No year 0 is used. Source 1 is a secondary compilation; institutional corroboration is included when available.,Oceania,JAN-31-04,event,"The Waterfall rail accident occurs near Waterfall, New South Wales, Australia. The event is recorded in a dated historical chronology for this calendar day. The dated reference identifies this as a historical event on this calendar day.","The Waterfall rail accident occurs near Waterfall, New South Wales, Australia.",31 January 2003 CE,https://en.wikipedia.org/wiki/January_31,,01-31,Wikipedia — January 31,,exact day (secondary compilation),"Social, economic and institutional history",Australia,Gregorian day-date convention (retrospective where applicable),meets target,national,Secondary reference compilation; corroborated by institutional source where supplied,20,verified against dated reference entry,20,4
31,CE,1915,January,Date uses the Gregorian January day-page convention; for pre-modern events the original local calendar and conversion can differ. No year 0 is used. Source 1 is a secondary compilation; institutional corroboration is included when available.,Europe,JAN-31-05,event,World War I: Germany is the first to make large-scale use of poison gas in warfare in the Battle of Bolimów against Russia. The event is recorded in a dated historical chronology for this calendar day.,World War I: Germany is the first to make large-scale use of poison gas in warfare in the Battle of Bolimów against Russia.,31 January 1915 CE,https://en.wikipedia.org/wiki/January_31,,01-31,Wikipedia — January 31,,exact day (secondary compilation),War and conflict,Germany,Gregorian day-date convention (retrospective where applicable),meets target,international,Secondary reference compilation; corroborated by institutional source where supplied,20,verified against dated reference entry,20,10
31,CE,1958,January,Date uses the Gregorian January day-page convention; for pre-modern events the original local calendar and conversion can differ. No year 0 is used. Source 1 is a secondary compilation; institutional corroboration is included when available.,Americas,JAN-31-06,event,"Cold War: Space Race: The Explorer 1, the first successful American satellite, detects the Van Allen radiation belt. The event is recorded in a dated historical chronology for this calendar day.","Cold War: Space Race: The Explorer 1, the first successful American satellite, detects the Van Allen radiation belt.",31 January 1958 CE,https://en.wikipedia.org/wiki/January_31,https://www.nasa.gov/history/americas-first-satellite-established-foothold-in-space/,01-31,Wikipedia — January 31,NASA,exact day (secondary compilation),War and conflict,,Gregorian day-date convention (retrospective where applicable),meets target,international,Secondary reference compilation; corroborated by institutional source where supplied,20,verified against dated reference entry,20,10
31,CE,1945,January,Date uses the Gregorian January day-page convention; for pre-modern events the original local calendar and conversion can differ. No year 0 is used. Source 1 is a secondary compilation; institutional corroboration is included when available.,Asia,JAN-31-07,event,"World War II: The end of fighting in the Battle of Hill 170 during the Burma Campaign, in which the British 3 Commando Brigade repulsed a Japanese counterattack on their positions and precipitated a general retirement from the Arakan Peninsula.","World War II: The end of fighting in the Battle of Hill 170 during the Burma Campaign, in which the British 3 Commando Brigade repulsed a Japanese counterattack on their…",31 January 1945 CE,https://en.wikipedia.org/wiki/January_31,,01-31,Wikipedia — January 31,,exact day (secondary compilation),War and conflict,Japan,Gregorian day-date convention (retrospective where applicable),meets target,international,Secondary reference compilation; corroborated by institutional source where supplied,20,verified against dated reference entry,20,10
31,CE,1943,January,Date uses the Gregorian January day-page convention; for pre-modern events the original local calendar and conversion can differ. No year 0 is used. Source 1 is a secondary compilation; institutional corroboration is included when available.,Transregional/unspecified,JAN-31-08,event,"World War II: German field marshal Friedrich Paulus surrenders to the Soviets at Stalingrad, followed two days later by the remainder of his Sixth Army, ending one of the war's fiercest battles.","World War II: German field marshal Friedrich Paulus surrenders to the Soviets at Stalingrad, followed two days later by the remainder of his Sixth Army, ending one of the war's…",31 January 1943 CE,https://en.wikipedia.org/wiki/January_31,,01-31,Wikipedia — January 31,,exact day (secondary compilation),War and conflict,,Gregorian day-date convention (retrospective where applicable),meets target,international,Secondary reference compilation; corroborated by institutional source where supplied,20,verified against dated reference entry,20,10
31,CE,1944,January,Date uses the Gregorian January day-page convention; for pre-modern events the original local calendar and conversion can differ. No year 0 is used. Source 1 is a secondary compilation; institutional corroboration is included when available.,Europe,JAN-31-09,event,"World War II: During the Anzio campaign, the 1st Ranger Battalion (Darby's Rangers) is destroyed behind enemy lines in a heavily outnumbered encounter at Battle of Cisterna, Italy. The event is recorded in a dated historical chronology for this calendar day.","World War II: During the Anzio campaign, the 1st Ranger Battalion (Darby's Rangers) is destroyed behind enemy lines in a heavily outnumbered encounter at Battle of Cisterna, Italy.",31 January 1944 CE,https://en.wikipedia.org/wiki/January_31,,01-31,Wikipedia — January 31,,exact day (secondary compilation),War and conflict,Italy,Gregorian day-date convention (retrospective where applicable),meets target,international,Secondary reference compilation; corroborated by institutional source where supplied,20,verified against dated reference entry,20,10
31,CE,1918,January,Date uses the Gregorian January day-page convention; for pre-modern events the original local calendar and conversion can differ. No year 0 is used. Source 1 is a secondary compilation; institutional corroboration is included when available.,Transregional/unspecified,JAN-31-10,event,"Finnish Civil War: The Suinula massacre, which changes the nature of the war in a more hostile direction, takes place in Kangasala. The event is recorded in a dated historical chronology for this calendar day.","Finnish Civil War: The Suinula massacre, which changes the nature of the war in a more hostile direction, takes place in Kangasala.",31 January 1918 CE,https://en.wikipedia.org/wiki/January_31,,01-31,Wikipedia — January 31,,exact day (secondary compilation),War and conflict,,Gregorian day-date convention (retrospective where applicable),meets target,international,Secondary reference compilation; corroborated by institutional source where supplied,20,verified against dated reference entry,20,9
31,CE,1946,January,Date uses the Gregorian January day-page convention; for pre-modern events the original local calendar and conversion can differ. No year 0 is used. Source 1 is a secondary compilation; institutional corroboration is included when available.,Transregional/unspecified,JAN-31-11,event,"Cold War: Yugoslavia's new constitution, modeling that of the Soviet Union, establishes six constituent republics (Bosnia and Herzegovina, Croatia, Macedonia, Montenegro, Serbia and Slovenia). The event is recorded in a dated historical chronology for this calendar day.","Cold War: Yugoslavia's new constitution, modeling that of the Soviet Union, establishes six constituent republics (Bosnia and Herzegovina, Croatia, Macedonia, Montenegro,…",31 January 1946 CE,https://en.wikipedia.org/wiki/January_31,,01-31,Wikipedia — January 31,,exact day (secondary compilation),War and conflict,,Gregorian day-date convention (retrospective where applicable),meets target,international,Secondary reference compilation; corroborated by institutional source where supplied,20,verified against dated reference entry,20,9
31,CE,1945,January,Date uses the Gregorian January day-page convention; for pre-modern events the original local calendar and conversion can differ. No year 0 is used. Source 1 is a secondary compilation; institutional corroboration is included when available.,Americas,JAN-31-12,event,"US Army private Eddie Slovik is executed for desertion, the first such execution of an American soldier since the Civil War. The event is recorded in a dated historical chronology for this calendar day.","US Army private Eddie Slovik is executed for desertion, the first such execution of an American soldier since the Civil War.",31 January 1945 CE,https://en.wikipedia.org/wiki/January_31,,01-31,Wikipedia — January 31,,exact day (secondary compilation),War and conflict,,Gregorian day-date convention (retrospective where applicable),meets target,international,Secondary reference compilation; corroborated by institutional source where supplied,20,verified against dated reference entry,20,9
31,CE,1891,January,Date uses the Gregorian January day-page convention; for pre-modern events the original local calendar and conversion can differ. No year 0 is used. Source 1 is a secondary compilation; institutional corroboration is included when available.,Transregional/unspecified,JAN-31-13,event,History of Portugal: The first attempt at a Portuguese republican revolution breaks out in the northern city of Porto. The event is recorded in a dated historical chronology for this calendar day.,History of Portugal: The first attempt at a Portuguese republican revolution breaks out in the northern city of Porto.,31 January 1891 CE,https://en.wikipedia.org/wiki/January_31,,01-31,Wikipedia — January 31,,exact day (secondary compilation),Political history and decolonization,,Gregorian day-date convention (retrospective where applicable),meets target,international,Secondary reference compilation; corroborated by institutional source where supplied,20,verified against dated reference entry,20,8
31,CE,1504,January,Date uses the Gregorian January day-page convention; for pre-modern events the original local calendar and conversion can differ. No year 0 is used. Source 1 is a secondary compilation; institutional corroboration is included when available.,Europe,JAN-31-14,event,"The Treaty of Lyon ends the Italian War, confirming French domination of northern Italy, while Spain receives the Kingdom of Naples. The event is recorded in a dated historical chronology for this calendar day.","The Treaty of Lyon ends the Italian War, confirming French domination of northern Italy, while Spain receives the Kingdom of Naples.",31 January 1504 CE,https://en.wikipedia.org/wiki/January_31,,01-31,Wikipedia — January 31,,exact day (secondary compilation),War and conflict,Italy,Gregorian day-date convention (retrospective where applicable),meets target,regional,Secondary reference compilation; corroborated by institutional source where supplied,20,verified against dated reference entry,20,7
31,CE,1862,January,Date uses the Gregorian January day-page convention; for pre-modern events the original local calendar and conversion can differ. No year 0 is used. Source 1 is a secondary compilation; institutional corroboration is included when available.,Transregional/unspecified,JAN-31-15,event,"Alvan Graham Clark discovers the white dwarf star Sirius B, a companion of Sirius, through an 18.5-inch (47 cm) telescope now located at Northwestern University. The event is recorded in a dated historical chronology for this calendar day.","Alvan Graham Clark discovers the white dwarf star Sirius B, a companion of Sirius, through an 18.5-inch (47 cm) telescope now located at Northwestern University.",31 January 1862 CE,https://en.wikipedia.org/wiki/January_31,,01-31,Wikipedia — January 31,,exact day (secondary compilation),War and conflict,,Gregorian day-date convention (retrospective where applicable),meets target,regional,Secondary reference compilation; corroborated by institutional source where supplied,20,verified against dated reference entry,20,7
31,CE,1578,January,Date uses the Gregorian January day-page convention; for pre-modern events the original local calendar and conversion can differ. No year 0 is used. Source 1 is a secondary compilation; institutional corroboration is included when available.,Europe,JAN-31-16,event,"Eighty Years' War and Anglo-Spanish War: The Battle of Gembloux is a victory for Spanish forces led by Don John of Austria over a rebel army of Dutch, Flemish, English, Scottish, German, French and Walloons.","Eighty Years' War and Anglo-Spanish War: The Battle of Gembloux is a victory for Spanish forces led by Don John of Austria over a rebel army of Dutch, Flemish, English,…",31 January 1578 CE,https://en.wikipedia.org/wiki/January_31,,01-31,Wikipedia — January 31,,exact day (secondary compilation),War and conflict,Austria,Gregorian day-date convention (retrospective where applicable),meets target,international,Secondary reference compilation; corroborated by institutional source where supplied,20,verified against dated reference entry,20,8
31,CE,1978,January,Date uses the Gregorian January day-page convention; for pre-modern events the original local calendar and conversion can differ. No year 0 is used. Source 1 is a secondary compilation; institutional corroboration is included when available.,Americas,JAN-31-17,event,"The Crown of St. Stephen (also known as the Holy Crown of Hungary) goes on public display after being returned to Hungary from the United States, where it was held after World War II.","The Crown of St. Stephen (also known as the Holy Crown of Hungary) goes on public display after being returned to Hungary from the United States, where it was held after World…",31 January 1978 CE,https://en.wikipedia.org/wiki/January_31,,01-31,Wikipedia — January 31,,exact day (secondary compilation),War and conflict,United States,Gregorian day-date convention (retrospective where applicable),meets target,international,Secondary reference compilation; corroborated by institutional source where supplied,20,verified against dated reference entry,20,8
31,CE,1945,January,Date uses the Gregorian January day-page convention; for pre-modern events the original local calendar and conversion can differ. No year 0 is used. Source 1 is a secondary compilation; institutional corroboration is included when available.,Europe,JAN-31-18,event,"World War II: About 3,000 inmates from the Stutthof concentration camp are forcibly marched into the Baltic Sea at Palmnicken (now Yantarny, Russia) and executed. The event is recorded in a dated historical chronology for this calendar day.","World War II: About 3,000 inmates from the Stutthof concentration camp are forcibly marched into the Baltic Sea at Palmnicken (now Yantarny, Russia) and executed.",31 January 1945 CE,https://en.wikipedia.org/wiki/January_31,,01-31,Wikipedia — January 31,,exact day (secondary compilation),War and conflict,Russia,Gregorian day-date convention (retrospective where applicable),meets target,international,Secondary reference compilation; corroborated by institutional source where supplied,20,verified against dated reference entry,20,8
31,CE,1944,January,Date uses the Gregorian January day-page convention; for pre-modern events the original local calendar and conversion can differ. No year 0 is used. Source 1 is a secondary compilation; institutional corroboration is included when available.,Asia,JAN-31-19,event,World War II: American forces land on Kwajalein Atoll and other islands in the Japanese-held Marshall Islands. The event is recorded in a dated historical chronology for this calendar day.,World War II: American forces land on Kwajalein Atoll and other islands in the Japanese-held Marshall Islands.,31 January 1944 CE,https://en.wikipedia.org/wiki/January_31,,01-31,Wikipedia — January 31,,exact day (secondary compilation),War and conflict,Japan,Gregorian day-date convention (retrospective where applicable),meets target,international,Secondary reference compilation; corroborated by institutional source where supplied,20,verified against dated reference entry,20,8
31,CE,1917,January,Date uses the Gregorian January day-page convention; for pre-modern events the original local calendar and conversion can differ. No year 0 is used. Source 1 is a secondary compilation; institutional corroboration is included when available.,Transregional/unspecified,JAN-31-20,event,World War I: Kaiser Wilhelm II orders the resumption of unrestricted submarine warfare. The event is recorded in a dated historical chronology for this calendar day. The dated reference identifies this as a historical event on this calendar day.,World War I: Kaiser Wilhelm II orders the resumption of unrestricted submarine warfare.,31 January 1917 CE,https://en.wikipedia.org/wiki/January_31,,01-31,Wikipedia — January 31,,exact day (secondary compilation),War and conflict,,Gregorian day-date convention (retrospective where applicable),meets target,international,Secondary reference compilation; corroborated by institutional source where supplied,20,verified against dated reference entry,20,8