Day,Era,Year,Month,Notes,Region,Event ID,Event type,Description,Event title,Date display,Source 1 URL,Calendar date,City location,Original date,Source 1 name,Date certainty,Event category,Modern country,Calendar system,Coverage status,People involved,Historical entity,Significance scope,Source reliability,Target event count,Verification status,Verified event count,Historical significance score
1,CE,69,July,,Africa,EVT-JUL-000001,political,Tiberius Julius Alexander orders the Roman legions in Alexandria to swear allegiance to Vespasian as Emperor.,Legions swear allegiance to Vespasian,"July 1, 69 CE",https://en.wikipedia.org/wiki/July_1,0069-07-01,Alexandria,"July 1, 69",Wikipedia — July 1,exact,Imperial succession,Egypt,Gregorian,verified,Tiberius Julius Alexander; Vespasian,Roman Empire,international,secondary reference compilation,20,source-verified,20,8
1,CE,552,July,,Europe,EVT-JUL-000002,war,"Byzantine forces under Narses defeat the Ostrogoths in Italy, and Ostrogoth king Totila is mortally wounded.",Battle of Taginae,"July 1, 552 CE",https://en.wikipedia.org/wiki/July_1,0552-07-01,,"July 1, 552",Wikipedia — July 1,exact,Battle,Italy,Gregorian,verified,Narses; Totila,Byzantine Empire; Ostrogothic Kingdom,international,secondary reference compilation,20,source-verified,20,8
1,CE,1097,July,,Middle East,EVT-JUL-000003,war,Crusaders led by Bohemond of Taranto defeat a Seljuk army led by Sultan Kilij Arslan I.,Battle of Dorylaeum,"July 1, 1097 CE",https://en.wikipedia.org/wiki/July_1,1097-07-01,Dorylaeum,"July 1, 1097",Wikipedia — July 1,exact,Battle,Turkey,Gregorian,verified,Bohemond of Taranto; Kilij Arslan I,Crusader states; Seljuk Empire,international,secondary reference compilation,20,source-verified,20,8
1,CE,1431,July,,Europe,EVT-JUL-000004,war,"The Battle of La Higueruela takes place in Granada, leading to a modest advance by the Kingdom of Castile during the Reconquista.",Battle of La Higueruela,"July 1, 1431 CE",https://en.wikipedia.org/wiki/July_1,1431-07-01,Granada,"July 1, 1431",Wikipedia — July 1,exact,Battle,Spain,Gregorian,verified,,Kingdom of Castile,international,secondary reference compilation,20,source-verified,20,8
1,CE,1520,July,,Americas,EVT-JUL-000005,war,Spanish conquistadors led by Hernán Cortés fight their way out of Tenochtitlan after nightfall.,Spanish forces fight their way out of Tenochtitlan,"July 1, 1520 CE",https://en.wikipedia.org/wiki/July_1,1520-07-01,Tenochtitlan,"July 1, 1520",Wikipedia — July 1,exact,Conquest,Mexico,Gregorian,verified,Hernán Cortés,,international,secondary reference compilation,20,source-verified,20,8
1,CE,1523,July,,Europe,EVT-JUL-000006,religion,"Jan van Essen and Hendrik Vos become the first Lutheran martyrs, burned at the stake by Roman Catholic authorities in Brussels.",First Lutheran martyrs executed,"July 1, 1523 CE",https://en.wikipedia.org/wiki/July_1,1523-07-01,Brussels,"July 1, 1523",Wikipedia — July 1,exact,Religious persecution,Belgium,Gregorian,verified,Jan van Essen; Hendrik Vos,Roman Catholic authorities,international,secondary reference compilation,20,source-verified,20,6
1,CE,1543,July,,Europe,EVT-JUL-000007,political,Scotland concludes the Treaty of Greenwich with England and agrees to a marriage between Queen Mary and Prince Edward.,Treaty of Greenwich,"July 1, 1543 CE",https://en.wikipedia.org/wiki/July_1,1543-07-01,,"July 1, 1543",Wikipedia — July 1,exact,Treaty,United Kingdom,Gregorian,verified,Mary; Edward; Henry VIII,Kingdom of Scotland; Kingdom of England,international,secondary reference compilation,20,source-verified,20,8
1,CE,1569,July,,Europe,EVT-JUL-000008,political,"The Kingdom of Poland and the Grand Duchy of Lithuania confirm a real union, creating the Polish–Lithuanian Commonwealth.",Union of Lublin,"July 1, 1569 CE",https://en.wikipedia.org/wiki/July_1,1569-07-01,Lublin,"July 1, 1569",Wikipedia — July 1,exact,Union,Poland; Lithuania,Gregorian,verified,,Kingdom of Poland; Grand Duchy of Lithuania; Polish–Lithuanian Commonwealth,international,secondary reference compilation,20,source-verified,20,8
1,CE,1643,July,,Europe,EVT-JUL-000009,religion,"The Westminster Assembly, a council of theologians and members of the English Parliament appointed to restructure the Church of England, meets at Westminster Abbey.",First meeting of the Westminster Assembly,"July 1, 1643 CE",https://en.wikipedia.org/wiki/July_1,1643-07-01,London,"July 1, 1643",Wikipedia — July 1,exact,Church assembly,United Kingdom,Gregorian,verified,,Church of England; Parliament of England,international,secondary reference compilation,20,source-verified,20,6
1,CE,1690,July,,Europe,EVT-JUL-000010,war,Marshal de Luxembourg defeats an Anglo-Dutch army at the Battle of Fleurus during the War of the Grand Alliance.,Battle of Fleurus,"July 1, 1690 CE",https://en.wikipedia.org/wiki/July_1,1690-07-01,Fleurus,"July 1, 1690",Wikipedia — July 1,exact,Battle,Belgium,Gregorian,verified,Marshal de Luxembourg,War of the Grand Alliance,international,secondary reference compilation,20,source-verified,20,8
1,CE,1690,July,Date is reckoned under the Julian calendar.; calendar_date is a proleptic-Gregorian normalization of the stated Julian date.,Europe,EVT-JUL-000011,war,The Battle of the Boyne takes place in Ireland during the Glorious Revolution.,Battle of the Boyne,"July 11, 1690 CE (normalized Gregorian)",https://en.wikipedia.org/wiki/July_1,1690-07-11,,"July 1, 1690 (Julian calendar)",Wikipedia — July 1,exact,Battle,Ireland,Julian (original); proleptic Gregorian (normalized),verified,,Glorious Revolution,international,secondary reference compilation,20,source-verified,20,8
1,CE,1766,July,,Europe,EVT-JUL-000012,law,François-Jean de la Barre is tortured and beheaded before his body is burned with a copy of Voltaire's Dictionnaire philosophique for failing to salute a Roman Catholic religious procession.,Execution of François-Jean de la Barre,"July 1, 1766 CE",https://en.wikipedia.org/wiki/July_1,1766-07-01,Abbeville,"July 1, 1766",Wikipedia — July 1,exact,Religious prosecution,France,Gregorian,verified,François-Jean de la Barre; Voltaire,Roman Catholic authorities,international,secondary reference compilation,20,source-verified,20,6
1,CE,1770,July,,Global,EVT-JUL-000013,science,"Lexell's Comet is observed closer to Earth than any other comet in recorded history, at a distance of 0.0146 astronomical units.",Lexell's Comet approaches Earth,"July 1, 1770 CE",https://en.wikipedia.org/wiki/July_1,1770-07-01,,"July 1, 1770",Wikipedia — July 1,exact,Astronomy,,Gregorian,verified,,,international,secondary reference compilation,20,source-verified,20,7
1,CE,1782,July,,Americas,EVT-JUL-000014,war,"American privateers attack the British settlement of Lunenburg, Nova Scotia.",Raid on Lunenburg,"July 1, 1782 CE",https://en.wikipedia.org/wiki/July_1,1782-07-01,Lunenburg,"July 1, 1782",Wikipedia — July 1,exact,Raid,Canada,Gregorian,verified,,British settlement; American privateers,international,secondary reference compilation,20,source-verified,20,8
1,CE,1819,July,,Global,EVT-JUL-000015,science,"Johann Georg Tralles discovers the Great Comet of 1819, the first comet analyzed using polarimetry by François Arago.",Discovery of the Great Comet of 1819,"July 1, 1819 CE",https://en.wikipedia.org/wiki/July_1,1819-07-01,,"July 1, 1819",Wikipedia — July 1,exact,Astronomy,,Gregorian,verified,Johann Georg Tralles; François Arago,,international,secondary reference compilation,20,source-verified,20,7
1,CE,1823,July,,Americas,EVT-JUL-000016,independence,"Guatemala, El Salvador, Honduras, Nicaragua, and Costa Rica declare independence from the First Mexican Empire.",Central American nations declare independence from Mexico,"July 1, 1823 CE",https://en.wikipedia.org/wiki/July_1,1823-07-01,,"July 1, 1823",Wikipedia — July 1,exact,Declaration of independence,Guatemala; El Salvador; Honduras; Nicaragua; Costa Rica,Gregorian,verified,,First Mexican Empire,international,secondary reference compilation,20,source-verified,20,8
1,CE,1837,July,,Europe,EVT-JUL-000017,law,"A system of civil registration for births, marriages, and deaths is established in England and Wales.",Civil registration established in England and Wales,"July 1, 1837 CE",https://en.wikipedia.org/wiki/July_1,1837-07-01,,"July 1, 1837",Wikipedia — July 1,exact,Civil registration,United Kingdom,Gregorian,verified,,England and Wales,international,secondary reference compilation,20,source-verified,20,6
1,CE,1841,July,,Oceania,EVT-JUL-000018,science,Thomas Lempriere and James Clark Ross carve a marker on the Isle of the Dead in Van Diemen's Land to measure tidal variations.,Tidal benchmark carved on the Isle of the Dead,"July 1, 1841 CE",https://en.wikipedia.org/wiki/July_1,1841-07-01,,"July 1, 1841",Wikipedia — July 1,exact,Sea-level measurement,Australia,Gregorian,verified,Thomas Lempriere; James Clark Ross,,regional,secondary reference compilation,20,source-verified,20,7
1,CE,1855,July,,Americas,EVT-JUL-000019,political,The Quinault and the Quileute cede their land to the United States through the Quinault Treaty.,Quinault Treaty signed,"July 1, 1855 CE",https://en.wikipedia.org/wiki/July_1,1855-07-01,,"July 1, 1855",Wikipedia — July 1,exact,Land cession treaty,United States,Gregorian,verified,,Quinault; Quileute; United States,international,secondary reference compilation,20,source-verified,20,8
1,CE,1858,July,,Europe,EVT-JUL-000020,science,Papers by Charles Darwin and Alfred Russel Wallace on evolution are jointly read to the Linnean Society of London.,Joint reading of Darwin and Wallace papers,"July 1, 1858 CE",https://en.wikipedia.org/wiki/July_1,1858-07-01,London,"July 1, 1858",Wikipedia — July 1,exact,Evolutionary theory,United Kingdom,Gregorian,verified,Charles Darwin; Alfred Russel Wallace,Linnean Society of London,international,secondary reference compilation,20,source-verified,20,7
2,CE,311,July,,Europe,EVT-JUL-000021,religion,The papacy of Pope Miltiades began.,Beginning of the papacy of Pope Miltiades,"July 2, 311 CE",https://en.wikipedia.org/wiki/July_2,0311-07-02,,311,Wikipedia — July 2,exact,papal succession,,Gregorian,verified,Pope Miltiades,Papacy,international,secondary reference compilation,20,source-verified,20,6
2,CE,626,July,The supplied text states that the date corresponds to the fourth day of the sixth month of the ninth year of the Wude era in the Julian calendar.; calendar_date is a proleptic-Gregorian normalization of the stated Julian date.,Asia,EVT-JUL-000022,war,Li Shimin ambushed and killed his rival brothers Li Yuanji and Li Jiancheng.,Xuanwu Gate Incident,"July 5, 626 CE (normalized Gregorian)",https://en.wikipedia.org/wiki/July_2,0626-07-05,,"July 2, 626 (Julian calendar)",Wikipedia — July 2,exact,palace coup,China,Julian (original); proleptic Gregorian (normalized),verified,Li Shimin; Li Yuanji; Li Jiancheng,Tang dynasty,international,secondary reference compilation,20,source-verified,20,8
2,CE,866,July,,Europe,EVT-JUL-000023,war,The Franks led by Robert the Strong were defeated by a joint Breton-Viking army.,Battle of Brissarthe,"July 2, 866 CE",https://en.wikipedia.org/wiki/July_2,0866-07-02,Brissarthe,866,Wikipedia — July 2,exact,battle,France,Gregorian,verified,Robert the Strong,Franks,international,secondary reference compilation,20,source-verified,20,8
2,CE,1298,July,,Europe,EVT-JUL-000024,war,Albert I of Habsburg defeated Adolf of Nassau-Weilburg.,Battle of Göllheim,"July 2, 1298 CE",https://en.wikipedia.org/wiki/July_2,1298-07-02,Göllheim,1298,Wikipedia — July 2,exact,battle,Germany,Gregorian,verified,Albert I of Habsburg; Adolf of Nassau-Weilburg,,international,secondary reference compilation,20,source-verified,20,8
2,CE,1494,July,,Europe,EVT-JUL-000025,political,The Treaty of Tordesillas was ratified by Spain.,Ratification of the Treaty of Tordesillas,"July 2, 1494 CE",https://en.wikipedia.org/wiki/July_2,1494-07-02,,1494,Wikipedia — July 2,exact,treaty ratification,Spain,Gregorian,verified,,Spanish monarchy,international,secondary reference compilation,20,source-verified,20,8
2,CE,1582,July,,Asia,EVT-JUL-000026,war,Toyotomi Hideyoshi defeated Akechi Mitsuhide.,Battle of Yamazaki,"July 2, 1582 CE",https://en.wikipedia.org/wiki/July_2,1582-07-02,Yamazaki,1582,Wikipedia — July 2,exact,battle,Japan,Gregorian,verified,Toyotomi Hideyoshi; Akechi Mitsuhide,,international,secondary reference compilation,20,source-verified,20,8
2,CE,1644,July,,Europe,EVT-JUL-000027,war,The Battle of Marston Moor took place during the English Civil War.,Battle of Marston Moor,"July 2, 1644 CE",https://en.wikipedia.org/wiki/July_2,1644-07-02,Marston Moor,1644,Wikipedia — July 2,exact,battle,United Kingdom,Gregorian,verified,,English Civil War,international,secondary reference compilation,20,source-verified,20,8
2,CE,1645,July,,Europe,EVT-JUL-000028,war,The Battle of Alford took place during the Wars of the Three Kingdoms.,Battle of Alford,"July 2, 1645 CE",https://en.wikipedia.org/wiki/July_2,1645-07-02,Alford,1645,Wikipedia — July 2,exact,battle,United Kingdom,Gregorian,verified,,Wars of the Three Kingdoms,international,secondary reference compilation,20,source-verified,20,8
2,CE,1776,July,"The formal Declaration of Independence was publicly released two days later, on July 4.",Americas,EVT-JUL-000029,independence,"The Continental Congress adopted the Lee Resolution, severing ties with the Kingdom of Great Britain.",Adoption of the Lee Resolution,"July 2, 1776 CE",https://en.wikipedia.org/wiki/July_2,1776-07-02,,1776,Wikipedia — July 2,exact,separation resolution,United States,Gregorian,verified,,Continental Congress,international,secondary reference compilation,20,source-verified,20,8
2,CE,1823,July,,Americas,EVT-JUL-000030,independence,"The Siege of Salvador ended Portuguese rule in Brazil, with the final defeat of Portuguese crown loyalists in Bahia.",End of the Siege of Salvador,"July 2, 1823 CE",https://en.wikipedia.org/wiki/July_2,1823-07-02,Salvador,1823,Wikipedia — July 2,exact,anti-colonial victory,Brazil,Gregorian,verified,,Portuguese crown loyalists,international,secondary reference compilation,20,source-verified,20,8
2,CE,1840,July,,Middle East,EVT-JUL-000031,disaster,"A magnitude 7.4 earthquake struck present-day Turkey and Armenia; combined with the effects of an eruption on Mount Ararat, it killed 10,000 people.",Amasia earthquake,"July 2, 1840 CE",https://en.wikipedia.org/wiki/July_2,1840-07-02,,1840,Wikipedia — July 2,exact,earthquake,"Turkey, Armenia",Gregorian,verified,,,international,secondary reference compilation,20,source-verified,20,7
2,CE,1863,July,,Americas,EVT-JUL-000032,war,"On the second day of the Battle of Gettysburg, Confederate troops unsuccessfully assaulted the Union left flank, resulting in a Union victory at Little Round Top.",Battle of Little Round Top,"July 2, 1863 CE",https://en.wikipedia.org/wiki/July_2,1863-07-02,Gettysburg,1863,Wikipedia — July 2,exact,battle,United States,Gregorian,verified,,Union; Confederacy,international,secondary reference compilation,20,source-verified,20,8
2,CE,1881,July,Garfield died of complications from his wounds on September 19.,Americas,EVT-JUL-000033,political,Charles J. Guiteau shot and fatally wounded U.S. President James A. Garfield.,Shooting of James A. Garfield,"July 2, 1881 CE",https://en.wikipedia.org/wiki/July_2,1881-07-02,,1881,Wikipedia — July 2,exact,assassination attempt,United States,Gregorian,verified,Charles J. Guiteau; James A. Garfield,United States,international,secondary reference compilation,20,source-verified,20,8
2,CE,1890,July,,Americas,EVT-JUL-000034,law,The U.S. Congress passed the Sherman Antitrust Act.,Passage of the Sherman Antitrust Act,"July 2, 1890 CE",https://en.wikipedia.org/wiki/July_2,1890-07-02,,1890,Wikipedia — July 2,exact,antitrust legislation,United States,Gregorian,verified,,U.S. Congress,international,secondary reference compilation,20,source-verified,20,6
2,CE,1917,July,,Middle East,EVT-JUL-000035,war,"In the lead-up to the Battle of Aqaba, T. E. Lawrence and his Arab forces defeated an Ottoman battalion at Abu al-Lissan.",Battle of Abu al-Lissan,"July 2, 1917 CE",https://en.wikipedia.org/wiki/July_2,1917-07-02,Abu al-Lissan,1917,Wikipedia — July 2,exact,battle,Jordan,Gregorian,verified,T. E. Lawrence,Ottoman Empire; Arab forces,international,secondary reference compilation,20,source-verified,20,8
2,CE,1921,July,,Global,EVT-JUL-000036,political,"U.S. President Warren G. Harding signed the Knox–Porter Resolution, formally ending the war between the United States and Germany.",Signing of the Knox–Porter Resolution,"July 2, 1921 CE",https://en.wikipedia.org/wiki/July_2,1921-07-02,,1921,Wikipedia — July 2,exact,war termination resolution,"United States, Germany",Gregorian,verified,Warren G. Harding,United States; Germany,international,secondary reference compilation,20,source-verified,20,8
2,CE,1934,July,,Europe,EVT-JUL-000037,political,The Night of the Long Knives ended after three days of killings.,End of the Night of the Long Knives,"July 2, 1934 CE",https://en.wikipedia.org/wiki/July_2,1934-07-02,,1934,Wikipedia — July 2,exact,political purge,Germany,Gregorian,verified,,,international,secondary reference compilation,20,source-verified,20,8
2,CE,1937,July,,Oceania,EVT-JUL-000038,exploration,Amelia Earhart and navigator Fred Noonan were last heard from over the Pacific Ocean and disappeared while attempting the first equatorial round-the-world flight.,Disappearance of Amelia Earhart and Fred Noonan,"July 2, 1937 CE",https://en.wikipedia.org/wiki/July_2,1937-07-02,,1937,Wikipedia — July 2,exact,aviation disappearance,,Gregorian,verified,Amelia Earhart; Fred Noonan,,regional,secondary reference compilation,20,source-verified,20,7
2,CE,1964,July,,Americas,EVT-JUL-000039,law,"U.S. President Lyndon B. Johnson signed the Civil Rights Act of 1964, intended to prohibit segregation in public places.",Signing of the Civil Rights Act,"July 2, 1964 CE",https://en.wikipedia.org/wiki/July_2,1964-07-02,,1964,Wikipedia — July 2,exact,civil rights legislation,United States,Gregorian,verified,Lyndon B. Johnson,United States,international,secondary reference compilation,20,source-verified,20,6
2,CE,1966,July,,Oceania,EVT-JUL-000040,science,"France conducted its first nuclear weapon test in the Pacific, on Moruroa Atoll.",First French nuclear weapon test,"July 2, 1966 CE",https://en.wikipedia.org/wiki/July_2,1966-07-02,Moruroa Atoll,1966,Wikipedia — July 2,exact,nuclear weapons test,France,Gregorian,verified,,France,regional,secondary reference compilation,20,source-verified,20,7
3,CE,324,July,,Europe,EVT-JUL-000041,war,"Constantine I defeats Licinius, who flees to Byzantium.",Battle of Adrianople,"July 3, 324 CE",https://en.wikipedia.org/wiki/July_3,0324-07-03,Adrianople,"July 3, 324",Wikipedia — July 3,exact,battle,,Gregorian,verified,Constantine I; Licinius,Roman Empire,international,secondary reference compilation,20,source-verified,20,8
3,CE,987,July,,Europe,EVT-JUL-000042,political,"Hugh Capet is crowned King of France, beginning the Capetian dynasty's rule of France.",Hugh Capet crowned King of France,"July 3, 987 CE",https://en.wikipedia.org/wiki/July_3,0987-07-03,,"July 3, 987",Wikipedia — July 3,exact,coronation,France,Gregorian,verified,Hugh Capet,Kingdom of France,international,secondary reference compilation,20,source-verified,20,8
3,CE,1035,July,,Europe,EVT-JUL-000043,political,William the Conqueror becomes Duke of Normandy.,William becomes Duke of Normandy,"July 3, 1035 CE",https://en.wikipedia.org/wiki/July_3,1035-07-03,,"July 3, 1035",Wikipedia — July 3,exact,succession,France,Gregorian,verified,William the Conqueror,Duchy of Normandy,international,secondary reference compilation,20,source-verified,20,8
3,CE,1450,July,,Europe,EVT-JUL-000044,political,Jack Cade and his followers enter London unhindered by the government of King Henry VI.,Jack Cade enters London,"July 3, 1450 CE",https://en.wikipedia.org/wiki/July_3,1450-07-03,London,"July 3, 1450",Wikipedia — July 3,exact,rebellion,United Kingdom,Gregorian,verified,Jack Cade; Henry VI,Kingdom of England,international,secondary reference compilation,20,source-verified,20,8
3,CE,1535,July,,Americas,EVT-JUL-000045,exploration,Diego de Almagro leaves the recently conquered Inca capital of Cuzco to lead an expedition to Chile.,Almagro expedition to Chile,"July 3, 1535 CE",https://en.wikipedia.org/wiki/July_3,1535-07-03,Cuzco,"July 3, 1535",Wikipedia — July 3,exact,expedition,Peru; Chile,Gregorian,verified,Diego de Almagro,Inca Empire,international,secondary reference compilation,20,source-verified,20,7
3,CE,1608,July,,Americas,EVT-JUL-000046,exploration,Québec City is founded by Samuel de Champlain.,Founding of Québec City,"July 3, 1608 CE",https://en.wikipedia.org/wiki/July_3,1608-07-03,Québec City,"July 3, 1608",Wikipedia — July 3,exact,settlement founding,Canada,Gregorian,verified,Samuel de Champlain,,international,secondary reference compilation,20,source-verified,20,7
3,CE,1754,July,,Americas,EVT-JUL-000047,war,"During the French and Indian War, George Washington surrenders Fort Necessity to French forces.",Surrender of Fort Necessity,"July 3, 1754 CE",https://en.wikipedia.org/wiki/July_3,1754-07-03,Fort Necessity,"July 3, 1754",Wikipedia — July 3,exact,surrender,United States,Gregorian,verified,George Washington,,international,secondary reference compilation,20,source-verified,20,8
3,CE,1767,July,,Oceania,EVT-JUL-000048,exploration,Midshipman Robert Pitcairn discovers Pitcairn Island during an expeditionary voyage commanded by Philip Carteret.,Discovery of Pitcairn Island,"July 3, 1767 CE",https://en.wikipedia.org/wiki/July_3,1767-07-03,,"July 3, 1767",Wikipedia — July 3,exact,discovery,Pitcairn Islands,Gregorian,verified,Robert Pitcairn; Philip Carteret,,regional,secondary reference compilation,20,source-verified,20,7
3,CE,1767,July,,Europe,EVT-JUL-000049,culture,"Norway's oldest newspaper still in print, Adresseavisen, is founded and publishes its first edition.",Founding of Adresseavisen,"July 3, 1767 CE",https://en.wikipedia.org/wiki/July_3,1767-07-03,,"July 3, 1767",Wikipedia — July 3,exact,newspaper,Norway,Gregorian,verified,,,international,secondary reference compilation,20,source-verified,20,6
3,CE,1775,July,,Americas,EVT-JUL-000050,war,"During the American Revolutionary War, George Washington takes command of the Continental Army at Cambridge, Massachusetts.",Washington takes command of the Continental Army,"July 3, 1775 CE",https://en.wikipedia.org/wiki/July_3,1775-07-03,Cambridge,"July 3, 1775",Wikipedia — July 3,exact,military command,United States,Gregorian,verified,George Washington,Continental Army,international,secondary reference compilation,20,source-verified,20,8
3,CE,1778,July,,Americas,EVT-JUL-000051,war,"The Iroquois, allied with Britain, massacre 360 Patriot soldiers during the Battle of Wyoming.",Battle of Wyoming massacre,"July 3, 1778 CE",https://en.wikipedia.org/wiki/July_3,1778-07-03,Wyoming,"July 3, 1778",Wikipedia — July 3,exact,massacre,United States,Gregorian,verified,,Iroquois; Britain,international,secondary reference compilation,20,source-verified,20,8
3,CE,1814,July,,Americas,EVT-JUL-000052,war,"During the War of 1812, American forces capture Fort Erie from British troops in Upper Canada.",Capture of Fort Erie,"July 3, 1814 CE",https://en.wikipedia.org/wiki/July_3,1814-07-03,Fort Erie,"July 3, 1814",Wikipedia — July 3,exact,fort capture,Canada,Gregorian,verified,,United States; Britain,international,secondary reference compilation,20,source-verified,20,8
3,CE,1819,July,,Americas,EVT-JUL-000053,economic,"The Bank for Savings in the City of New-York, the first savings bank in the United States, opens.",Opening of the Bank for Savings in New York,"July 3, 1819 CE",https://en.wikipedia.org/wiki/July_3,1819-07-03,New York,"July 3, 1819",Wikipedia — July 3,exact,banking,United States,Gregorian,verified,,,international,secondary reference compilation,20,source-verified,20,6
3,CE,1839,July,,Americas,EVT-JUL-000054,social,"The first state normal school in the United States, forerunner to today's Framingham State University, opens in Lexington, Massachusetts, with three students.",Opening of the first state normal school,"July 3, 1839 CE",https://en.wikipedia.org/wiki/July_3,1839-07-03,Lexington,"July 3, 1839",Wikipedia — July 3,exact,education,United States,Gregorian,verified,,,international,secondary reference compilation,20,source-verified,20,6
3,CE,1848,July,,Americas,EVT-JUL-000055,social,Governor-General Peter von Scholten emancipates all remaining slaves in the Danish West Indies.,Emancipation in the Danish West Indies,"July 3, 1848 CE",https://en.wikipedia.org/wiki/July_3,1848-07-03,,"July 3, 1848",Wikipedia — July 3,exact,emancipation,United States Virgin Islands,Gregorian,verified,Peter von Scholten,Danish West Indies,international,secondary reference compilation,20,source-verified,20,6
3,CE,1849,July,,Europe,EVT-JUL-000056,war,France invades the Roman Republic and restores the Papal States.,French invasion of the Roman Republic,"July 3, 1849 CE",https://en.wikipedia.org/wiki/July_3,1849-07-03,,"July 3, 1849",Wikipedia — July 3,exact,invasion,Italy; France,Gregorian,verified,,Roman Republic; Papal States,international,secondary reference compilation,20,source-verified,20,8
3,CE,1852,July,,Americas,EVT-JUL-000057,economic,Congress establishes the United States' second mint in San Francisco.,Establishment of the San Francisco Mint,"July 3, 1852 CE",https://en.wikipedia.org/wiki/July_3,1852-07-03,San Francisco,"July 3, 1852",Wikipedia — July 3,exact,minting,United States,Gregorian,verified,,United States Congress,international,secondary reference compilation,20,source-verified,20,6
3,CE,1863,July,,Americas,EVT-JUL-000058,war,The final day of the Battle of Gettysburg culminates with Pickett's Charge.,Pickett's Charge,"July 3, 1863 CE",https://en.wikipedia.org/wiki/July_3,1863-07-03,Gettysburg,"July 3, 1863",Wikipedia — July 3,exact,battle,United States,Gregorian,verified,,Confederate States of America; Union,international,secondary reference compilation,20,source-verified,20,8
3,CE,1866,July,,Europe,EVT-JUL-000059,war,"The Austro-Prussian War is decided at the Battle of Königgrätz, enabling Prussia to exclude Austria from German affairs.",Battle of Königgrätz,"July 3, 1866 CE",https://en.wikipedia.org/wiki/July_3,1866-07-03,Königgrätz,"July 3, 1866",Wikipedia — July 3,exact,battle,Czech Republic; Germany; Austria,Gregorian,verified,,Prussia; Austria,international,secondary reference compilation,20,source-verified,20,8
3,CE,1884,July,,Americas,EVT-JUL-000060,economic,Dow Jones & Company publishes its first stock average.,First Dow Jones stock average,"July 3, 1884 CE",https://en.wikipedia.org/wiki/July_3,1884-07-03,,"July 3, 1884",Wikipedia — July 3,exact,financial index,United States,Gregorian,verified,,Dow Jones & Company,international,secondary reference compilation,20,source-verified,20,6
4,CE,362,July,,Europe,EVT-JUL-000061,war,"The Thebans, led by Epaminondas, defeat the Spartans.",Battle of Mantinea,"July 4, 362 CE",https://en.wikipedia.org/wiki/July_4,0362-07-04,Mantinea,"July 4, 362",Wikipedia — July 4,exact,battle,Greece,Gregorian,verified,Epaminondas,Thebes; Sparta,international,secondary reference compilation,20,source-verified,20,8
4,CE,26,July,,Europe,EVT-JUL-000062,war,Marcus Licinius Crassus is granted a triumph for his victory in Thrace.,Triumph of Marcus Licinius Crassus,"July 4, 26 CE",https://en.wikipedia.org/wiki/July_4,0026-07-04,,"July 4, 26",Wikipedia — July 4,exact,triumph,Bulgaria,Gregorian,verified,Marcus Licinius Crassus,Roman Empire,international,secondary reference compilation,20,source-verified,20,8
4,CE,414,July,,Europe,EVT-JUL-000063,political,"Aelia Pulcheria takes a vow of chastity and is proclaimed Augusta, becoming regent of the Byzantine Empire for her 13-year-old brother Theodosius II after the death of the previous regent, praefect Anthemius.",Pulcheria Becomes Augusta,"July 4, 414 CE",https://en.wikipedia.org/wiki/July_4,0414-07-04,,"July 4, 414",Wikipedia — July 4,exact,regency,Turkey,Gregorian,verified,Aelia Pulcheria; Theodosius II; Anthemius,Byzantine Empire,international,secondary reference compilation,20,source-verified,20,8
4,CE,638,July,The text says the proclamation was possibly due to Heraclius Constantine's bad health.,Europe,EVT-JUL-000064,political,"Heraclonas and David, sons of Emperor Heraclius, are proclaimed augustus and caesar respectively, possibly because of the ill health of their elder brother Heraclius Constantine.",Heraclonas and David Proclaimed,"July 4, 638 CE",https://en.wikipedia.org/wiki/July_4,0638-07-04,,"July 4, 638",Wikipedia — July 4,uncertain,imperial succession,Turkey,Gregorian,verified,Heraclonas; David; Heraclius; Heraclius Constantine,Byzantine Empire,international,secondary reference compilation,20,source-verified,20,8
4,CE,836,July,,Europe,EVT-JUL-000065,political,A peace treaty between the Principality of Benevento and the Duchy of Naples is signed.,Pactum Sicardi,"July 4, 836 CE",https://en.wikipedia.org/wiki/July_4,0836-07-04,,"July 4, 836",Wikipedia — July 4,exact,peace treaty,Italy,Gregorian,verified,Sicard,Principality of Benevento; Duchy of Naples,international,secondary reference compilation,20,source-verified,20,8
4,CE,993,July,,Europe,EVT-JUL-000066,religion,Ulrich of Augsburg is canonized as a saint.,Canonization of Ulrich of Augsburg,"July 4, 993 CE",https://en.wikipedia.org/wiki/July_4,0993-07-04,Augsburg,"July 4, 993",Wikipedia — July 4,exact,canonization,Germany,Gregorian,verified,Ulrich of Augsburg,,international,secondary reference compilation,20,source-verified,20,6
4,CE,1054,July,Indigenous American observation is described as possible.,Global,EVT-JUL-000067,science,"A supernova called SN 1054 is seen by Chinese Song dynasty, Arab, and possibly Indigenous American observers near Zeta Tauri; it remains bright enough to be seen during the day for several months, and its remnants form the Crab Nebula.",Observation of SN 1054,"July 4, 1054 CE",https://en.wikipedia.org/wiki/July_4,1054-07-04,,"July 4, 1054",Wikipedia — July 4,exact,astronomical observation,,Gregorian,verified,,Song dynasty,international,secondary reference compilation,20,source-verified,20,7
4,CE,1120,July,,Europe,EVT-JUL-000068,political,Jordan II of Capua is anointed as prince after his infant nephew's death.,Jordan II Becomes Prince of Capua,"July 4, 1120 CE",https://en.wikipedia.org/wiki/July_4,1120-07-04,Capua,"July 4, 1120",Wikipedia — July 4,exact,succession,Italy,Gregorian,verified,Jordan II of Capua,Principality of Capua,international,secondary reference compilation,20,source-verified,20,8
4,CE,1187,July,,Middle East,EVT-JUL-000069,war,"Saladin defeats Guy of Lusignan, King of Jerusalem.",Battle of Hattin,"July 4, 1187 CE",https://en.wikipedia.org/wiki/July_4,1187-07-04,Hattin,"July 4, 1187",Wikipedia — July 4,exact,battle,Israel,Gregorian,verified,Saladin; Guy of Lusignan,Ayyubid dynasty; Kingdom of Jerusalem,international,secondary reference compilation,20,source-verified,20,8
4,CE,1253,July,,Europe,EVT-JUL-000070,war,John I of Avesnes defeats Guy of Dampierre.,Battle of West-Capelle,"July 4, 1253 CE",https://en.wikipedia.org/wiki/July_4,1253-07-04,West-Capelle,"July 4, 1253",Wikipedia — July 4,exact,battle,Netherlands,Gregorian,verified,John I of Avesnes; Guy of Dampierre,,international,secondary reference compilation,20,source-verified,20,8
4,CE,1333,July,,Asia,EVT-JUL-000071,war,"Forces loyal to Emperor Go-Daigo seize Tōshō-ji during the Siege of Kamakura; Hōjō Takatoki and other members of the Hōjō clan commit suicide, ending the rule of the Kamakura shogunate.",End of the Kamakura Shogunate,"July 4, 1333 CE",https://en.wikipedia.org/wiki/July_4,1333-07-04,Kamakura,"July 4, 1333",Wikipedia — July 4,exact,siege,Japan,Gregorian,verified,Emperor Go-Daigo; Hōjō Takatoki,Kamakura shogunate; Hōjō clan,international,secondary reference compilation,20,source-verified,20,8
4,CE,1359,July,,Europe,EVT-JUL-000072,war,Francesco II Ordelaffi of Forlì surrenders to the Papal commander Gil de Albornoz.,Surrender of Francesco II Ordelaffi,"July 4, 1359 CE",https://en.wikipedia.org/wiki/July_4,1359-07-04,Forlì,"July 4, 1359",Wikipedia — July 4,exact,surrender,Italy,Gregorian,verified,Francesco II Ordelaffi; Gil de Albornoz,Papal States; Forlì,international,secondary reference compilation,20,source-verified,20,8
4,CE,1456,July,,Europe,EVT-JUL-000073,war,"The Siege of Nándorfehérvár, also known as Belgrade, begins during the Ottoman–Hungarian wars.",Siege of Nándorfehérvár Begins,"July 4, 1456 CE",https://en.wikipedia.org/wiki/July_4,1456-07-04,Belgrade,"July 4, 1456",Wikipedia — July 4,exact,siege,Serbia,Gregorian,verified,,Ottoman Empire; Hungary,international,secondary reference compilation,20,source-verified,20,8
4,CE,1534,July,,Europe,EVT-JUL-000074,political,Christian III is elected King of Denmark and Norway in the town of Rye.,Christian III Elected King,"July 4, 1534 CE",https://en.wikipedia.org/wiki/July_4,1534-07-04,Rye,"July 4, 1534",Wikipedia — July 4,exact,royal election,Denmark; Norway,Gregorian,verified,Christian III,Denmark-Norway,international,secondary reference compilation,20,source-verified,20,8
4,CE,1584,July,,Americas,EVT-JUL-000075,exploration,Philip Amadas and Arthur Barlowe arrive at Roanoke Island.,Arrival at Roanoke Island,"July 4, 1584 CE",https://en.wikipedia.org/wiki/July_4,1584-07-04,Roanoke Island,"July 4, 1584",Wikipedia — July 4,exact,exploration,United States,Gregorian,verified,Philip Amadas; Arthur Barlowe,,international,secondary reference compilation,20,source-verified,20,7
4,CE,1610,July,,Europe,EVT-JUL-000076,war,"The Battle of Klushino is fought between forces of the Polish–Lithuanian Commonwealth and Russia during the Polish–Russian War, after which Polish troops enter Moscow.",Battle of Klushino,"July 4, 1610 CE",https://en.wikipedia.org/wiki/July_4,1610-07-04,Klushino,"July 4, 1610",Wikipedia — July 4,exact,battle,Russia,Gregorian,verified,,Polish–Lithuanian Commonwealth; Russia,international,secondary reference compilation,20,source-verified,20,8
4,CE,1634,July,,Americas,EVT-JUL-000077,exploration,The city of Trois-Rivières is founded in New France.,Founding of Trois-Rivières,"July 4, 1634 CE",https://en.wikipedia.org/wiki/July_4,1634-07-04,Trois-Rivières,"July 4, 1634",Wikipedia — July 4,exact,settlement founding,Canada,Gregorian,verified,,New France,international,secondary reference compilation,20,source-verified,20,7
4,CE,1744,July,,Americas,EVT-JUL-000078,political,"The Treaty of Lancaster, under which the Iroquois cede lands between the Allegheny Mountains and the Ohio River to the British colonies, is signed in Lancaster, Pennsylvania.",Treaty of Lancaster,"July 4, 1744 CE",https://en.wikipedia.org/wiki/July_4,1744-07-04,Lancaster,"July 4, 1744",Wikipedia — July 4,exact,land treaty,United States,Gregorian,verified,,Iroquois; British colonies,international,secondary reference compilation,20,source-verified,20,8
4,CE,1774,July,,Americas,EVT-JUL-000079,political,The Orangetown Resolutions are adopted in the Province of New York as one of many protests against the British Parliament's Coercive Acts.,Orangetown Resolutions,"July 4, 1774 CE",https://en.wikipedia.org/wiki/July_4,1774-07-04,Orangetown,"July 4, 1774",Wikipedia — July 4,exact,colonial protest,United States,Gregorian,verified,,Province of New York; British Parliament,international,secondary reference compilation,20,source-verified,20,8
4,CE,1776,July,,Americas,EVT-JUL-000080,independence,"The Second Continental Congress adopts the United States Declaration of Independence, formally announcing and explaining separation from the Kingdom of Great Britain and the creation of the United States.",Adoption of the United States Declaration of Independence,"July 4, 1776 CE",https://en.wikipedia.org/wiki/July_4,1776-07-04,,"July 4, 1776",Wikipedia — July 4,exact,declaration,United States; United Kingdom,Gregorian,verified,,Second Continental Congress; Kingdom of Great Britain,international,secondary reference compilation,20,source-verified,20,8
5,CE,328,July,,Europe,EVT-JUL-000081,technology,"The official opening of Constantine's Bridge over the Danube between Sucidava and Oescus, built by the Roman architect Theophilus Patricius.",Opening of Constantine's Bridge,"July 5, 328 CE",https://en.wikipedia.org/wiki/July_5,0328-07-05,"Sucidava, Oescus","July 5, 328",Wikipedia — July 5,exact,Bridge construction,"Romania, Bulgaria",Gregorian,verified,Theophilus Patricius,Roman Empire,international,secondary reference compilation,20,source-verified,20,7
5,CE,1294,July,,Europe,EVT-JUL-000082,religion,Celestine V was elected pope following the death of Pope Nicholas IV two years earlier.,Election of Celestine V,"July 5, 1294 CE",https://en.wikipedia.org/wiki/July_5,1294-07-05,,"July 5, 1294",Wikipedia — July 5,exact,Papal election,,Gregorian,verified,Celestine V; Nicholas IV,Catholic Church,international,secondary reference compilation,20,source-verified,20,6
5,CE,1316,July,,Europe,EVT-JUL-000083,war,The Burgundian and Majorcan claimants of the Principality of Achaea met in the Battle of Manolada.,Battle of Manolada,"July 5, 1316 CE",https://en.wikipedia.org/wiki/July_5,1316-07-05,Manolada,"July 5, 1316",Wikipedia — July 5,exact,Battle,Greece,Gregorian,verified,,Principality of Achaea,international,secondary reference compilation,20,source-verified,20,8
5,CE,1413,July,,Middle East,EVT-JUL-000084,war,Mehmed Çelebi and his army defeated the army of his brother Musa Çelebi; Musa was captured and executed.,Battle of Çamurlu,"July 5, 1413 CE",https://en.wikipedia.org/wiki/July_5,1413-07-05,Çamurlu,"July 5, 1413",Wikipedia — July 5,exact,Battle,Turkey,Gregorian,verified,Mehmed Çelebi; Musa Çelebi,Ottoman Empire,international,secondary reference compilation,20,source-verified,20,8
5,CE,1584,July,,Europe,EVT-JUL-000085,religion,The Maronite College was established in Rome.,Establishment of the Maronite College,"July 5, 1584 CE",https://en.wikipedia.org/wiki/July_5,1584-07-05,Rome,"July 5, 1584",Wikipedia — July 5,exact,Educational institution,Italy,Gregorian,verified,,,international,secondary reference compilation,20,source-verified,20,6
5,CE,1594,July,,Asia,EVT-JUL-000086,war,Portuguese forces under Pedro Lopes de Sousa began an unsuccessful invasion of the Kingdom of Kandy during the Campaign of Danture.,Invasion of the Kingdom of Kandy,"July 5, 1594 CE",https://en.wikipedia.org/wiki/July_5,1594-07-05,,"July 5, 1594",Wikipedia — July 5,exact,Invasion,Sri Lanka,Gregorian,verified,Pedro Lopes de Sousa,Kingdom of Kandy; Portugal,international,secondary reference compilation,20,source-verified,20,8
5,CE,1610,July,,Europe,EVT-JUL-000087,exploration,John Guy sailed from Bristol with 39 other colonists for Newfoundland.,John Guy's voyage to Newfoundland,"July 5, 1610 CE",https://en.wikipedia.org/wiki/July_5,1610-07-05,Bristol,"July 5, 1610",Wikipedia — July 5,exact,Colonial voyage,"United Kingdom, Canada",Gregorian,verified,John Guy,,international,secondary reference compilation,20,source-verified,20,7
5,CE,1643,July,,Europe,EVT-JUL-000088,war,The Battle of Landsdowne resulted in severe losses for both the Royalist and Parliamentarian forces.,Battle of Landsdowne,"July 5, 1643 CE",https://en.wikipedia.org/wiki/July_5,1643-07-05,Landsdowne,"July 5, 1643",Wikipedia — July 5,exact,Battle,United Kingdom,Gregorian,verified,,Royalists; Parliamentarians,international,secondary reference compilation,20,source-verified,20,8
5,CE,1687,July,,Europe,EVT-JUL-000089,science,Isaac Newton published Philosophiæ Naturalis Principia Mathematica.,Publication of Philosophiæ Naturalis Principia Mathematica,"July 5, 1687 CE",https://en.wikipedia.org/wiki/July_5,1687-07-05,,"July 5, 1687",Wikipedia — July 5,exact,Scientific publication,United Kingdom,Gregorian,verified,Isaac Newton,,international,secondary reference compilation,20,source-verified,20,7
5,CE,1770,July,,Middle East,EVT-JUL-000090,war,"The Battle of Chesma between the Russian Empire and the Ottoman Empire began, resulting in one of the Ottomans' worst naval defeats since Lepanto.",Beginning of the Battle of Chesma,"July 5, 1770 CE",https://en.wikipedia.org/wiki/July_5,1770-07-05,Chesma,"July 5, 1770",Wikipedia — July 5,exact,Naval battle,Turkey,Gregorian,verified,,Russian Empire; Ottoman Empire,international,secondary reference compilation,20,source-verified,20,8
5,CE,1775,July,,Americas,EVT-JUL-000091,political,The Second Continental Congress adopted the Olive Branch Petition.,Adoption of the Olive Branch Petition,"July 5, 1775 CE",https://en.wikipedia.org/wiki/July_5,1775-07-05,,"July 5, 1775",Wikipedia — July 5,exact,Petition,United States,Gregorian,verified,,Second Continental Congress,international,secondary reference compilation,20,source-verified,20,8
5,CE,1803,July,,Europe,EVT-JUL-000092,political,"The Convention of Artlenburg was signed, leading to the French occupation of the Electorate of Hanover.",Convention of Artlenburg,"July 5, 1803 CE",https://en.wikipedia.org/wiki/July_5,1803-07-05,Artlenburg,"July 5, 1803",Wikipedia — July 5,exact,Treaty,Germany,Gregorian,verified,,France; Electorate of Hanover,international,secondary reference compilation,20,source-verified,20,8
5,CE,1807,July,,Americas,EVT-JUL-000093,war,Local militias in Buenos Aires repelled British soldiers during the Second English Invasion.,Repulsion of the Second English Invasion,"July 5, 1807 CE",https://en.wikipedia.org/wiki/July_5,1807-07-05,Buenos Aires,"July 5, 1807",Wikipedia — July 5,exact,Military defense,Argentina,Gregorian,verified,,British forces; local militias,international,secondary reference compilation,20,source-verified,20,8
5,CE,1809,July,,Europe,EVT-JUL-000094,war,The Battle of Wagram between the French and Austrian Empires began.,Beginning of the Battle of Wagram,"July 5, 1809 CE",https://en.wikipedia.org/wiki/July_5,1809-07-05,Wagram,"July 5, 1809",Wikipedia — July 5,exact,Battle,Austria,Gregorian,verified,,French Empire; Austrian Empire,international,secondary reference compilation,20,source-verified,20,8
5,CE,1811,July,,Americas,EVT-JUL-000095,independence,A congress of the provinces adopted the Venezuelan Declaration of Independence.,Venezuelan Declaration of Independence,"July 5, 1811 CE",https://en.wikipedia.org/wiki/July_5,1811-07-05,,"July 5, 1811",Wikipedia — July 5,exact,Declaration of independence,Venezuela,Gregorian,verified,,Venezuela,international,secondary reference compilation,20,source-verified,20,8
5,CE,1813,July,,Americas,EVT-JUL-000096,war,"Three weeks of British raids on Fort Schlosser, Black Rock, and Plattsburgh, New York, commenced.",British raids in the War of 1812,"July 5, 1813 CE",https://en.wikipedia.org/wiki/July_5,1813-07-05,"Fort Schlosser, Black Rock, Plattsburgh","July 5, 1813",Wikipedia — July 5,exact,Raids,United States,Gregorian,verified,,British forces; United States,international,secondary reference compilation,20,source-verified,20,8
5,CE,1814,July,,Americas,EVT-JUL-000097,war,"American Major General Jacob Brown defeated British General Phineas Riall at Chippawa, Ontario.",Battle of Chippawa,"July 5, 1814 CE",https://en.wikipedia.org/wiki/July_5,1814-07-05,Chippawa,"July 5, 1814",Wikipedia — July 5,exact,Battle,Canada,Gregorian,verified,Jacob Brown; Phineas Riall,United States; United Kingdom,international,secondary reference compilation,20,source-verified,20,8
5,CE,1830,July,,Africa,EVT-JUL-000098,war,"After a series of defeats inflicted on Algerian forces, the French army under the Comte de Bourmont captured Algiers.",Capture of Algiers,"July 5, 1830 CE",https://en.wikipedia.org/wiki/July_5,1830-07-05,Algiers,"July 5, 1830",Wikipedia — July 5,exact,Conquest,Algeria,Gregorian,verified,Comte de Bourmont,France; Algerian forces,international,secondary reference compilation,20,source-verified,20,8
5,CE,1833,July,,Asia,EVT-JUL-000099,war,"Lê Văn Khôi and 27 soldiers staged a mutiny, taking over the Phiên An citadel and beginning the revolt against Emperor Minh Mạng.",Lê Văn Khôi revolt begins,"July 5, 1833 CE",https://en.wikipedia.org/wiki/July_5,1833-07-05,Phiên An,"July 5, 1833",Wikipedia — July 5,exact,Rebellion,Vietnam,Gregorian,verified,Lê Văn Khôi; Minh Mạng,Nguyễn dynasty,international,secondary reference compilation,20,source-verified,20,8
5,CE,1833,July,,Europe,EVT-JUL-000100,war,Admiral Charles Napier defeated the navy of the Portuguese usurper Dom Miguel at the third Battle of Cape St. Vincent.,Third Battle of Cape St. Vincent,"July 5, 1833 CE",https://en.wikipedia.org/wiki/July_5,1833-07-05,Cape St. Vincent,"July 5, 1833",Wikipedia — July 5,exact,Naval battle,Portugal,Gregorian,verified,Charles Napier; Dom Miguel,Portugal,international,secondary reference compilation,20,source-verified,20,8
6,CE,371,July,,Europe,EVT-JUL-000101,war,The Battle of Leuctra shatters Sparta's reputation of military invincibility.,Battle of Leuctra,"July 6, 371 CE",https://en.wikipedia.org/wiki/July_6,0371-07-06,Leuctra,"July 6, 371 BC",Wikipedia — July 6,exact,battle,Greece,Gregorian,verified,,Sparta,international,secondary reference compilation,20,source-verified,20,8
6,CE,83,July,,Europe,EVT-JUL-000102,religion,"The Temple of Jupiter on Rome's Capitoline Hill is burned down, and the Sibylline books of prophecy are destroyed.",Burning of the Temple of Jupiter,"July 6, 83 CE",https://en.wikipedia.org/wiki/July_6,0083-07-06,Rome,"July 6, 83 BC",Wikipedia — July 6,exact,religious destruction,Italy,Gregorian,verified,,Rome,international,secondary reference compilation,20,source-verified,20,6
6,CE,640,July,,Africa,EVT-JUL-000103,war,The Muslim Arab army under 'Amr ibn al-'As defeats Byzantine forces near Heliopolis in Egypt.,Battle of Heliopolis,"July 6, 640 CE",https://en.wikipedia.org/wiki/July_6,0640-07-06,Heliopolis,"July 6, 640",Wikipedia — July 6,exact,battle,Egypt,Gregorian,verified,Amr ibn al-'As,Muslim Arab army; Byzantine Empire,international,secondary reference compilation,20,source-verified,20,8
6,CE,1253,July,,Europe,EVT-JUL-000104,political,Mindaugas is crowned King of Lithuania.,Coronation of Mindaugas,"July 6, 1253 CE",https://en.wikipedia.org/wiki/July_6,1253-07-06,,"July 6, 1253",Wikipedia — July 6,exact,coronation,Lithuania,Gregorian,verified,Mindaugas,Lithuania,international,secondary reference compilation,20,source-verified,20,8
6,CE,1348,July,,Europe,EVT-JUL-000105,religion,Pope Clement VI issues a papal bull protecting Jews accused of causing the Black Death.,Papal Protection of Jews,"July 6, 1348 CE",https://en.wikipedia.org/wiki/July_6,1348-07-06,,"July 6, 1348",Wikipedia — July 6,exact,papal decree,,Gregorian,verified,Pope Clement VI,Catholic Church,international,secondary reference compilation,20,source-verified,20,6
6,CE,1411,July,,Asia,EVT-JUL-000106,exploration,Admiral Zheng He returns to Nanjing after the third treasure voyage and presents the captured Sinhalese king to the Yongle Emperor.,Return of Zheng He's Third Treasure Voyage,"July 6, 1411 CE",https://en.wikipedia.org/wiki/July_6,1411-07-06,Nanjing,"July 6, 1411",Wikipedia — July 6,exact,maritime expedition,China,Gregorian,verified,Zheng He; Yongle Emperor,Ming China,international,secondary reference compilation,20,source-verified,20,7
6,CE,1415,July,,Europe,EVT-JUL-000107,religion,Jan Hus is condemned as a heretic by the council assembly in Konstanz Cathedral and sentenced to be burned at the stake.,Condemnation of Jan Hus,"July 6, 1415 CE",https://en.wikipedia.org/wiki/July_6,1415-07-06,Konstanz,"July 6, 1415",Wikipedia — July 6,exact,heresy trial,Germany,Gregorian,verified,Jan Hus,Council of Constance,international,secondary reference compilation,20,source-verified,20,6
6,CE,1438,July,,Europe,EVT-JUL-000108,political,A temporary compromise between rebellious Transylvanian peasants and noblemen is signed at Kolozsmonostor Abbey.,Kolozsmonostor Compromise,"July 6, 1438 CE",https://en.wikipedia.org/wiki/July_6,1438-07-06,Kolozsmonostor,"July 6, 1438",Wikipedia — July 6,exact,peasant revolt settlement,Romania,Gregorian,verified,,Transylvanian peasants; Transylvanian noblemen,international,secondary reference compilation,20,source-verified,20,8
6,CE,1439,July,,Europe,EVT-JUL-000109,religion,The reunion of the Catholic and Orthodox churches is proclaimed and celebrated with a public holiday.,Proclamation of Church Reunion,"July 6, 1439 CE",https://en.wikipedia.org/wiki/July_6,1439-07-06,,"July 6, 1439",Wikipedia — July 6,exact,church reunion,,Gregorian,verified,,Catholic Church; Orthodox Church,international,secondary reference compilation,20,source-verified,20,6
6,CE,1483,July,,Europe,EVT-JUL-000110,political,Richard III and Anne Neville are crowned King and Queen of England.,Coronation of Richard III and Anne Neville,"July 6, 1483 CE",https://en.wikipedia.org/wiki/July_6,1483-07-06,,"July 6, 1483",Wikipedia — July 6,exact,coronation,United Kingdom,Gregorian,verified,Richard III; Anne Neville,Kingdom of England,international,secondary reference compilation,20,source-verified,20,8
6,CE,1484,July,,Africa,EVT-JUL-000111,exploration,Portuguese sea captain Diogo Cão finds the mouth of the Congo River.,Diogo Cão Finds the Congo River Mouth,"July 6, 1484 CE",https://en.wikipedia.org/wiki/July_6,1484-07-06,,"July 6, 1484",Wikipedia — July 6,exact,maritime exploration,Angola; Democratic Republic of the Congo,Gregorian,verified,Diogo Cão,Portugal,international,secondary reference compilation,20,source-verified,20,7
6,CE,1495,July,,Europe,EVT-JUL-000112,war,"During the First Italian War, Charles VIII defeats the Holy League at the Battle of Fornovo.",Battle of Fornovo,"July 6, 1495 CE",https://en.wikipedia.org/wiki/July_6,1495-07-06,Fornovo,"July 6, 1495",Wikipedia — July 6,exact,battle,Italy,Gregorian,verified,Charles VIII,France; Holy League,international,secondary reference compilation,20,source-verified,20,8
6,CE,1536,July,,Europe,EVT-JUL-000113,law,Thomas More is executed after being condemned on perjured evidence.,Execution of Thomas More,"July 6, 1536 CE",https://en.wikipedia.org/wiki/July_6,1536-07-06,,"July 6, 1536",Wikipedia — July 6,exact,execution,United Kingdom,Gregorian,verified,Thomas More,Kingdom of England,international,secondary reference compilation,20,source-verified,20,6
6,CE,1536,July,,Europe,EVT-JUL-000114,exploration,"Explorer Jacques Cartier lands at St. Malo at the end of his second expedition to North America, returning without the gold he expected to find.",Jacques Cartier Returns to St. Malo,"July 6, 1536 CE",https://en.wikipedia.org/wiki/July_6,1536-07-06,St. Malo,"July 6, 1536",Wikipedia — July 6,exact,expedition,France,Gregorian,verified,Jacques Cartier,France,international,secondary reference compilation,20,source-verified,20,7
6,CE,1557,July,,Europe,EVT-JUL-000115,war,King Philip II of Spain sets out from Dover to war with France; the conflict eventually leads to England's loss of Calais.,Philip II Sets Out for War with France,"July 6, 1557 CE",https://en.wikipedia.org/wiki/July_6,1557-07-06,Dover,"July 6, 1557",Wikipedia — July 6,exact,military campaign,United Kingdom,Gregorian,verified,Philip II of Spain; Mary I of England,Spain; England; France,international,secondary reference compilation,20,source-verified,20,8
6,CE,1560,July,,Europe,EVT-JUL-000116,political,The Treaty of Edinburgh is signed by Scotland and England.,Treaty of Edinburgh,"July 6, 1560 CE",https://en.wikipedia.org/wiki/July_6,1560-07-06,,"July 6, 1560",Wikipedia — July 6,exact,treaty,United Kingdom,Gregorian,verified,,Scotland; England,international,secondary reference compilation,20,source-verified,20,8
6,CE,1573,July,,Americas,EVT-JUL-000117,political,"Córdoba, Argentina, is founded by Jerónimo Luis de Cabrera.",Founding of Córdoba,"July 6, 1573 CE",https://en.wikipedia.org/wiki/July_6,1573-07-06,Córdoba,"July 6, 1573",Wikipedia — July 6,exact,city founding,Argentina,Gregorian,verified,Jerónimo Luis de Cabrera,Spain,international,secondary reference compilation,20,source-verified,20,8
6,CE,1573,July,,Europe,EVT-JUL-000118,war,The Siege of La Rochelle ends during the French Wars of Religion.,End of the Siege of La Rochelle,"July 6, 1573 CE",https://en.wikipedia.org/wiki/July_6,1573-07-06,La Rochelle,"July 6, 1573",Wikipedia — July 6,exact,siege,France,Gregorian,verified,,France,international,secondary reference compilation,20,source-verified,20,8
6,CE,1614,July,,Europe,EVT-JUL-000119,war,Ottoman forces raid southeastern Malta and the town of Żejtun in the last unsuccessful Ottoman attempt to conquer Malta.,Raid on Żejtun,"July 6, 1614 CE",https://en.wikipedia.org/wiki/July_6,1614-07-06,Żejtun,"July 6, 1614",Wikipedia — July 6,exact,raid,Malta,Gregorian,verified,,Ottoman Empire,international,secondary reference compilation,20,source-verified,20,8
6,CE,1630,July,,Europe,EVT-JUL-000120,war,Four thousand Swedish troops under Gustavus Adolphus land in Pomerania during the Thirty Years' War.,Swedish Troops Land in Pomerania,"July 6, 1630 CE",https://en.wikipedia.org/wiki/July_6,1630-07-06,Pomerania,"July 6, 1630",Wikipedia — July 6,exact,military landing,Germany,Gregorian,verified,Gustavus Adolphus,Sweden,international,secondary reference compilation,20,source-verified,20,8
7,CE,1124,July,,Middle East,EVT-JUL-000121,war,The city of Tyre fell to the Venetian Crusade after a siege of 19 weeks.,Fall of Tyre,"July 7, 1124 CE",https://en.wikipedia.org/wiki/July_7,1124-07-07,Tyre,"July 7, 1124",Wikipedia — July 7,exact,Siege,Lebanon,Gregorian,verified,,Venetian Crusade,international,secondary reference compilation,20,source-verified,20,8
7,CE,1456,July,,Europe,EVT-JUL-000122,law,A retrial verdict acquitted Joan of Arc of heresy 25 years after her execution.,Retrial of Joan of Arc,"July 7, 1456 CE",https://en.wikipedia.org/wiki/July_7,1456-07-07,,"July 7, 1456",Wikipedia — July 7,exact,Religious retrial,France,Gregorian,verified,Joan of Arc,,international,secondary reference compilation,20,source-verified,20,6
7,CE,1520,July,,Americas,EVT-JUL-000123,war,Spanish conquistadores defeated a larger Aztec army at the Battle of Otumba.,Battle of Otumba,"July 7, 1520 CE",https://en.wikipedia.org/wiki/July_7,1520-07-07,Otumba,"July 7, 1520",Wikipedia — July 7,exact,Battle,Mexico,Gregorian,verified,,Spanish conquistadores; Aztec army,international,secondary reference compilation,20,source-verified,20,8
7,CE,1534,July,,Americas,EVT-JUL-000124,exploration,Jacques Cartier made his first contact with aboriginal peoples in what is now Canada.,Cartier's first contact in Canada,"July 7, 1534 CE",https://en.wikipedia.org/wiki/July_7,1534-07-07,,"July 7, 1534",Wikipedia — July 7,exact,First contact,Canada,Gregorian,verified,Jacques Cartier,,international,secondary reference compilation,20,source-verified,20,7
7,CE,1548,July,,Europe,EVT-JUL-000125,political,"Scotland and France concluded the Treaty of Haddington in response to the Rough Wooing; it provided that five-year-old Mary, Queen of Scots, would marry the Dauphin of France.",Treaty of Haddington,"July 7, 1548 CE",https://en.wikipedia.org/wiki/July_7,1548-07-07,Haddington,"July 7, 1548",Wikipedia — July 7,exact,Treaty,United Kingdom; France,Gregorian,verified,"Mary, Queen of Scots",Scotland; France,international,secondary reference compilation,20,source-verified,20,8
7,CE,1575,July,,Europe,EVT-JUL-000126,war,The Raid of the Redeswire was the last major battle between England and Scotland.,Raid of the Redeswire,"July 7, 1575 CE",https://en.wikipedia.org/wiki/July_7,1575-07-07,Redeswire,"July 7, 1575",Wikipedia — July 7,exact,Battle,United Kingdom,Gregorian,verified,,England; Scotland,international,secondary reference compilation,20,source-verified,20,8
7,CE,1585,July,,Europe,EVT-JUL-000127,religion,The Treaty of Nemours abolished tolerance for Protestants in France.,Treaty of Nemours,"July 7, 1585 CE",https://en.wikipedia.org/wiki/July_7,1585-07-07,Nemours,"July 7, 1585",Wikipedia — July 7,exact,Religious policy,France,Gregorian,verified,,France,international,secondary reference compilation,20,source-verified,20,6
7,CE,1667,July,,Americas,EVT-JUL-000128,war,"An English fleet completed the destruction of a French merchant fleet off Fort St Pierre, Martinique, during the Second Anglo-Dutch War.",Destruction of French merchant fleet,"July 7, 1667 CE",https://en.wikipedia.org/wiki/July_7,1667-07-07,Fort St Pierre,"July 7, 1667",Wikipedia — July 7,exact,Naval action,United Kingdom; France,Gregorian,verified,,English fleet; French merchant fleet,international,secondary reference compilation,20,source-verified,20,8
7,CE,1770,July,,Europe,EVT-JUL-000129,war,The Battle of Larga between the Russian Empire and the Ottoman Empire took place.,Battle of Larga,"July 7, 1770 CE",https://en.wikipedia.org/wiki/July_7,1770-07-07,Larga,"July 7, 1770",Wikipedia — July 7,exact,Battle,Russia; Turkey,Gregorian,verified,,Russian Empire; Ottoman Empire,international,secondary reference compilation,20,source-verified,20,8
7,CE,1770,July,,Europe,EVT-JUL-000130,war,"After three days of battle around Chesma, the Russian fleet defeated the Ottoman Navy, inflicting one of the Ottoman Empire's most severe naval defeats since Lepanto.",Battle of Chesma,"July 7, 1770 CE",https://en.wikipedia.org/wiki/July_7,1770-07-07,Chesma,"July 7, 1770",Wikipedia — July 7,exact,Naval battle,Russia; Turkey,Gregorian,verified,,Russian fleet; Ottoman Navy,international,secondary reference compilation,20,source-verified,20,8
7,CE,1777,July,,Americas,EVT-JUL-000131,war,American forces retreating from Fort Ticonderoga were defeated in the Battle of Hubbardton.,Battle of Hubbardton,"July 7, 1777 CE",https://en.wikipedia.org/wiki/July_7,1777-07-07,Hubbardton,"July 7, 1777",Wikipedia — July 7,exact,Battle,United States,Gregorian,verified,,American forces,international,secondary reference compilation,20,source-verified,20,8
7,CE,1798,July,,Americas,EVT-JUL-000132,political,"As a result of the XYZ Affair, the US Congress rescinded the Treaty of Alliance with France, sparking the Quasi-War.",Rescission of treaty with France,"July 7, 1798 CE",https://en.wikipedia.org/wiki/July_7,1798-07-07,,"July 7, 1798",Wikipedia — July 7,exact,Treaty repudiation,United States; France,Gregorian,verified,,US Congress,international,secondary reference compilation,20,source-verified,20,8
7,CE,1807,July,,Europe,EVT-JUL-000133,political,"The first Treaty of Tilsit between France and Russia was signed, ending hostilities between the two countries in the War of the Fourth Coalition.",First Treaty of Tilsit,"July 7, 1807 CE",https://en.wikipedia.org/wiki/July_7,1807-07-07,Tilsit,"July 7, 1807",Wikipedia — July 7,exact,Treaty,France; Russia,Gregorian,verified,,France; Russia,international,secondary reference compilation,20,source-verified,20,8
7,CE,1834,July,,Americas,EVT-JUL-000134,social,Four nights of rioting against abolitionists began in New York City.,New York abolitionist riots,"July 7, 1834 CE",https://en.wikipedia.org/wiki/July_7,1834-07-07,New York City,"July 7, 1834",Wikipedia — July 7,exact,Riot,United States,Gregorian,verified,,,international,secondary reference compilation,20,source-verified,20,6
7,CE,1846,July,,Americas,EVT-JUL-000135,war,"US troops occupied Monterey and Yerba Buena, beginning the US conquest of California.",US occupation of Monterey and Yerba Buena,"July 7, 1846 CE",https://en.wikipedia.org/wiki/July_7,1846-07-07,Monterey; Yerba Buena,"July 7, 1846",Wikipedia — July 7,exact,Occupation,United States,Gregorian,verified,,US troops,international,secondary reference compilation,20,source-verified,20,8
7,CE,1863,July,,Americas,EVT-JUL-000136,political,The United States began its first military draft; exemptions cost $300.,First US military draft,"July 7, 1863 CE",https://en.wikipedia.org/wiki/July_7,1863-07-07,,"July 7, 1863",Wikipedia — July 7,exact,Military conscription,United States,Gregorian,verified,,United States,international,secondary reference compilation,20,source-verified,20,8
7,CE,1865,July,,Americas,EVT-JUL-000137,law,Four conspirators in the assassination of Abraham Lincoln were hanged.,Execution of Lincoln assassination conspirators,"July 7, 1865 CE",https://en.wikipedia.org/wiki/July_7,1865-07-07,,"July 7, 1865",Wikipedia — July 7,exact,Execution,United States,Gregorian,verified,Abraham Lincoln; George Atzerodt; David Herold; Lewis Powell; Mary Surratt,,international,secondary reference compilation,20,source-verified,20,6
7,CE,1892,July,,Asia,EVT-JUL-000138,political,The Katipunan was established; its discovery by Spanish authorities initiated the Philippine Revolution.,Establishment of the Katipunan,"July 7, 1892 CE",https://en.wikipedia.org/wiki/July_7,1892-07-07,,"July 7, 1892",Wikipedia — July 7,exact,Revolutionary organization,Philippines; Spain,Gregorian,verified,,Katipunan; Spanish authorities,international,secondary reference compilation,20,source-verified,20,8
7,CE,1898,July,,Oceania,EVT-JUL-000139,political,"US president William McKinley signed the Newlands Resolution, annexing Hawaii as a territory of the United States.",Newlands Resolution,"July 7, 1898 CE",https://en.wikipedia.org/wiki/July_7,1898-07-07,,"July 7, 1898",Wikipedia — July 7,exact,Annexation,United States,Gregorian,verified,William McKinley,United States,regional,secondary reference compilation,20,source-verified,20,8
7,CE,1900,July,,Americas,EVT-JUL-000140,disaster,"The luxury racing yacht Idler capsized and sank on Lake Erie during a storm, drowning six of its seven passengers.",Sinking of the Idler,"July 7, 1900 CE",https://en.wikipedia.org/wiki/July_7,1900-07-07,Lake Erie,"July 7, 1900",Wikipedia — July 7,exact,Maritime disaster,United States,Gregorian,verified,James C. Corrigan,,international,secondary reference compilation,20,source-verified,20,7
8,CE,1167,July,,Europe,EVT-JUL-000141,war,"The Byzantines decisively defeated the Hungarian army at Sirmium, forcing the Hungarians to sue for peace.",Byzantine-Hungarian Battle at Sirmium,"July 8, 1167 CE",https://en.wikipedia.org/wiki/July_8,1167-07-08,Sirmium,"July 8, 1167",Wikipedia — July 8,exact,Battle,Serbia,Gregorian,verified,,Byzantine Empire; Hungary,international,secondary reference compilation,20,source-verified,20,8
8,CE,1283,July,,Europe,EVT-JUL-000142,war,"Roger of Lauria, commanding the Aragonese fleet, defeated an Angevin fleet sent to suppress a rebellion on Malta.",Battle off Malta,"July 8, 1283 CE",https://en.wikipedia.org/wiki/July_8,1283-07-08,Malta,"July 8, 1283",Wikipedia — July 8,exact,Naval battle,Malta,Gregorian,verified,Roger of Lauria,Crown of Aragon; Angevins,international,secondary reference compilation,20,source-verified,20,8
8,CE,1497,July,,Global,EVT-JUL-000143,exploration,Vasco da Gama set sail on the first direct European voyage to India.,Vasco da Gama's Voyage to India,"July 8, 1497 CE",https://en.wikipedia.org/wiki/July_8,1497-07-08,,"July 8, 1497",Wikipedia — July 8,exact,Voyage,,Gregorian,verified,Vasco da Gama,Portugal,international,secondary reference compilation,20,source-verified,20,7
8,CE,1579,July,,Europe,EVT-JUL-000144,religion,"Our Lady of Kazan, a holy icon of the Russian Orthodox Church, was discovered underground in Kazan.",Discovery of Our Lady of Kazan,"July 8, 1579 CE",https://en.wikipedia.org/wiki/July_8,1579-07-08,Kazan,"July 8, 1579",Wikipedia — July 8,exact,Religious icon,Russia,Gregorian,verified,,Russian Orthodox Church,international,secondary reference compilation,20,source-verified,20,6
8,CE,1651,July,,Europe,EVT-JUL-000145,war,The Venetian fleet under Alvise Mocenigo engaged and defeated an Ottoman fleet under Hosambegzade Ali Pasha south of Naxos after three days.,Venetian-Ottoman Naval Battle near Naxos,"July 8, 1651 CE",https://en.wikipedia.org/wiki/July_8,1651-07-08,Naxos,"July 8, 1651",Wikipedia — July 8,exact,Naval battle,Greece,Gregorian,verified,Alvise Mocenigo; Hosambegzade Ali Pasha,Republic of Venice; Ottoman Empire,international,secondary reference compilation,20,source-verified,20,8
8,CE,1658,July,,Middle East,EVT-JUL-000146,political,"Abaza Hasan Pasha and his allies declared a revolt against grand vizier Köprülü Mehmed Pasha, demanded his execution, and marched on Istanbul.",Abaza Hasan Pasha Revolt,"July 8, 1658 CE",https://en.wikipedia.org/wiki/July_8,1658-07-08,Istanbul,"July 8, 1658",Wikipedia — July 8,exact,Revolt,Turkey,Gregorian,verified,Abaza Hasan Pasha; Köprülü Mehmed Pasha,Ottoman Empire,international,secondary reference compilation,20,source-verified,20,8
8,CE,1663,July,,Americas,EVT-JUL-000147,law,Charles II of England granted John Clarke a Royal charter for Rhode Island.,Royal Charter to Rhode Island,"July 8, 1663 CE",https://en.wikipedia.org/wiki/July_8,1663-07-08,Rhode Island,"July 8, 1663",Wikipedia — July 8,exact,Royal charter,United States,Gregorian,verified,Charles II; John Clarke,Kingdom of England; Rhode Island,international,secondary reference compilation,20,source-verified,20,6
8,CE,1709,July,,Europe,EVT-JUL-000148,war,"Peter I of Russia defeated Charles XII of Sweden at the Battle of Poltava, effectively ending Sweden's status as a major European power.",Battle of Poltava,"July 8, 1709 CE",https://en.wikipedia.org/wiki/July_8,1709-07-08,Poltava,"July 8, 1709",Wikipedia — July 8,exact,Battle,Ukraine,Gregorian,verified,Peter I of Russia; Charles XII of Sweden,Russia; Sweden,international,secondary reference compilation,20,source-verified,20,8
8,CE,1716,July,,Europe,EVT-JUL-000149,war,The Battle of Dynekilen forced Sweden to abandon its invasion of Norway.,Battle of Dynekilen,"July 8, 1716 CE",https://en.wikipedia.org/wiki/July_8,1716-07-08,Dynekilen,"July 8, 1716",Wikipedia — July 8,exact,Battle,Sweden; Norway,Gregorian,verified,,Sweden; Norway,international,secondary reference compilation,20,source-verified,20,8
8,CE,1730,July,Magnitude is estimated.,Americas,EVT-JUL-000150,disaster,"An estimated magnitude 8.7 earthquake caused a tsunami that damaged more than 1,000 kilometers of Chile's coastline.",Chile Earthquake and Tsunami,"July 8, 1730 CE",https://en.wikipedia.org/wiki/July_8,1730-07-08,,"July 8, 1730",Wikipedia — July 8,exact,Earthquake and tsunami,Chile,Gregorian,verified,,,international,secondary reference compilation,20,source-verified,20,7
8,CE,1741,July,,Americas,EVT-JUL-000151,religion,"Reverend Jonathan Edwards preached his most famous sermon to his congregation in Enfield, Connecticut, influencing the First Great Awakening.",Sinners in the Hands of an Angry God,"July 8, 1741 CE",https://en.wikipedia.org/wiki/July_8,1741-07-08,Enfield,"July 8, 1741",Wikipedia — July 8,exact,Sermon,United States,Gregorian,verified,Jonathan Edwards,,international,secondary reference compilation,20,source-verified,20,6
8,CE,1758,July,,Americas,EVT-JUL-000152,war,"French forces held Fort Carillon against the British at Ticonderoga, New York.",Defense of Fort Carillon,"July 8, 1758 CE",https://en.wikipedia.org/wiki/July_8,1758-07-08,Ticonderoga,"July 8, 1758",Wikipedia — July 8,exact,Battle,United States,Gregorian,verified,,France; Great Britain,international,secondary reference compilation,20,source-verified,20,8
8,CE,1760,July,,Americas,EVT-JUL-000153,war,British forces defeated French forces in the last naval battle in New France.,Last Naval Battle in New France,"July 8, 1760 CE",https://en.wikipedia.org/wiki/July_8,1760-07-08,,"July 8, 1760",Wikipedia — July 8,exact,Naval battle,Canada,Gregorian,verified,,Great Britain; France,international,secondary reference compilation,20,source-verified,20,8
8,CE,1775,July,,Americas,EVT-JUL-000154,political,The Olive Branch Petition was signed by the Continental Congress of the Thirteen Colonies of North America.,Olive Branch Petition Signed,"July 8, 1775 CE",https://en.wikipedia.org/wiki/July_8,1775-07-08,,"July 8, 1775",Wikipedia — July 8,exact,Petition,United States,Gregorian,verified,,Continental Congress; Thirteen Colonies,international,secondary reference compilation,20,source-verified,20,8
8,CE,1776,July,,Americas,EVT-JUL-000155,independence,John Nixon delivered the first public reading of the Declaration of Independence of the United States.,First Public Reading of the Declaration of Independence,"July 8, 1776 CE",https://en.wikipedia.org/wiki/July_8,1776-07-08,,"July 8, 1776",Wikipedia — July 8,exact,Declaration reading,United States,Gregorian,verified,John Nixon,United States,international,secondary reference compilation,20,source-verified,20,8
8,CE,1822,July,,Americas,EVT-JUL-000156,political,Chippewas turned over a huge tract of land in Ontario to the United Kingdom.,Chippewa Land Cession,"July 8, 1822 CE",https://en.wikipedia.org/wiki/July_8,1822-07-08,Ontario,"July 8, 1822",Wikipedia — July 8,exact,Land cession,Canada,Gregorian,verified,,Chippewas; United Kingdom,international,secondary reference compilation,20,source-verified,20,8
8,CE,1832,July,,Middle East,EVT-JUL-000157,war,An Egyptian army under Ibrahim Pascha defeated an Ottoman army under Mehmed Pascha at Hims.,Battle of Hims,"July 8, 1832 CE",https://en.wikipedia.org/wiki/July_8,1832-07-08,Hims,"July 8, 1832",Wikipedia — July 8,exact,Battle,Syria,Gregorian,verified,Ibrahim Pascha; Mehmed Pascha,Egypt; Ottoman Empire,international,secondary reference compilation,20,source-verified,20,8
8,CE,1853,July,,Asia,EVT-JUL-000158,exploration,The Perry Expedition arrived in Edo Bay with a treaty requesting trade.,Perry Expedition Arrives in Edo Bay,"July 8, 1853 CE",https://en.wikipedia.org/wiki/July_8,1853-07-08,Edo Bay,"July 8, 1853",Wikipedia — July 8,exact,Expedition,Japan,Gregorian,verified,Matthew Perry,United States; Japan,international,secondary reference compilation,20,source-verified,20,7
8,CE,1859,July,,Europe,EVT-JUL-000159,political,King Charles XV and IV acceded to the throne of Sweden–Norway.,Accession of Charles XV and IV,"July 8, 1859 CE",https://en.wikipedia.org/wiki/July_8,1859-07-08,,"July 8, 1859",Wikipedia — July 8,exact,Royal accession,Sweden; Norway,Gregorian,verified,Charles XV and IV,Sweden–Norway,international,secondary reference compilation,20,source-verified,20,8
8,CE,1864,July,,Asia,EVT-JUL-000160,political,The Choshu Han shishis planned Shinsengumi sabotage on Kyoto at Ikedaya.,Ikedaya Incident,"July 8, 1864 CE",https://en.wikipedia.org/wiki/July_8,1864-07-08,Kyoto,"July 8, 1864",Wikipedia — July 8,exact,Political incident,Japan,Gregorian,verified,,Choshu Han; Shinsengumi,international,secondary reference compilation,20,source-verified,20,8
9,CE,118,July,,Europe,EVT-JUL-000161,political,"Hadrian, who had become emperor the previous year after Trajan's death, made his entry into Rome.",Hadrian enters Rome,"July 9, 118 CE",https://en.wikipedia.org/wiki/July_9,0118-07-09,Rome,"July 9, 118",Wikipedia — July 9,exact,imperial succession,Italy,Gregorian,verified,Hadrian; Trajan,Roman Empire,international,secondary reference compilation,20,source-verified,20,8
9,CE,381,July,,Europe,EVT-JUL-000162,religion,The council of Christian bishops convened in Constantinople by Emperor Theodosius I came to an end.,First Council of Constantinople ends,"July 9, 381 CE",https://en.wikipedia.org/wiki/July_9,0381-07-09,Constantinople,"July 9, 381",Wikipedia — July 9,exact,church council,Turkey,Gregorian,verified,Theodosius I,Roman Empire,international,secondary reference compilation,20,source-verified,20,6
9,CE,455,July,,Europe,EVT-JUL-000163,political,The elderly noble Avitus was proclaimed Roman emperor by Gothic king Theoderic II in Toulouse.,Avitus proclaimed emperor,"July 9, 455 CE",https://en.wikipedia.org/wiki/July_9,0455-07-09,Toulouse,"July 9, 455",Wikipedia — July 9,exact,proclamation of emperor,France,Gregorian,verified,Avitus; Theoderic II,Roman Empire; Visigoths,international,secondary reference compilation,20,source-verified,20,8
9,CE,491,July,,Europe,EVT-JUL-000164,war,"Odoacer and his Heruli guardsmen launched a night assault against Theoderic the Great at Ad Pinetam; both sides suffered heavy losses, and Theoderic forced Odoacer back into Ravenna.",Battle of Ad Pinetam,"July 9, 491 CE",https://en.wikipedia.org/wiki/July_9,0491-07-09,Ad Pinetam,"July 9, 491",Wikipedia — July 9,exact,battle,Italy,Gregorian,verified,Odoacer; Theoderic the Great,Heruli; Ostrogoths,international,secondary reference compilation,20,source-verified,20,8
9,CE,551,July,,Middle East,EVT-JUL-000165,disaster,"A major earthquake struck Beirut, triggering a devastating tsunami that affected coastal towns of Byzantine Phoenicia and caused thousands of deaths.",Beirut earthquake and tsunami,"July 9, 551 CE",https://en.wikipedia.org/wiki/July_9,0551-07-09,Beirut,"July 9, 551",Wikipedia — July 9,exact,earthquake and tsunami,Lebanon,Gregorian,verified,,Byzantine Empire,international,secondary reference compilation,20,source-verified,20,7
9,CE,660,July,,Asia,EVT-JUL-000166,war,Silla forces under General Kim Yu-sin defeated the army of Baekje at the Battle of Hwangsanbeol.,Battle of Hwangsanbeol,"July 9, 660 CE",https://en.wikipedia.org/wiki/July_9,0660-07-09,Hwangsanbeol,"July 9, 660",Wikipedia — July 9,exact,battle,South Korea,Gregorian,verified,Kim Yu-sin,Silla; Baekje,international,secondary reference compilation,20,source-verified,20,8
9,CE,869,July,,Asia,EVT-JUL-000167,disaster,"An earthquake of magnitude 8.4–9.0 struck the area around Sendai in northern Honshu, Japan, and its tsunami inundated land several kilometers inland.",Sanriku earthquake and tsunami,"July 9, 869 CE",https://en.wikipedia.org/wiki/July_9,0869-07-09,Sendai,"July 9, 869",Wikipedia — July 9,exact,earthquake and tsunami,Japan,Gregorian,verified,,,international,secondary reference compilation,20,source-verified,20,7
9,CE,969,July,,Africa,EVT-JUL-000168,religion,"Fatimid general Jawhar led the Friday prayer in Fustat in the name of Caliph al-Mu'izz li-Din Allah, symbolically completing the Fatimid conquest of Egypt.",Fatimid conquest of Egypt symbolically completed,"July 9, 969 CE",https://en.wikipedia.org/wiki/July_9,0969-07-09,Fustat,"July 9, 969",Wikipedia — July 9,exact,religious and political consolidation,Egypt,Gregorian,verified,Jawhar; al-Mu'izz li-Din Allah,Fatimid Caliphate,international,secondary reference compilation,20,source-verified,20,6
9,CE,1357,July,,Europe,EVT-JUL-000169,culture,Emperor Charles IV assisted in laying the foundation stone of Charles Bridge in Prague.,Foundation stone of Charles Bridge laid,"July 9, 1357 CE",https://en.wikipedia.org/wiki/July_9,1357-07-09,Prague,"July 9, 1357",Wikipedia — July 9,exact,construction,Czech Republic,Gregorian,verified,Charles IV,,international,secondary reference compilation,20,source-verified,20,6
9,CE,1386,July,,Europe,EVT-JUL-000170,war,The Old Swiss Confederacy soundly defeated the Duchy of Austria in the Battle of Sempach.,Battle of Sempach,"July 9, 1386 CE",https://en.wikipedia.org/wiki/July_9,1386-07-09,Sempach,"July 9, 1386",Wikipedia — July 9,exact,battle,Switzerland,Gregorian,verified,,Old Swiss Confederacy; Duchy of Austria,international,secondary reference compilation,20,source-verified,20,8
9,CE,1401,July,,Middle East,EVT-JUL-000171,war,Timur attacked the Jalairid Sultanate and destroyed Baghdad.,Timur destroys Baghdad,"July 9, 1401 CE",https://en.wikipedia.org/wiki/July_9,1401-07-09,Baghdad,"July 9, 1401",Wikipedia — July 9,exact,conquest,Iraq,Gregorian,verified,Timur,Timurid Empire; Jalairid Sultanate,international,secondary reference compilation,20,source-verified,20,8
9,CE,1540,July,,Europe,EVT-JUL-000172,political,"King Henry VIII of England annulled his marriage to his fourth wife, Anne of Cleves.",Henry VIII annuls marriage to Anne of Cleves,"July 9, 1540 CE",https://en.wikipedia.org/wiki/July_9,1540-07-09,,"July 9, 1540",Wikipedia — July 9,exact,royal marriage annulment,United Kingdom,Gregorian,verified,Henry VIII; Anne of Cleves,Kingdom of England,international,secondary reference compilation,20,source-verified,20,8
9,CE,1572,July,,Europe,EVT-JUL-000173,religion,Nineteen Catholics were martyred for their beliefs in the Dutch town of Gorkum.,Martyrs of Gorkum,"July 9, 1572 CE",https://en.wikipedia.org/wiki/July_9,1572-07-09,Gorkum,"July 9, 1572",Wikipedia — July 9,exact,religious martyrdom,Netherlands,Gregorian,verified,,,international,secondary reference compilation,20,source-verified,20,6
9,CE,1609,July,,Europe,EVT-JUL-000174,religion,Bohemia was granted freedom of religion through the Letter of Majesty by Holy Roman Emperor Rudolf II.,Letter of Majesty grants religious freedom,"July 9, 1609 CE",https://en.wikipedia.org/wiki/July_9,1609-07-09,,"July 9, 1609",Wikipedia — July 9,exact,religious freedom,Czech Republic,Gregorian,verified,Rudolf II,Holy Roman Empire; Bohemia,international,secondary reference compilation,20,source-verified,20,6
9,CE,1701,July,,Europe,EVT-JUL-000175,war,A Bourbon force under Nicolas Catinat withdrew from a smaller Habsburg force under Prince Eugene of Savoy in the Battle of Carpi.,Battle of Carpi,"July 9, 1701 CE",https://en.wikipedia.org/wiki/July_9,1701-07-09,Carpi,"July 9, 1701",Wikipedia — July 9,exact,battle,Italy,Gregorian,verified,Nicolas Catinat; Prince Eugene of Savoy,Bourbon forces; Habsburg forces,international,secondary reference compilation,20,source-verified,20,8
9,CE,1735,July,,Middle East,EVT-JUL-000176,war,Safavid Iran captured Ganja from the Ottoman Empire after defeating Ottoman forces in the Battle of Yeghevārd.,Battle of Yeghevārd,"July 9, 1735 CE",https://en.wikipedia.org/wiki/July_9,1735-07-09,Ganja,"July 9, 1735",Wikipedia — July 9,exact,battle and conquest,Azerbaijan,Gregorian,verified,,Safavid Iran; Ottoman Empire,international,secondary reference compilation,20,source-verified,20,8
9,CE,1745,July,,Europe,EVT-JUL-000177,war,A French victory in the Battle of Melle enabled France to capture Ghent in the following days.,Battle of Melle,"July 9, 1745 CE",https://en.wikipedia.org/wiki/July_9,1745-07-09,Melle,"July 9, 1745",Wikipedia — July 9,exact,battle,Belgium,Gregorian,verified,,France,international,secondary reference compilation,20,source-verified,20,8
9,CE,1755,July,,Americas,EVT-JUL-000178,war,A smaller French and Native American force soundly defeated the Braddock Expedition during its attempt to capture Fort Duquesne.,Braddock Expedition defeated,"July 9, 1755 CE",https://en.wikipedia.org/wiki/July_9,1755-07-09,Fort Duquesne,"July 9, 1755",Wikipedia — July 9,exact,battle,United States,Gregorian,verified,,British forces; French forces; Native American forces,international,secondary reference compilation,20,source-verified,20,8
9,CE,1762,July,,Europe,EVT-JUL-000179,political,"Catherine the Great became Empress of Russia following the coup against her husband, Peter III.",Catherine the Great becomes empress,"July 9, 1762 CE",https://en.wikipedia.org/wiki/July_9,1762-07-09,,"July 9, 1762",Wikipedia — July 9,exact,coup and succession,Russia,Gregorian,verified,Catherine the Great; Peter III,Russian Empire,international,secondary reference compilation,20,source-verified,20,8
9,CE,1763,July,,Europe,EVT-JUL-000180,culture,"The Mozart family's grand tour of Europe began, raising the profile of Wolfgang Amadeus Mozart.",Mozart family's European grand tour begins,"July 9, 1763 CE",https://en.wikipedia.org/wiki/July_9,1763-07-09,,"July 9, 1763",Wikipedia — July 9,exact,musical career,Austria,Gregorian,verified,Wolfgang Amadeus Mozart,,international,secondary reference compilation,20,source-verified,20,6
10,CE,138,July,,Europe,EVT-JUL-000181,political,Emperor Hadrian of Rome dies of heart failure at Baiae and is buried in Rome in the Tomb of Hadrian.,Death of Emperor Hadrian,"July 10, 138 CE",https://en.wikipedia.org/wiki/July_10,0138-07-10,Baiae,"July 10, 138",Wikipedia — July 10,exact,imperial death,Italy,Gregorian,verified,Hadrian; Vibia Sabina,Roman Empire,international,secondary reference compilation,20,source-verified,20,8
10,CE,420,July,"The supplied reference explicitly states that the date corresponds to July 10, 420 in the Julian calendar.; calendar_date is a proleptic-Gregorian normalization of the stated Julian date.",Asia,EVT-JUL-000182,political,"Liu Yu, having usurped the throne of Emperor Gong of Jin, proclaims himself emperor of the Liu Song dynasty.",Liu Yu Proclaims the Liu Song Dynasty,"July 11, 420 CE (normalized Gregorian)",https://en.wikipedia.org/wiki/July_10,0420-07-11,,"July 10, 420, Julian calendar",Wikipedia — July 10,exact,dynastic succession,China,Julian (original); proleptic Gregorian (normalized),verified,Liu Yu; Emperor Gong of Jin,Liu Song dynasty,international,secondary reference compilation,20,source-verified,20,8
10,CE,518,July,,Europe,EVT-JUL-000183,political,"Justin I is crowned Byzantine Emperor by the patriarch of Constantinople, the day after Emperor Anastasius's death.",Justin I Crowned Byzantine Emperor,"July 10, 518 CE",https://en.wikipedia.org/wiki/July_10,0518-07-10,Constantinople,"July 10, 518",Wikipedia — July 10,exact,imperial accession,Turkey,Gregorian,verified,Justin I; Anastasius,Byzantine Empire,international,secondary reference compilation,20,source-verified,20,8
10,CE,645,July,,Asia,EVT-JUL-000184,political,Prince Naka-no-Ōe and Fujiwara no Kamatari assassinate Soga no Iruka during a coup d'état at the imperial palace.,Isshi Incident,"July 10, 645 CE",https://en.wikipedia.org/wiki/July_10,0645-07-10,,"July 10, 645",Wikipedia — July 10,exact,coup d'état,Japan,Gregorian,verified,Naka-no-Ōe; Fujiwara no Kamatari; Soga no Iruka,Imperial Japan,international,secondary reference compilation,20,source-verified,20,8
10,CE,988,July,,Europe,EVT-JUL-000185,political,"The Norse King Glúniairn recognises Máel Sechnaill mac Domnaill, agrees to pay taxes and accept Brehon Law, and the event is considered the founding of Dublin.",Founding of Dublin,"July 10, 988 CE",https://en.wikipedia.org/wiki/July_10,0988-07-10,Dublin,"July 10, 988",Wikipedia — July 10,exact,political agreement,Ireland,Gregorian,verified,Glúniairn; Máel Sechnaill mac Domnaill,,international,secondary reference compilation,20,source-verified,20,8
10,CE,1212,July,,Europe,EVT-JUL-000186,disaster,The most severe of several early fires of London burns most of the city to the ground.,Great Fire of London,"July 10, 1212 CE",https://en.wikipedia.org/wiki/July_10,1212-07-10,London,"July 10, 1212",Wikipedia — July 10,exact,urban fire,United Kingdom,Gregorian,verified,,,international,secondary reference compilation,20,source-verified,20,7
10,CE,1290,July,,Europe,EVT-JUL-000187,political,"Ladislaus IV, King of Hungary, is assassinated at the castle of Körösszeg.",Assassination of Ladislaus IV,"July 10, 1290 CE",https://en.wikipedia.org/wiki/July_10,1290-07-10,Körösszeg,"July 10, 1290",Wikipedia — July 10,exact,assassination,Romania,Gregorian,verified,Ladislaus IV,Kingdom of Hungary,international,secondary reference compilation,20,source-verified,20,8
10,CE,1460,July,,Europe,EVT-JUL-000188,war,"Richard Neville, 16th Earl of Warwick, defeats the king's Lancastrian forces and takes King Henry VI prisoner.",Battle of Northampton,"July 10, 1460 CE",https://en.wikipedia.org/wiki/July_10,1460-07-10,Northampton,"July 10, 1460",Wikipedia — July 10,exact,battle,United Kingdom,Gregorian,verified,Richard Neville; Henry VI,Kingdom of England,international,secondary reference compilation,20,source-verified,20,8
10,CE,1499,July,,Europe,EVT-JUL-000189,exploration,Portuguese explorer Nicolau Coelho returns to Lisbon after discovering the sea route to India as a companion of Vasco da Gama.,Nicolau Coelho Returns to Lisbon,"July 10, 1499 CE",https://en.wikipedia.org/wiki/July_10,1499-07-10,Lisbon,"July 10, 1499",Wikipedia — July 10,exact,maritime exploration,Portugal,Gregorian,verified,Nicolau Coelho; Vasco da Gama,Kingdom of Portugal,international,secondary reference compilation,20,source-verified,20,7
10,CE,1512,July,,Europe,EVT-JUL-000190,war,The Spanish conquest of Iberian Navarre commences with the capture of Goizueta.,Spanish Conquest of Iberian Navarre Begins,"July 10, 1512 CE",https://en.wikipedia.org/wiki/July_10,1512-07-10,Goizueta,"July 10, 1512",Wikipedia — July 10,exact,conquest,Spain,Gregorian,verified,,Spain,international,secondary reference compilation,20,source-verified,20,8
10,CE,1519,July,,Asia,EVT-JUL-000191,war,Zhu Chenhao declares the Zhengde Emperor a usurper and leads his army north in an attempt to capture Nanjing.,Prince of Ning Rebellion Begins,"July 10, 1519 CE",https://en.wikipedia.org/wiki/July_10,1519-07-10,Nanjing,"July 10, 1519",Wikipedia — July 10,exact,rebellion,China,Gregorian,verified,Zhu Chenhao; Zhengde Emperor,Ming dynasty,international,secondary reference compilation,20,source-verified,20,8
10,CE,1553,July,,Europe,EVT-JUL-000192,political,Lady Jane Grey takes the throne of England.,Lady Jane Grey Takes the English Throne,"July 10, 1553 CE",https://en.wikipedia.org/wiki/July_10,1553-07-10,,"July 10, 1553",Wikipedia — July 10,exact,royal succession,United Kingdom,Gregorian,verified,Lady Jane Grey,Kingdom of England,international,secondary reference compilation,20,source-verified,20,8
10,CE,1584,July,,Europe,EVT-JUL-000193,political,William I of Orange is assassinated in his home in Delft by Balthasar Gérard.,Assassination of William I of Orange,"July 10, 1584 CE",https://en.wikipedia.org/wiki/July_10,1584-07-10,Delft,"July 10, 1584",Wikipedia — July 10,exact,assassination,Netherlands,Gregorian,verified,William I of Orange; Balthasar Gérard,,international,secondary reference compilation,20,source-verified,20,8
10,CE,1645,July,,Europe,EVT-JUL-000194,war,The Battle of Langport takes place during the English Civil War.,Battle of Langport,"July 10, 1645 CE",https://en.wikipedia.org/wiki/July_10,1645-07-10,Langport,"July 10, 1645",Wikipedia — July 10,exact,battle,United Kingdom,Gregorian,verified,,Kingdom of England,international,secondary reference compilation,20,source-verified,20,8
10,CE,1668,July,,Americas,EVT-JUL-000195,war,"During the Anglo-Spanish War, Henry Morgan lands at Porto Bello with an English privateer force in an attempt to capture the fortified Spanish city.",Henry Morgan Lands at Porto Bello,"July 10, 1668 CE",https://en.wikipedia.org/wiki/July_10,1668-07-10,Porto Bello,"July 10, 1668",Wikipedia — July 10,exact,military expedition,Panama,Gregorian,verified,Henry Morgan,Kingdom of England,international,secondary reference compilation,20,source-verified,20,8
10,CE,1778,July,,Europe,EVT-JUL-000196,war,Louis XVI of France declares war on the Kingdom of Great Britain during the American Revolution.,France Declares War on Great Britain,"July 10, 1778 CE",https://en.wikipedia.org/wiki/July_10,1778-07-10,,"July 10, 1778",Wikipedia — July 10,exact,declaration of war,France,Gregorian,verified,Louis XVI,Kingdom of France,international,secondary reference compilation,20,source-verified,20,8
10,CE,1789,July,,Americas,EVT-JUL-000197,exploration,Alexander Mackenzie reaches the Mackenzie River delta.,Alexander Mackenzie Reaches the Mackenzie River Delta,"July 10, 1789 CE",https://en.wikipedia.org/wiki/July_10,1789-07-10,Mackenzie River delta,"July 10, 1789",Wikipedia — July 10,exact,land exploration,Canada,Gregorian,verified,Alexander Mackenzie,,international,secondary reference compilation,20,source-verified,20,7
10,CE,1806,July,,Asia,EVT-JUL-000198,war,The Vellore Mutiny becomes the first instance of a mutiny by Indian sepoys against the British East India Company.,Vellore Mutiny,"July 10, 1806 CE",https://en.wikipedia.org/wiki/July_10,1806-07-10,Vellore,"July 10, 1806",Wikipedia — July 10,exact,mutiny,India,Gregorian,verified,,British East India Company,international,secondary reference compilation,20,source-verified,20,8
10,CE,1832,July,,Americas,EVT-JUL-000199,economic,U.S. President Andrew Jackson vetoes a bill that would re-charter the Second Bank of the United States.,Jackson Vetoes Second Bank Recharter Bill,"July 10, 1832 CE",https://en.wikipedia.org/wiki/July_10,1832-07-10,,"July 10, 1832",Wikipedia — July 10,exact,presidential veto,United States,Gregorian,verified,Andrew Jackson,United States,international,secondary reference compilation,20,source-verified,20,6
10,CE,1850,July,,Americas,EVT-JUL-000200,political,"Millard Fillmore is sworn in as U.S. President, a day after becoming president upon Zachary Taylor's death.",Millard Fillmore Sworn In as President,"July 10, 1850 CE",https://en.wikipedia.org/wiki/July_10,1850-07-10,,"July 10, 1850",Wikipedia — July 10,exact,presidential succession,United States,Gregorian,verified,Millard Fillmore; Zachary Taylor,United States,international,secondary reference compilation,20,source-verified,20,8
11,CE,154,July,The supplied text lists the birth year only.,Middle East,EVT-JUL-000201,birth,"Bardaisan, Syrian astrologer, scholar, and philosopher, was born.",Birth of Bardaisan,"July 11, 154 CE",https://en.wikipedia.org/wiki/July_11,0154-07-11,,11 July 154,Wikipedia — July 11,"year certain, day uncertain",people,Syria,Gregorian,verified,Bardaisan,,regional,secondary reference compilation,20,source-verified,20,6
11,CE,472,July,,Europe,EVT-JUL-000202,death,Western Roman Emperor Anthemius was killed by troops of the Roman Gothic general Ricimer.,Death of Anthemius,"July 11, 472 CE",https://en.wikipedia.org/wiki/July_11,0472-07-11,,11 July 472,Wikipedia — July 11,day certain,politics,Italy,Gregorian,verified,Anthemius; Ricimer,Western Roman Empire,regional,secondary reference compilation,20,source-verified,20,6
11,CE,813,July,,Europe,EVT-JUL-000203,abdication,Byzantine emperor Michael I abdicated in favor of his general Leo the Armenian and became a monk under the name Athanasius.,Abdication of Michael I,"July 11, 813 CE",https://en.wikipedia.org/wiki/July_11,0813-07-11,,11 July 813,Wikipedia — July 11,day certain,politics,Turkey,Gregorian,verified,Michael I; Leo the Armenian,Byzantine Empire,regional,secondary reference compilation,20,source-verified,20,6
11,CE,911,July,,Europe,EVT-JUL-000204,treaty,Charles the Simple and Rollo of Normandy signed the Treaty of Saint-Clair-sur-Epte.,Treaty of Saint-Clair-sur-Epte,"July 11, 911 CE",https://en.wikipedia.org/wiki/July_11,0911-07-11,Saint-Clair-sur-Epte,11 July 911,Wikipedia — July 11,day certain,politics,France,Gregorian,verified,Charles the Simple; Rollo of Normandy,West Francia,regional,secondary reference compilation,20,source-verified,20,6
11,CE,1174,July,,Middle East,EVT-JUL-000205,accession,"Baldwin IV, aged 13, became King of Jerusalem, with Raymond III of Tripoli as regent and William of Tyre as chancellor.",Baldwin IV becomes King of Jerusalem,"July 11, 1174 CE",https://en.wikipedia.org/wiki/July_11,1174-07-11,Jerusalem,11 July 1174,Wikipedia — July 11,day certain,politics,Israel,Gregorian,verified,Baldwin IV; Raymond III of Tripoli; William of Tyre,Kingdom of Jerusalem,regional,secondary reference compilation,20,source-verified,20,6
11,CE,1276,July,Adrian V died the following month.,Europe,EVT-JUL-000206,election,Adrian V was elected pope under the influence of Charles I of Anjou following the death of Pope Gregory X earlier that year.,Election of Pope Adrian V,"July 11, 1276 CE",https://en.wikipedia.org/wiki/July_11,1276-07-11,Rome,11 July 1276,Wikipedia — July 11,day certain,religion,Italy,Gregorian,verified,Adrian V; Charles I of Anjou; Gregory X,Papal States,regional,secondary reference compilation,20,source-verified,20,6
11,CE,1302,July,Also known as the Guldensporenslag.,Europe,EVT-JUL-000207,battle,A coalition centered around Flemish cities defeated the royal army of the king of France.,Battle of the Golden Spurs,"July 11, 1302 CE",https://en.wikipedia.org/wiki/July_11,1302-07-11,Courtrai,11 July 1302,Wikipedia — July 11,day certain,war,Belgium,Gregorian,verified,,County of Flanders,regional,secondary reference compilation,20,source-verified,20,6
11,CE,1346,July,,Europe,EVT-JUL-000208,election,"Charles IV, Count of Luxembourg and King of Bohemia, was elected King of the Romans.",Election of Charles IV as King of the Romans,"July 11, 1346 CE",https://en.wikipedia.org/wiki/July_11,1346-07-11,,11 July 1346,Wikipedia — July 11,day certain,politics,Germany,Gregorian,verified,Charles IV,Holy Roman Empire,regional,secondary reference compilation,20,source-verified,20,6
11,CE,1405,July,,Asia,EVT-JUL-000209,voyage,Ming admiral Zheng He set sail to explore the world for the first time.,Zheng He begins first voyage,"July 11, 1405 CE",https://en.wikipedia.org/wiki/July_11,1405-07-11,,11 July 1405,Wikipedia — July 11,day certain,exploration,China,Gregorian,verified,Zheng He,Ming dynasty,regional,secondary reference compilation,20,source-verified,20,6
11,CE,1410,July,Part of the Ottoman Interregnum.,Europe,EVT-JUL-000210,battle,"Süleyman Çelebi defeated his brother Musa Çelebi outside the Ottoman capital, Edirne.",Battle near Edirne during the Ottoman Interregnum,"July 11, 1410 CE",https://en.wikipedia.org/wiki/July_11,1410-07-11,Edirne,11 July 1410,Wikipedia — July 11,day certain,war,Turkey,Gregorian,verified,Süleyman Çelebi; Musa Çelebi,Ottoman Empire,regional,secondary reference compilation,20,source-verified,20,6
11,CE,1476,July,,Europe,EVT-JUL-000211,appointment,Giuliano della Rovere was appointed bishop of Coutances.,Appointment of Giuliano della Rovere as Bishop of Coutances,"July 11, 1476 CE",https://en.wikipedia.org/wiki/July_11,1476-07-11,Coutances,11 July 1476,Wikipedia — July 11,day certain,religion,France,Gregorian,verified,Giuliano della Rovere,,regional,secondary reference compilation,20,source-verified,20,6
11,CE,1576,July,,Global,EVT-JUL-000212,exploration,"While seeking the Northwest Passage, Martin Frobisher sighted Greenland and mistook it for the nonexistent island of Frisland.",Martin Frobisher sights Greenland,"July 11, 1576 CE",https://en.wikipedia.org/wiki/July_11,1576-07-11,,11 July 1576,Wikipedia — July 11,day certain,exploration,Greenland,Gregorian,verified,Martin Frobisher,Kingdom of Denmark-Norway,regional,secondary reference compilation,20,source-verified,20,7
11,CE,1616,July,,Americas,EVT-JUL-000213,return,Samuel de Champlain returned to Quebec.,Samuel de Champlain returns to Quebec,"July 11, 1616 CE",https://en.wikipedia.org/wiki/July_11,1616-07-11,Quebec,11 July 1616,Wikipedia — July 11,day certain,exploration,Canada,Gregorian,verified,Samuel de Champlain,New France,regional,secondary reference compilation,20,source-verified,20,6
11,CE,1708,July,,Europe,EVT-JUL-000214,battle,"A coalition army of Dutch, English, and German troops under the Duke of Marlborough defeated a French army under the Duke of Burgundy and Marshal Vendôme.",Battle of Oudenarde,"July 11, 1708 CE",https://en.wikipedia.org/wiki/July_11,1708-07-11,Oudenarde,11 July 1708,Wikipedia — July 11,day certain,war,Belgium,Gregorian,verified,Duke of Marlborough; Duke of Burgundy; Marshal Vendôme,French Kingdom,regional,secondary reference compilation,20,source-verified,20,6
11,CE,1735,July,The text says this was the last such occurrence before 1979.,Global,EVT-JUL-000215,astronomical event,Mathematical calculations suggest that dwarf planet Pluto moved inside the orbit of Neptune on this day.,Pluto moves inside Neptune's orbit,"July 11, 1735 CE",https://en.wikipedia.org/wiki/July_11,1735-07-11,,11 July 1735,Wikipedia — July 11,calculated date,science,,Gregorian,verified,,,regional,secondary reference compilation,20,source-verified,20,6
11,CE,1789,July,,Europe,EVT-JUL-000216,dismissal,"Jacques Necker was dismissed as France's Finance Minister, sparking the Storming of the Bastille.",Dismissal of Jacques Necker,"July 11, 1789 CE",https://en.wikipedia.org/wiki/July_11,1789-07-11,Paris,11 July 1789,Wikipedia — July 11,day certain,politics,France,Gregorian,verified,Jacques Necker,Kingdom of France,regional,secondary reference compilation,20,source-verified,20,6
11,CE,1796,July,,Americas,EVT-JUL-000217,transfer of control,The United States took possession of Detroit from Great Britain under the terms of the Jay Treaty.,United States takes possession of Detroit,"July 11, 1796 CE",https://en.wikipedia.org/wiki/July_11,1796-07-11,Detroit,11 July 1796,Wikipedia — July 11,day certain,politics,United States,Gregorian,verified,,United States of America,regional,secondary reference compilation,20,source-verified,20,6
11,CE,1798,July,,Americas,EVT-JUL-000218,re-establishment,The United States Marine Corps was re-established after having been disbanded following the American Revolutionary War.,Re-establishment of the United States Marine Corps,"July 11, 1798 CE",https://en.wikipedia.org/wiki/July_11,1798-07-11,,11 July 1798,Wikipedia — July 11,day certain,military,United States,Gregorian,verified,,United States of America,regional,secondary reference compilation,20,source-verified,20,6
11,CE,1801,July,The text states that he discovered another 36 comets over the next 27 years.,Europe,EVT-JUL-000219,discovery,French astronomer Jean-Louis Pons made his first comet discovery.,Jean-Louis Pons discovers his first comet,"July 11, 1801 CE",https://en.wikipedia.org/wiki/July_11,1801-07-11,,11 July 1801,Wikipedia — July 11,day certain,science,France,Gregorian,verified,Jean-Louis Pons,,regional,secondary reference compilation,20,source-verified,20,6
11,CE,1804,July,,Americas,EVT-JUL-000220,duel,Vice President Aaron Burr mortally wounded former Secretary of the Treasury Alexander Hamilton in a duel.,Hamilton–Burr duel,"July 11, 1804 CE",https://en.wikipedia.org/wiki/July_11,1804-07-11,,11 July 1804,Wikipedia — July 11,day certain,politics,United States,Gregorian,verified,Aaron Burr; Alexander Hamilton,United States of America,regional,secondary reference compilation,20,source-verified,20,6
12,CE,70,July,,Middle East,EVT-JUL-000221,war,"The armies of Titus attacked the walls of Jerusalem after a six-month siege; three days later they breached the walls, enabling the destruction of the Second Temple.",Attack on the walls of Jerusalem,"July 12, 70 CE",https://en.wikipedia.org/wiki/July_12,0070-07-12,Jerusalem,"July 12, 70",Wikipedia — July 12,exact,Siege,Israel,Gregorian,verified,Titus,Roman Empire,international,secondary reference compilation,20,source-verified,20,8
12,CE,526,July,,Europe,EVT-JUL-000222,religion,Felix IV was elected pope following the death of Pope John I earlier that year.,Election of Pope Felix IV,"July 12, 526 CE",https://en.wikipedia.org/wiki/July_12,0526-07-12,,"July 12, 526",Wikipedia — July 12,exact,Papal election,,Gregorian,verified,Felix IV; John I,Catholic Church,international,secondary reference compilation,20,source-verified,20,6
12,CE,813,July,,Europe,EVT-JUL-000223,political,Leo V the Armenian was crowned Byzantine Emperor after forcing Michael I Rangabe to abdicate the previous day.,Coronation of Leo V,"July 12, 813 CE",https://en.wikipedia.org/wiki/July_12,0813-07-12,,"July 12, 813",Wikipedia — July 12,exact,Imperial succession,,Gregorian,verified,Leo V the Armenian; Michael I Rangabe,Byzantine Empire,international,secondary reference compilation,20,source-verified,20,8
12,CE,927,July,,Europe,EVT-JUL-000224,political,"Constantine II of Scotland, Hywel Dda of Deheubarth, Ealdred of Bamburgh, and Owain of the Cumbrians accepted the overlordship of Æthelstan of England, leading to seven years of peace in the north.",Overlordship of Æthelstan accepted,"July 12, 927 CE",https://en.wikipedia.org/wiki/July_12,0927-07-12,,"July 12, 927",Wikipedia — July 12,exact,Overlordship,United Kingdom,Gregorian,verified,Constantine II of Scotland; Hywel Dda; Ealdred of Bamburgh; Owain of the Cumbrians; Æthelstan,Kingdom of England; Kingdom of Scotland; Deheubarth; Kingdom of the Cumbrians,international,secondary reference compilation,20,source-verified,20,8
12,CE,1191,July,,Middle East,EVT-JUL-000225,war,"Saladin's garrison surrendered to Philip Augustus, ending the two-year siege of Acre.",Surrender of Acre,"July 12, 1191 CE",https://en.wikipedia.org/wiki/July_12,1191-07-12,Acre,"July 12, 1191",Wikipedia — July 12,exact,Siege,Israel,Gregorian,verified,Saladin; Philip Augustus,Third Crusade,international,secondary reference compilation,20,source-verified,20,8
12,CE,1335,July,,Europe,EVT-JUL-000226,religion,Pope Benedict XII issued the papal bull Fulgens sicut stella matutina to reform the Cistercian Order.,Bull Fulgens sicut stella matutina,"July 12, 1335 CE",https://en.wikipedia.org/wiki/July_12,1335-07-12,,"July 12, 1335",Wikipedia — July 12,exact,Church reform,,Gregorian,verified,Benedict XII,Catholic Church; Cistercian Order,international,secondary reference compilation,20,source-verified,20,6
12,CE,1450,July,,Europe,EVT-JUL-000227,social,"Jack Cade was killed while fleeing, bringing an end to Jack Cade's Rebellion.",Death of Jack Cade,"July 12, 1450 CE",https://en.wikipedia.org/wiki/July_12,1450-07-12,,"July 12, 1450",Wikipedia — July 12,exact,Rebellion,United Kingdom,Gregorian,verified,Jack Cade,Kingdom of England,international,secondary reference compilation,20,source-verified,20,6
12,CE,1470,July,,Europe,EVT-JUL-000228,war,The Ottomans captured Euboea.,Ottoman capture of Euboea,"July 12, 1470 CE",https://en.wikipedia.org/wiki/July_12,1470-07-12,Euboea,"July 12, 1470",Wikipedia — July 12,exact,Conquest,Greece,Gregorian,verified,,Ottoman Empire,international,secondary reference compilation,20,source-verified,20,8
12,CE,1488,July,,Asia,EVT-JUL-000229,exploration,Joseon official Choe Bu returned to Korea after months of shipwrecked travel in China.,Return of Choe Bu to Korea,"July 12, 1488 CE",https://en.wikipedia.org/wiki/July_12,1488-07-12,,"July 12, 1488",Wikipedia — July 12,exact,Return voyage,South Korea; China,Gregorian,verified,Choe Bu,Joseon Dynasty,international,secondary reference compilation,20,source-verified,20,7
12,CE,1493,July,,Europe,EVT-JUL-000230,culture,"Hartmann Schedel's Nuremberg Chronicle, one of the best-documented early printed books, was published.",Publication of the Nuremberg Chronicle,"July 12, 1493 CE",https://en.wikipedia.org/wiki/July_12,1493-07-12,Nuremberg,"July 12, 1493",Wikipedia — July 12,exact,Printing,Germany,Gregorian,verified,Hartmann Schedel,,international,secondary reference compilation,20,source-verified,20,6
12,CE,1527,July,,Asia,EVT-JUL-000231,political,"Lê Cung Hoàng ceded the throne to Mạc Đăng Dung, ending the Lê dynasty and starting the Mạc dynasty.",End of the Lê dynasty,"July 12, 1527 CE",https://en.wikipedia.org/wiki/July_12,1527-07-12,,"July 12, 1527",Wikipedia — July 12,exact,Dynastic succession,Vietnam,Gregorian,verified,Lê Cung Hoàng; Mạc Đăng Dung,Lê dynasty; Mạc dynasty,international,secondary reference compilation,20,source-verified,20,8
12,CE,1543,July,,Europe,EVT-JUL-000232,political,Henry VIII of England married Catherine Parr at Hampton Court Palace.,Marriage of Henry VIII and Catherine Parr,"July 12, 1543 CE",https://en.wikipedia.org/wiki/July_12,1543-07-12,Hampton Court Palace,"July 12, 1543",Wikipedia — July 12,exact,Royal marriage,United Kingdom,Gregorian,verified,Henry VIII; Catherine Parr,Kingdom of England,international,secondary reference compilation,20,source-verified,20,8
12,CE,1562,July,,Americas,EVT-JUL-000233,religion,"Fray Diego de Landa, acting Bishop of Yucatán, burned sacred idols and books of the Maya.",Burning of Maya sacred texts and idols,"July 12, 1562 CE",https://en.wikipedia.org/wiki/July_12,1562-07-12,Yucatán,"July 12, 1562",Wikipedia — July 12,exact,Religious destruction,Mexico,Gregorian,verified,Diego de Landa,Maya,international,secondary reference compilation,20,source-verified,20,6
12,CE,1576,July,,Asia,EVT-JUL-000234,war,The Mughal Empire annexed Bengal after defeating the Bengal Sultanate at the Battle of Rajmahal.,Mughal annexation of Bengal,"July 12, 1576 CE",https://en.wikipedia.org/wiki/July_12,1576-07-12,Rajmahal,"July 12, 1576",Wikipedia — July 12,exact,Conquest,Bangladesh; India,Gregorian,verified,,Mughal Empire; Bengal Sultanate,international,secondary reference compilation,20,source-verified,20,8
12,CE,1580,July,,Europe,EVT-JUL-000235,religion,"The Ostrog Bible, one of the early printed Bibles in a Slavic language, was published.",Publication of the Ostrog Bible,"July 12, 1580 CE",https://en.wikipedia.org/wiki/July_12,1580-07-12,Ostroh,"July 12, 1580",Wikipedia — July 12,exact,Bible publication,Ukraine,Gregorian,verified,,,international,secondary reference compilation,20,source-verified,20,6
12,CE,1691,July,The event is explicitly dated using the Julian calendar.; calendar_date is a proleptic-Gregorian normalization of the stated Julian date.,Europe,EVT-JUL-000236,war,William III of England's forces won a decisive victory in Ireland.,Battle of Aughrim,"July 22, 1691 CE (normalized Gregorian)",https://en.wikipedia.org/wiki/July_12,1691-07-22,Aughrim,"July 12, 1691 (Julian calendar)",Wikipedia — July 12,exact,Battle,Ireland,Julian (original); proleptic Gregorian (normalized),verified,William III,Kingdom of England,international,secondary reference compilation,20,source-verified,20,8
12,CE,1776,July,,Global,EVT-JUL-000237,exploration,Captain James Cook began his third voyage.,Beginning of Cook's third voyage,"July 12, 1776 CE",https://en.wikipedia.org/wiki/July_12,1776-07-12,,"July 12, 1776",Wikipedia — July 12,exact,Voyage,,Gregorian,verified,James Cook,,international,secondary reference compilation,20,source-verified,20,7
12,CE,1789,July,,Europe,EVT-JUL-000238,political,"In response to the dismissal of finance minister Jacques Necker, Camille Desmoulins gave a speech that resulted in the storming of the Bastille two days later.",Camille Desmoulins's speech,"July 12, 1789 CE",https://en.wikipedia.org/wiki/July_12,1789-07-12,Paris,"July 12, 1789",Wikipedia — July 12,exact,Revolutionary agitation,France,Gregorian,verified,Camille Desmoulins; Jacques Necker,Kingdom of France,international,secondary reference compilation,20,source-verified,20,8
12,CE,1790,July,,Europe,EVT-JUL-000239,law,The Civil Constitution of the Clergy was passed in France by the National Constituent Assembly.,Civil Constitution of the Clergy,"July 12, 1790 CE",https://en.wikipedia.org/wiki/July_12,1790-07-12,,"July 12, 1790",Wikipedia — July 12,exact,Church-state legislation,France,Gregorian,verified,,National Constituent Assembly,international,secondary reference compilation,20,source-verified,20,6
12,CE,1799,July,,Asia,EVT-JUL-000240,war,Ranjit Singh conquered Lahore and became Maharaja of the Punjab.,Ranjit Singh conquers Lahore,"July 12, 1799 CE",https://en.wikipedia.org/wiki/July_12,1799-07-12,Lahore,"July 12, 1799",Wikipedia — July 12,exact,Conquest,Pakistan,Gregorian,verified,Ranjit Singh,Sikh Empire,international,secondary reference compilation,20,source-verified,20,8
13,CE,1174,July,,Europe,EVT-JUL-000241,war,William I of Scotland is captured at Alnwick by forces loyal to Henry II of England.,Capture of William I of Scotland,"July 13, 1174 CE",https://en.wikipedia.org/wiki/July_13,1174-07-13,Alnwick,"July 13, 1174",Wikipedia — July 13,exact,Capture,United Kingdom,Gregorian,verified,William I of Scotland; Henry II of England,Kingdom of Scotland; Kingdom of England,international,secondary reference compilation,20,source-verified,20,8
13,CE,1249,July,,Europe,EVT-JUL-000242,political,Alexander III is crowned King of Scots.,Coronation of Alexander III,"July 13, 1249 CE",https://en.wikipedia.org/wiki/July_13,1249-07-13,,"July 13, 1249",Wikipedia — July 13,exact,Coronation,United Kingdom,Gregorian,verified,Alexander III,Kingdom of Scotland,international,secondary reference compilation,20,source-verified,20,8
13,CE,1260,July,,Europe,EVT-JUL-000243,war,The Livonian Order suffers its greatest defeat of the 13th century against the Grand Duchy of Lithuania.,Battle of Durbe,"July 13, 1260 CE",https://en.wikipedia.org/wiki/July_13,1260-07-13,Durbe,"July 13, 1260",Wikipedia — July 13,exact,Battle,Latvia,Gregorian,verified,,Livonian Order; Grand Duchy of Lithuania,international,secondary reference compilation,20,source-verified,20,8
13,CE,1402,July,,Asia,EVT-JUL-000244,war,"Nanjing surrenders to Zhu Di without a fight, ending the Jingnan campaign; the Jianwen Emperor disappears and his family is incarcerated.",Surrender of Nanjing,"July 13, 1402 CE",https://en.wikipedia.org/wiki/July_13,1402-07-13,Nanjing,"July 13, 1402",Wikipedia — July 13,exact,Surrender,China,Gregorian,verified,Zhu Di; Jianwen Emperor,Ming dynasty,international,secondary reference compilation,20,source-verified,20,8
13,CE,1558,July,,Europe,EVT-JUL-000245,war,Spanish forces led by Count Lamoral of Egmont defeat French forces led by Marshal Paul de Thermes at Gravelines.,Battle of Gravelines,"July 13, 1558 CE",https://en.wikipedia.org/wiki/July_13,1558-07-13,Gravelines,"July 13, 1558",Wikipedia — July 13,exact,Battle,France,Gregorian,verified,Count Lamoral of Egmont; Paul de Thermes,Spain; France,international,secondary reference compilation,20,source-verified,20,8
13,CE,1573,July,,Europe,EVT-JUL-000246,war,The Siege of Haarlem ends after seven months during the Eighty Years' War.,End of the Siege of Haarlem,"July 13, 1573 CE",https://en.wikipedia.org/wiki/July_13,1573-07-13,Haarlem,"July 13, 1573",Wikipedia — July 13,exact,Siege,Netherlands,Gregorian,verified,,,international,secondary reference compilation,20,source-verified,20,8
13,CE,1586,July,,Europe,EVT-JUL-000247,war,A convoy of English ships from the Levant Company repels eleven Spanish and Maltese galleys off Pantelleria.,Engagement off Pantelleria,"July 13, 1586 CE",https://en.wikipedia.org/wiki/July_13,1586-07-13,Pantelleria,"July 13, 1586",Wikipedia — July 13,exact,Naval battle,Italy,Gregorian,verified,,England; Spain; Malta,international,secondary reference compilation,20,source-verified,20,8
13,CE,1643,July,,Europe,EVT-JUL-000248,war,Royalist forces commanded by Henry Wilmot heavily defeat Parliamentarian forces led by Sir William Waller.,Battle of Roundway Down,"July 13, 1643 CE",https://en.wikipedia.org/wiki/July_13,1643-07-13,Roundway Down,"July 13, 1643",Wikipedia — July 13,exact,Battle,United Kingdom,Gregorian,verified,Henry Wilmot; Sir William Waller,Royalists; Parliamentarians,international,secondary reference compilation,20,source-verified,20,8
13,CE,1690,July,,Europe,EVT-JUL-000249,war,"French naval forces led by Anne Hilarion de Tourville raid Teignmouth, leaving the town devastated.",Raid on Teignmouth,"July 13, 1690 CE",https://en.wikipedia.org/wiki/July_13,1690-07-13,Teignmouth,"July 13, 1690",Wikipedia — July 13,exact,Naval raid,United Kingdom,Gregorian,verified,Anne Hilarion de Tourville,France; England,international,secondary reference compilation,20,source-verified,20,8
13,CE,1787,July,,Americas,EVT-JUL-000250,law,"The Congress of the Confederation enacts the Northwest Ordinance, establishing governing rules for the Northwest Territory, procedures for admitting new states, and limits on slavery.",Northwest Ordinance,"July 13, 1787 CE",https://en.wikipedia.org/wiki/July_13,1787-07-13,,"July 13, 1787",Wikipedia — July 13,exact,Ordinance,United States,Gregorian,verified,,Congress of the Confederation; Northwest Territory,international,secondary reference compilation,20,source-verified,20,6
13,CE,1794,July,,Europe,EVT-JUL-000251,war,The Battle of Trippstadt begins between French forces and forces of Prussia and Austria.,Battle of Trippstadt,"July 13, 1794 CE",https://en.wikipedia.org/wiki/July_13,1794-07-13,Trippstadt,"July 13, 1794",Wikipedia — July 13,exact,Battle,Germany,Gregorian,verified,,France; Prussia; Austria,international,secondary reference compilation,20,source-verified,20,8
13,CE,1798,July,,Middle East,EVT-JUL-000252,war,Napoleon Bonaparte's French Armée d'Orient defeats a Mamluk army under Murad Bey.,Battle of Shubra Khit,"July 13, 1798 CE",https://en.wikipedia.org/wiki/July_13,1798-07-13,Shubra Khit,"July 13, 1798",Wikipedia — July 13,exact,Battle,Egypt,Gregorian,verified,Napoleon Bonaparte; Murad Bey,French Armée d'Orient; Mamluk army,international,secondary reference compilation,20,source-verified,20,8
13,CE,1814,July,,Europe,EVT-JUL-000253,political,"The Carabinieri, Italy's national gendarmerie, is established.",Establishment of the Carabinieri,"July 13, 1814 CE",https://en.wikipedia.org/wiki/July_13,1814-07-13,,"July 13, 1814",Wikipedia — July 13,exact,Institutional establishment,Italy,Gregorian,verified,,,international,secondary reference compilation,20,source-verified,20,8
13,CE,1830,July,,Asia,EVT-JUL-000254,culture,"The General Assembly's Institution, now Scottish Church College, is founded in Calcutta by Alexander Duff and Raja Ram Mohan Roy.",Founding of the General Assembly's Institution,"July 13, 1830 CE",https://en.wikipedia.org/wiki/July_13,1830-07-13,Calcutta,"July 13, 1830",Wikipedia — July 13,exact,Education,India,Gregorian,verified,Alexander Duff; Raja Ram Mohan Roy,,international,secondary reference compilation,20,source-verified,20,6
13,CE,1831,July,,Europe,EVT-JUL-000255,law,"Regulamentul Organic, a quasi-constitutional organic law, is adopted in Wallachia.",Adoption of Regulamentul Organic,"July 13, 1831 CE",https://en.wikipedia.org/wiki/July_13,1831-07-13,,"July 13, 1831",Wikipedia — July 13,exact,Constitutional law,Romania,Gregorian,verified,,Wallachia,international,secondary reference compilation,20,source-verified,20,6
13,CE,1841,July,,Europe,EVT-JUL-000256,political,"Austria, Britain, France, Prussia, and Russia conclude the London Straits Convention, forbidding warships from crossing the Bosporus and Dardanelles during wartime.",London Straits Convention,"July 13, 1841 CE",https://en.wikipedia.org/wiki/July_13,1841-07-13,,"July 13, 1841",Wikipedia — July 13,exact,International convention,Austria; United Kingdom; France; Germany; Russia; Turkey,Gregorian,verified,,Austria; Britain; France; Prussia; Russia,international,secondary reference compilation,20,source-verified,20,8
13,CE,1849,July,,Americas,EVT-JUL-000257,social,"The Charleston Workhouse Slave Rebellion begins in Charleston, South Carolina.",Charleston Workhouse Slave Rebellion,"July 13, 1849 CE",https://en.wikipedia.org/wiki/July_13,1849-07-13,Charleston,"July 13, 1849",Wikipedia — July 13,exact,Slave rebellion,United States,Gregorian,verified,,,international,secondary reference compilation,20,source-verified,20,6
13,CE,1854,July,,Americas,EVT-JUL-000258,war,General José María Yáñez stops the French invasion led by Count Gaston de Raousset-Boulbon.,Battle of Guaymas,"July 13, 1854 CE",https://en.wikipedia.org/wiki/July_13,1854-07-13,Guaymas,"July 13, 1854",Wikipedia — July 13,exact,Battle,Mexico,Gregorian,verified,José María Yáñez; Gaston de Raousset-Boulbon,Mexico; France,international,secondary reference compilation,20,source-verified,20,8
13,CE,1863,July,,Americas,EVT-JUL-000259,social,"The New York City draft riots begin, starting three days of rioting later regarded as the worst in United States history.",New York City Draft Riots,"July 13, 1863 CE",https://en.wikipedia.org/wiki/July_13,1863-07-13,New York City,"July 13, 1863",Wikipedia — July 13,exact,Riots,United States,Gregorian,verified,,,international,secondary reference compilation,20,source-verified,20,6
13,CE,1878,July,,Europe,EVT-JUL-000260,independence,"The European powers redraw the map of the Balkans, and Serbia, Montenegro, and Romania become completely independent of the Ottoman Empire.",Treaty of Berlin,"July 13, 1878 CE",https://en.wikipedia.org/wiki/July_13,1878-07-13,Berlin,"July 13, 1878",Wikipedia — July 13,exact,Treaty,Serbia; Montenegro; Romania; Turkey,Gregorian,verified,,Ottoman Empire; Serbia; Montenegro; Romania,international,secondary reference compilation,20,source-verified,20,8
14,CE,982,July,,Europe,EVT-JUL-000261,war,King Otto II and his Frankish army were defeated by the Muslim army of al-Qasim at Cape Colonna in Southern Italy.,Battle of Cape Colonna,"July 14, 982 CE",https://en.wikipedia.org/wiki/July_14,0982-07-14,Cape Colonna,"July 14, 982",Wikipedia — July 14,exact,battle,Italy,Gregorian,verified,Otto II; al-Qasim,Frankish army,international,secondary reference compilation,20,source-verified,20,8
14,CE,1223,July,,Europe,EVT-JUL-000262,political,"Louis VIII became King of France upon the death of his father, Philip II.",Louis VIII becomes King of France,"July 14, 1223 CE",https://en.wikipedia.org/wiki/July_14,1223-07-14,,"July 14, 1223",Wikipedia — July 14,exact,succession,France,Gregorian,verified,Louis VIII; Philip II,Kingdom of France,international,secondary reference compilation,20,source-verified,20,8
14,CE,1420,July,,Europe,EVT-JUL-000263,war,"Czech Hussite forces commanded by Jan Žižka decisively defeated the Crusade army led by Sigismund, Holy Roman Emperor.",Battle of Vítkov Hill,"July 14, 1420 CE",https://en.wikipedia.org/wiki/July_14,1420-07-14,Vítkov Hill,"July 14, 1420",Wikipedia — July 14,exact,battle,Czech Republic,Gregorian,verified,Jan Žižka; Sigismund,Czech Hussite forces,international,secondary reference compilation,20,source-verified,20,8
14,CE,1430,July,,Europe,EVT-JUL-000264,political,"Joan of Arc, captured by the Burgundians in May, was handed over to Pierre Cauchon, bishop of Beauvais.",Joan of Arc handed over to Pierre Cauchon,"July 14, 1430 CE",https://en.wikipedia.org/wiki/July_14,1430-07-14,,"July 14, 1430",Wikipedia — July 14,exact,captivity,,Gregorian,verified,Joan of Arc; Pierre Cauchon,Burgundians,international,secondary reference compilation,20,source-verified,20,8
14,CE,1456,July,,Europe,EVT-JUL-000265,war,"John Hunyadi and his forces defeated the Ottoman fleet on the Danube, allowing reinforcement and supply of besieged Belgrade.",Battle on the Danube,"July 14, 1456 CE",https://en.wikipedia.org/wiki/July_14,1456-07-14,Danube,"July 14, 1456",Wikipedia — July 14,exact,naval battle,,Gregorian,verified,John Hunyadi,Ottoman Empire,international,secondary reference compilation,20,source-verified,20,8
14,CE,1596,July,,Europe,EVT-JUL-000266,war,"During the Anglo-Spanish War, English and Dutch troops sacked the Spanish city of Cádiz before leaving the next day.",Sack of Cádiz,"July 14, 1596 CE",https://en.wikipedia.org/wiki/July_14,1596-07-14,Cádiz,"July 14, 1596",Wikipedia — July 14,exact,military raid,Spain,Gregorian,verified,,England; Dutch Republic; Spain,international,secondary reference compilation,20,source-verified,20,8
14,CE,1769,July,,Americas,EVT-JUL-000267,exploration,An expedition led by Gaspar de Portolá left its base in San Diego to find the Port of Monterey.,Portolá expedition departs San Diego,"July 14, 1769 CE",https://en.wikipedia.org/wiki/July_14,1769-07-14,San Diego,"July 14, 1769",Wikipedia — July 14,exact,expedition,United States,Gregorian,verified,Gaspar de Portolá,,international,secondary reference compilation,20,source-verified,20,7
14,CE,1771,July,,Americas,EVT-JUL-000268,religion,The Mission San Antonio de Padua was founded in modern California by the Franciscan friar Junípero Serra.,Foundation of Mission San Antonio de Padua,"July 14, 1771 CE",https://en.wikipedia.org/wiki/July_14,1771-07-14,,"July 14, 1771",Wikipedia — July 14,exact,mission foundation,United States,Gregorian,verified,Junípero Serra,,international,secondary reference compilation,20,source-verified,20,6
14,CE,1789,July,,Europe,EVT-JUL-000269,political,"The Bastille was stormed in Paris, escalating widespread discontent into the French Revolution.",Storming of the Bastille,"July 14, 1789 CE",https://en.wikipedia.org/wiki/July_14,1789-07-14,Paris,"July 14, 1789",Wikipedia — July 14,exact,revolution,France,Gregorian,verified,,France,international,secondary reference compilation,20,source-verified,20,8
14,CE,1790,July,,Europe,EVT-JUL-000270,political,The inaugural Fête de la Fédération was held to celebrate the unity of the French people and national reconciliation.,Fête de la Fédération,"July 14, 1790 CE",https://en.wikipedia.org/wiki/July_14,1790-07-14,,"July 14, 1790",Wikipedia — July 14,exact,national celebration,France,Gregorian,verified,,France,international,secondary reference compilation,20,source-verified,20,8
14,CE,1791,July,The riots lasted to July 17.,Europe,EVT-JUL-000271,social,"The Priestley Riots began in Birmingham, targeting Joseph Priestley as a supporter of the French Revolution.",Beginning of the Priestley Riots,"July 14, 1791 CE",https://en.wikipedia.org/wiki/July_14,1791-07-14,Birmingham,"July 14, 1791",Wikipedia — July 14,exact,riot,United Kingdom,Gregorian,verified,Joseph Priestley,,international,secondary reference compilation,20,source-verified,20,6
14,CE,1798,July,,Americas,EVT-JUL-000272,law,"The Sedition Act of 1798 became law in the United States, making it a federal crime to write, publish, or utter false or malicious statements about the government.",Sedition Act becomes law,"July 14, 1798 CE",https://en.wikipedia.org/wiki/July_14,1798-07-14,,"July 14, 1798",Wikipedia — July 14,exact,federal legislation,United States,Gregorian,verified,,United States,international,secondary reference compilation,20,source-verified,20,6
14,CE,1808,July,,Europe,EVT-JUL-000273,war,The Battle of Lapua was fought during the Finnish War.,Battle of Lapua,"July 14, 1808 CE",https://en.wikipedia.org/wiki/July_14,1808-07-14,Lapua,"July 14, 1808",Wikipedia — July 14,exact,battle,Finland,Gregorian,verified,,,international,secondary reference compilation,20,source-verified,20,8
14,CE,1853,July,,Americas,EVT-JUL-000274,culture,"The first major United States world's fair, the Exhibition of the Industry of All Nations, opened in New York City.",Exhibition of the Industry of All Nations opens,"July 14, 1853 CE",https://en.wikipedia.org/wiki/July_14,1853-07-14,New York City,"July 14, 1853",Wikipedia — July 14,exact,world's fair,United States,Gregorian,verified,,United States,international,secondary reference compilation,20,source-verified,20,6
14,CE,1865,July,,Europe,EVT-JUL-000275,exploration,Edward Whymper and his party completed the first ascent of the Matterhorn; four members died during the descent.,First ascent of the Matterhorn,"July 14, 1865 CE",https://en.wikipedia.org/wiki/July_14,1865-07-14,Matterhorn,"July 14, 1865",Wikipedia — July 14,exact,mountaineering,,Gregorian,verified,Edward Whymper,,international,secondary reference compilation,20,source-verified,20,7
14,CE,1874,July,,Americas,EVT-JUL-000276,disaster,"The Chicago Fire burned 47 acres, destroyed 812 buildings, killed 20 people, and led the fire insurance industry to demand municipal reforms.",Chicago Fire of 1874,"July 14, 1874 CE",https://en.wikipedia.org/wiki/July_14,1874-07-14,Chicago,"July 14, 1874",Wikipedia — July 14,exact,urban fire,United States,Gregorian,verified,,,international,secondary reference compilation,20,source-verified,20,7
14,CE,1881,July,,Americas,EVT-JUL-000277,social,"American outlaw Billy the Kid was shot and killed by Sheriff Pat Garrett in the Maxwell House at Fort Sumner, New Mexico.",Billy the Kid is shot and killed,"July 14, 1881 CE",https://en.wikipedia.org/wiki/July_14,1881-07-14,Fort Sumner,"July 14, 1881",Wikipedia — July 14,exact,law enforcement,United States,Gregorian,verified,Billy the Kid; Pat Garrett,,international,secondary reference compilation,20,source-verified,20,6
14,CE,1900,July,,Asia,EVT-JUL-000278,war,Armies of the Eight-Nation Alliance captured Tientsin during the Boxer Rebellion.,Capture of Tientsin,"July 14, 1900 CE",https://en.wikipedia.org/wiki/July_14,1900-07-14,Tientsin,"July 14, 1900",Wikipedia — July 14,exact,military capture,China,Gregorian,verified,,Eight-Nation Alliance,international,secondary reference compilation,20,source-verified,20,8
14,CE,1902,July,,Americas,EVT-JUL-000279,exploration,"Peruvian explorer and farmer Agustín Lizárraga discovered Machu Picchu, the “Lost City of the Incas.”",Discovery of Machu Picchu,"July 14, 1902 CE",https://en.wikipedia.org/wiki/July_14,1902-07-14,Machu Picchu,"July 14, 1902",Wikipedia — July 14,exact,archaeological discovery,Peru,Gregorian,verified,Agustín Lizárraga,Incas,international,secondary reference compilation,20,source-verified,20,7
14,CE,1902,July,,Europe,EVT-JUL-000280,disaster,"The Campanile in St Mark's Square, Venice, collapsed and also demolished the loggetta.",Campanile of St Mark's Square collapses,"July 14, 1902 CE",https://en.wikipedia.org/wiki/July_14,1902-07-14,Venice,"July 14, 1902",Wikipedia — July 14,exact,building collapse,Italy,Gregorian,verified,,,international,secondary reference compilation,20,source-verified,20,7
15,CE,70,July,Also identified as the 17th of Tammuz in the Hebrew calendar.,Middle East,EVT-JUL-000281,war,Titus and his armies breach the walls of Jerusalem during the First Jewish–Roman War.,Breach of Jerusalem's walls,"July 15, 70 CE",https://en.wikipedia.org/wiki/July_15,0070-07-15,Jerusalem,"July 15, 70",Wikipedia — July 15,exact,siege,Israel,Gregorian,verified,Titus,Roman Empire,international,secondary reference compilation,20,source-verified,20,8
15,CE,756,July,,Asia,EVT-JUL-000282,political,Emperor Xuanzong of Tang is ordered by his Imperial Guards to execute chancellor Yang Guozhong by forcing him to commit suicide or face a mutiny; General An Lushan has other members of the emperor's family killed.,Execution of Yang Guozhong,"July 15, 756 CE",https://en.wikipedia.org/wiki/July_15,0756-07-15,,"July 15, 756",Wikipedia — July 15,exact,rebellion,China,Gregorian,verified,Xuanzong; Yang Guozhong; An Lushan,Tang dynasty,international,secondary reference compilation,20,source-verified,20,8
15,CE,1099,July,,Middle East,EVT-JUL-000283,war,Christian soldiers take the Church of the Holy Sepulchre in Jerusalem after the final assault of a difficult siege.,Capture of the Church of the Holy Sepulchre,"July 15, 1099 CE",https://en.wikipedia.org/wiki/July_15,1099-07-15,Jerusalem,"July 15, 1099",Wikipedia — July 15,exact,siege,Israel,Gregorian,verified,,First Crusade,international,secondary reference compilation,20,source-verified,20,8
15,CE,1149,July,,Middle East,EVT-JUL-000284,religion,The reconstructed Church of the Holy Sepulchre is consecrated in Jerusalem.,Consecration of the reconstructed Church of the Holy Sepulchre,"July 15, 1149 CE",https://en.wikipedia.org/wiki/July_15,1149-07-15,Jerusalem,"July 15, 1149",Wikipedia — July 15,exact,consecration,Israel,Gregorian,verified,,,international,secondary reference compilation,20,source-verified,20,6
15,CE,1207,July,,Europe,EVT-JUL-000285,political,King John of England expels Canterbury monks for supporting Archbishop Stephen Langton.,Expulsion of Canterbury monks,"July 15, 1207 CE",https://en.wikipedia.org/wiki/July_15,1207-07-15,Canterbury,"July 15, 1207",Wikipedia — July 15,exact,church-state conflict,United Kingdom,Gregorian,verified,John of England; Stephen Langton,Kingdom of England,international,secondary reference compilation,20,source-verified,20,8
15,CE,1240,July,,Europe,EVT-JUL-000286,war,A Novgorodian army led by Alexander Nevsky defeats the Swedes in the Battle of the Neva.,Battle of the Neva,"July 15, 1240 CE",https://en.wikipedia.org/wiki/July_15,1240-07-15,Neva,"July 15, 1240",Wikipedia — July 15,exact,battle,Russia,Gregorian,verified,Alexander Nevsky,Novgorod,international,secondary reference compilation,20,source-verified,20,8
15,CE,1381,July,,Europe,EVT-JUL-000287,political,"John Ball, a leader in the Peasants' Revolt, is hanged, drawn and quartered in the presence of King Richard II of England.",Execution of John Ball,"July 15, 1381 CE",https://en.wikipedia.org/wiki/July_15,1381-07-15,,"July 15, 1381",Wikipedia — July 15,exact,execution,United Kingdom,Gregorian,verified,John Ball; Richard II of England,Kingdom of England,international,secondary reference compilation,20,source-verified,20,8
15,CE,1410,July,,Europe,EVT-JUL-000288,war,The allied forces of the Kingdom of Poland and the Grand Duchy of Lithuania defeat the army of the Teutonic Order.,Battle of Grunwald,"July 15, 1410 CE",https://en.wikipedia.org/wiki/July_15,1410-07-15,Grunwald,"July 15, 1410",Wikipedia — July 15,exact,battle,Poland,Gregorian,verified,,Kingdom of Poland; Grand Duchy of Lithuania; Teutonic Order,international,secondary reference compilation,20,source-verified,20,8
15,CE,1482,July,,Europe,EVT-JUL-000289,political,Muhammad XI is crowned the twenty-second and last Nasrid king of Granada.,Coronation of Muhammad XI,"July 15, 1482 CE",https://en.wikipedia.org/wiki/July_15,1482-07-15,Granada,"July 15, 1482",Wikipedia — July 15,exact,coronation,Spain,Gregorian,verified,Muhammad XI,Nasrid Kingdom of Granada,international,secondary reference compilation,20,source-verified,20,8
15,CE,1640,July,,Europe,EVT-JUL-000290,culture,"The first university of Finland, the Royal Academy of Turku, is inaugurated in Turku.",Inauguration of the Royal Academy of Turku,"July 15, 1640 CE",https://en.wikipedia.org/wiki/July_15,1640-07-15,Turku,"July 15, 1640",Wikipedia — July 15,exact,education,Finland,Gregorian,verified,,Swedish Empire,international,secondary reference compilation,20,source-verified,20,6
15,CE,1738,July,,Europe,EVT-JUL-000291,religion,"Baruch Laibov and Alexander Voznitsyn are burned alive in St. Petersburg; Voznitsyn had converted to Judaism with Laibov's help, with the consent of Empress Anna Ivanovna.",Execution of Baruch Laibov and Alexander Voznitsyn,"July 15, 1738 CE",https://en.wikipedia.org/wiki/July_15,1738-07-15,St. Petersburg,"July 15, 1738",Wikipedia — July 15,exact,religious persecution,Russia,Gregorian,verified,Baruch Laibov; Alexander Voznitsyn; Anna Ivanovna,Russian Empire,international,secondary reference compilation,20,source-verified,20,6
15,CE,1741,July,,Americas,EVT-JUL-000292,exploration,"Aleksei Chirikov sights land in Southeast Alaska and sends men ashore in a longboat, making them the first Europeans to visit Alaska.",Aleksei Chirikov sights Alaska,"July 15, 1741 CE",https://en.wikipedia.org/wiki/July_15,1741-07-15,,"July 15, 1741",Wikipedia — July 15,exact,European exploration,United States,Gregorian,verified,Aleksei Chirikov,Russian Empire,international,secondary reference compilation,20,source-verified,20,7
15,CE,1789,July,,Europe,EVT-JUL-000293,political,"Gilbert du Motier, Marquis de Lafayette, is named by acclamation Colonel General of the new National Guard of Paris.",Lafayette named Colonel General,"July 15, 1789 CE",https://en.wikipedia.org/wiki/July_15,1789-07-15,Paris,"July 15, 1789",Wikipedia — July 15,exact,military appointment,France,Gregorian,verified,"Gilbert du Motier, Marquis de Lafayette",Kingdom of France,international,secondary reference compilation,20,source-verified,20,8
15,CE,1799,July,,Africa,EVT-JUL-000294,exploration,The Rosetta Stone is found in the Egyptian village of Rosetta by French Captain Pierre-François Bouchard during Napoleon's Egyptian Campaign.,Discovery of the Rosetta Stone,"July 15, 1799 CE",https://en.wikipedia.org/wiki/July_15,1799-07-15,Rosetta,"July 15, 1799",Wikipedia — July 15,exact,archaeological discovery,Egypt,Gregorian,verified,Pierre-François Bouchard; Napoleon,French Republic,international,secondary reference compilation,20,source-verified,20,7
15,CE,1806,July,,Americas,EVT-JUL-000295,exploration,United States Army Lieutenant Zebulon Pike begins an expedition from Fort Bellefontaine near St. Louis to explore the west.,Beginning of the Pike Expedition,"July 15, 1806 CE",https://en.wikipedia.org/wiki/July_15,1806-07-15,St. Louis,"July 15, 1806",Wikipedia — July 15,exact,land expedition,United States,Gregorian,verified,Zebulon Pike,United States,international,secondary reference compilation,20,source-verified,20,7
15,CE,1815,July,,Europe,EVT-JUL-000296,war,Napoleon Bonaparte surrenders aboard HMS Bellerophon.,Napoleon surrenders aboard HMS Bellerophon,"July 15, 1815 CE",https://en.wikipedia.org/wiki/July_15,1815-07-15,,"July 15, 1815",Wikipedia — July 15,exact,surrender,,Gregorian,verified,Napoleon Bonaparte,First French Empire; United Kingdom,international,secondary reference compilation,20,source-verified,20,8
15,CE,1823,July,,Europe,EVT-JUL-000297,disaster,"A fire destroys the ancient Basilica of Saint Paul Outside the Walls in Rome, Italy.",Fire at the Basilica of Saint Paul Outside the Walls,"July 15, 1823 CE",https://en.wikipedia.org/wiki/July_15,1823-07-15,Rome,"July 15, 1823",Wikipedia — July 15,exact,fire,Italy,Gregorian,verified,,,international,secondary reference compilation,20,source-verified,20,7
15,CE,1834,July,,Europe,EVT-JUL-000298,political,The Spanish Inquisition is officially disbanded after nearly 356 years.,Disbandment of the Spanish Inquisition,"July 15, 1834 CE",https://en.wikipedia.org/wiki/July_15,1834-07-15,,"July 15, 1834",Wikipedia — July 15,exact,institutional abolition,Spain,Gregorian,verified,,Kingdom of Spain,international,secondary reference compilation,20,source-verified,20,8
15,CE,1838,July,,Americas,EVT-JUL-000299,culture,"Ralph Waldo Emerson delivers the Divinity School Address at Harvard Divinity School, discounting Biblical miracles and declaring Jesus a great man but not God; the Protestant community reacts with outrage.",Divinity School Address,"July 15, 1838 CE",https://en.wikipedia.org/wiki/July_15,1838-07-15,Cambridge,"July 15, 1838",Wikipedia — July 15,exact,religious discourse,United States,Gregorian,verified,Ralph Waldo Emerson; Jesus,,international,secondary reference compilation,20,source-verified,20,6
15,CE,1840,July,,Europe,EVT-JUL-000300,political,The Great Powers of Europe conclude the convention of London to stabilise the Near East.,Convention of London,"July 15, 1840 CE",https://en.wikipedia.org/wiki/July_15,1840-07-15,London,"July 15, 1840",Wikipedia — July 15,exact,international convention,United Kingdom,Gregorian,verified,,Great Powers of Europe,international,secondary reference compilation,20,source-verified,20,8
16,CE,622,July,,Middle East,EVT-JUL-000301,religion,"The Hijrah of Muhammad begins, marking the beginning of the Islamic calendar.",Hijrah of Muhammad,"July 16, 622 CE",https://en.wikipedia.org/wiki/July_16,0622-07-16,,"July 16, 622",Wikipedia — July 16,exact,Migration,,Gregorian,verified,Muhammad,,international,secondary reference compilation,20,source-verified,20,6
16,CE,997,July,,Europe,EVT-JUL-000302,war,Bulgarian forces of Tsar Samuel are defeated by a Byzantine army under Nikephoros Ouranos at the Spercheios River in Greece.,Battle of Spercheios,"July 16, 997 CE",https://en.wikipedia.org/wiki/July_16,0997-07-16,,"July 16, 997",Wikipedia — July 16,exact,Battle,Greece,Gregorian,verified,Samuel; Nikephoros Ouranos,Bulgarian forces; Byzantine Empire,international,secondary reference compilation,20,source-verified,20,8
16,CE,1054,July,,Europe,EVT-JUL-000303,religion,Three Roman legates place a bull of excommunication against Michael I Cerularius and his followers on the altar of Hagia Sophia during Saturday afternoon divine liturgy; historians frequently describe this as the formal start of the East–West Schism.,Excommunication at Hagia Sophia,"July 16, 1054 CE",https://en.wikipedia.org/wiki/July_16,1054-07-16,Constantinople,"July 16, 1054",Wikipedia — July 16,exact,Schism,Turkey,Gregorian,verified,Michael I Cerularius,Roman Church; Byzantine Church,international,secondary reference compilation,20,source-verified,20,6
16,CE,1212,July,,Europe,EVT-JUL-000304,war,"The forces of Alfonso VIII of Castile, Sancho VII of Navarre, Peter II of Aragon and Afonso II of Portugal defeat those of the Almohad leader.",Battle of Las Navas de Tolosa,"July 16, 1212 CE",https://en.wikipedia.org/wiki/July_16,1212-07-16,Las Navas de Tolosa,"July 16, 1212",Wikipedia — July 16,exact,Battle,Spain,Gregorian,verified,Alfonso VIII; Sancho VII; Peter II; Afonso II,Kingdom of Castile; Kingdom of Navarre; Crown of Aragon; Kingdom of Portugal; Almohad,international,secondary reference compilation,20,source-verified,20,8
16,CE,1232,July,,Europe,EVT-JUL-000305,independence,The Spanish town of Arjona declares independence and names its native Muhammad ibn Yusuf as ruler.,Independence of Arjona,"July 16, 1232 CE",https://en.wikipedia.org/wiki/July_16,1232-07-16,Arjona,"July 16, 1232",Wikipedia — July 16,exact,Declaration of independence,Spain,Gregorian,verified,Muhammad ibn Yusuf,Arjona,international,secondary reference compilation,20,source-verified,20,8
16,CE,1251,July,The event is doubted by modern historians.,Europe,EVT-JUL-000306,religion,"The Carmelite Order celebrates this as the day Saint Simon Stock had a vision of the Virgin Mary, though modern historians doubt it.",Vision of Saint Simon Stock,"July 16, 1251 CE",https://en.wikipedia.org/wiki/July_16,1251-07-16,,"July 16, 1251",Wikipedia — July 16,uncertain,Vision,,Gregorian,verified,Saint Simon Stock,Carmelite Order,international,secondary reference compilation,20,source-verified,20,6
16,CE,1377,July,,Europe,EVT-JUL-000307,political,King Richard II of England is crowned.,Coronation of Richard II,"July 16, 1377 CE",https://en.wikipedia.org/wiki/July_16,1377-07-16,,"July 16, 1377",Wikipedia — July 16,exact,Coronation,United Kingdom,Gregorian,verified,Richard II,Kingdom of England,international,secondary reference compilation,20,source-verified,20,8
16,CE,1536,July,,Americas,EVT-JUL-000308,exploration,"Jacques Cartier returns home to St. Malo after claiming Stadacona, Hochelaga and the River of Canada region for France.",Jacques Cartier returns to St. Malo,"July 16, 1536 CE",https://en.wikipedia.org/wiki/July_16,1536-07-16,St. Malo,"July 16, 1536",Wikipedia — July 16,exact,Voyage,France; Canada,Gregorian,verified,Jacques Cartier,Kingdom of France,international,secondary reference compilation,20,source-verified,20,7
16,CE,1661,July,,Europe,EVT-JUL-000309,economic,The Swedish bank Stockholms Banco issues the first banknotes in Europe.,First European banknotes,"July 16, 1661 CE",https://en.wikipedia.org/wiki/July_16,1661-07-16,,"July 16, 1661",Wikipedia — July 16,exact,Banknotes,Sweden,Gregorian,verified,,Stockholms Banco,international,secondary reference compilation,20,source-verified,20,6
16,CE,1683,July,,Asia,EVT-JUL-000310,war,Manchu Qing dynasty naval forces under Shi Lang defeat the Kingdom of Tungning near the Pescadores Islands.,Battle of Penghu,"July 16, 1683 CE",https://en.wikipedia.org/wiki/July_16,1683-07-16,,"July 16, 1683",Wikipedia — July 16,exact,Naval battle,Taiwan,Gregorian,verified,Shi Lang,Qing dynasty; Kingdom of Tungning,international,secondary reference compilation,20,source-verified,20,8
16,CE,1769,July,,Americas,EVT-JUL-000311,religion,"Father Junípero Serra founds California's first mission, Mission San Diego de Alcalá.",Founding of Mission San Diego de Alcalá,"July 16, 1769 CE",https://en.wikipedia.org/wiki/July_16,1769-07-16,San Diego,"July 16, 1769",Wikipedia — July 16,exact,Mission founding,United States,Gregorian,verified,Junípero Serra,,international,secondary reference compilation,20,source-verified,20,6
16,CE,1779,July,,Americas,EVT-JUL-000312,war,Continental Army light infantry seize a fortified British position in a midnight bayonet attack.,Battle of Stony Point,"July 16, 1779 CE",https://en.wikipedia.org/wiki/July_16,1779-07-16,Stony Point,"July 16, 1779",Wikipedia — July 16,exact,Battle,United States,Gregorian,verified,,Continental Army; British Army,international,secondary reference compilation,20,source-verified,20,8
16,CE,1790,July,,Americas,EVT-JUL-000313,political,The District of Columbia is established as the capital of the United States after the Residence Act is signed.,Establishment of the District of Columbia,"July 16, 1790 CE",https://en.wikipedia.org/wiki/July_16,1790-07-16,District of Columbia,"July 16, 1790",Wikipedia — July 16,exact,Capital establishment,United States,Gregorian,verified,,United States,international,secondary reference compilation,20,source-verified,20,8
16,CE,1809,July,,Americas,EVT-JUL-000314,independence,"La Paz declares independence from the Spanish Crown and forms the Junta Tuitiva, led by Pedro Domingo Murillo.",La Paz declares independence,"July 16, 1809 CE",https://en.wikipedia.org/wiki/July_16,1809-07-16,La Paz,"July 16, 1809",Wikipedia — July 16,exact,Revolution,Bolivia,Gregorian,verified,Pedro Domingo Murillo,Spanish Crown; Junta Tuitiva,international,secondary reference compilation,20,source-verified,20,8
16,CE,1849,July,,Europe,EVT-JUL-000315,religion,Antonio María Claret y Clará founds the Congregation of the Missionary Sons of the Immaculate Heart of Mary in Vic.,Founding of the Claretians,"July 16, 1849 CE",https://en.wikipedia.org/wiki/July_16,1849-07-16,Vic,"July 16, 1849",Wikipedia — July 16,exact,Religious congregation,Spain,Gregorian,verified,Antonio María Claret y Clará,Congregation of the Missionary Sons of the Immaculate Heart of Mary,international,secondary reference compilation,20,source-verified,20,6
16,CE,1858,July,,Europe,EVT-JUL-000316,religion,"The last apparition of the Blessed Virgin Mary to Bernadette Soubirous occurs in Lourdes, France.",Final apparition at Lourdes,"July 16, 1858 CE",https://en.wikipedia.org/wiki/July_16,1858-07-16,Lourdes,"July 16, 1858",Wikipedia — July 16,exact,Apparition,France,Gregorian,verified,Bernadette Soubirous,,international,secondary reference compilation,20,source-verified,20,6
16,CE,1861,July,,Americas,EVT-JUL-000317,war,"At Abraham Lincoln's order, Union troops begin a 25-mile march into Virginia for what becomes the First Battle of Bull Run.",Union march into Virginia,"July 16, 1861 CE",https://en.wikipedia.org/wiki/July_16,1861-07-16,Virginia,"July 16, 1861",Wikipedia — July 16,exact,Military movement,United States,Gregorian,verified,Abraham Lincoln,Union Army,international,secondary reference compilation,20,source-verified,20,8
16,CE,1862,July,,Americas,EVT-JUL-000318,political,"David Farragut is promoted to rear admiral, becoming the first United States Navy officer to hold an admiral rank.",David Farragut promoted to rear admiral,"July 16, 1862 CE",https://en.wikipedia.org/wiki/July_16,1862-07-16,,"July 16, 1862",Wikipedia — July 16,exact,Military promotion,United States,Gregorian,verified,David Farragut,United States Navy,international,secondary reference compilation,20,source-verified,20,8
16,CE,1877,July,,Europe,EVT-JUL-000319,war,The Imperial Russian army under Grand Duke Nicholas defeats the Ottoman army and takes Nikopol.,Capture of Nikopol,"July 16, 1877 CE",https://en.wikipedia.org/wiki/July_16,1877-07-16,Nikopol,"July 16, 1877",Wikipedia — July 16,exact,Battle,Bulgaria,Gregorian,verified,Nicholas,Imperial Russian army; Ottoman Empire,international,secondary reference compilation,20,source-verified,20,8
16,CE,1909,July,,Middle East,EVT-JUL-000320,political,Mohammad Ali Shah Qajar is forced out as Shah of Persia and replaced by his son Ahmad Shah Qajar.,Removal of Mohammad Ali Shah Qajar,"July 16, 1909 CE",https://en.wikipedia.org/wiki/July_16,1909-07-16,,"July 16, 1909",Wikipedia — July 16,exact,Change of ruler,Iran,Gregorian,verified,Mohammad Ali Shah Qajar; Ahmad Shah Qajar,Persia,international,secondary reference compilation,20,source-verified,20,8
17,CE,180,July,,Africa,EVT-JUL-000321,religion,Twelve inhabitants of Scillium near Kasserine in North Africa were executed for being Christians.,Execution of the Scillium Christians,"July 17, 180 CE",https://en.wikipedia.org/wiki/July_17,0180-07-17,Scillium,"July 17, 180",Wikipedia — July 17,exact,Christian persecution,Tunisia,Gregorian,verified,,Roman Empire,international,secondary reference compilation,20,source-verified,20,6
17,CE,561,July,,Europe,EVT-JUL-000322,religion,John III was consecrated pope following the death of Pope Pelagius I earlier that year.,Consecration of Pope John III,"July 17, 561 CE",https://en.wikipedia.org/wiki/July_17,0561-07-17,,"July 17, 561",Wikipedia — July 17,exact,Papal succession,,Gregorian,verified,Pope John III; Pope Pelagius I,Catholic Church,international,secondary reference compilation,20,source-verified,20,6
17,CE,1048,July,,Europe,EVT-JUL-000323,religion,Damasus II was elected pope and died 23 days later.,Election of Pope Damasus II,"July 17, 1048 CE",https://en.wikipedia.org/wiki/July_17,1048-07-17,,"July 17, 1048",Wikipedia — July 17,exact,Papal election,,Gregorian,verified,Damasus II,Catholic Church,international,secondary reference compilation,20,source-verified,20,6
17,CE,1048,July,,Europe,EVT-JUL-000324,political,Four-year-old Henry IV was crowned king of Germany in Aachen.,Coronation of Henry IV as King of Germany,"July 17, 1048 CE",https://en.wikipedia.org/wiki/July_17,1048-07-17,Aachen,"July 17, 1048",Wikipedia — July 17,exact,Royal coronation,Germany,Gregorian,verified,Henry IV,Kingdom of Germany,international,secondary reference compilation,20,source-verified,20,8
17,CE,1203,July,,Europe,EVT-JUL-000325,war,"The Fourth Crusade assaulted Constantinople, and Byzantine emperor Alexios III Angelos fled the capital into exile.",Fourth Crusade Assault on Constantinople,"July 17, 1203 CE",https://en.wikipedia.org/wiki/July_17,1203-07-17,Constantinople,"July 17, 1203",Wikipedia — July 17,exact,Crusade,Turkey,Gregorian,verified,Alexios III Angelos,Byzantine Empire,international,secondary reference compilation,20,source-verified,20,8
17,CE,1402,July,,Asia,EVT-JUL-000326,political,"Zhu Di, known by his era name as the Yongle Emperor, assumed the throne of the Ming dynasty of China.",Zhu Di Assumes the Ming Throne,"July 17, 1402 CE",https://en.wikipedia.org/wiki/July_17,1402-07-17,,"July 17, 1402",Wikipedia — July 17,exact,Imperial succession,China,Gregorian,verified,Zhu Di,Ming dynasty,international,secondary reference compilation,20,source-verified,20,8
17,CE,1429,July,,Europe,EVT-JUL-000327,political,Charles VII of France was crowned king of France at Reims Cathedral after a successful campaign by Joan of Arc.,Coronation of Charles VII,"July 17, 1429 CE",https://en.wikipedia.org/wiki/July_17,1429-07-17,Reims,"July 17, 1429",Wikipedia — July 17,exact,Royal coronation,France,Gregorian,verified,Charles VII; Joan of Arc,Kingdom of France,international,secondary reference compilation,20,source-verified,20,8
17,CE,1453,July,,Europe,EVT-JUL-000328,war,"In the last battle of the Hundred Years' War, French forces under Jean Bureau defeated the English under the Earl of Shrewsbury, who was killed.",Battle of Castillon,"July 17, 1453 CE",https://en.wikipedia.org/wiki/July_17,1453-07-17,Castillon,"July 17, 1453",Wikipedia — July 17,exact,Hundred Years' War,France,Gregorian,verified,Jean Bureau; Earl of Shrewsbury,Kingdom of France; Kingdom of England,international,secondary reference compilation,20,source-verified,20,8
17,CE,1489,July,,Asia,EVT-JUL-000329,political,Sikandar Lodi succeeded Bahlul Khan Lodi as Sultan of Delhi.,Sikandar Lodi Succeeds to the Delhi Sultanate,"July 17, 1489 CE",https://en.wikipedia.org/wiki/July_17,1489-07-17,Delhi,"July 17, 1489",Wikipedia — July 17,exact,Sultanate succession,India,Gregorian,verified,Sikandar Lodi; Bahlul Khan Lodi,Delhi Sultanate,international,secondary reference compilation,20,source-verified,20,8
17,CE,1717,July,,Europe,EVT-JUL-000330,culture,"King George I sailed down the River Thames with a barge of 50 musicians, where George Frideric Handel's Water Music was premiered.",Premiere of Handel's Water Music,"July 17, 1717 CE",https://en.wikipedia.org/wiki/July_17,1717-07-17,River Thames,"July 17, 1717",Wikipedia — July 17,exact,Music premiere,United Kingdom,Gregorian,verified,George I; George Frideric Handel,Kingdom of Great Britain,international,secondary reference compilation,20,source-verified,20,6
17,CE,1762,July,,Europe,EVT-JUL-000331,political,Former emperor Peter III of Russia was murdered.,Murder of Peter III of Russia,"July 17, 1762 CE",https://en.wikipedia.org/wiki/July_17,1762-07-17,,"July 17, 1762",Wikipedia — July 17,exact,Regicide,Russia,Gregorian,verified,Peter III of Russia,Russian Empire,international,secondary reference compilation,20,source-verified,20,8
17,CE,1771,July,,Polar,EVT-JUL-000332,war,"Chipewyan chief Matonabbee, serving as Samuel Hearne's guide on an Arctic overland journey, massacred a group of unsuspecting Inuit.",Bloody Falls Massacre,"July 17, 1771 CE",https://en.wikipedia.org/wiki/July_17,1771-07-17,Bloody Falls,"July 17, 1771",Wikipedia — July 17,exact,Massacre,Canada,Gregorian,verified,Matonabbee; Samuel Hearne,Chipewyan,regional,secondary reference compilation,20,source-verified,20,8
17,CE,1791,July,,Europe,EVT-JUL-000333,political,"French National Guard members commanded by General Lafayette opened fire on radical Jacobins at the Champ de Mars in Paris, killing scores.",Champ de Mars Massacre,"July 17, 1791 CE",https://en.wikipedia.org/wiki/July_17,1791-07-17,Paris,"July 17, 1791",Wikipedia — July 17,exact,French Revolution,France,Gregorian,verified,Lafayette,French National Guard,international,secondary reference compilation,20,source-verified,20,8
17,CE,1794,July,,Europe,EVT-JUL-000334,religion,The 16 Carmelite Martyrs of Compiègne were executed ten days before the end of the Reign of Terror.,Execution of the Carmelite Martyrs of Compiègne,"July 17, 1794 CE",https://en.wikipedia.org/wiki/July_17,1794-07-17,Compiègne,"July 17, 1794",Wikipedia — July 17,exact,Religious persecution,France,Gregorian,verified,,French Revolution,international,secondary reference compilation,20,source-verified,20,6
17,CE,1821,July,,Americas,EVT-JUL-000335,political,The Kingdom of Spain ceded the territory of Florida to the United States.,Spain Cedes Florida to the United States,"July 17, 1821 CE",https://en.wikipedia.org/wiki/July_17,1821-07-17,Florida,"July 17, 1821",Wikipedia — July 17,exact,Territorial transfer,United States,Gregorian,verified,,Kingdom of Spain; United States,international,secondary reference compilation,20,source-verified,20,8
17,CE,1850,July,,Global,EVT-JUL-000336,science,Vega became the first star other than the Sun to be photographed.,First Photograph of Vega,"July 17, 1850 CE",https://en.wikipedia.org/wiki/July_17,1850-07-17,,"July 17, 1850",Wikipedia — July 17,exact,Astronomical photography,,Gregorian,verified,,,international,secondary reference compilation,20,source-verified,20,7
17,CE,1867,July,,Americas,EVT-JUL-000337,social,Harvard School of Dental Medicine was established in Boston as the first U.S. dental school affiliated with a university.,Establishment of Harvard School of Dental Medicine,"July 17, 1867 CE",https://en.wikipedia.org/wiki/July_17,1867-07-17,Boston,"July 17, 1867",Wikipedia — July 17,exact,Education,United States,Gregorian,verified,,Harvard University,international,secondary reference compilation,20,source-verified,20,6
17,CE,1899,July,,Asia,EVT-JUL-000338,economic,NEC Corporation was organized as the first Japanese joint venture with foreign capital.,Organization of NEC Corporation,"July 17, 1899 CE",https://en.wikipedia.org/wiki/July_17,1899-07-17,,"July 17, 1899",Wikipedia — July 17,exact,Corporate formation,Japan,Gregorian,verified,,NEC Corporation,international,secondary reference compilation,20,source-verified,20,6
17,CE,1918,July,,Europe,EVT-JUL-000339,political,"Tsar Nicholas II of Russia, his immediate family, and retainers were executed by Bolshevik Chekists at Ipatiev House in Yekaterinburg.",Execution of Nicholas II and His Family,"July 17, 1918 CE",https://en.wikipedia.org/wiki/July_17,1918-07-17,Yekaterinburg,"July 17, 1918",Wikipedia — July 17,exact,Execution,Russia,Gregorian,verified,Nicholas II of Russia,Russian Empire; Bolsheviks,international,secondary reference compilation,20,source-verified,20,8
17,CE,1918,July,,Europe,EVT-JUL-000340,disaster,"The RMS Carpathia was sunk off Ireland by the German SM U-55, with five lives lost.",Sinking of RMS Carpathia,"July 17, 1918 CE",https://en.wikipedia.org/wiki/July_17,1918-07-17,,"July 17, 1918",Wikipedia — July 17,exact,Maritime sinking,Ireland,Gregorian,verified,,German Empire,international,secondary reference compilation,20,source-verified,20,7
18,CE,477,July,,Europe,EVT-JUL-000341,war,Veii ambushes and defeats the Roman army during the Roman–Etruscan Wars.,Battle of the Cremera,"July 18, 477 CE",https://en.wikipedia.org/wiki/July_18,0477-07-18,Cremera,"July 18, 477 BC",Wikipedia — July 18,exact,battle,Italy,Gregorian,verified,,Roman Republic; Veii,international,secondary reference compilation,20,source-verified,20,8
18,CE,387,July,An alternative year of 390 BC was traditionally favoured.,Europe,EVT-JUL-000342,war,"A Roman army is defeated by raiding Gauls, leading to the subsequent sacking of Rome.",Battle of the Allia,"July 18, 387 CE",https://en.wikipedia.org/wiki/July_18,0387-07-18,Allia,"July 18, 387 BC",Wikipedia — July 18,exact,battle,Italy,Gregorian,verified,,Roman Republic; Gauls,international,secondary reference compilation,20,source-verified,20,8
18,CE,362,July,,Middle East,EVT-JUL-000343,war,"Emperor Julian arrives at Antioch with a Roman expeditionary force of 60,000 men and stays there for nine months to launch a campaign against the Persian Empire.",Julian arrives at Antioch,"July 18, 362 CE",https://en.wikipedia.org/wiki/July_18,0362-07-18,Antioch,"July 18, 362",Wikipedia — July 18,exact,military campaign,Turkey,Gregorian,verified,Julian,Roman Empire; Persian Empire,international,secondary reference compilation,20,source-verified,20,8
18,CE,452,July,,Europe,EVT-JUL-000344,war,"After an earlier defeat on the Catalaunian Plains, Attila lays siege to Aquileia and eventually destroys it.",Sack of Aquileia,"July 18, 452 CE",https://en.wikipedia.org/wiki/July_18,0452-07-18,Aquileia,"July 18, 452",Wikipedia — July 18,exact,siege,Italy,Gregorian,verified,Attila,Huns,international,secondary reference compilation,20,source-verified,20,8
18,CE,645,July,,Asia,EVT-JUL-000345,war,Chinese forces under General Li Shiji besiege the strategic fortress city of Anshi during the Goguryeo–Tang War.,Siege of Anshi,"July 18, 645 CE",https://en.wikipedia.org/wiki/July_18,0645-07-18,Anshi,"July 18, 645",Wikipedia — July 18,exact,siege,China,Gregorian,verified,Li Shiji,Tang dynasty; Goguryeo,international,secondary reference compilation,20,source-verified,20,8
18,CE,1195,July,,Europe,EVT-JUL-000346,war,Almohad forces defeat the Castilian army of Alfonso VIII and force its retreat to Toledo.,Battle of Alarcos,"July 18, 1195 CE",https://en.wikipedia.org/wiki/July_18,1195-07-18,Alarcos,"July 18, 1195",Wikipedia — July 18,exact,battle,Spain,Gregorian,verified,Alfonso VIII,Almohad Caliphate; Kingdom of Castile,international,secondary reference compilation,20,source-verified,20,8
18,CE,1216,July,,Europe,EVT-JUL-000347,religion,Honorius III is elected pope following the death of Pope Innocent III two days earlier.,Election of Pope Honorius III,"July 18, 1216 CE",https://en.wikipedia.org/wiki/July_18,1216-07-18,,"July 18, 1216",Wikipedia — July 18,exact,papal election,Italy,Gregorian,verified,Honorius III; Innocent III,Catholic Church,international,secondary reference compilation,20,source-verified,20,6
18,CE,1290,July,,Europe,EVT-JUL-000348,law,"King Edward I of England issues an edict banishing all Jews, numbering about 16,000, from England.",Edict of Expulsion,"July 18, 1290 CE",https://en.wikipedia.org/wiki/July_18,1290-07-18,,"July 18, 1290",Wikipedia — July 18,exact,expulsion decree,United Kingdom,Gregorian,verified,Edward I,Kingdom of England,international,secondary reference compilation,20,source-verified,20,6
18,CE,1334,July,,Europe,EVT-JUL-000349,culture,"The bishop of Florence blesses the first foundation stone for the new campanile of Florence Cathedral, designed by Giotto di Bondone.",Foundation stone of Florence Cathedral campanile blessed,"July 18, 1334 CE",https://en.wikipedia.org/wiki/July_18,1334-07-18,Florence,"July 18, 1334",Wikipedia — July 18,exact,architecture,Italy,Gregorian,verified,Giotto di Bondone,,international,secondary reference compilation,20,source-verified,20,6
18,CE,1389,July,,Europe,EVT-JUL-000350,war,"France and England agree to a truce inaugurating a 13-year peace, the longest sustained peace during the Hundred Years' War.",Truce of Leulinghem,"July 18, 1389 CE",https://en.wikipedia.org/wiki/July_18,1389-07-18,Leulinghem,"July 18, 1389",Wikipedia — July 18,exact,peace treaty,France; United Kingdom,Gregorian,verified,,Kingdom of France; Kingdom of England,international,secondary reference compilation,20,source-verified,20,8
18,CE,1507,July,,Europe,EVT-JUL-000351,political,"In Brussels, Prince Charles I is crowned Duke of Burgundy and Count of Flanders, a year after inheriting the title.",Charles crowned Duke of Burgundy and Count of Flanders,"July 18, 1507 CE",https://en.wikipedia.org/wiki/July_18,1507-07-18,Brussels,"July 18, 1507",Wikipedia — July 18,exact,coronation,Belgium,Gregorian,verified,Charles I,Burgundy; Flanders,international,secondary reference compilation,20,source-verified,20,8
18,CE,1555,July,,Europe,EVT-JUL-000352,law,The College of Arms is reincorporated by Royal charter signed by Queen Mary I of England and King Philip II of Spain.,Reincorporation of the College of Arms,"July 18, 1555 CE",https://en.wikipedia.org/wiki/July_18,1555-07-18,,"July 18, 1555",Wikipedia — July 18,exact,royal charter,United Kingdom,Gregorian,verified,Mary I; Philip II,Kingdom of England,international,secondary reference compilation,20,source-verified,20,6
18,CE,1723,July,,Europe,EVT-JUL-000353,culture,"Johann Sebastian Bach leads the first performance of his cantata Erforsche mich, Gott, und erfahre mein Herz, BWV 136, in Leipzig.","First performance of Erforsche mich, Gott, und erfahre mein Herz","July 18, 1723 CE",https://en.wikipedia.org/wiki/July_18,1723-07-18,Leipzig,"July 18, 1723",Wikipedia — July 18,exact,music performance,Germany,Gregorian,verified,Johann Sebastian Bach,,international,secondary reference compilation,20,source-verified,20,6
18,CE,1806,July,,Europe,EVT-JUL-000354,disaster,A gunpowder magazine explosion in Birgu kills around 200 people.,Birgu gunpowder magazine explosion,"July 18, 1806 CE",https://en.wikipedia.org/wiki/July_18,1806-07-18,Birgu,"July 18, 1806",Wikipedia — July 18,exact,explosion,Malta,Gregorian,verified,,,international,secondary reference compilation,20,source-verified,20,7
18,CE,1812,July,,Europe,EVT-JUL-000355,war,The Treaties of Orebro end both the Anglo-Russian and Anglo-Swedish Wars.,Treaties of Orebro,"July 18, 1812 CE",https://en.wikipedia.org/wiki/July_18,1812-07-18,Orebro,"July 18, 1812",Wikipedia — July 18,exact,peace treaties,Sweden; Russia; United Kingdom,Gregorian,verified,,United Kingdom; Russian Empire; Sweden,international,secondary reference compilation,20,source-verified,20,8
18,CE,1841,July,,Americas,EVT-JUL-000356,political,Pedro II is crowned Emperor of Brazil.,Coronation of Pedro II of Brazil,"July 18, 1841 CE",https://en.wikipedia.org/wiki/July_18,1841-07-18,,"July 18, 1841",Wikipedia — July 18,exact,coronation,Brazil,Gregorian,verified,Pedro II,Empire of Brazil,international,secondary reference compilation,20,source-verified,20,8
18,CE,1857,July,,Africa,EVT-JUL-000357,war,"Louis Faidherbe, French governor of Senegal, arrives to relieve French forces at Kayes, effectively ending El Hajj Umar Tall's war against the French.",French relief of Kayes,"July 18, 1857 CE",https://en.wikipedia.org/wiki/July_18,1857-07-18,Kayes,"July 18, 1857",Wikipedia — July 18,exact,military relief,Senegal,Gregorian,verified,Louis Faidherbe; El Hajj Umar Tall,France; Senegal; forces of El Hajj Umar Tall,international,secondary reference compilation,20,source-verified,20,8
18,CE,1862,July,,Europe,EVT-JUL-000358,exploration,"Dent Blanche, one of the highest summits in the Alps, is climbed for the first time.",First ascent of Dent Blanche,"July 18, 1862 CE",https://en.wikipedia.org/wiki/July_18,1862-07-18,,"July 18, 1862",Wikipedia — July 18,exact,mountaineering,Switzerland,Gregorian,verified,,,international,secondary reference compilation,20,source-verified,20,7
18,CE,1863,July,,Americas,EVT-JUL-000359,war,"The 54th Massachusetts Volunteer Infantry, supported by several white regiments, makes an unsuccessful assault on Confederate-held Battery Wagner.",Second Battle of Fort Wagner,"July 18, 1863 CE",https://en.wikipedia.org/wiki/July_18,1863-07-18,Fort Wagner,"July 18, 1863",Wikipedia — July 18,exact,battle,United States,Gregorian,verified,,Union; Confederate States,international,secondary reference compilation,20,source-verified,20,8
18,CE,1870,July,,Europe,EVT-JUL-000360,religion,The First Vatican Council decrees the dogma of papal infallibility.,Dogma of papal infallibility decreed,"July 18, 1870 CE",https://en.wikipedia.org/wiki/July_18,1870-07-18,,"July 18, 1870",Wikipedia — July 18,exact,church doctrine,Vatican City,Gregorian,verified,,Catholic Church,international,secondary reference compilation,20,source-verified,20,6
19,CE,64,July,,Europe,EVT-JUL-000361,disaster,"The Great Fire of Rome causes widespread devastation and rages for six days, destroying half of the city.",Great Fire of Rome,"July 19, 64 CE",https://en.wikipedia.org/wiki/July_19,0064-07-19,Rome,"July 19, 64",Wikipedia — July 19,exact,urban fire,Italy,Gregorian,verified,,Roman Empire,international,secondary reference compilation,20,source-verified,20,7
19,CE,484,July,,Middle East,EVT-JUL-000362,political,"Leontius, a Roman usurper, is crowned Eastern emperor at Tarsus, is recognized in Antioch, and makes Antioch his capital.",Crowning of Leontius,"July 19, 484 CE",https://en.wikipedia.org/wiki/July_19,0484-07-19,Tarsus,"July 19, 484",Wikipedia — July 19,exact,imperial succession,Turkey,Gregorian,verified,Leontius,Eastern Roman Empire,international,secondary reference compilation,20,source-verified,20,8
19,CE,711,July,,Europe,EVT-JUL-000363,war,Umayyad forces under Tariq ibn Ziyad defeat the Visigoths led by King Roderic.,Battle of Guadalete,"July 19, 711 CE",https://en.wikipedia.org/wiki/July_19,0711-07-19,,"July 19, 711",Wikipedia — July 19,exact,battle,Spain,Gregorian,verified,Tariq ibn Ziyad; Roderic,Umayyad Caliphate; Visigothic Kingdom,international,secondary reference compilation,20,source-verified,20,8
19,CE,803,July,,Europe,EVT-JUL-000364,political,Bardanes Tourkos is proclaimed emperor by rebellious Byzantine troops.,Proclamation of Bardanes Tourkos,"July 19, 803 CE",https://en.wikipedia.org/wiki/July_19,0803-07-19,,"July 19, 803",Wikipedia — July 19,exact,rebellion,,Gregorian,verified,Bardanes Tourkos,Byzantine Empire,international,secondary reference compilation,20,source-verified,20,8
19,CE,939,July,,Europe,EVT-JUL-000365,war,King Ramiro II of León defeats the Moorish army under Caliph Abd-al-Rahman III near Simancas.,Battle of Simancas,"July 19, 939 CE",https://en.wikipedia.org/wiki/July_19,0939-07-19,Simancas,"July 19, 939",Wikipedia — July 19,exact,battle,Spain,Gregorian,verified,Ramiro II; Abd-al-Rahman III,Kingdom of León,international,secondary reference compilation,20,source-verified,20,8
19,CE,998,July,,Middle East,EVT-JUL-000366,war,The Fatimids defeat a Byzantine army near Apamea.,Battle of Apamea,"July 19, 998 CE",https://en.wikipedia.org/wiki/July_19,0998-07-19,Apamea,"July 19, 998",Wikipedia — July 19,exact,battle,Syria,Gregorian,verified,,Fatimid Caliphate; Byzantine Empire,international,secondary reference compilation,20,source-verified,20,8
19,CE,1333,July,,Europe,EVT-JUL-000367,war,The English win a decisive victory over the Scots at the Battle of Halidon Hill.,Battle of Halidon Hill,"July 19, 1333 CE",https://en.wikipedia.org/wiki/July_19,1333-07-19,,"July 19, 1333",Wikipedia — July 19,exact,battle,United Kingdom,Gregorian,verified,,Kingdom of England; Kingdom of Scotland,international,secondary reference compilation,20,source-verified,20,8
19,CE,1544,July,,Europe,EVT-JUL-000368,war,The first Siege of Boulogne begins during the Italian War of 1542–46.,First Siege of Boulogne,"July 19, 1544 CE",https://en.wikipedia.org/wiki/July_19,1544-07-19,Boulogne,"July 19, 1544",Wikipedia — July 19,exact,siege,France,Gregorian,verified,,,international,secondary reference compilation,20,source-verified,20,8
19,CE,1545,July,,Europe,EVT-JUL-000369,disaster,The Tudor warship Mary Rose sinks off Portsmouth; its wreck is salvaged in 1982 in a complex maritime-archaeology project.,Sinking of the Mary Rose,"July 19, 1545 CE",https://en.wikipedia.org/wiki/July_19,1545-07-19,Portsmouth,"July 19, 1545",Wikipedia — July 19,exact,shipwreck,United Kingdom,Gregorian,verified,,Kingdom of England,international,secondary reference compilation,20,source-verified,20,7
19,CE,1553,July,,Europe,EVT-JUL-000370,political,The attempt to install Lady Jane Grey as Queen of England collapses after nine days.,Collapse of Lady Jane Grey's Installation,"July 19, 1553 CE",https://en.wikipedia.org/wiki/July_19,1553-07-19,,"July 19, 1553",Wikipedia — July 19,exact,succession crisis,United Kingdom,Gregorian,verified,Lady Jane Grey,Kingdom of England,international,secondary reference compilation,20,source-verified,20,8
19,CE,1588,July,,Europe,EVT-JUL-000371,war,The Spanish Armada is sighted in the English Channel during the Anglo-Spanish War.,Battle of Gravelines,"July 19, 1588 CE",https://en.wikipedia.org/wiki/July_19,1588-07-19,,"July 19, 1588",Wikipedia — July 19,exact,naval encounter,United Kingdom,Gregorian,verified,,Spanish Armada,international,secondary reference compilation,20,source-verified,20,8
19,CE,1701,July,,Americas,EVT-JUL-000372,political,"Representatives of the Iroquois Confederacy sign the Nanfan Treaty, ceding a large territory north of the Ohio River to England.",Nanfan Treaty,"July 19, 1701 CE",https://en.wikipedia.org/wiki/July_19,1701-07-19,,"July 19, 1701",Wikipedia — July 19,exact,treaty,United States,Gregorian,verified,,Iroquois Confederacy; Kingdom of England,international,secondary reference compilation,20,source-verified,20,8
19,CE,1702,July,,Europe,EVT-JUL-000373,war,A Swedish army under King Charles XII defeats the numerically superior Polish-Saxon army of Augustus II the Strong.,Battle of Klissow,"July 19, 1702 CE",https://en.wikipedia.org/wiki/July_19,1702-07-19,Klissow,"July 19, 1702",Wikipedia — July 19,exact,battle,Poland,Gregorian,verified,Charles XII; Augustus II the Strong,Swedish Empire; Polish–Saxon army,international,secondary reference compilation,20,source-verified,20,8
19,CE,1733,July,,Middle East,EVT-JUL-000374,war,The Ottoman army defeats the Iranian army under Nader Shah in the Battle of Baghdad.,Battle of Baghdad,"July 19, 1733 CE",https://en.wikipedia.org/wiki/July_19,1733-07-19,Baghdad,"July 19, 1733",Wikipedia — July 19,exact,battle,Iraq,Gregorian,verified,Nader Shah,Ottoman Empire; Iran,international,secondary reference compilation,20,source-verified,20,8
19,CE,1817,July,,Oceania,EVT-JUL-000375,war,"Georg Anton Schäffer, unsuccessful in attempting to conquer the Kingdom of Hawaiʻi for the Russian-American Company, admits defeat and leaves Kauaʻi.",Schäffer's Defeat in Kauaʻi,"July 19, 1817 CE",https://en.wikipedia.org/wiki/July_19,1817-07-19,Kauaʻi,"July 19, 1817",Wikipedia — July 19,exact,failed conquest,United States,Gregorian,verified,Georg Anton Schäffer,Kingdom of Hawaiʻi; Russian-American Company,regional,secondary reference compilation,20,source-verified,20,8
19,CE,1821,July,,Europe,EVT-JUL-000376,political,George IV is crowned King of the United Kingdom.,Coronation of George IV,"July 19, 1821 CE",https://en.wikipedia.org/wiki/July_19,1821-07-19,,"July 19, 1821",Wikipedia — July 19,exact,coronation,United Kingdom,Gregorian,verified,George IV,United Kingdom,international,secondary reference compilation,20,source-verified,20,8
19,CE,1832,July,,Europe,EVT-JUL-000377,social,The British Medical Association is founded as the Provincial Medical and Surgical Association by Sir Charles Hastings at a meeting in Worcester.,Founding of the British Medical Association,"July 19, 1832 CE",https://en.wikipedia.org/wiki/July_19,1832-07-19,Worcester,"July 19, 1832",Wikipedia — July 19,exact,medical organization,United Kingdom,Gregorian,verified,Charles Hastings,British Medical Association,international,secondary reference compilation,20,source-verified,20,6
19,CE,1843,July,,Europe,EVT-JUL-000378,technology,"Brunel's steamship SS Great Britain is launched, becoming the first ocean-going craft with an iron hull and screw propeller and the largest vessel afloat.",Launch of SS Great Britain,"July 19, 1843 CE",https://en.wikipedia.org/wiki/July_19,1843-07-19,,"July 19, 1843",Wikipedia — July 19,exact,shipbuilding,United Kingdom,Gregorian,verified,Brunel,,international,secondary reference compilation,20,source-verified,20,7
19,CE,1845,July,,Americas,EVT-JUL-000379,disaster,"The last great fire to affect Manhattan begins early in the morning and is subdued that afternoon, killing four firefighters and 26 civilians and destroying 345 buildings.",Great New York City Fire,"July 19, 1845 CE",https://en.wikipedia.org/wiki/July_19,1845-07-19,New York City,"July 19, 1845",Wikipedia — July 19,exact,urban fire,United States,Gregorian,verified,,,international,secondary reference compilation,20,source-verified,20,7
19,CE,1848,July,,Americas,EVT-JUL-000380,social,"A two-day Women's Rights Convention opens in Seneca Falls, New York.",Seneca Falls Women's Rights Convention,"July 19, 1848 CE",https://en.wikipedia.org/wiki/July_19,1848-07-19,Seneca Falls,"July 19, 1848",Wikipedia — July 19,exact,women's rights,United States,Gregorian,verified,,,international,secondary reference compilation,20,source-verified,20,6
20,CE,70,July,,Middle East,EVT-JUL-000381,war,"Titus storms the Fortress of Antonia north of the Temple Mount, and the Roman army is drawn into street fights with the Zealots.",Siege of Jerusalem,"July 20, 70 CE",https://en.wikipedia.org/wiki/July_20,0070-07-20,Jerusalem,"July 20, 70",Wikipedia — July 20,exact,siege,Israel,Gregorian,verified,Titus; Vespasian,Roman Empire,international,secondary reference compilation,20,source-verified,20,8
20,CE,514,July,,Europe,EVT-JUL-000382,religion,Hormisdas is consecrated pope following the death of Pope Symmachus the previous day.,Consecration of Pope Hormisdas,"July 20, 514 CE",https://en.wikipedia.org/wiki/July_20,0514-07-20,,"July 20, 514",Wikipedia — July 20,exact,papal succession,Italy,Gregorian,verified,Hormisdas; Symmachus,Catholic Church,international,secondary reference compilation,20,source-verified,20,6
20,CE,792,July,,Europe,EVT-JUL-000383,war,Kardam of Bulgaria defeats Byzantine Emperor Constantine VI.,Battle of Marcellae,"July 20, 792 CE",https://en.wikipedia.org/wiki/July_20,0792-07-20,Marcellae,"July 20, 792",Wikipedia — July 20,exact,battle,Bulgaria,Gregorian,verified,Kardam; Constantine VI,First Bulgarian Empire; Byzantine Empire,international,secondary reference compilation,20,source-verified,20,8
20,CE,911,July,,Europe,EVT-JUL-000384,war,Rollo lays siege to Chartres.,Siege of Chartres,"July 20, 911 CE",https://en.wikipedia.org/wiki/July_20,0911-07-20,Chartres,"July 20, 911",Wikipedia — July 20,exact,siege,France,Gregorian,verified,Rollo,,international,secondary reference compilation,20,source-verified,20,8
20,CE,1189,July,,Europe,EVT-JUL-000385,political,Richard I of England is officially invested as Duke of Normandy.,Richard I Invested as Duke of Normandy,"July 20, 1189 CE",https://en.wikipedia.org/wiki/July_20,1189-07-20,,"July 20, 1189",Wikipedia — July 20,exact,noble investiture,France,Gregorian,verified,Richard I of England,Duchy of Normandy,international,secondary reference compilation,20,source-verified,20,8
20,CE,1230,July,,Europe,EVT-JUL-000386,political,The Treaty of San Germano is signed between Holy Roman Emperor Frederick II and Pope Gregory IX; the Dominican Guala conducts the negotiations.,Treaty of San Germano,"July 20, 1230 CE",https://en.wikipedia.org/wiki/July_20,1230-07-20,San Germano,"July 20, 1230",Wikipedia — July 20,exact,treaty,Italy,Gregorian,verified,Frederick II; Gregory IX; Guala,Holy Roman Empire; Papal States,international,secondary reference compilation,20,source-verified,20,8
20,CE,1398,July,,Europe,EVT-JUL-000387,war,English forces led by Roger Mortimer fight the O'Byrnes and O'Tooles under Art Óg mac Murchadha Caomhánach.,Battle of Kellistown,"July 20, 1398 CE",https://en.wikipedia.org/wiki/July_20,1398-07-20,Kellistown,"July 20, 1398",Wikipedia — July 20,exact,battle,Ireland,Gregorian,verified,Roger Mortimer; Art Óg mac Murchadha Caomhánach,Kingdom of England,international,secondary reference compilation,20,source-verified,20,8
20,CE,1592,July,,Asia,EVT-JUL-000388,war,"Japanese forces led by Toyotomi Hideyoshi capture Pyongyang during the first Japanese invasion of Korea, but ultimately cannot hold it.",Capture of Pyongyang,"July 20, 1592 CE",https://en.wikipedia.org/wiki/July_20,1592-07-20,Pyongyang,"July 20, 1592",Wikipedia — July 20,exact,military conquest,North Korea,Gregorian,verified,Toyotomi Hideyoshi,Japan; Korea,international,secondary reference compilation,20,source-verified,20,8
20,CE,1705,July,,Europe,EVT-JUL-000389,disaster,"A fire in Oulu almost completely destroys the fourth district, covering the southern part of the city.",Oulu Fire,"July 20, 1705 CE",https://en.wikipedia.org/wiki/July_20,1705-07-20,Oulu,"July 20, 1705",Wikipedia — July 20,exact,urban fire,Finland,Gregorian,verified,,,international,secondary reference compilation,20,source-verified,20,7
20,CE,1715,July,,Europe,EVT-JUL-000390,war,"The Ottoman Empire captures Nauplia, capital of Venice’s Kingdom of the Morea, opening the way to the Ottoman reconquest of the Morea.",Ottoman Capture of Nauplia,"July 20, 1715 CE",https://en.wikipedia.org/wiki/July_20,1715-07-20,Nauplia,"July 20, 1715",Wikipedia — July 20,exact,military conquest,Greece,Gregorian,verified,,Ottoman Empire; Republic of Venice,international,secondary reference compilation,20,source-verified,20,8
20,CE,1738,July,,Americas,EVT-JUL-000391,exploration,Canadian explorer Pierre Gaultier de Varennes et de La Vérendrye reaches the western shore of Lake Michigan.,La Vérendrye Reaches Lake Michigan,"July 20, 1738 CE",https://en.wikipedia.org/wiki/July_20,1738-07-20,,"July 20, 1738",Wikipedia — July 20,exact,exploration,United States,Gregorian,verified,Pierre Gaultier de Varennes et de La Vérendrye,,international,secondary reference compilation,20,source-verified,20,7
20,CE,1799,July,,Africa,EVT-JUL-000392,political,Tekle Giyorgis I begins his first of six reigns as Emperor of Ethiopia.,Tekle Giyorgis I Begins First Reign,"July 20, 1799 CE",https://en.wikipedia.org/wiki/July_20,1799-07-20,,"July 20, 1799",Wikipedia — July 20,exact,accession,Ethiopia,Gregorian,verified,Tekle Giyorgis I,Ethiopian Empire,international,secondary reference compilation,20,source-verified,20,8
20,CE,1807,July,,Europe,EVT-JUL-000393,technology,"Nicéphore Niépce receives a patent from Napoleon for the Pyréolophore, described as the world’s first internal combustion engine, after it powers a boat upstream on the Saône.",Patent for the Pyréolophore,"July 20, 1807 CE",https://en.wikipedia.org/wiki/July_20,1807-07-20,,"July 20, 1807",Wikipedia — July 20,exact,internal combustion engine,France,Gregorian,verified,Nicéphore Niépce; Napoleon,First French Empire,international,secondary reference compilation,20,source-verified,20,7
20,CE,1810,July,,Americas,EVT-JUL-000394,independence,"Citizens of Bogotá, New Granada, declare independence from Spain.",Bogotá Declaration of Independence,"July 20, 1810 CE",https://en.wikipedia.org/wiki/July_20,1810-07-20,Bogotá,"July 20, 1810",Wikipedia — July 20,exact,declaration of independence,Colombia,Gregorian,verified,,New Granada; Spain,international,secondary reference compilation,20,source-verified,20,8
20,CE,1831,July,,Americas,EVT-JUL-000395,political,"Seneca and Shawnee people agree to relinquish their land in western Ohio in exchange for 60,000 acres west of the Mississippi River.",Seneca and Shawnee Land Agreement,"July 20, 1831 CE",https://en.wikipedia.org/wiki/July_20,1831-07-20,,"July 20, 1831",Wikipedia — July 20,exact,land cession treaty,United States,Gregorian,verified,,Seneca; Shawnee,international,secondary reference compilation,20,source-verified,20,8
20,CE,1848,July,,Americas,EVT-JUL-000396,social,"The first Women’s Rights Convention in Seneca Falls, New York, concludes after two days.",Seneca Falls Women’s Rights Convention Concludes,"July 20, 1848 CE",https://en.wikipedia.org/wiki/July_20,1848-07-20,Seneca Falls,"July 20, 1848",Wikipedia — July 20,exact,women’s rights convention,United States,Gregorian,verified,,,international,secondary reference compilation,20,source-verified,20,6
20,CE,1864,July,,Americas,EVT-JUL-000397,war,Confederate forces led by General John Bell Hood unsuccessfully attack Union troops under General William T. Sherman near Atlanta.,Battle of Peachtree Creek,"July 20, 1864 CE",https://en.wikipedia.org/wiki/July_20,1864-07-20,Atlanta,"July 20, 1864",Wikipedia — July 20,exact,battle,United States,Gregorian,verified,John Bell Hood; William T. Sherman,Confederate States of America; United States,international,secondary reference compilation,20,source-verified,20,8
20,CE,1866,July,,Europe,EVT-JUL-000398,war,"The Austrian Navy, led by Admiral Wilhelm von Tegetthoff, defeats the Italian Navy near Vis in the Adriatic Sea.",Battle of Lissa,"July 20, 1866 CE",https://en.wikipedia.org/wiki/July_20,1866-07-20,Vis,"July 20, 1866",Wikipedia — July 20,exact,naval battle,Croatia,Gregorian,verified,Wilhelm von Tegetthoff,Austrian Empire; Kingdom of Italy,international,secondary reference compilation,20,source-verified,20,8
20,CE,1871,July,,Americas,EVT-JUL-000399,political,British Columbia joins the Canadian Confederation.,British Columbia Joins Confederation,"July 20, 1871 CE",https://en.wikipedia.org/wiki/July_20,1871-07-20,,"July 20, 1871",Wikipedia — July 20,exact,confederation,Canada,Gregorian,verified,,Canadian Confederation; British Columbia,international,secondary reference compilation,20,source-verified,20,8
20,CE,1885,July,,Europe,EVT-JUL-000400,law,The Football Association legalizes professionalism in association football under pressure from the British Football Association.,Professionalism Legalized in Association Football,"July 20, 1885 CE",https://en.wikipedia.org/wiki/July_20,1885-07-20,,"July 20, 1885",Wikipedia — July 20,exact,sports regulation,United Kingdom,Gregorian,verified,,The Football Association,international,secondary reference compilation,20,source-verified,20,6
21,CE,230,July,,Europe,EVT-JUL-000401,religion,Pope Pontian succeeds Urban I as the eighteenth pope and later becomes the first pope to resign after exile to Sardinia.,Pontian succeeds Urban I,"July 21, 230 CE",https://en.wikipedia.org/wiki/July_21,0230-07-21,,"July 21, 230",Wikipedia — July 21,exact,papal succession,Italy,Gregorian,verified,Pope Pontian; Urban I,Papacy,international,secondary reference compilation,20,source-verified,20,6
21,CE,285,July,,Europe,EVT-JUL-000402,political,Diocletian appoints Maximian as Caesar and co-ruler.,Maximian appointed Caesar,"July 21, 285 CE",https://en.wikipedia.org/wiki/July_21,0285-07-21,,"July 21, 285",Wikipedia — July 21,exact,imperial appointment,Italy,Gregorian,verified,Diocletian; Maximian,Roman Empire,international,secondary reference compilation,20,source-verified,20,8
21,CE,365,July,,Europe,EVT-JUL-000403,disaster,"A major earthquake strikes Crete with a maximum Mercalli intensity of XI, causing a destructive tsunami affecting the coasts of Libya and Egypt, especially Alexandria, and killing many thousands.",Crete earthquake,"July 21, 365 CE",https://en.wikipedia.org/wiki/July_21,0365-07-21,Alexandria,"July 21, 365",Wikipedia — July 21,exact,earthquake and tsunami,"Greece, Libya, Egypt",Gregorian,verified,,,international,secondary reference compilation,20,source-verified,20,7
21,CE,905,July,,Europe,EVT-JUL-000404,war,Berengar I of Italy and a hired Hungarian army defeat Frankish forces at Verona; Louis III is captured and blinded.,Battle of Verona,"July 21, 905 CE",https://en.wikipedia.org/wiki/July_21,0905-07-21,Verona,"July 21, 905",Wikipedia — July 21,exact,battle,Italy,Gregorian,verified,Berengar I of Italy; Louis III,Kingdom of Italy; Frankish forces; Hungarian army,international,secondary reference compilation,20,source-verified,20,8
21,CE,1242,July,,Europe,EVT-JUL-000405,war,Louis IX of France ends the revolt of his vassals Henry III of England and Hugh X of Lusignan.,Battle of Taillebourg,"July 21, 1242 CE",https://en.wikipedia.org/wiki/July_21,1242-07-21,Taillebourg,"July 21, 1242",Wikipedia — July 21,exact,battle,France,Gregorian,verified,Louis IX of France; Henry III of England; Hugh X of Lusignan,Kingdom of France; Kingdom of England,international,secondary reference compilation,20,source-verified,20,8
21,CE,1403,July,,Europe,EVT-JUL-000406,war,King Henry IV of England defeats rebels north of Shrewsbury in England.,Battle of Shrewsbury,"July 21, 1403 CE",https://en.wikipedia.org/wiki/July_21,1403-07-21,Shrewsbury,"July 21, 1403",Wikipedia — July 21,exact,battle,United Kingdom,Gregorian,verified,Henry IV of England,Kingdom of England,international,secondary reference compilation,20,source-verified,20,8
21,CE,1545,July,,Europe,EVT-JUL-000407,war,French troops make their first landing on the coast of the Isle of Wight during the French invasion.,French landing on the Isle of Wight,"July 21, 1545 CE",https://en.wikipedia.org/wiki/July_21,1545-07-21,,"July 21, 1545",Wikipedia — July 21,exact,military landing,United Kingdom,Gregorian,verified,,France,international,secondary reference compilation,20,source-verified,20,8
21,CE,1568,July,,Europe,EVT-JUL-000408,war,"During the Eighty Years' War, Fernando Álvarez de Toledo, Duke of Alva, defeats Louis of Nassau.",Battle of Jemmingen,"July 21, 1568 CE",https://en.wikipedia.org/wiki/July_21,1568-07-21,Jemmingen,"July 21, 1568",Wikipedia — July 21,exact,battle,Netherlands,Gregorian,verified,Fernando Álvarez de Toledo; Louis of Nassau,Spanish Habsburgs; Dutch rebels,international,secondary reference compilation,20,source-verified,20,8
21,CE,1645,July,,Asia,EVT-JUL-000409,political,Qing regent Dorgon orders Han Chinese men to shave their foreheads and braid the remaining hair into a Manchu-style queue.,Queue edict,"July 21, 1645 CE",https://en.wikipedia.org/wiki/July_21,1645-07-21,,"July 21, 1645",Wikipedia — July 21,exact,dress regulation,China,Gregorian,verified,Dorgon,Qing dynasty,international,secondary reference compilation,20,source-verified,20,8
21,CE,1656,July,,Europe,EVT-JUL-000410,war,The Raid on Málaga takes place during the Anglo-Spanish War.,Raid on Málaga,"July 21, 1656 CE",https://en.wikipedia.org/wiki/July_21,1656-07-21,Málaga,"July 21, 1656",Wikipedia — July 21,exact,raid,Spain,Gregorian,verified,,England; Spain,international,secondary reference compilation,20,source-verified,20,8
21,CE,1674,July,,Americas,EVT-JUL-000411,war,A Dutch assault on the French island of Martinique is repulsed.,Dutch assault on Martinique repulsed,"July 21, 1674 CE",https://en.wikipedia.org/wiki/July_21,1674-07-21,,"July 21, 1674",Wikipedia — July 21,exact,island assault,Martinique,Gregorian,verified,,Dutch Republic; France,international,secondary reference compilation,20,source-verified,20,8
21,CE,1718,July,,Europe,EVT-JUL-000412,political,"The Ottoman Empire, Austria, and the Republic of Venice sign the Treaty of Passarowitz.",Treaty of Passarowitz,"July 21, 1718 CE",https://en.wikipedia.org/wiki/July_21,1718-07-21,Passarowitz,"July 21, 1718",Wikipedia — July 21,exact,treaty,"Austria, Italy, Turkey",Gregorian,verified,,Ottoman Empire; Habsburg monarchy; Republic of Venice,international,secondary reference compilation,20,source-verified,20,8
21,CE,1774,July,,Europe,EVT-JUL-000413,war,"Russia and the Ottoman Empire sign the Treaty of Küçük Kaynarca, ending the Russo-Turkish War of 1768–1774.",Treaty of Küçük Kaynarca,"July 21, 1774 CE",https://en.wikipedia.org/wiki/July_21,1774-07-21,Küçük Kaynarca,"July 21, 1774",Wikipedia — July 21,exact,peace treaty,"Russia, Turkey",Gregorian,verified,,Russian Empire; Ottoman Empire,international,secondary reference compilation,20,source-verified,20,8
21,CE,1798,July,,Africa,EVT-JUL-000414,war,Napoleon's forces defeat an Ottoman-Mamluk army near Cairo during the French campaign in Egypt and Syria.,Battle of the Pyramids,"July 21, 1798 CE",https://en.wikipedia.org/wiki/July_21,1798-07-21,Cairo,"July 21, 1798",Wikipedia — July 21,exact,battle,Egypt,Gregorian,verified,Napoleon,France; Ottoman Empire; Mamluks,international,secondary reference compilation,20,source-verified,20,8
21,CE,1831,July,,Europe,EVT-JUL-000415,political,Leopold I is inaugurated as the first king of the Belgians.,Inauguration of Leopold I,"July 21, 1831 CE",https://en.wikipedia.org/wiki/July_21,1831-07-21,,"July 21, 1831",Wikipedia — July 21,exact,monarchical inauguration,Belgium,Gregorian,verified,Leopold I,Kingdom of Belgium,international,secondary reference compilation,20,source-verified,20,8
21,CE,1832,July,,Europe,EVT-JUL-000416,political,"Britain, France, Russia, and the Ottoman Empire sign a treaty outlining the borders of the new kingdom of Greece.",Treaty of Constantinople,"July 21, 1832 CE",https://en.wikipedia.org/wiki/July_21,1832-07-21,Constantinople,"July 21, 1832",Wikipedia — July 21,exact,treaty and borders,"Greece, United Kingdom, France, Russia, Turkey",Gregorian,verified,,Kingdom of Greece; United Kingdom; France; Russian Empire; Ottoman Empire,international,secondary reference compilation,20,source-verified,20,8
21,CE,1861,July,,Americas,EVT-JUL-000417,war,"The first major battle of the American Civil War begins at Manassas Junction, Virginia, ending in a Confederate victory.",First Battle of Bull Run,"July 21, 1861 CE",https://en.wikipedia.org/wiki/July_21,1861-07-21,Manassas Junction,"July 21, 1861",Wikipedia — July 21,exact,battle,United States,Gregorian,verified,,Confederate States of America; United States,international,secondary reference compilation,20,source-verified,20,8
21,CE,1865,July,,Americas,EVT-JUL-000418,social,"In Springfield's market square, Wild Bill Hickok shoots and kills Davis Tutt in an event regarded as the first western showdown.",Wild Bill Hickok kills Davis Tutt,"July 21, 1865 CE",https://en.wikipedia.org/wiki/July_21,1865-07-21,Springfield,"July 21, 1865",Wikipedia — July 21,exact,gunfight,United States,Gregorian,verified,Wild Bill Hickok; Davis Tutt,,international,secondary reference compilation,20,source-verified,20,6
21,CE,1873,July,,Americas,EVT-JUL-000419,economic,"At Adair, Iowa, Jesse James and the James–Younger Gang carry out the first successful train robbery in the American Old West.",First successful train robbery in the American Old West,"July 21, 1873 CE",https://en.wikipedia.org/wiki/July_21,1873-07-21,Adair,"July 21, 1873",Wikipedia — July 21,exact,train robbery,United States,Gregorian,verified,Jesse James,James–Younger Gang,international,secondary reference compilation,20,source-verified,20,6
21,CE,1877,July,,Americas,EVT-JUL-000420,social,"Following violence against Baltimore and Ohio Railroad workers, workers in Pittsburgh stage a sympathy strike that is met by an assault from the state militia.",Pittsburgh sympathy strike,"July 21, 1877 CE",https://en.wikipedia.org/wiki/July_21,1877-07-21,Pittsburgh,"July 21, 1877",Wikipedia — July 21,exact,labor strike,United States,Gregorian,verified,,Baltimore and Ohio Railroad; Maryland militia,international,secondary reference compilation,20,source-verified,20,6
22,CE,259,July,,Europe,EVT-JUL-000421,religion,Pope Dionysius was elected after the death of Pope Sixtus II during the persecutions of Emperor Valerian in the previous year.,Election of Pope Dionysius,"July 22, 259 CE",https://en.wikipedia.org/wiki/July_22,0259-07-22,,"July 22, 259",Wikipedia — July 22,exact,papal election,,Gregorian,verified,Dionysius; Sixtus II; Valerian,Roman Empire,international,secondary reference compilation,20,source-verified,20,6
22,CE,838,July,,Middle East,EVT-JUL-000422,war,The Byzantine emperor Theophilos suffered a heavy defeat by the Abbasids.,Battle of Anzen,"July 22, 838 CE",https://en.wikipedia.org/wiki/July_22,0838-07-22,,"July 22, 838",Wikipedia — July 22,exact,battle,,Gregorian,verified,Theophilos,Byzantine Empire; Abbasid Caliphate,international,secondary reference compilation,20,source-verified,20,8
22,CE,1099,July,,Middle East,EVT-JUL-000423,political,Godfrey of Bouillon was elected the first Defender of the Holy Sepulchre of the Kingdom of Jerusalem.,Election of Godfrey of Bouillon,"July 22, 1099 CE",https://en.wikipedia.org/wiki/July_22,1099-07-22,,"July 22, 1099",Wikipedia — July 22,exact,election,,Gregorian,verified,Godfrey of Bouillon,Kingdom of Jerusalem,international,secondary reference compilation,20,source-verified,20,8
22,CE,1209,July,,Europe,EVT-JUL-000424,war,The massacre at Béziers was the first major military action of the Albigensian Crusade.,Massacre at Béziers,"July 22, 1209 CE",https://en.wikipedia.org/wiki/July_22,1209-07-22,Béziers,"July 22, 1209",Wikipedia — July 22,exact,massacre,France,Gregorian,verified,,Albigensian Crusade,international,secondary reference compilation,20,source-verified,20,8
22,CE,1227,July,,Europe,EVT-JUL-000425,war,"A coalition of north-east German towns, counts, and princes defeated King Valdemar II of Denmark.",Battle of Bornhöved,"July 22, 1227 CE",https://en.wikipedia.org/wiki/July_22,1227-07-22,Bornhöved,"July 22, 1227",Wikipedia — July 22,exact,battle,Germany,Gregorian,verified,Valdemar II,Denmark,international,secondary reference compilation,20,source-verified,20,8
22,CE,1298,July,,Europe,EVT-JUL-000426,war,King Edward I of England and his longbowmen defeated William Wallace and Scottish schiltrons outside Falkirk.,Battle of Falkirk,"July 22, 1298 CE",https://en.wikipedia.org/wiki/July_22,1298-07-22,Falkirk,"July 22, 1298",Wikipedia — July 22,exact,battle,United Kingdom,Gregorian,verified,Edward I; William Wallace,Kingdom of England; Kingdom of Scotland,international,secondary reference compilation,20,source-verified,20,8
22,CE,1342,July,,Europe,EVT-JUL-000427,disaster,St. Mary Magdalene's flood became the worst such event on record for central Europe.,St. Mary Magdalene's flood,"July 22, 1342 CE",https://en.wikipedia.org/wiki/July_22,1342-07-22,,"July 22, 1342",Wikipedia — July 22,exact,flood,,Gregorian,verified,,,international,secondary reference compilation,20,source-verified,20,7
22,CE,1443,July,,Europe,EVT-JUL-000428,war,The Battle of St. Jakob an der Sihl took place during the Old Zürich War.,Battle of St. Jakob an der Sihl,"July 22, 1443 CE",https://en.wikipedia.org/wiki/July_22,1443-07-22,St. Jakob an der Sihl,"July 22, 1443",Wikipedia — July 22,exact,battle,Switzerland,Gregorian,verified,,Old Zürich War,international,secondary reference compilation,20,source-verified,20,8
22,CE,1456,July,,Europe,EVT-JUL-000429,war,John Hunyadi defeated Mehmet II of the Ottoman Empire during the Siege of Belgrade.,Siege of Belgrade,"July 22, 1456 CE",https://en.wikipedia.org/wiki/July_22,1456-07-22,Belgrade,"July 22, 1456",Wikipedia — July 22,exact,siege,Serbia,Gregorian,verified,John Hunyadi; Mehmet II,Kingdom of Hungary; Ottoman Empire,international,secondary reference compilation,20,source-verified,20,8
22,CE,1484,July,,Europe,EVT-JUL-000430,war,A 500-man raiding party led by Alexander Stewart and James Douglas was defeated by Scots forces loyal to James III; Douglas was captured.,Battle of Lochmaben Fair,"July 22, 1484 CE",https://en.wikipedia.org/wiki/July_22,1484-07-22,Lochmaben,"July 22, 1484",Wikipedia — July 22,exact,battle,United Kingdom,Gregorian,verified,Alexander Stewart; James Douglas; James III,Kingdom of Scotland,international,secondary reference compilation,20,source-verified,20,8
22,CE,1499,July,,Europe,EVT-JUL-000431,war,"The Swiss decisively defeated the army of Maximilian I, Holy Roman Emperor.",Battle of Dornach,"July 22, 1499 CE",https://en.wikipedia.org/wiki/July_22,1499-07-22,Dornach,"July 22, 1499",Wikipedia — July 22,exact,battle,Switzerland,Gregorian,verified,Maximilian I,Swiss Confederacy; Holy Roman Empire,international,secondary reference compilation,20,source-verified,20,8
22,CE,1587,July,,Americas,EVT-JUL-000432,exploration,A second group of English settlers arrived on Roanoke Island to re-establish the deserted colony.,Second group arrives at Roanoke,"July 22, 1587 CE",https://en.wikipedia.org/wiki/July_22,1587-07-22,Roanoke Island,"July 22, 1587",Wikipedia — July 22,exact,colonial settlement,United States,Gregorian,verified,,English settlers,international,secondary reference compilation,20,source-verified,20,7
22,CE,1594,July,,Europe,EVT-JUL-000433,war,"Groningen, defended by the Spanish and besieged by a Dutch and English army under Maurice of Orange, capitulated.",Capitulation of Groningen,"July 22, 1594 CE",https://en.wikipedia.org/wiki/July_22,1594-07-22,Groningen,"July 22, 1594",Wikipedia — July 22,exact,siege,Netherlands,Gregorian,verified,Maurice of Orange,Spanish Empire; Dutch Republic; England,international,secondary reference compilation,20,source-verified,20,8
22,CE,1598,July,,Europe,EVT-JUL-000434,culture,William Shakespeare's play The Merchant of Venice was entered on the Stationers' Register.,The Merchant of Venice entered in the Stationers' Register,"July 22, 1598 CE",https://en.wikipedia.org/wiki/July_22,1598-07-22,,"July 22, 1598",Wikipedia — July 22,exact,literature,United Kingdom,Gregorian,verified,William Shakespeare; Elizabeth,Kingdom of England,international,secondary reference compilation,20,source-verified,20,6
22,CE,1686,July,,Americas,EVT-JUL-000435,political,"Albany, New York, was formally chartered as a municipality by Governor Thomas Dongan.",Albany chartered as a municipality,"July 22, 1686 CE",https://en.wikipedia.org/wiki/July_22,1686-07-22,Albany,"July 22, 1686",Wikipedia — July 22,exact,municipal charter,United States,Gregorian,verified,Thomas Dongan,,international,secondary reference compilation,20,source-verified,20,8
22,CE,1706,July,,Europe,EVT-JUL-000436,political,"Commissioners from the Kingdoms of England and Scotland agreed upon the Acts of Union 1707, which led to the creation of the Kingdom of Great Britain when passed by both parliaments.",Acts of Union agreed,"July 22, 1706 CE",https://en.wikipedia.org/wiki/July_22,1706-07-22,,"July 22, 1706",Wikipedia — July 22,exact,union agreement,United Kingdom,Gregorian,verified,,Kingdom of England; Kingdom of Scotland,international,secondary reference compilation,20,source-verified,20,8
22,CE,1793,July,,Americas,EVT-JUL-000437,exploration,"Alexander Mackenzie reached the Pacific Ocean, becoming the first recorded person to complete a transcontinental crossing of North America.",Alexander Mackenzie reaches the Pacific,"July 22, 1793 CE",https://en.wikipedia.org/wiki/July_22,1793-07-22,,"July 22, 1793",Wikipedia — July 22,exact,transcontinental crossing,Canada,Gregorian,verified,Alexander Mackenzie,,international,secondary reference compilation,20,source-verified,20,7
22,CE,1796,July,,Americas,EVT-JUL-000438,political,Surveyors of the Connecticut Land Company named an area in Ohio Cleveland after General Moses Cleaveland.,Cleveland named,"July 22, 1796 CE",https://en.wikipedia.org/wiki/July_22,1796-07-22,Ohio,"July 22, 1796",Wikipedia — July 22,exact,place naming,United States,Gregorian,verified,Moses Cleaveland,Connecticut Land Company,international,secondary reference compilation,20,source-verified,20,8
22,CE,1797,July,,Europe,EVT-JUL-000439,war,Spanish and British naval forces fought during the French Revolutionary Wars; Rear-Admiral Nelson was wounded and part of his arm was amputated.,Battle of Santa Cruz de Tenerife,"July 22, 1797 CE",https://en.wikipedia.org/wiki/July_22,1797-07-22,Santa Cruz de Tenerife,"July 22, 1797",Wikipedia — July 22,exact,naval battle,Spain,Gregorian,verified,Horatio Nelson,Spain; United Kingdom,international,secondary reference compilation,20,source-verified,20,8
22,CE,1802,July,,Asia,EVT-JUL-000440,political,Emperor Gia Long conquered Hanoi and unified Viet Nam after centuries of feudal warfare.,Gia Long conquers Hanoi,"July 22, 1802 CE",https://en.wikipedia.org/wiki/July_22,1802-07-22,Hanoi,"July 22, 1802",Wikipedia — July 22,exact,unification,Vietnam,Gregorian,verified,Gia Long,Vietnam,international,secondary reference compilation,20,source-verified,20,8
23,CE,685,July,,Europe,EVT-JUL-000441,religion,Pope John V was elected following the death of Pope Benedict II two months earlier.,Election of Pope John V,"July 23, 685 CE",https://en.wikipedia.org/wiki/July_23,0685-07-23,,"July 23, 685",Wikipedia — July 23,exact,papal election,,Gregorian,verified,Pope John V; Pope Benedict II,,international,secondary reference compilation,20,source-verified,20,6
23,CE,811,July,,Europe,EVT-JUL-000442,war,Byzantine emperor Nikephoros I plundered Pliska and captured Khan Krum's treasury.,Pliska treasury captured,"July 23, 811 CE",https://en.wikipedia.org/wiki/July_23,0811-07-23,Pliska,"July 23, 811",Wikipedia — July 23,exact,military campaign,Bulgaria,Gregorian,verified,Nikephoros I; Khan Krum,Byzantine Empire,international,secondary reference compilation,20,source-verified,20,8
23,CE,1319,July,,Europe,EVT-JUL-000443,war,A Knights Hospitaller fleet won a crushing victory over an Aydinid fleet off Chios.,Battle off Chios,"July 23, 1319 CE",https://en.wikipedia.org/wiki/July_23,1319-07-23,Chios,"July 23, 1319",Wikipedia — July 23,exact,naval battle,Greece,Gregorian,verified,,Knights Hospitaller,international,secondary reference compilation,20,source-verified,20,8
23,CE,1632,July,,Americas,EVT-JUL-000444,exploration,"Three hundred colonists bound for New France departed from Dieppe, France.",Colonists depart for New France,"July 23, 1632 CE",https://en.wikipedia.org/wiki/July_23,1632-07-23,Dieppe,"July 23, 1632",Wikipedia — July 23,exact,colonial migration,France,Gregorian,verified,,New France,international,secondary reference compilation,20,source-verified,20,7
23,CE,1677,July,,Europe,EVT-JUL-000445,war,"During the Scanian War, Denmark–Norway captured the harbor town of Marstrand from Sweden.",Capture of Marstrand,"July 23, 1677 CE",https://en.wikipedia.org/wiki/July_23,1677-07-23,Marstrand,"July 23, 1677",Wikipedia — July 23,exact,capture of a town,Sweden,Gregorian,verified,,Denmark–Norway; Sweden,international,secondary reference compilation,20,source-verified,20,8
23,CE,1711,July,,Europe,EVT-JUL-000446,political,The treaty of Pruth between the Ottoman and Russian empires was signed.,Treaty of Pruth signed,"July 23, 1711 CE",https://en.wikipedia.org/wiki/July_23,1711-07-23,,"July 23, 1711",Wikipedia — July 23,exact,treaty,,Gregorian,verified,,Ottoman Empire; Russian Empire,international,secondary reference compilation,20,source-verified,20,8
23,CE,1793,July,,Europe,EVT-JUL-000447,war,The Kingdom of Prussia re-conquered Mainz from France.,Prussia re-conquers Mainz,"July 23, 1793 CE",https://en.wikipedia.org/wiki/July_23,1793-07-23,Mainz,"July 23, 1793",Wikipedia — July 23,exact,reconquest,Germany,Gregorian,verified,,Kingdom of Prussia; France,international,secondary reference compilation,20,source-verified,20,8
23,CE,1813,July,,Europe,EVT-JUL-000448,political,"Sir Thomas Maitland was appointed the first Governor of Malta, transforming the island from a British protectorate into a de facto colony.",Maitland appointed Governor of Malta,"July 23, 1813 CE",https://en.wikipedia.org/wiki/July_23,1813-07-23,,"July 23, 1813",Wikipedia — July 23,exact,colonial administration,Malta,Gregorian,verified,Sir Thomas Maitland,British Empire,international,secondary reference compilation,20,source-verified,20,8
23,CE,1821,July,,Europe,EVT-JUL-000449,war,"While the Mora Rebellion continued, Greeks captured Monemvasia Castle, and Turkish troops and citizens were transferred to the coasts of Asia Minor.",Capture of Monemvasia Castle,"July 23, 1821 CE",https://en.wikipedia.org/wiki/July_23,1821-07-23,Monemvasia,"July 23, 1821",Wikipedia — July 23,exact,fortress capture,Greece; Turkey,Gregorian,verified,,Greeks; Ottoman Empire,international,secondary reference compilation,20,source-verified,20,8
23,CE,1829,July,,Americas,EVT-JUL-000450,technology,"William Austin Burt patented the typographer, a precursor to the typewriter, in the United States.",Typographer patented,"July 23, 1829 CE",https://en.wikipedia.org/wiki/July_23,1829-07-23,,"July 23, 1829",Wikipedia — July 23,exact,patent,United States,Gregorian,verified,William Austin Burt,,international,secondary reference compilation,20,source-verified,20,7
23,CE,1840,July,,Americas,EVT-JUL-000451,political,The Province of Canada was created by the Act of Union.,Province of Canada created,"July 23, 1840 CE",https://en.wikipedia.org/wiki/July_23,1840-07-23,,"July 23, 1840",Wikipedia — July 23,exact,constitutional reorganization,Canada,Gregorian,verified,,Province of Canada,international,secondary reference compilation,20,source-verified,20,8
23,CE,1862,July,,Americas,EVT-JUL-000452,war,Henry Halleck became general-in-chief of the Union Army during the American Civil War.,Halleck becomes Union general-in-chief,"July 23, 1862 CE",https://en.wikipedia.org/wiki/July_23,1862-07-23,,"July 23, 1862",Wikipedia — July 23,exact,military appointment,United States,Gregorian,verified,Henry Halleck,Union Army,international,secondary reference compilation,20,source-verified,20,8
23,CE,1862,July,,Europe,EVT-JUL-000453,social,The Hyde Park Riots began.,Hyde Park Riots begin,"July 23, 1862 CE",https://en.wikipedia.org/wiki/July_23,1862-07-23,Hyde Park,"July 23, 1862",Wikipedia — July 23,exact,riot,United Kingdom,Gregorian,verified,,,international,secondary reference compilation,20,source-verified,20,6
23,CE,1874,July,,Asia,EVT-JUL-000454,religion,"Aires de Ornelas e Vasconcelos was appointed Archbishop of the Portuguese colonial enclave of Goa, India.",Aires de Ornelas appointed Archbishop of Goa,"July 23, 1874 CE",https://en.wikipedia.org/wiki/July_23,1874-07-23,Goa,"July 23, 1874",Wikipedia — July 23,exact,ecclesiastical appointment,India,Gregorian,verified,Aires de Ornelas e Vasconcelos,Portuguese Empire,international,secondary reference compilation,20,source-verified,20,6
23,CE,1881,July,,Americas,EVT-JUL-000455,political,Chile and Argentina signed the Boundary Treaty of 1881 in Buenos Aires.,Boundary Treaty of 1881 signed,"July 23, 1881 CE",https://en.wikipedia.org/wiki/July_23,1881-07-23,Buenos Aires,"July 23, 1881",Wikipedia — July 23,exact,boundary treaty,Argentina; Chile,Gregorian,verified,,Argentina; Chile,international,secondary reference compilation,20,source-verified,20,8
23,CE,1900,July,,Americas,EVT-JUL-000456,law,"Pressed by expanding immigration, Canada closed its doors to paupers and criminals.",Canada closes its doors to paupers and criminals,"July 23, 1900 CE",https://en.wikipedia.org/wiki/July_23,1900-07-23,,"July 23, 1900",Wikipedia — July 23,exact,immigration restriction,Canada,Gregorian,verified,,Canada,international,secondary reference compilation,20,source-verified,20,6
23,CE,1903,July,,Americas,EVT-JUL-000457,economic,The Ford Motor Company sold its first car.,Ford sells its first car,"July 23, 1903 CE",https://en.wikipedia.org/wiki/July_23,1903-07-23,,"July 23, 1903",Wikipedia — July 23,exact,automobile industry,United States,Gregorian,verified,,Ford Motor Company,international,secondary reference compilation,20,source-verified,20,6
23,CE,1906,July,,Americas,EVT-JUL-000458,disaster,"The Amsden Building collapsed in Framingham, Massachusetts, claiming 12 lives.",Amsden Building collapse,"July 23, 1906 CE",https://en.wikipedia.org/wiki/July_23,1906-07-23,Framingham,"July 23, 1906",Wikipedia — July 23,exact,building collapse,United States,Gregorian,verified,,,international,secondary reference compilation,20,source-verified,20,7
23,CE,1908,July,,Middle East,EVT-JUL-000459,political,The Second Constitution was accepted by the Ottomans.,Second Constitution accepted,"July 23, 1908 CE",https://en.wikipedia.org/wiki/July_23,1908-07-23,,"July 23, 1908",Wikipedia — July 23,exact,constitutional reform,Turkey,Gregorian,verified,,Ottoman Empire,international,secondary reference compilation,20,source-verified,20,8
23,CE,1914,July,,Europe,EVT-JUL-000460,political,"During the July Crisis, Austria-Hungary issued demands in an ultimatum to Serbia, requiring Serbia to allow Austrian authorities to determine who assassinated Archduke Franz Ferdinand; Serbia accepted all but one demand, and Austria declared war on July 28.",Austria-Hungary issues ultimatum to Serbia,"July 23, 1914 CE",https://en.wikipedia.org/wiki/July_23,1914-07-23,,"July 23, 1914",Wikipedia — July 23,exact,ultimatum,Austria; Serbia,Gregorian,verified,Archduke Franz Ferdinand,Austria-Hungary; Kingdom of Serbia,international,secondary reference compilation,20,source-verified,20,8
24,CE,1132,July,,Europe,EVT-JUL-000461,war,Battle between Ranulf II of Alife and Roger II of Sicily.,Battle of Nocera,"July 24, 1132 CE",https://en.wikipedia.org/wiki/July_24,1132-07-24,Nocera,"July 24, 1132",Wikipedia — July 24,exact,battle,Italy,Gregorian,verified,Ranulf II of Alife; Roger II of Sicily,,international,secondary reference compilation,20,source-verified,20,8
24,CE,1148,July,,Middle East,EVT-JUL-000462,war,Louis VII of France laid siege to Damascus during the Second Crusade.,Siege of Damascus,"July 24, 1148 CE",https://en.wikipedia.org/wiki/July_24,1148-07-24,Damascus,"July 24, 1148",Wikipedia — July 24,exact,siege,Syria,Gregorian,verified,Louis VII of France,Kingdom of France,international,secondary reference compilation,20,source-verified,20,8
24,CE,1304,July,,Europe,EVT-JUL-000463,war,King Edward I of England took Stirling Castle using the War Wolf during the Wars of Scottish Independence.,Fall of Stirling Castle,"July 24, 1304 CE",https://en.wikipedia.org/wiki/July_24,1304-07-24,Stirling,"July 24, 1304",Wikipedia — July 24,exact,castle capture,United Kingdom,Gregorian,verified,Edward I of England,Kingdom of England,international,secondary reference compilation,20,source-verified,20,8
24,CE,1411,July,,Europe,EVT-JUL-000464,war,"The Battle of Harlaw, one of the bloodiest battles in Scotland, took place.",Battle of Harlaw,"July 24, 1411 CE",https://en.wikipedia.org/wiki/July_24,1411-07-24,Harlaw,"July 24, 1411",Wikipedia — July 24,exact,battle,United Kingdom,Gregorian,verified,,Scotland,international,secondary reference compilation,20,source-verified,20,8
24,CE,1412,July,,Middle East,EVT-JUL-000465,religion,Behnam Hadloyo became Syriac Orthodox Patriarch of Mardin.,Behnam Hadloyo becomes Patriarch of Mardin,"July 24, 1412 CE",https://en.wikipedia.org/wiki/July_24,1412-07-24,Mardin,"July 24, 1412",Wikipedia — July 24,exact,religious appointment,Turkey,Gregorian,verified,Behnam Hadloyo,Syriac Orthodox Church,international,secondary reference compilation,20,source-verified,20,6
24,CE,1487,July,,Europe,EVT-JUL-000466,social,Citizens of Leeuwarden struck against a ban on foreign beer.,Leeuwarden beer strike,"July 24, 1487 CE",https://en.wikipedia.org/wiki/July_24,1487-07-24,Leeuwarden,"July 24, 1487",Wikipedia — July 24,exact,strike,Netherlands,Gregorian,verified,,,international,secondary reference compilation,20,source-verified,20,6
24,CE,1534,July,,Americas,EVT-JUL-000467,exploration,Jacques Cartier planted a cross on the Gaspé Peninsula and took possession of the territory in the name of Francis I of France.,Cartier claims the Gaspé Peninsula,"July 24, 1534 CE",https://en.wikipedia.org/wiki/July_24,1534-07-24,,"July 24, 1534",Wikipedia — July 24,exact,territorial claim,Canada,Gregorian,verified,Jacques Cartier; Francis I of France,Kingdom of France,international,secondary reference compilation,20,source-verified,20,7
24,CE,1567,July,,Europe,EVT-JUL-000468,political,"Mary, Queen of Scots, was forced to abdicate and was replaced by her one-year-old son James VI.","Mary, Queen of Scots abdicates","July 24, 1567 CE",https://en.wikipedia.org/wiki/July_24,1567-07-24,,"July 24, 1567",Wikipedia — July 24,exact,abdication,United Kingdom,Gregorian,verified,"Mary, Queen of Scots; James VI",Kingdom of Scotland,international,secondary reference compilation,20,source-verified,20,8
24,CE,1701,July,,Americas,EVT-JUL-000469,economic,"Antoine de la Mothe Cadillac founded the trading post at Fort Pontchartrain, which later became Detroit.",Founding of Fort Pontchartrain,"July 24, 1701 CE",https://en.wikipedia.org/wiki/July_24,1701-07-24,Detroit,"July 24, 1701",Wikipedia — July 24,exact,trading post founding,United States,Gregorian,verified,Antoine de la Mothe Cadillac,New France,international,secondary reference compilation,20,source-verified,20,6
24,CE,1712,July,,Europe,EVT-JUL-000470,war,"During the War of the Spanish Succession, French forces under Marshal Villars won a decisive victory over Eugene of Savoy at Denain.",Battle of Denain,"July 24, 1712 CE",https://en.wikipedia.org/wiki/July_24,1712-07-24,Denain,"July 24, 1712",Wikipedia — July 24,exact,battle,France,Gregorian,verified,Marshal Villars; Eugene of Savoy,Kingdom of France,international,secondary reference compilation,20,source-verified,20,8
24,CE,1847,July,,Americas,EVT-JUL-000471,exploration,"After 17 months of travel, Brigham Young led 148 Mormon pioneers into Salt Lake Valley, resulting in the establishment of Salt Lake City.",Mormon pioneers enter Salt Lake Valley,"July 24, 1847 CE",https://en.wikipedia.org/wiki/July_24,1847-07-24,Salt Lake City,"July 24, 1847",Wikipedia — July 24,exact,settlement,United States,Gregorian,verified,Brigham Young,,international,secondary reference compilation,20,source-verified,20,7
24,CE,1847,July,,Americas,EVT-JUL-000472,technology,Richard March Hoe patented the rotary-type printing press.,Rotary printing press patent,"July 24, 1847 CE",https://en.wikipedia.org/wiki/July_24,1847-07-24,,"July 24, 1847",Wikipedia — July 24,exact,printing,United States,Gregorian,verified,Richard March Hoe,,international,secondary reference compilation,20,source-verified,20,7
24,CE,1864,July,,Americas,EVT-JUL-000473,war,Confederate General Jubal Early defeated Union troops led by General George Crook in an effort to keep them out of the Shenandoah Valley.,Battle of Kernstown,"July 24, 1864 CE",https://en.wikipedia.org/wiki/July_24,1864-07-24,Kernstown,"July 24, 1864",Wikipedia — July 24,exact,battle,United States,Gregorian,verified,Jubal Early; George Crook,Confederate States of America; Union,international,secondary reference compilation,20,source-verified,20,8
24,CE,1866,July,,Americas,EVT-JUL-000474,political,Tennessee became the first U.S. state to be readmitted to Congress following the American Civil War.,Tennessee readmitted to Congress,"July 24, 1866 CE",https://en.wikipedia.org/wiki/July_24,1866-07-24,,"July 24, 1866",Wikipedia — July 24,exact,reconstruction,United States,Gregorian,verified,,United States,international,secondary reference compilation,20,source-verified,20,8
24,CE,1901,July,,Americas,EVT-JUL-000475,law,"O. Henry was released from prison in Columbus, Ohio, after serving three years for embezzlement from a bank.",O. Henry released from prison,"July 24, 1901 CE",https://en.wikipedia.org/wiki/July_24,1901-07-24,Columbus,"July 24, 1901",Wikipedia — July 24,exact,prison release,United States,Gregorian,verified,O. Henry,,international,secondary reference compilation,20,source-verified,20,6
24,CE,1910,July,,Europe,EVT-JUL-000476,war,"The Ottoman Empire captured Shkodër, putting down the Albanian Revolt of 1910.",Ottoman capture of Shkodër,"July 24, 1910 CE",https://en.wikipedia.org/wiki/July_24,1910-07-24,Shkodër,"July 24, 1910",Wikipedia — July 24,exact,revolt suppression,Albania,Gregorian,verified,,Ottoman Empire,international,secondary reference compilation,20,source-verified,20,8
24,CE,1911,July,,Americas,EVT-JUL-000477,exploration,"Hiram Bingham III re-discovered Machu Picchu, described as the Lost City of the Incas.",Rediscovery of Machu Picchu,"July 24, 1911 CE",https://en.wikipedia.org/wiki/July_24,1911-07-24,Machu Picchu,"July 24, 1911",Wikipedia — July 24,exact,archaeological rediscovery,Peru,Gregorian,verified,Hiram Bingham III,Inca civilization,international,secondary reference compilation,20,source-verified,20,7
24,CE,1915,July,,Americas,EVT-JUL-000478,disaster,"The passenger ship SS Eastland capsized while tied to a dock in the Chicago River, killing 844 passengers and crew.",SS Eastland capsizes,"July 24, 1915 CE",https://en.wikipedia.org/wiki/July_24,1915-07-24,Chicago,"July 24, 1915",Wikipedia — July 24,exact,shipwreck,United States,Gregorian,verified,,,international,secondary reference compilation,20,source-verified,20,7
24,CE,1922,July,"The mandate came into effect on September 26, 1923.",Middle East,EVT-JUL-000479,political,"The draft of the British Mandate of Palestine was formally confirmed by the Council of the League of Nations; it came into effect on September 26, 1923.",British Mandate of Palestine confirmed,"July 24, 1922 CE",https://en.wikipedia.org/wiki/July_24,1922-07-24,,"July 24, 1922",Wikipedia — July 24,exact,mandate,Israel; Palestine,Gregorian,verified,,League of Nations; British Empire,international,secondary reference compilation,20,source-verified,20,8
24,CE,1923,July,,Europe,EVT-JUL-000480,political,"The Treaty of Lausanne, settling the boundaries of modern Turkey, was signed in Switzerland by Greece, Bulgaria, and other countries that fought in World War I.",Treaty of Lausanne signed,"July 24, 1923 CE",https://en.wikipedia.org/wiki/July_24,1923-07-24,Lausanne,"July 24, 1923",Wikipedia — July 24,exact,peace treaty,Switzerland; Turkey; Greece; Bulgaria,Gregorian,verified,,,international,secondary reference compilation,20,source-verified,20,8
25,CE,306,July,,Europe,EVT-JUL-000481,political,Constantine I is proclaimed Roman emperor by his troops.,Proclamation of Constantine I,"July 25, 306 CE",https://en.wikipedia.org/wiki/July_25,0306-07-25,,"July 25, 306",Wikipedia — July 25,exact,Imperial succession,,Gregorian,verified,Constantine I,Roman Empire,international,secondary reference compilation,20,source-verified,20,8
25,CE,315,July,,Europe,EVT-JUL-000482,culture,The Arch of Constantine is completed near the Colosseum in Rome to commemorate Constantine I's victory over Maxentius at the Milvian Bridge.,Completion of the Arch of Constantine,"July 25, 315 CE",https://en.wikipedia.org/wiki/July_25,0315-07-25,Rome,"July 25, 315",Wikipedia — July 25,exact,Monument construction,Italy,Gregorian,verified,Constantine I; Maxentius,Roman Empire,international,secondary reference compilation,20,source-verified,20,6
25,CE,677,July,,Europe,EVT-JUL-000483,war,The siege reaches its climax in a three-day assault by the Slavs on the city's walls.,Siege of Thessalonica,"July 25, 677 CE",https://en.wikipedia.org/wiki/July_25,0677-07-25,Thessalonica,"July 25, 677",Wikipedia — July 25,exact,Siege,Greece,Gregorian,verified,,Slavs,international,secondary reference compilation,20,source-verified,20,8
25,CE,864,July,,Europe,EVT-JUL-000484,law,Charles the Bald orders defensive measures against the Vikings.,Edict of Pistres,"July 25, 864 CE",https://en.wikipedia.org/wiki/July_25,0864-07-25,Pistres,"July 25, 864",Wikipedia — July 25,exact,Defensive legislation,France,Gregorian,verified,Charles the Bald,West Francia,international,secondary reference compilation,20,source-verified,20,6
25,CE,918,July,,Asia,EVT-JUL-000485,political,Wang Geon becomes King of Goryeo after overthrowing Gung Ye in a coup the previous day.,Wang Geon becomes King of Goryeo,"July 25, 918 CE",https://en.wikipedia.org/wiki/July_25,0918-07-25,,"July 25, 918",Wikipedia — July 25,exact,Accession,South Korea,Gregorian,verified,Wang Geon; Gung Ye,Goryeo,international,secondary reference compilation,20,source-verified,20,8
25,CE,1137,July,,Europe,EVT-JUL-000486,political,"Eleanor of Aquitaine marries Prince Louis, later King Louis VII of France, at the Cathedral of Saint-André in Bordeaux.",Marriage of Eleanor of Aquitaine and Louis,"July 25, 1137 CE",https://en.wikipedia.org/wiki/July_25,1137-07-25,Bordeaux,"July 25, 1137",Wikipedia — July 25,exact,Royal marriage,France,Gregorian,verified,Eleanor of Aquitaine; Louis VII,Kingdom of France,international,secondary reference compilation,20,source-verified,20,8
25,CE,1139,July,,Europe,EVT-JUL-000487,war,"The Almoravids, led by Ali ibn Yusuf, are defeated by Prince Afonso Henriques, who is proclaimed King of Portugal.",Battle of Ourique,"July 25, 1139 CE",https://en.wikipedia.org/wiki/July_25,1139-07-25,Ourique,"July 25, 1139",Wikipedia — July 25,exact,Battle,Portugal,Gregorian,verified,Ali ibn Yusuf; Afonso Henriques,Almoravids,international,secondary reference compilation,20,source-verified,20,8
25,CE,1139,July,,Europe,EVT-JUL-000488,political,Pope Innocent II confirms the investiture of Roger II of Sicily's sons to their fiefs and abandons support for the barons opposed to Roger.,Treaty of Mignano,"July 25, 1139 CE",https://en.wikipedia.org/wiki/July_25,1139-07-25,Mignano,"July 25, 1139",Wikipedia — July 25,exact,Treaty,Italy,Gregorian,verified,Pope Innocent II; Roger II of Sicily,Kingdom of Sicily,international,secondary reference compilation,20,source-verified,20,8
25,CE,1261,July,,Europe,EVT-JUL-000489,war,"Nicaean forces under Alexios Strategopoulos recapture Constantinople, re-establishing the Byzantine Empire.",Recapture of Constantinople,"July 25, 1261 CE",https://en.wikipedia.org/wiki/July_25,1261-07-25,Constantinople,"July 25, 1261",Wikipedia — July 25,exact,Military reconquest,Turkey,Gregorian,verified,Alexios Strategopoulos,Empire of Nicaea,international,secondary reference compilation,20,source-verified,20,8
25,CE,1278,July,,Europe,EVT-JUL-000490,war,A naval battle results in victory for the Emirate of Granada and the Maranid Dynasty over the Kingdom of Castile.,Battle of Algeciras,"July 25, 1278 CE",https://en.wikipedia.org/wiki/July_25,1278-07-25,Algeciras,"July 25, 1278",Wikipedia — July 25,exact,Naval battle,Spain,Gregorian,verified,,Emirate of Granada; Maranid Dynasty; Kingdom of Castile,international,secondary reference compilation,20,source-verified,20,8
25,CE,1441,July,,Europe,EVT-JUL-000491,culture,King Henry VI of England lays the foundation stone of King's College Chapel in Cambridge.,Foundation stone of King's College Chapel,"July 25, 1441 CE",https://en.wikipedia.org/wiki/July_25,1441-07-25,Cambridge,"July 25, 1441",Wikipedia — July 25,exact,Religious architecture,United Kingdom,Gregorian,verified,Henry VI of England,Kingdom of England,international,secondary reference compilation,20,source-verified,20,6
25,CE,1467,July,,Europe,EVT-JUL-000492,war,The Battle of Molinella becomes the first battle in Italy in which firearms are used extensively.,Battle of Molinella,"July 25, 1467 CE",https://en.wikipedia.org/wiki/July_25,1467-07-25,Molinella,"July 25, 1467",Wikipedia — July 25,exact,Battle,Italy,Gregorian,verified,,,international,secondary reference compilation,20,source-verified,20,8
25,CE,1536,July,,Americas,EVT-JUL-000493,exploration,Sebastián de Belalcázar founds the city of Santiago de Cali while searching for El Dorado.,Founding of Santiago de Cali,"July 25, 1536 CE",https://en.wikipedia.org/wiki/July_25,1536-07-25,Santiago de Cali,"July 25, 1536",Wikipedia — July 25,exact,Colonial foundation,Colombia,Gregorian,verified,Sebastián de Belalcázar,,international,secondary reference compilation,20,source-verified,20,7
25,CE,1538,July,,Americas,EVT-JUL-000494,exploration,Francisco de Orellana founds the city of Guayaquil and gives it the name Muy Noble y Muy Leal Ciudad de Santiago de Guayaquil.,Founding of Guayaquil,"July 25, 1538 CE",https://en.wikipedia.org/wiki/July_25,1538-07-25,Guayaquil,"July 25, 1538",Wikipedia — July 25,exact,Colonial foundation,Ecuador,Gregorian,verified,Francisco de Orellana,,international,secondary reference compilation,20,source-verified,20,7
25,CE,1547,July,,Europe,EVT-JUL-000495,political,Henry II of France is crowned.,Coronation of Henry II of France,"July 25, 1547 CE",https://en.wikipedia.org/wiki/July_25,1547-07-25,,"July 25, 1547",Wikipedia — July 25,exact,Coronation,France,Gregorian,verified,Henry II of France,Kingdom of France,international,secondary reference compilation,20,source-verified,20,8
25,CE,1554,July,,Europe,EVT-JUL-000496,political,Mary I and Philip II of Spain are married at Winchester Cathedral.,Royal wedding of Mary I and Philip II,"July 25, 1554 CE",https://en.wikipedia.org/wiki/July_25,1554-07-25,Winchester,"July 25, 1554",Wikipedia — July 25,exact,Royal marriage,United Kingdom,Gregorian,verified,Mary I; Philip II of Spain,Kingdom of England; Spain,international,secondary reference compilation,20,source-verified,20,8
25,CE,1567,July,,Americas,EVT-JUL-000497,exploration,"Don Diego de Losada founds Santiago de Leon de Caracas, modern-day Caracas, the capital city of Venezuela.",Founding of Santiago de Leon de Caracas,"July 25, 1567 CE",https://en.wikipedia.org/wiki/July_25,1567-07-25,Caracas,"July 25, 1567",Wikipedia — July 25,exact,Colonial foundation,Venezuela,Gregorian,verified,Don Diego de Losada,,international,secondary reference compilation,20,source-verified,20,7
25,CE,1591,July,,Europe,EVT-JUL-000498,war,The Duke of Parma is defeated near Nijmegen by an Anglo-Dutch force led by Maurice of Orange.,Anglo-Dutch victory near Nijmegen,"July 25, 1591 CE",https://en.wikipedia.org/wiki/July_25,1591-07-25,Nijmegen,"July 25, 1591",Wikipedia — July 25,exact,Battle,Netherlands,Gregorian,verified,Duke of Parma; Maurice of Orange,Anglo-Dutch force,international,secondary reference compilation,20,source-verified,20,8
25,CE,1593,July,,Europe,EVT-JUL-000499,religion,Henry IV of France publicly converts from Protestantism to Roman Catholicism.,Henry IV's conversion to Catholicism,"July 25, 1593 CE",https://en.wikipedia.org/wiki/July_25,1593-07-25,,"July 25, 1593",Wikipedia — July 25,exact,Religious conversion,France,Gregorian,verified,Henry IV of France,Kingdom of France,international,secondary reference compilation,20,source-verified,20,6
25,CE,1603,July,,Europe,EVT-JUL-000500,political,James VI and I and Anne of Denmark are crowned in Westminster Abbey.,Coronation of James VI and I and Anne,"July 25, 1603 CE",https://en.wikipedia.org/wiki/July_25,1603-07-25,Westminster,"July 25, 1603",Wikipedia — July 25,exact,Coronation,United Kingdom,Gregorian,verified,James VI and I; Anne of Denmark,Kingdom of England,international,secondary reference compilation,20,source-verified,20,8
26,CE,657,July,,Middle East,EVT-JUL-000501,war,Troops led by Ali ibn Abu Talib clashed with those led by Muawiyah I.,Battle of Siffin,"July 26, 657 CE",https://en.wikipedia.org/wiki/July_26,0657-07-26,,"July 26, 657",Wikipedia — July 26,exact,First Fitna,,Gregorian,verified,Ali ibn Abu Talib; Muawiyah I,,international,secondary reference compilation,20,source-verified,20,8
26,CE,811,July,,Europe,EVT-JUL-000502,war,Byzantine Emperor Nikephoros I was killed and his heir Staurakios was seriously wounded.,Battle of Pliska,"July 26, 811 CE",https://en.wikipedia.org/wiki/July_26,0811-07-26,Pliska,"July 26, 811",Wikipedia — July 26,exact,Battle,Bulgaria,Gregorian,verified,Nikephoros I; Staurakios,Byzantine Empire,international,secondary reference compilation,20,source-verified,20,8
26,CE,920,July,,Europe,EVT-JUL-000503,war,An alliance of Christian troops from Navarre and León was routed by Muslim forces.,Battle of Valdejunquera,"July 26, 920 CE",https://en.wikipedia.org/wiki/July_26,0920-07-26,Valdejunquera,"July 26, 920",Wikipedia — July 26,exact,Battle,Spain,Gregorian,verified,,Navarre; León,international,secondary reference compilation,20,source-verified,20,8
26,CE,1184,July,,Europe,EVT-JUL-000504,disaster,"During a Hoftag organized by Henry VI, the building collapsed and many attending nobles drowned in sewage pits below.",Erfurt latrine disaster,"July 26, 1184 CE",https://en.wikipedia.org/wiki/July_26,1184-07-26,Erfurt,"July 26, 1184",Wikipedia — July 26,exact,Building collapse,Germany,Gregorian,verified,Henry VI,,international,secondary reference compilation,20,source-verified,20,7
26,CE,1309,July,,Europe,EVT-JUL-000505,political,Pope Clement V recognized Henry VII as King of the Romans.,Henry VII recognized King of the Romans,"July 26, 1309 CE",https://en.wikipedia.org/wiki/July_26,1309-07-26,,"July 26, 1309",Wikipedia — July 26,exact,Monarchical recognition,,Gregorian,verified,Henry VII; Pope Clement V,Holy Roman Empire,international,secondary reference compilation,20,source-verified,20,8
26,CE,1509,July,,Asia,EVT-JUL-000506,political,"Krishnadevaraya became Emperor of Vijayanagara, beginning the regeneration of the Vijayanagara Empire.",Krishnadevaraya ascends the throne,"July 26, 1509 CE",https://en.wikipedia.org/wiki/July_26,1509-07-26,,"July 26, 1509",Wikipedia — July 26,exact,Accession,India,Gregorian,verified,Krishnadevaraya,Vijayanagara Empire,international,secondary reference compilation,20,source-verified,20,8
26,CE,1529,July,,Americas,EVT-JUL-000507,political,Francisco Pizarro González was appointed governor of Peru.,Pizarro appointed governor of Peru,"July 26, 1529 CE",https://en.wikipedia.org/wiki/July_26,1529-07-26,,"July 26, 1529",Wikipedia — July 26,exact,Colonial administration,Peru,Gregorian,verified,Francisco Pizarro González,,international,secondary reference compilation,20,source-verified,20,8
26,CE,1579,July,The location is stated as probably Oregon or Washington.,Americas,EVT-JUL-000508,exploration,"Francis Drake discovered a “fair and good” bay on the Pacific Northwest coast, probably in Oregon or Washington.",Drake discovers a Pacific Northwest bay,"July 26, 1579 CE",https://en.wikipedia.org/wiki/July_26,1579-07-26,,"July 26, 1579",Wikipedia — July 26,uncertain,Maritime exploration,United States,Gregorian,verified,Francis Drake,,international,secondary reference compilation,20,source-verified,20,7
26,CE,1581,July,,Europe,EVT-JUL-000509,independence,"The northern Low Countries declared their independence from the Spanish king, Philip II.",Act of Abjuration,"July 26, 1581 CE",https://en.wikipedia.org/wiki/July_26,1581-07-26,,"July 26, 1581",Wikipedia — July 26,exact,Declaration of independence,Netherlands,Gregorian,verified,Philip II,Northern Low Countries; Spanish monarchy,international,secondary reference compilation,20,source-verified,20,8
26,CE,1703,July,,Europe,EVT-JUL-000510,war,"The rural population of Tyrol defeated and drove the Bavarian Prince-Elector Maximilian II Emanuel out of North Tyrol, preventing the Bavarian Army from marching on Vienna as planned.",Battle of the Pontlatzer Bridge,"July 26, 1703 CE",https://en.wikipedia.org/wiki/July_26,1703-07-26,Pontlatzer Bridge,"July 26, 1703",Wikipedia — July 26,exact,Bavarian Rummel,Austria,Gregorian,verified,Maximilian II Emanuel,Tyrol; Bavaria; France,international,secondary reference compilation,20,source-verified,20,8
26,CE,1745,July,,Europe,EVT-JUL-000511,social,"The first recorded women's cricket match took place near Guildford, England.",First recorded women's cricket match,"July 26, 1745 CE",https://en.wikipedia.org/wiki/July_26,1745-07-26,Guildford,"July 26, 1745",Wikipedia — July 26,exact,Women's sport,United Kingdom,Gregorian,verified,,,international,secondary reference compilation,20,source-verified,20,6
26,CE,1757,July,,Europe,EVT-JUL-000512,war,A French army under Marshal d'Estrées defeated a smaller British-German army under the Duke of Cumberland.,Battle of Hastenbeck,"July 26, 1757 CE",https://en.wikipedia.org/wiki/July_26,1757-07-26,Hastenbeck,"July 26, 1757",Wikipedia — July 26,exact,Battle,Germany,Gregorian,verified,Marshal d'Estrées; Duke of Cumberland,France; Britain; German states,international,secondary reference compilation,20,source-verified,20,8
26,CE,1758,July,,Americas,EVT-JUL-000513,war,British forces defeated the French and took control of the Gulf of Saint Lawrence.,Siege of Louisbourg ends,"July 26, 1758 CE",https://en.wikipedia.org/wiki/July_26,1758-07-26,Louisbourg,"July 26, 1758",Wikipedia — July 26,exact,Siege,Canada,Gregorian,verified,,Britain; France,international,secondary reference compilation,20,source-verified,20,8
26,CE,1775,July,,Americas,EVT-JUL-000514,political,"The Second Continental Congress established the office that later became the United States Post Office Department, with Benjamin Franklin as Postmaster General.",United States Post Office established,"July 26, 1775 CE",https://en.wikipedia.org/wiki/July_26,1775-07-26,,"July 26, 1775",Wikipedia — July 26,exact,Government institution,United States,Gregorian,verified,Benjamin Franklin,Second Continental Congress,international,secondary reference compilation,20,source-verified,20,8
26,CE,1778,July,,Europe,EVT-JUL-000515,social,The emigration of Christians from Crimea in 1778 began.,Emigration of Christians from Crimea begins,"July 26, 1778 CE",https://en.wikipedia.org/wiki/July_26,1778-07-26,Crimea,"July 26, 1778",Wikipedia — July 26,exact,Migration,Ukraine,Gregorian,verified,,Crimea,international,secondary reference compilation,20,source-verified,20,6
26,CE,1788,July,,Americas,EVT-JUL-000516,political,New York ratified the United States Constitution and became the 11th state of the United States.,New York ratifies the Constitution,"July 26, 1788 CE",https://en.wikipedia.org/wiki/July_26,1788-07-26,,"July 26, 1788",Wikipedia — July 26,exact,Constitutional ratification,United States,Gregorian,verified,,New York; United States,international,secondary reference compilation,20,source-verified,20,8
26,CE,1803,July,,Europe,EVT-JUL-000517,technology,"The Surrey Iron Railway, arguably the world's first public railway, opened in south London.",Surrey Iron Railway opens,"July 26, 1803 CE",https://en.wikipedia.org/wiki/July_26,1803-07-26,London,"July 26, 1803",Wikipedia — July 26,exact,Railway,United Kingdom,Gregorian,verified,,,international,secondary reference compilation,20,source-verified,20,7
26,CE,1814,July,,Europe,EVT-JUL-000518,war,The Swedish–Norwegian War began.,Swedish–Norwegian War begins,"July 26, 1814 CE",https://en.wikipedia.org/wiki/July_26,1814-07-26,,"July 26, 1814",Wikipedia — July 26,exact,War,Sweden; Norway,Gregorian,verified,,Sweden; Norway,international,secondary reference compilation,20,source-verified,20,8
26,CE,1822,July,,Americas,EVT-JUL-000519,political,"José de San Martín arrived in Guayaquil, Ecuador, to meet Simón Bolívar.",San Martín arrives in Guayaquil,"July 26, 1822 CE",https://en.wikipedia.org/wiki/July_26,1822-07-26,Guayaquil,"July 26, 1822",Wikipedia — July 26,exact,Political meeting,Ecuador,Gregorian,verified,José de San Martín; Simón Bolívar,,international,secondary reference compilation,20,source-verified,20,8
26,CE,1822,July,First day of a three-day battle.,Europe,EVT-JUL-000520,war,The first day of the three-day Battle of Dervenakia took place between an Ottoman force led by Mahmud Dramali Pasha and a Greek Revolutionary force led by Theodoros Kolokotronis.,Battle of Dervenakia begins,"July 26, 1822 CE",https://en.wikipedia.org/wiki/July_26,1822-07-26,Dervenakia,"July 26, 1822",Wikipedia — July 26,exact,Battle,Greece,Gregorian,verified,Mahmud Dramali Pasha; Theodoros Kolokotronis,Ottoman Empire; Greek Revolutionary forces,international,secondary reference compilation,20,source-verified,20,8
27,CE,1054,July,,Europe,EVT-JUL-000521,war,"Siward, Earl of Northumbria, invades Scotland and defeats Macbeth, King of Scotland, somewhere north of the Firth of Forth.",Battle of Dunsinane,"July 27, 1054 CE",https://en.wikipedia.org/wiki/July_27,1054-07-27,,"July 27, 1054",Wikipedia — July 27,exact,battle,United Kingdom,Gregorian,verified,Siward; Macbeth,Kingdom of Scotland,international,secondary reference compilation,20,source-verified,20,8
27,CE,1189,July,,Europe,EVT-JUL-000522,war,"Friedrich Barbarossa arrives at Niš, the capital of Serbian King Stefan Nemanja, during the Third Crusade.",Friedrich Barbarossa arrives at Niš,"July 27, 1189 CE",https://en.wikipedia.org/wiki/July_27,1189-07-27,Niš,"July 27, 1189",Wikipedia — July 27,exact,crusade,Serbia,Gregorian,verified,Friedrich Barbarossa; Stefan Nemanja,Serbian kingdom,international,secondary reference compilation,20,source-verified,20,8
27,CE,1202,July,,Asia,EVT-JUL-000523,war,"At the Battle of Basian, the Kingdom of Georgia defeats the Sultanate of Rum.",Battle of Basian,"July 27, 1202 CE",https://en.wikipedia.org/wiki/July_27,1202-07-27,,"July 27, 1202",Wikipedia — July 27,exact,battle,Georgia,Gregorian,verified,,Kingdom of Georgia; Sultanate of Rum,international,secondary reference compilation,20,source-verified,20,8
27,CE,1214,July,,Europe,EVT-JUL-000524,war,"Philip II of France decisively defeats Imperial, English and Flemish armies, effectively ending John of England's Angevin Empire.",Battle of Bouvines,"July 27, 1214 CE",https://en.wikipedia.org/wiki/July_27,1214-07-27,Bouvines,"July 27, 1214",Wikipedia — July 27,exact,battle,France,Gregorian,verified,Philip II of France; John of England,Kingdom of France; England; Flemish armies,international,secondary reference compilation,20,source-verified,20,8
27,CE,1299,July,The event is attributed to Edward Gibbon and is usually considered the founding day.,Middle East,EVT-JUL-000525,war,"According to Edward Gibbon, Osman I invades the territory of Nicomedia for the first time, usually considered the founding day of the Ottoman state.",Osman I invades Nicomedia,"July 27, 1299 CE",https://en.wikipedia.org/wiki/July_27,1299-07-27,Nicomedia,"July 27, 1299",Wikipedia — July 27,uncertain,invasion,Turkey,Gregorian,verified,Osman I; Edward Gibbon,Ottoman state,international,secondary reference compilation,20,source-verified,20,8
27,CE,1302,July,,Middle East,EVT-JUL-000526,war,"The Ottomans achieve a decisive victory over the Byzantines, opening Bithynia for Turkish conquest.",Battle of Bapheus,"July 27, 1302 CE",https://en.wikipedia.org/wiki/July_27,1302-07-27,,"July 27, 1302",Wikipedia — July 27,exact,battle,Turkey,Gregorian,verified,,Ottoman state; Byzantine Empire,international,secondary reference compilation,20,source-verified,20,8
27,CE,1549,July,,Asia,EVT-JUL-000527,exploration,The Jesuit priest Francis Xavier's ship reaches Japan.,Francis Xavier's ship reaches Japan,"July 27, 1549 CE",https://en.wikipedia.org/wiki/July_27,1549-07-27,,"July 27, 1549",Wikipedia — July 27,exact,maritime arrival,Japan,Gregorian,verified,Francis Xavier,,international,secondary reference compilation,20,source-verified,20,7
27,CE,1663,July,,Europe,EVT-JUL-000528,law,"The English Parliament passes the second Navigation Act, requiring goods bound for the American colonies to be sent in English ships from English ports.",Second Navigation Act,"July 27, 1663 CE",https://en.wikipedia.org/wiki/July_27,1663-07-27,,"July 27, 1663",Wikipedia — July 27,exact,navigation law,United Kingdom,Gregorian,verified,,English Parliament,international,secondary reference compilation,20,source-verified,20,6
27,CE,1689,July,,Europe,EVT-JUL-000529,war,The Battle of Killiecrankie is a victory for the Jacobites during the Glorious Revolution.,Battle of Killiecrankie,"July 27, 1689 CE",https://en.wikipedia.org/wiki/July_27,1689-07-27,Killiecrankie,"July 27, 1689",Wikipedia — July 27,exact,battle,United Kingdom,Gregorian,verified,"John Graham, 1st Viscount Dundee",Jacobites,international,secondary reference compilation,20,source-verified,20,8
27,CE,1694,July,,Europe,EVT-JUL-000530,economic,A Royal charter is granted to the Bank of England.,Bank of England chartered,"July 27, 1694 CE",https://en.wikipedia.org/wiki/July_27,1694-07-27,,"July 27, 1694",Wikipedia — July 27,exact,banking,United Kingdom,Gregorian,verified,,Bank of England,international,secondary reference compilation,20,source-verified,20,6
27,CE,1714,July,,Europe,EVT-JUL-000531,war,The Russian Navy achieves its first significant victory in the naval battle of Gangut against the Swedish Navy near the Hanko Peninsula.,Battle of Gangut,"July 27, 1714 CE",https://en.wikipedia.org/wiki/July_27,1714-07-27,Hanko Peninsula,"July 27, 1714",Wikipedia — July 27,exact,naval battle,Finland,Gregorian,verified,,Russian Navy; Swedish Navy,international,secondary reference compilation,20,source-verified,20,8
27,CE,1775,July,,Americas,EVT-JUL-000532,political,"The Second Continental Congress passes legislation establishing an hospital for an army consisting of 20,000 men.",U.S. Army Medical Department founded,"July 27, 1775 CE",https://en.wikipedia.org/wiki/July_27,1775-07-27,,"July 27, 1775",Wikipedia — July 27,exact,military administration,United States,Gregorian,verified,,Second Continental Congress,international,secondary reference compilation,20,source-verified,20,8
27,CE,1778,July,,Europe,EVT-JUL-000533,war,British and French fleets fight to a standoff during the American Revolution.,First Battle of Ushant,"July 27, 1778 CE",https://en.wikipedia.org/wiki/July_27,1778-07-27,Ushant,"July 27, 1778",Wikipedia — July 27,exact,naval battle,France; United Kingdom,Gregorian,verified,,British fleet; French fleet,international,secondary reference compilation,20,source-verified,20,8
27,CE,1789,July,,Americas,EVT-JUL-000534,political,"The first U.S. federal government agency, the Department of Foreign Affairs, is established; it is later renamed the Department of State.",Department of Foreign Affairs established,"July 27, 1789 CE",https://en.wikipedia.org/wiki/July_27,1789-07-27,,"July 27, 1789",Wikipedia — July 27,exact,government administration,United States,Gregorian,verified,,United States federal government,international,secondary reference compilation,20,source-verified,20,8
27,CE,1794,July,,Europe,EVT-JUL-000535,political,"Maximilien Robespierre is arrested after encouraging the execution of more than 17,000 enemies of the Revolution.",Robespierre arrested,"July 27, 1794 CE",https://en.wikipedia.org/wiki/July_27,1794-07-27,,"July 27, 1794",Wikipedia — July 27,exact,arrest,France,Gregorian,verified,Maximilien Robespierre,French Revolution,international,secondary reference compilation,20,source-verified,20,8
27,CE,1816,July,The event is considered the deadliest single cannon shot in U.S. history.,Americas,EVT-JUL-000536,war,"The Battle of Negro Fort ends when a hot shot cannonball fired by U.S. Navy Gunboat No. 154 explodes the fort's powder magazine, killing approximately 275.",Battle of Negro Fort,"July 27, 1816 CE",https://en.wikipedia.org/wiki/July_27,1816-07-27,Negro Fort,"July 27, 1816",Wikipedia — July 27,exact,battle,United States,Gregorian,verified,,United States Navy,international,secondary reference compilation,20,source-verified,20,8
27,CE,1857,July,,Asia,EVT-JUL-000537,war,"Sixty-eight men hold out for eight days against 2,500 to 3,000 mutinying sepoys and 8,000 irregular forces.",Siege during the Indian Rebellion,"July 27, 1857 CE",https://en.wikipedia.org/wiki/July_27,1857-07-27,,"July 27, 1857",Wikipedia — July 27,exact,siege,India,Gregorian,verified,,Indian Rebellion,international,secondary reference compilation,20,source-verified,20,8
27,CE,1865,July,,Americas,EVT-JUL-000538,exploration,Welsh settlers arrive at Chubut in Argentina.,Welsh settlers arrive at Chubut,"July 27, 1865 CE",https://en.wikipedia.org/wiki/July_27,1865-07-27,Chubut,"July 27, 1865",Wikipedia — July 27,exact,settlement,Argentina,Gregorian,verified,,Welsh settlers,international,secondary reference compilation,20,source-verified,20,7
27,CE,1866,July,,Global,EVT-JUL-000539,technology,"The first permanent transatlantic telegraph cable is successfully completed between Valentia Island, Ireland, and Heart's Content, Newfoundland.",Permanent transatlantic telegraph cable completed,"July 27, 1866 CE",https://en.wikipedia.org/wiki/July_27,1866-07-27,Valentia Island; Heart's Content,"July 27, 1866",Wikipedia — July 27,exact,telecommunications,Ireland; Canada,Gregorian,verified,,,international,secondary reference compilation,20,source-verified,20,7
27,CE,1880,July,,Asia,EVT-JUL-000540,war,"Afghan forces led by Mohammad Ayub Khan defeat the British Army near Maiwand, Afghanistan, during the Second Anglo-Afghan War.",Battle of Maiwand,"July 27, 1880 CE",https://en.wikipedia.org/wiki/July_27,1880-07-27,Maiwand,"July 27, 1880",Wikipedia — July 27,exact,battle,Afghanistan,Gregorian,verified,Mohammad Ayub Khan,Afghan forces; British Army,international,secondary reference compilation,20,source-verified,20,8
28,CE,484,July,,Middle East,EVT-JUL-000541,religion,"Pope Felix III excommunicated Patriarch Acacius of Constantinople over his support for the Henoticon and the removal of Patriarch John Talaia, leading to the Acacian Schism.",Excommunication of Patriarch Acacius,"July 28, 484 CE",https://en.wikipedia.org/wiki/July_28,0484-07-28,Constantinople,"July 28, 484",Wikipedia — July 28,exact,Church schism,Turkey,Gregorian,verified,Pope Felix III; Acacius; John Talaia,Byzantine Empire,international,secondary reference compilation,20,source-verified,20,6
28,CE,1364,July,,Europe,EVT-JUL-000542,war,Troops of the Republic of Pisa and the Republic of Florence clashed in the Battle of Cascina.,Battle of Cascina,"July 28, 1364 CE",https://en.wikipedia.org/wiki/July_28,1364-07-28,Cascina,"July 28, 1364",Wikipedia — July 28,exact,Battle,Italy,Gregorian,verified,,Republic of Pisa; Republic of Florence,international,secondary reference compilation,20,source-verified,20,8
28,CE,1402,July,,Middle East,EVT-JUL-000543,war,"Timur, ruler of the Timurid Empire, defeated the forces of Ottoman sultan Bayezid I.",Battle of Ankara,"July 28, 1402 CE",https://en.wikipedia.org/wiki/July_28,1402-07-28,Ankara,"July 28, 1402",Wikipedia — July 28,exact,Battle,Turkey,Gregorian,verified,Timur; Bayezid I,Timurid Empire; Ottoman Empire,international,secondary reference compilation,20,source-verified,20,8
28,CE,1540,July,,Europe,EVT-JUL-000544,political,"Henry VIII of England married his fifth wife, Catherine Howard.",Henry VIII Marries Catherine Howard,"July 28, 1540 CE",https://en.wikipedia.org/wiki/July_28,1540-07-28,,"July 28, 1540",Wikipedia — July 28,exact,Royal marriage,United Kingdom,Gregorian,verified,Henry VIII of England; Catherine Howard,Kingdom of England,international,secondary reference compilation,20,source-verified,20,8
28,CE,1540,July,,Europe,EVT-JUL-000545,law,Thomas Cromwell was executed after being condemned untried under a bill of attainder.,Execution of Thomas Cromwell,"July 28, 1540 CE",https://en.wikipedia.org/wiki/July_28,1540-07-28,,"July 28, 1540",Wikipedia — July 28,exact,Execution,United Kingdom,Gregorian,verified,Thomas Cromwell,Kingdom of England,international,secondary reference compilation,20,source-verified,20,6
28,CE,1571,July,,Asia,EVT-JUL-000546,political,"The Spaniards founded the La Laguna encomienda, now known as Laguna province, as one of the oldest encomiendas in the Philippines.",Foundation of La Laguna Encomienda,"July 28, 1571 CE",https://en.wikipedia.org/wiki/July_28,1571-07-28,,"July 28, 1571",Wikipedia — July 28,exact,Colonial administration,Philippines,Gregorian,verified,,Spanish Empire,international,secondary reference compilation,20,source-verified,20,8
28,CE,1635,July,,Europe,EVT-JUL-000547,war,"During the Eighty Years' War, Spanish forces captured the strategic Dutch fortress of Schenkenschans.",Capture of Schenkenschans,"July 28, 1635 CE",https://en.wikipedia.org/wiki/July_28,1635-07-28,Schenkenschans,"July 28, 1635",Wikipedia — July 28,exact,Fortress capture,Netherlands,Gregorian,verified,,Spanish Empire; Dutch Republic,international,secondary reference compilation,20,source-verified,20,8
28,CE,1656,July,,Europe,EVT-JUL-000548,war,The Battle of Warsaw began during the Second Northern War.,Battle of Warsaw Begins,"July 28, 1656 CE",https://en.wikipedia.org/wiki/July_28,1656-07-28,Warsaw,"July 28, 1656",Wikipedia — July 28,exact,Battle,Poland,Gregorian,verified,,,international,secondary reference compilation,20,source-verified,20,8
28,CE,1778,July,,Europe,EVT-JUL-000549,political,"The constitution of the province of Cantabria was ratified at the Assembly Hall in Bárcena la Puente, Reocín, Spain.",Constitution of Cantabria Ratified,"July 28, 1778 CE",https://en.wikipedia.org/wiki/July_28,1778-07-28,"Bárcena la Puente, Reocín","July 28, 1778",Wikipedia — July 28,exact,Provincial constitution,Spain,Gregorian,verified,,Province of Cantabria,international,secondary reference compilation,20,source-verified,20,8
28,CE,1794,July,,Europe,EVT-JUL-000550,political,Maximilien Robespierre and Louis Antoine de Saint-Just were executed by guillotine in Paris during the French Revolution.,Execution of Robespierre and Saint-Just,"July 28, 1794 CE",https://en.wikipedia.org/wiki/July_28,1794-07-28,Paris,"July 28, 1794",Wikipedia — July 28,exact,Revolutionary execution,France,Gregorian,verified,Maximilien Robespierre; Louis Antoine de Saint-Just,French Republic,international,secondary reference compilation,20,source-verified,20,8
28,CE,1808,July,,Middle East,EVT-JUL-000551,political,Mahmud II became Sultan of the Ottoman Empire and Caliph of Islam.,Mahmud II Becomes Sultan,"July 28, 1808 CE",https://en.wikipedia.org/wiki/July_28,1808-07-28,,"July 28, 1808",Wikipedia — July 28,exact,Accession,Turkey,Gregorian,verified,Mahmud II,Ottoman Empire,international,secondary reference compilation,20,source-verified,20,8
28,CE,1809,July,,Europe,EVT-JUL-000552,war,"In the Peninsular War, Sir Arthur Wellesley's British, Portuguese, and Spanish army repulsed a French force led by Joseph Bonaparte.",Battle of Talavera,"July 28, 1809 CE",https://en.wikipedia.org/wiki/July_28,1809-07-28,Talavera,"July 28, 1809",Wikipedia — July 28,exact,Battle,Spain,Gregorian,verified,Arthur Wellesley; Joseph Bonaparte,British Army; Portugal; Spain; France,international,secondary reference compilation,20,source-verified,20,8
28,CE,1821,July,,Americas,EVT-JUL-000553,independence,José de San Martín declared the independence of Peru from Spain.,Independence of Peru Declared,"July 28, 1821 CE",https://en.wikipedia.org/wiki/July_28,1821-07-28,,"July 28, 1821",Wikipedia — July 28,exact,Declaration of independence,Peru,Gregorian,verified,José de San Martín,Peru; Spanish Empire,international,secondary reference compilation,20,source-verified,20,8
28,CE,1854,July,,Americas,EVT-JUL-000554,technology,"USS Constellation, the last all-sail warship built by the United States Navy and a current museum ship in Baltimore Harbor, was commissioned.",USS Constellation Commissioned,"July 28, 1854 CE",https://en.wikipedia.org/wiki/July_28,1854-07-28,Baltimore,"July 28, 1854",Wikipedia — July 28,exact,Naval vessel commissioning,United States,Gregorian,verified,,United States Navy,international,secondary reference compilation,20,source-verified,20,7
28,CE,1864,July,,Americas,EVT-JUL-000555,war,"During the American Civil War, Confederate troops made a third unsuccessful attempt under General John Bell Hood to stop Union forces led by General William T. Sherman from approaching Atlanta.",Battle of Ezra Church,"July 28, 1864 CE",https://en.wikipedia.org/wiki/July_28,1864-07-28,Atlanta,"July 28, 1864",Wikipedia — July 28,exact,Battle,United States,Gregorian,verified,John Bell Hood; William T. Sherman,Confederate States of America; Union,international,secondary reference compilation,20,source-verified,20,8
28,CE,1866,July,,Americas,EVT-JUL-000556,culture,"At age 18, Vinnie Ream became the first and youngest female artist to receive a commission from the United States government for a statue of Abraham Lincoln.",Vinnie Ream Receives Federal Statue Commission,"July 28, 1866 CE",https://en.wikipedia.org/wiki/July_28,1866-07-28,,"July 28, 1866",Wikipedia — July 28,exact,Art commission,United States,Gregorian,verified,Vinnie Ream; Abraham Lincoln,United States government,international,secondary reference compilation,20,source-verified,20,6
28,CE,1868,July,,Americas,EVT-JUL-000557,law,"The Fourteenth Amendment to the United States Constitution was certified, establishing African American citizenship and guaranteeing due process of law.",Fourteenth Amendment Certified,"July 28, 1868 CE",https://en.wikipedia.org/wiki/July_28,1868-07-28,,"July 28, 1868",Wikipedia — July 28,exact,Constitutional amendment,United States,Gregorian,verified,,United States,international,secondary reference compilation,20,source-verified,20,6
28,CE,1883,July,Magnitude is given as a range in the source.,Europe,EVT-JUL-000558,disaster,"An earthquake measuring magnitude 4.3–5.2 struck the Italian island of Ischia, killing over 2,300 people.",Ischia Earthquake,"July 28, 1883 CE",https://en.wikipedia.org/wiki/July_28,1883-07-28,Ischia,"July 28, 1883",Wikipedia — July 28,exact,Earthquake,Italy,Gregorian,verified,,,international,secondary reference compilation,20,source-verified,20,7
28,CE,1896,July,,Americas,EVT-JUL-000559,political,The city of Miami was incorporated.,Incorporation of Miami,"July 28, 1896 CE",https://en.wikipedia.org/wiki/July_28,1896-07-28,Miami,"July 28, 1896",Wikipedia — July 28,exact,Municipal incorporation,United States,Gregorian,verified,,,international,secondary reference compilation,20,source-verified,20,8
28,CE,1911,July,,Polar,EVT-JUL-000560,exploration,The Australasian Antarctic Expedition began when the SY Aurora departed London.,Australasian Antarctic Expedition Begins,"July 28, 1911 CE",https://en.wikipedia.org/wiki/July_28,1911-07-28,London,"July 28, 1911",Wikipedia — July 28,exact,Antarctic expedition,United Kingdom,Gregorian,verified,,Australasian Antarctic Expedition,regional,secondary reference compilation,20,source-verified,20,7
29,CE,587,July,,Middle East,EVT-JUL-000561,war,The Neo-Babylonian Empire sacks Jerusalem and destroys the First Temple.,Sack of Jerusalem and destruction of the First Temple,"July 29, 587 CE",https://en.wikipedia.org/wiki/July_29,0587-07-29,Jerusalem,"July 29, 587 BC",Wikipedia — July 29,exact,Siege and destruction,Israel,Gregorian,verified,,Neo-Babylonian Empire,international,secondary reference compilation,20,source-verified,20,8
29,CE,238,July,,Europe,EVT-JUL-000562,political,The Praetorian Guard revolts against emperors Balbinus and Pupienus and arrests them.,Praetorian Guard revolt,"July 29, 238 CE",https://en.wikipedia.org/wiki/July_29,0238-07-29,,"July 29, 238",Wikipedia — July 29,exact,Coup and arrest,Italy,Gregorian,verified,Balbinus; Pupienus,Roman Empire,international,secondary reference compilation,20,source-verified,20,8
29,CE,615,July,,Americas,EVT-JUL-000563,political,Pakal ascends the throne of Palenque at the age of 12.,Pakal ascends the throne,"July 29, 615 CE",https://en.wikipedia.org/wiki/July_29,0615-07-29,Palenque,"July 29, 615",Wikipedia — July 29,exact,Accession,Mexico,Gregorian,verified,Pakal,Palenque,international,secondary reference compilation,20,source-verified,20,8
29,CE,904,July,,Europe,EVT-JUL-000564,war,Saracen raiders under Leo of Tripoli sack Thessaloniki after a short siege and plunder it for a week.,Sack of Thessalonica,"July 29, 904 CE",https://en.wikipedia.org/wiki/July_29,0904-07-29,Thessaloniki,"July 29, 904",Wikipedia — July 29,exact,Sack and siege,Greece,Gregorian,verified,Leo of Tripoli,Byzantine Empire,international,secondary reference compilation,20,source-verified,20,8
29,CE,923,July,,Europe,EVT-JUL-000565,war,Lombard forces under King Rudolph II and Adalbert I defeat the dethroned Emperor Berengar I of Italy at Firenzuola.,Battle of Firenzuola,"July 29, 923 CE",https://en.wikipedia.org/wiki/July_29,0923-07-29,Firenzuola,"July 29, 923",Wikipedia — July 29,exact,Battle,Italy,Gregorian,verified,Rudolph II; Adalbert I; Berengar I,Lombard forces,international,secondary reference compilation,20,source-verified,20,8
29,CE,1014,July,,Europe,EVT-JUL-000566,war,Byzantine emperor Basil II inflicts a decisive defeat on the Bulgarian army; the reported treatment of prisoners is later associated with Tsar Samuil’s death.,Battle of Kleidion,"July 29, 1014 CE",https://en.wikipedia.org/wiki/July_29,1014-07-29,Kleidion,"July 29, 1014",Wikipedia — July 29,exact,Battle,Bulgaria,Gregorian,verified,Basil II; Samuil,Byzantine Empire,international,secondary reference compilation,20,source-verified,20,8
29,CE,1018,July,,Europe,EVT-JUL-000567,war,Count Dirk III defeats an army sent by Emperor Henry II.,Battle of Vlaardingen,"July 29, 1018 CE",https://en.wikipedia.org/wiki/July_29,1018-07-29,Vlaardingen,"July 29, 1018",Wikipedia — July 29,exact,Battle,Netherlands,Gregorian,verified,Dirk III; Henry II,,international,secondary reference compilation,20,source-verified,20,8
29,CE,1030,July,,Europe,EVT-JUL-000568,war,King Olaf II fights and dies while trying to regain his Norwegian throne from the Danes.,Battle of Stiklestad,"July 29, 1030 CE",https://en.wikipedia.org/wiki/July_29,1030-07-29,Stiklestad,"July 29, 1030",Wikipedia — July 29,exact,Battle,Norway,Gregorian,verified,Olaf II,Norwegian kingdom,international,secondary reference compilation,20,source-verified,20,8
29,CE,1148,July,,Middle East,EVT-JUL-000569,war,The Siege of Damascus ends in a decisive crusader defeat and leads to the disintegration of the Second Crusade.,End of the Siege of Damascus,"July 29, 1148 CE",https://en.wikipedia.org/wiki/July_29,1148-07-29,Damascus,"July 29, 1148",Wikipedia — July 29,exact,Siege,Syria,Gregorian,verified,,Second Crusade,international,secondary reference compilation,20,source-verified,20,8
29,CE,1565,July,,Europe,EVT-JUL-000570,political,"The widowed Mary, Queen of Scots marries Henry Stuart, Lord Darnley, Duke of Albany, at Holyrood Palace in a Catholic ceremony.","Marriage of Mary, Queen of Scots, and Henry Stuart","July 29, 1565 CE",https://en.wikipedia.org/wiki/July_29,1565-07-29,Edinburgh,"July 29, 1565",Wikipedia — July 29,exact,Royal marriage,United Kingdom,Gregorian,verified,"Mary, Queen of Scots; Henry Stuart",Kingdom of Scotland,international,secondary reference compilation,20,source-verified,20,8
29,CE,1567,July,,Europe,EVT-JUL-000571,political,The infant James VI is crowned King of Scotland at Stirling.,Coronation of James VI,"July 29, 1567 CE",https://en.wikipedia.org/wiki/July_29,1567-07-29,Stirling,"July 29, 1567",Wikipedia — July 29,exact,Coronation,United Kingdom,Gregorian,verified,James VI,Kingdom of Scotland,international,secondary reference compilation,20,source-verified,20,8
29,CE,1588,July,,Europe,EVT-JUL-000572,war,English naval forces under Lord Charles Howard and Sir Francis Drake defeat the Spanish Armada off Gravelines.,Battle of Gravelines,"July 29, 1588 CE",https://en.wikipedia.org/wiki/July_29,1588-07-29,Gravelines,"July 29, 1588",Wikipedia — July 29,exact,Naval battle,France,Gregorian,verified,Charles Howard; Francis Drake,English naval forces,international,secondary reference compilation,20,source-verified,20,8
29,CE,1602,July,,Europe,EVT-JUL-000573,culture,"Elizabeth I visits Harefield Place at Hillingdon, where the Harefield Entertainment is performed.",Harefield Entertainment,"July 29, 1602 CE",https://en.wikipedia.org/wiki/July_29,1602-07-29,Hillingdon,"July 29, 1602",Wikipedia — July 29,exact,Royal entertainment,United Kingdom,Gregorian,verified,Elizabeth I,,international,secondary reference compilation,20,source-verified,20,6
29,CE,1693,July,,Europe,EVT-JUL-000574,war,France wins a victory over Allied forces in the Netherlands.,Battle of Landen,"July 29, 1693 CE",https://en.wikipedia.org/wiki/July_29,1693-07-29,Landen,"July 29, 1693",Wikipedia — July 29,exact,Battle,Belgium,Gregorian,verified,,France,international,secondary reference compilation,20,source-verified,20,8
29,CE,1775,July,,Americas,EVT-JUL-000575,law,George Washington appoints William Tudor as Judge Advocate of the Continental Army.,Founding of the U.S. Army Judge Advocate General's Corps,"July 29, 1775 CE",https://en.wikipedia.org/wiki/July_29,1775-07-29,,"July 29, 1775",Wikipedia — July 29,exact,Military legal institution,United States,Gregorian,verified,George Washington; William Tudor,Continental Army,international,secondary reference compilation,20,source-verified,20,6
29,CE,1818,July,,Europe,EVT-JUL-000576,science,"Augustin Fresnel submits his prizewinning memoir on the diffraction of light, accounting for how light spreads into shadows and supporting the wave theory of light.",Fresnel submits diffraction memoir,"July 29, 1818 CE",https://en.wikipedia.org/wiki/July_29,1818-07-29,,"July 29, 1818",Wikipedia — July 29,exact,Optics,France,Gregorian,verified,Augustin Fresnel,,international,secondary reference compilation,20,source-verified,20,7
29,CE,1832,July,,Middle East,EVT-JUL-000577,war,An Egyptian army under Ibrahim Pascha defeats a larger Ottoman army at Belen Pass.,Battle of Belen Pass,"July 29, 1832 CE",https://en.wikipedia.org/wiki/July_29,1832-07-29,Belen Pass,"July 29, 1832",Wikipedia — July 29,exact,Battle,Turkey,Gregorian,verified,Ibrahim Pascha,Egyptian army,international,secondary reference compilation,20,source-verified,20,8
29,CE,1836,July,,Europe,EVT-JUL-000578,culture,The Arc de Triomphe is inaugurated in Paris.,Inauguration of the Arc de Triomphe,"July 29, 1836 CE",https://en.wikipedia.org/wiki/July_29,1836-07-29,Paris,"July 29, 1836",Wikipedia — July 29,exact,Monument inauguration,France,Gregorian,verified,,,international,secondary reference compilation,20,source-verified,20,6
29,CE,1848,July,,Europe,EVT-JUL-000579,political,An unsuccessful nationalist revolt against British rule in County Tipperary is put down by police.,Tipperary Revolt,"July 29, 1848 CE",https://en.wikipedia.org/wiki/July_29,1848-07-29,County Tipperary,"July 29, 1848",Wikipedia — July 29,exact,Nationalist revolt,Ireland,Gregorian,verified,,United Kingdom,international,secondary reference compilation,20,source-verified,20,8
29,CE,1851,July,,Europe,EVT-JUL-000580,science,Annibale de Gasparis discovers asteroid 15 Eunomia.,Discovery of asteroid 15 Eunomia,"July 29, 1851 CE",https://en.wikipedia.org/wiki/July_29,1851-07-29,,"July 29, 1851",Wikipedia — July 29,exact,Astronomical discovery,Italy,Gregorian,verified,Annibale de Gasparis,,international,secondary reference compilation,20,source-verified,20,7
30,CE,657,July,The source lists the event under July 30.,Europe,EVT-JUL-000581,election,Vitalian was elected pope following the death of Pope Eugene I in the previous month.,Election of Pope Vitalian,"July 30, 657 CE",https://en.wikipedia.org/wiki/July_30,0657-07-30,Rome,"July 30, 657",Wikipedia — July 30,year and month unspecified; July 30 listing,religion,Italy,Gregorian,verified,Pope Vitalian; Pope Eugene I,Papacy,international,secondary reference compilation,20,source-verified,20,6
30,CE,762,July,,Middle East,EVT-JUL-000582,founding,Baghdad is founded.,Founding of Baghdad,"July 30, 762 CE",https://en.wikipedia.org/wiki/July_30,0762-07-30,Baghdad,"July 30, 762",Wikipedia — July 30,year certain; exact day unspecified,urban history,Iraq,Gregorian,verified,,Abbasid Caliphate,international,secondary reference compilation,20,source-verified,20,6
30,CE,1183,July,,Middle East,EVT-JUL-000583,destruction,The Mor Bar Sauma Monastery is destroyed by a fire.,Destruction of the Mor Bar Sauma Monastery,"July 30, 1183 CE",https://en.wikipedia.org/wiki/July_30,1183-07-30,,"July 30, 1183",Wikipedia — July 30,year certain; exact day unspecified,religion,Turkey,Gregorian,verified,,Mor Bar Sauma Monastery,international,secondary reference compilation,20,source-verified,20,6
30,CE,1419,July,,Europe,EVT-JUL-000584,riot,A crowd of radical Hussites kills seven members of the Prague city council.,First Defenestration of Prague,"July 30, 1419 CE",https://en.wikipedia.org/wiki/July_30,1419-07-30,Prague,"July 30, 1419",Wikipedia — July 30,year and day listed,politics,Czech Republic,Gregorian,verified,Radical Hussites; Seven members of the Prague city council,Kingdom of Bohemia,international,secondary reference compilation,20,source-verified,20,6
30,CE,1502,July,,Americas,EVT-JUL-000585,exploration,Christopher Columbus lands at Guanaja in the Bay Islands off the coast of Honduras during his fourth voyage.,Christopher Columbus Lands at Guanaja,"July 30, 1502 CE",https://en.wikipedia.org/wiki/July_30,1502-07-30,Guanaja,"July 30, 1502",Wikipedia — July 30,year and day listed,exploration,Honduras,Gregorian,verified,Christopher Columbus,Spanish Empire,regional,secondary reference compilation,20,source-verified,20,7
30,CE,1609,July,,Americas,EVT-JUL-000586,battle,"During the Beaver Wars, Samuel de Champlain shoots and kills two Iroquois chiefs on behalf of his native allies at Ticonderoga.",Champlain Kills Iroquois Chiefs at Ticonderoga,"July 30, 1609 CE",https://en.wikipedia.org/wiki/July_30,1609-07-30,"Ticonderoga, New York","July 30, 1609",Wikipedia — July 30,year and day listed,war,United States,Gregorian,verified,Samuel de Champlain; Two Iroquois chiefs,Beaver Wars,regional,secondary reference compilation,20,source-verified,20,6
30,CE,1619,July,,Americas,EVT-JUL-000587,political assembly,"The first Colonial European representative assembly in the Americas, the Virginia General Assembly, convenes for the first time in Jamestown.",First Meeting of the Virginia General Assembly,"July 30, 1619 CE",https://en.wikipedia.org/wiki/July_30,1619-07-30,"Jamestown, Virginia","July 30, 1619",Wikipedia — July 30,year and day listed,politics,United States,Gregorian,verified,,Virginia General Assembly,regional,secondary reference compilation,20,source-verified,20,6
30,CE,1627,July,,Europe,EVT-JUL-000588,earthquake,"An earthquake kills about 5,000 people in Gargano, Italy.",Gargano Earthquake,"July 30, 1627 CE",https://en.wikipedia.org/wiki/July_30,1627-07-30,Gargano,"July 30, 1627",Wikipedia — July 30,year and day listed; death toll approximate,disaster,Italy,Gregorian,verified,,,international,secondary reference compilation,20,source-verified,20,6
30,CE,1635,July,,Europe,EVT-JUL-000589,siege,"During the Eighty Years' War, Frederick Henry, Prince of Orange, begins the recapture of the strategically important fortress of Schenkenschans from the Spanish Army.",Siege of Schenkenschans Begins,"July 30, 1635 CE",https://en.wikipedia.org/wiki/July_30,1635-07-30,Schenkenschans,"July 30, 1635",Wikipedia — July 30,year and day listed,war,Netherlands,Gregorian,verified,"Frederick Henry, Prince of Orange",Eighty Years' War,international,secondary reference compilation,20,source-verified,20,6
30,CE,1645,July,,Europe,EVT-JUL-000590,siege,"During the English Civil War, Scottish Covenanter forces under the Earl of Leven launch the siege of Hereford, a remaining Royalist stronghold.",Siege of Hereford Begins,"July 30, 1645 CE",https://en.wikipedia.org/wiki/July_30,1645-07-30,Hereford,"July 30, 1645",Wikipedia — July 30,year and day listed,war,United Kingdom,Gregorian,verified,Earl of Leven,English Civil War,international,secondary reference compilation,20,source-verified,20,6
30,CE,1656,July,,Europe,EVT-JUL-000591,battle,The Battle of Warsaw ends with a Swedish-Brandenburger victory over a larger Polish-Lithuanian force.,Battle of Warsaw Ends,"July 30, 1656 CE",https://en.wikipedia.org/wiki/July_30,1656-07-30,Warsaw,"July 30, 1656",Wikipedia — July 30,year and day listed,war,Poland,Gregorian,verified,,Swedish Empire and Brandenburg against the Polish-Lithuanian Commonwealth,international,secondary reference compilation,20,source-verified,20,6
30,CE,1676,July,,Americas,EVT-JUL-000592,declaration,"Nathaniel Bacon issues the Declaration of the People of Virginia, beginning Bacon's Rebellion against Governor William Berkeley.",Declaration of the People of Virginia,"July 30, 1676 CE",https://en.wikipedia.org/wiki/July_30,1676-07-30,Virginia,"July 30, 1676",Wikipedia — July 30,year and day listed,politics,United States,Gregorian,verified,Nathaniel Bacon; William Berkeley,Colony of Virginia,regional,secondary reference compilation,20,source-verified,20,6
30,CE,1729,July,,Americas,EVT-JUL-000593,founding,"Baltimore, Maryland, is founded.",Founding of Baltimore,"July 30, 1729 CE",https://en.wikipedia.org/wiki/July_30,1729-07-30,"Baltimore, Maryland","July 30, 1729",Wikipedia — July 30,year and day listed,urban history,United States,Gregorian,verified,,Province of Maryland,regional,secondary reference compilation,20,source-verified,20,6
30,CE,1733,July,,Americas,EVT-JUL-000594,constitution,The first Masonic Grand Lodge in the future United States is constituted in Massachusetts.,First Masonic Grand Lodge in the Future United States,"July 30, 1733 CE",https://en.wikipedia.org/wiki/July_30,1733-07-30,Massachusetts,"July 30, 1733",Wikipedia — July 30,year and day listed,fraternal organizations,United States,Gregorian,verified,,Masonic Grand Lodge,regional,secondary reference compilation,20,source-verified,20,6
30,CE,1756,July,,Europe,EVT-JUL-000595,presentation,"In Saint Petersburg, Bartolomeo Rastrelli presents the newly built Catherine Palace to Empress Elizabeth and her courtiers.",Presentation of the Catherine Palace,"July 30, 1756 CE",https://en.wikipedia.org/wiki/July_30,1756-07-30,Saint Petersburg,"July 30, 1756",Wikipedia — July 30,year and day listed,architecture,Russia,Gregorian,verified,Bartolomeo Rastrelli; Empress Elizabeth,Russian Empire,international,secondary reference compilation,20,source-verified,20,6
30,CE,1811,July,,Americas,EVT-JUL-000596,execution,"Father Miguel Hidalgo y Costilla, leader of the Mexican insurgency, is executed by the Spanish in Chihuahua City, Mexico.",Execution of Miguel Hidalgo y Costilla,"July 30, 1811 CE",https://en.wikipedia.org/wiki/July_30,1811-07-30,Chihuahua City,"July 30, 1811",Wikipedia — July 30,year and day listed,politics,Mexico,Gregorian,verified,Miguel Hidalgo y Costilla,Mexican insurgency,regional,secondary reference compilation,20,source-verified,20,6
30,CE,1859,July,,Europe,EVT-JUL-000597,first ascent,"Grand Combin, one of the highest summits in the Alps, is ascended for the first time.",First Ascent of Grand Combin,"July 30, 1859 CE",https://en.wikipedia.org/wiki/July_30,1859-07-30,Grand Combin,"July 30, 1859",Wikipedia — July 30,year and day listed,mountaineering,Switzerland,Gregorian,verified,,,international,secondary reference compilation,20,source-verified,20,6
30,CE,1863,July,,Americas,EVT-JUL-000598,treaty,"Representatives of the United States and tribal leaders, including Chief Pocatello of the Shoshone, sign the Treaty of Box Elder.",Treaty of Box Elder,"July 30, 1863 CE",https://en.wikipedia.org/wiki/July_30,1863-07-30,Box Elder,"July 30, 1863",Wikipedia — July 30,year and day listed,diplomacy,United States,Gregorian,verified,Chief Pocatello,United States and Shoshone,regional,secondary reference compilation,20,source-verified,20,6
30,CE,1863,July,,Europe,EVT-JUL-000599,censorship measure,"The Valuev Circular bans the publication of religious, educational, and training books in Ukrainian in the Russian Empire.",Valuev Circular,"July 30, 1863 CE",https://en.wikipedia.org/wiki/July_30,1863-07-30,,"July 30, 1863",Wikipedia — July 30,year and day listed,language policy,Russia,Gregorian,verified,Pyotr Valuev,Russian Empire,international,secondary reference compilation,20,source-verified,20,6
30,CE,1864,July,,Americas,EVT-JUL-000600,battle,"During the American Civil War, Union forces attempt to break Confederate lines at Petersburg, Virginia, by exploding a large bomb under their trenches.",Battle of the Crater,"July 30, 1864 CE",https://en.wikipedia.org/wiki/July_30,1864-07-30,"Petersburg, Virginia","July 30, 1864",Wikipedia — July 30,year and day listed,war,United States,Gregorian,verified,,American Civil War,regional,secondary reference compilation,20,source-verified,20,6
31,CE,398,July,,Africa,EVT-JUL-000601,political,"Gildo's forces were defeated by forces loyal to Western Roman Emperor Honorius under Gildo's brother Mascezel, followed by Gildo's death.",End of the Gildonic rebellion,"July 31, 398 CE",https://en.wikipedia.org/wiki/July_31,0398-07-31,,"July 31, 398",Wikipedia — July 31,exact,rebellion,,Gregorian,verified,Gildo; Honorius; Mascezel,Western Roman Empire,international,secondary reference compilation,20,source-verified,20,8
31,CE,432,July,,Europe,EVT-JUL-000602,religion,Sixtus III was elected pope following the death of Pope Celestine I four days earlier.,Election of Pope Sixtus III,"July 31, 432 CE",https://en.wikipedia.org/wiki/July_31,0432-07-31,,"July 31, 432",Wikipedia — July 31,exact,papal election,,Gregorian,verified,Sixtus III; Celestine I,Catholic Church,international,secondary reference compilation,20,source-verified,20,6
31,CE,768,July,,Europe,EVT-JUL-000603,political,Antipope Constantine II was arrested by primicerius Christopher and Lombard troops sent to aid him by King Desiderius.,Arrest of Antipope Constantine II,"July 31, 768 CE",https://en.wikipedia.org/wiki/July_31,0768-07-31,,"July 31, 768",Wikipedia — July 31,exact,papal schism,,Gregorian,verified,Constantine II; Christopher; Desiderius,Lombards,international,secondary reference compilation,20,source-verified,20,8
31,CE,781,July,Traditional Japanese date.,Asia,EVT-JUL-000604,science,The oldest recorded eruption of Mount Fuji occurred.,Oldest recorded eruption of Mount Fuji,"July 31, 781 CE",https://en.wikipedia.org/wiki/July_31,0781-07-31,,"Sixth day of the seventh month of the first year of the Ten'o era, 781",Wikipedia — July 31,exact,volcanic eruption,Japan,Ten'o era,verified,,,international,secondary reference compilation,20,source-verified,20,7
31,CE,1009,July,,Europe,EVT-JUL-000605,religion,"Pope Sergius IV became the 142nd pope, succeeding Pope John XVIII.",Pope Sergius IV becomes pope,"July 31, 1009 CE",https://en.wikipedia.org/wiki/July_31,1009-07-31,,"July 31, 1009",Wikipedia — July 31,exact,papal succession,,Gregorian,verified,Sergius IV; John XVIII,Catholic Church,international,secondary reference compilation,20,source-verified,20,6
31,CE,1201,July,,Europe,EVT-JUL-000606,political,John Komnenos the Fat attempted to usurp the throne of Alexios III Angelos.,Attempted usurpation by John Komnenos the Fat,"July 31, 1201 CE",https://en.wikipedia.org/wiki/July_31,1201-07-31,,"July 31, 1201",Wikipedia — July 31,exact,usurpation,,Gregorian,verified,John Komnenos the Fat; Alexios III Angelos,Byzantine Empire,international,secondary reference compilation,20,source-verified,20,8
31,CE,1423,July,Hundred Years' War.,Europe,EVT-JUL-000607,war,A Franco-Scottish army was defeated by Anglo-Burgundian forces at Cravant on the banks of the River Yonne.,Battle of Cravant,"July 31, 1423 CE",https://en.wikipedia.org/wiki/July_31,1423-07-31,Cravant,"July 31, 1423",Wikipedia — July 31,exact,battle,France,Gregorian,verified,,Anglo-Burgundians,international,secondary reference compilation,20,source-verified,20,8
31,CE,1451,July,,Europe,EVT-JUL-000608,political,Jacques Cœur was arrested by order of Charles VII of France.,Arrest of Jacques Cœur,"July 31, 1451 CE",https://en.wikipedia.org/wiki/July_31,1451-07-31,,"July 31, 1451",Wikipedia — July 31,exact,arrest,France,Gregorian,verified,Jacques Cœur; Charles VII,Kingdom of France,international,secondary reference compilation,20,source-verified,20,8
31,CE,1492,July,,Europe,EVT-JUL-000609,political,All remaining Jews were expelled from Spain when the Alhambra Decree took effect.,Expulsion of Jews from Spain,"July 31, 1492 CE",https://en.wikipedia.org/wiki/July_31,1492-07-31,,"July 31, 1492",Wikipedia — July 31,exact,expulsion,Spain,Gregorian,verified,,Spanish monarchy,international,secondary reference compilation,20,source-verified,20,8
31,CE,1498,July,,Americas,EVT-JUL-000610,exploration,"During his third voyage to the Western Hemisphere, Christopher Columbus became the first European to discover the island of Trinidad.",European discovery of Trinidad,"July 31, 1498 CE",https://en.wikipedia.org/wiki/July_31,1498-07-31,,"July 31, 1498",Wikipedia — July 31,exact,European exploration,Trinidad and Tobago,Gregorian,verified,Christopher Columbus,,international,secondary reference compilation,20,source-verified,20,7
31,CE,1618,July,,Europe,EVT-JUL-000611,political,"Maurice, Prince of Orange, disbanded the waardgelders militia in Utrecht, a pivotal event in the Remonstrant and Counter-Remonstrant tensions.",Disbanding of the Utrecht waardgelders,"July 31, 1618 CE",https://en.wikipedia.org/wiki/July_31,1618-07-31,Utrecht,"July 31, 1618",Wikipedia — July 31,exact,militia disbandment,Netherlands,Gregorian,verified,"Maurice, Prince of Orange",Dutch Republic,international,secondary reference compilation,20,source-verified,20,8
31,CE,1655,July,,Europe,EVT-JUL-000612,war,"During the Russo-Polish War, the Russian army entered Vilnius, capital of the Grand Duchy of Lithuania, and held it for six years.",Russian capture of Vilnius,"July 31, 1655 CE",https://en.wikipedia.org/wiki/July_31,1655-07-31,Vilnius,"July 31, 1655",Wikipedia — July 31,exact,military occupation,Lithuania,Gregorian,verified,,Grand Duchy of Lithuania,international,secondary reference compilation,20,source-verified,20,8
31,CE,1658,July,,Asia,EVT-JUL-000613,political,Aurangzeb was proclaimed Mughal emperor of India.,Aurangzeb proclaimed Mughal emperor,"July 31, 1658 CE",https://en.wikipedia.org/wiki/July_31,1658-07-31,,"July 31, 1658",Wikipedia — July 31,exact,imperial succession,India,Gregorian,verified,Aurangzeb,Mughal Empire,international,secondary reference compilation,20,source-verified,20,8
31,CE,1667,July,,Europe,EVT-JUL-000614,war,The treaty of Breda ended the Second Anglo-Dutch War and granted England possession of New Amsterdam.,Treaty of Breda,"July 31, 1667 CE",https://en.wikipedia.org/wiki/July_31,1667-07-31,Breda,"July 31, 1667",Wikipedia — July 31,exact,peace treaty,Netherlands,Gregorian,verified,,England; Dutch Republic,international,secondary reference compilation,20,source-verified,20,8
31,CE,1703,July,,Europe,EVT-JUL-000615,law,"Daniel Defoe was placed in a pillory for seditious libel after publishing a politically satirical pamphlet, but was pelted with flowers.",Daniel Defoe placed in a pillory,"July 31, 1703 CE",https://en.wikipedia.org/wiki/July_31,1703-07-31,,"July 31, 1703",Wikipedia — July 31,exact,punishment for libel,United Kingdom,Gregorian,verified,Daniel Defoe,Kingdom of England,international,secondary reference compilation,20,source-verified,20,6
31,CE,1715,July,,Americas,EVT-JUL-000616,disaster,Eleven of twelve ships from a Spanish treasure fleet sank in a storm off the coast of Florida after leaving Havana.,Spanish treasure fleet shipwreck,"July 31, 1715 CE",https://en.wikipedia.org/wiki/July_31,1715-07-31,Havana,"July 31, 1715",Wikipedia — July 31,exact,maritime disaster,United States,Gregorian,verified,,Spanish Empire,international,secondary reference compilation,20,source-verified,20,7
31,CE,1741,July,,Europe,EVT-JUL-000617,war,Charles Albert of Bavaria invaded Upper Austria and Bohemia.,Charles Albert invades Upper Austria and Bohemia,"July 31, 1741 CE",https://en.wikipedia.org/wiki/July_31,1741-07-31,,"July 31, 1741",Wikipedia — July 31,exact,invasion,Austria; Czech Republic,Gregorian,verified,Charles Albert of Bavaria,Bavaria,international,secondary reference compilation,20,source-verified,20,8
31,CE,1763,July,,Americas,EVT-JUL-000618,war,Odawa Chief Pontiac's forces defeated British troops at the Battle of Bloody Run during Pontiac's War.,Battle of Bloody Run,"July 31, 1763 CE",https://en.wikipedia.org/wiki/July_31,1763-07-31,Bloody Run,"July 31, 1763",Wikipedia — July 31,exact,battle,United States,Gregorian,verified,Pontiac,Odawa,international,secondary reference compilation,20,source-verified,20,8
31,CE,1777,July,,Americas,EVT-JUL-000619,political,"The Second Continental Congress accepted Gilbert du Motier, Marquis de Lafayette's services and granted him the rank and commission of major-general of the United States.",Lafayette appointed major-general,"July 31, 1777 CE",https://en.wikipedia.org/wiki/July_31,1777-07-31,,"July 31, 1777",Wikipedia — July 31,exact,military appointment,United States,Gregorian,verified,"Gilbert du Motier, Marquis de Lafayette",Second Continental Congress,international,secondary reference compilation,20,source-verified,20,8
31,CE,1790,July,,Americas,EVT-JUL-000620,technology,The first U.S. patent was issued to inventor Samuel Hopkins for a potash process.,First United States patent issued,"July 31, 1790 CE",https://en.wikipedia.org/wiki/July_31,1790-07-31,,"July 31, 1790",Wikipedia — July 31,exact,patent,United States,Gregorian,verified,Samuel Hopkins,United States,international,secondary reference compilation,20,source-verified,20,7