Day,Era,Year,Month,Notes,Region,Event ID,Event type,Description,Event title,Date display,Source 1 URL,Calendar date,Original date,Source 1 name,Date certainty,Event category,Modern country,Calendar system,Coverage status,Significance scope,Source reliability,Target event count,Verification status,Verified event count,Historical significance score
1,CE,193,June,,,GHCD-06-01-0193-01,conflict,"The Roman Senate passes a motion proclaiming Septimius Severus emperor, awards divine honours to Pertinax, and sentences current emperor Didius Julianus to death.","The Roman Senate passes a motion proclaiming Septimius Severus emperor, awards divine honours to Pertinax, and sentences current emperor Didius Julianus to death.","June 1, 193 CE",https://en.wikipedia.org/wiki/June_1,0193-06-01,"193– The Roman Senate passes a motion proclaiming Septimius Severus emperor, awards divine honours to Pertinax, and sentences current emperor Didius Julianus to death.",Wikipedia,exact,military and conflict,,Gregorian,target met,transregional,secondary reference,20,single-source verified,20,95
1,CE,1412,June,,Europe,GHCD-06-01-1412-02,politics,The Treaty of Lubowla between the kingdoms of Hungary and Poland is confirmed with one of the largest and magnificent royal meetings and feasts ever held in Buda. King Sigismund of Hungary host king Władysław II Jagiełło while several thousand nobles attend.,The Treaty of Lubowla between the kingdoms of Hungary and Poland is confirmed with one of the largest and magnificent royal meetings and feasts ever held in Buda,"June 1, 1412 CE",https://en.wikipedia.org/wiki/June_1,1412-06-01,1412– The Treaty of Lubowla between the kingdoms of Hungary and Poland is confirmed with one of the largest and magnificent royal meetings and feasts ever held in Buda. King Sigismund of Hungary host king Władysław II Jagiełło while several thousand nobles attend.,Wikipedia,exact,politics and law,Poland,Gregorian,target met,regional,secondary reference,20,single-source verified,20,95
1,CE,1648,June,,,GHCD-06-01-1648-03,conflict,The Roundheads defeat the Cavaliers at the Battle of Maidstone in the Second English Civil War.,The Roundheads defeat the Cavaliers at the Battle of Maidstone in the Second English Civil War.,"June 1, 1648 CE",https://en.wikipedia.org/wiki/June_1,1648-06-01,1648– The Roundheads defeat the Cavaliers at the Battle of Maidstone in the Second English Civil War.,Wikipedia,exact,military and conflict,,Gregorian,target met,transregional,secondary reference,20,single-source verified,20,95
1,CE,1670,June,,Europe,GHCD-06-01-1670-04,conflict,"In Dover, England, Charles II of England and Louis XIV of France sign the Secret Treaty of Dover, which will force England into the Third Anglo-Dutch War.","In Dover, England, Charles II of England and Louis XIV of France sign the Secret Treaty of Dover, which will force England into the Third Anglo-Dutch War.","June 1, 1670 CE",https://en.wikipedia.org/wiki/June_1,1670-06-01,"1670– In Dover, England, Charles II of England and Louis XIV of France sign the Secret Treaty of Dover, which will force England into the Third Anglo-Dutch War.",Wikipedia,exact,military and conflict,United Kingdom,Gregorian,target met,regional,secondary reference,20,single-source verified,20,95
1,CE,1676,June,,,GHCD-06-01-1676-05,conflict,"Battle of Öland: allied Danish-Dutch forces defeat the Swedish navy in the Baltic Sea, during the Scanian War (1675–79).","Battle of Öland: allied Danish-Dutch forces defeat the Swedish navy in the Baltic Sea, during the Scanian War (1675–79).","June 1, 1676 CE",https://en.wikipedia.org/wiki/June_1,1676-06-01,"1676– Battle of Öland: allied Danish-Dutch forces defeat the Swedish navy in the Baltic Sea, during the Scanian War (1675–79).",Wikipedia,exact,military and conflict,,Gregorian,target met,transregional,secondary reference,20,single-source verified,20,95
1,CE,1779,June,,,GHCD-06-01-1779-06,conflict,"The court-martial for malfeasance of Benedict Arnold, a general in the Continental Army during the American Revolutionary War, begins.","The court-martial for malfeasance of Benedict Arnold, a general in the Continental Army during the American Revolutionary War, begins.","June 1, 1779 CE",https://en.wikipedia.org/wiki/June_1,1779-06-01,"1779– The court-martial for malfeasance of Benedict Arnold, a general in the Continental Army during the American Revolutionary War, begins.",Wikipedia,exact,military and conflict,,Gregorian,target met,transregional,secondary reference,20,single-source verified,20,95
1,CE,1794,June,,Europe,GHCD-06-01-1794-07,conflict,"The battle of the Glorious First of June is fought, the first naval engagement between Britain and France during the French Revolutionary Wars.","The battle of the Glorious First of June is fought, the first naval engagement between Britain and France during the French Revolutionary Wars.","June 1, 1794 CE",https://en.wikipedia.org/wiki/June_1,1794-06-01,"1794– The battle of the Glorious First of June is fought, the first naval engagement between Britain and France during the French Revolutionary Wars.",Wikipedia,exact,military and conflict,France,Gregorian,target met,regional,secondary reference,20,single-source verified,20,95
1,CE,1812,June,,Europe,GHCD-06-01-1812-08,conflict,War of 1812: U.S. President James Madison asks the Congress to declare war on the United Kingdom.,War of 1812: U.S,"June 1, 1812 CE",https://en.wikipedia.org/wiki/June_1,1812-06-01,1812– War of 1812: U.S. President James Madison asks the Congress to declare war on the United Kingdom.,Wikipedia,exact,military and conflict,United Kingdom,Gregorian,target met,regional,secondary reference,20,single-source verified,20,95
1,CE,1815,June,,,GHCD-06-01-1815-09,politics,Napoleon promulgates a revised Constitution after it passes a plebiscite.,Napoleon promulgates a revised Constitution after it passes a plebiscite.,"June 1, 1815 CE",https://en.wikipedia.org/wiki/June_1,1815-06-01,1815– Napoleon promulgates a revised Constitution after it passes a plebiscite.,Wikipedia,exact,politics and law,,Gregorian,target met,transregional,secondary reference,20,single-source verified,20,82
1,CE,1861,June,,,GHCD-06-01-1861-10,conflict,American Civil War: The Battle of Fairfax Court House is fought.,American Civil War: The Battle of Fairfax Court House is fought.,"June 1, 1861 CE",https://en.wikipedia.org/wiki/June_1,1861-06-01,1861– American Civil War: The Battle of Fairfax Court House is fought.,Wikipedia,exact,military and conflict,,Gregorian,target met,transregional,secondary reference,20,single-source verified,20,95
1,CE,1862,June,,,GHCD-06-01-1862-11,conflict,"American Civil War: Peninsula Campaign: The Battle of Seven Pines (or the Battle of Fair Oaks) ends inconclusively, with both sides claiming victory.","American Civil War: Peninsula Campaign: The Battle of Seven Pines (or the Battle of Fair Oaks) ends inconclusively, with both sides claiming victory.","June 1, 1862 CE",https://en.wikipedia.org/wiki/June_1,1862-06-01,"1862– American Civil War: Peninsula Campaign: The Battle of Seven Pines (or the Battle of Fair Oaks) ends inconclusively, with both sides claiming victory.",Wikipedia,exact,military and conflict,,Gregorian,target met,transregional,secondary reference,20,single-source verified,20,95
1,CE,1868,June,,North America,GHCD-06-01-1868-12,politics,"The Treaty of Bosque Redondo is signed, allowing the Navajo to return to their lands in Arizona and New Mexico.","The Treaty of Bosque Redondo is signed, allowing the Navajo to return to their lands in Arizona and New Mexico.","June 1, 1868 CE",https://en.wikipedia.org/wiki/June_1,1868-06-01,"1868– The Treaty of Bosque Redondo is signed, allowing the Navajo to return to their lands in Arizona and New Mexico.",Wikipedia,exact,politics and law,Mexico,Gregorian,target met,regional,secondary reference,20,single-source verified,20,95
1,CE,1913,June,,,GHCD-06-01-1913-13,conflict,"The Greek–Serbian Treaty of Alliance is signed, paving the way for the Second Balkan War.","The Greek–Serbian Treaty of Alliance is signed, paving the way for the Second Balkan War.","June 1, 1913 CE",https://en.wikipedia.org/wiki/June_1,1913-06-01,"1913– The Greek–Serbian Treaty of Alliance is signed, paving the way for the Second Balkan War.",Wikipedia,exact,military and conflict,,Gregorian,target met,transregional,secondary reference,20,single-source verified,20,95
1,CE,1916,June,,North America,GHCD-06-01-1916-14,politics,"The United States Senate confirms the appointment of Louis Brandeis to the United States Supreme Court, making him the first Jew to be an Associate Justice.","The United States Senate confirms the appointment of Louis Brandeis to the United States Supreme Court, making him the first Jew to be an Associate Justice.","June 1, 1916 CE",https://en.wikipedia.org/wiki/June_1,1916-06-01,"1916– The United States Senate confirms the appointment of Louis Brandeis to the United States Supreme Court, making him the first Jew to be an Associate Justice.",Wikipedia,exact,politics and law,United States,Gregorian,target met,regional,secondary reference,20,single-source verified,20,95
1,CE,1918,June,,,GHCD-06-01-1918-15,conflict,"World War I: Western Front: Battle of Belleau Wood: Allied Forces under John J. Pershing and James Harbord engage Imperial German Forces under Wilhelm, German Crown Prince.",World War I: Western Front: Battle of Belleau Wood: Allied Forces under John J,"June 1, 1918 CE",https://en.wikipedia.org/wiki/June_1,1918-06-01,"1918– World War I: Western Front: Battle of Belleau Wood: Allied Forces under John J. Pershing and James Harbord engage Imperial German Forces under Wilhelm, German Crown Prince.",Wikipedia,exact,military and conflict,,Gregorian,target met,international,secondary reference,20,single-source verified,20,95
1,CE,1941,June,,Europe,GHCD-06-01-1941-16,conflict,World War II: The Battle of Crete ends as Crete capitulates to Germany.,World War II: The Battle of Crete ends as Crete capitulates to Germany.,"June 1, 1941 CE",https://en.wikipedia.org/wiki/June_1,1941-06-01,1941– World War II: The Battle of Crete ends as Crete capitulates to Germany.,Wikipedia,exact,military and conflict,Germany,Gregorian,target met,international,secondary reference,20,single-source verified,20,95
1,CE,1946,June,,Europe,GHCD-06-01-1946-17,conflict,"Ion Antonescu, ""Conducator"" (""Leader"") of Romania during World War II, is executed.","Ion Antonescu, ""Conducator"" (""Leader"") of Romania during World War II, is executed.","June 1, 1946 CE",https://en.wikipedia.org/wiki/June_1,1946-06-01,"1946– Ion Antonescu, ""Conducator"" (""Leader"") of Romania during World War II, is executed.",Wikipedia,exact,military and conflict,Romania,Gregorian,target met,international,secondary reference,20,single-source verified,20,95
1,CE,1978,June,,,GHCD-06-01-1978-18,politics,The first international applications under the Patent Cooperation Treaty are filed.,The first international applications under the Patent Cooperation Treaty are filed.,"June 1, 1978 CE",https://en.wikipedia.org/wiki/June_1,1978-06-01,1978– The first international applications under the Patent Cooperation Treaty are filed.,Wikipedia,exact,politics and law,,Gregorian,target met,international,secondary reference,20,single-source verified,20,95
1,CE,1988,June,,,GHCD-06-01-1988-19,politics,The Intermediate-Range Nuclear Forces Treaty comes into effect.,The Intermediate-Range Nuclear Forces Treaty comes into effect.,"June 1, 1988 CE",https://en.wikipedia.org/wiki/June_1,1988-06-01,1988– The Intermediate-Range Nuclear Forces Treaty comes into effect.,Wikipedia,exact,politics and law,,Gregorian,target met,transregional,secondary reference,20,single-source verified,20,95
1,CE,1990,June,,,GHCD-06-01-1990-20,conflict,Cold War: George H. W. Bush and Mikhail Gorbachev sign a treaty to end chemical weapon production.,Cold War: George H,"June 1, 1990 CE",https://en.wikipedia.org/wiki/June_1,1990-06-01,1990– Cold War: George H. W. Bush and Mikhail Gorbachev sign a treaty to end chemical weapon production.,Wikipedia,exact,military and conflict,,Gregorian,target met,transregional,secondary reference,20,single-source verified,20,95
2,CE,260,June,,,GHCD-06-02-0260-01,conflict,"Sima Zhao's regicide of Cao Mao: The figurehead Wei emperor Cao Mao personally leads an attempt to oust his regent, Sima Zhao; the attempted coup is crushed and the emperor killed.","Sima Zhao's regicide of Cao Mao: The figurehead Wei emperor Cao Mao personally leads an attempt to oust his regent, Sima Zhao; the attempted coup is crushed and the emperor killed.","June 2, 260 CE",https://en.wikipedia.org/wiki/June_2,0260-06-02,"260– Sima Zhao's regicide of Cao Mao: The figurehead Wei emperor Cao Mao personally leads an attempt to oust his regent, Sima Zhao; the attempted coup is crushed and the emperor killed.",Wikipedia,exact,military and conflict,,Gregorian,target met,transregional,secondary reference,20,single-source verified,20,95
2,CE,1098,June,,,GHCD-06-02-1098-02,conflict,First Crusade: The first Siege of Antioch ends as Crusader forces take the city; the second siege began five days later.,First Crusade: The first Siege of Antioch ends as Crusader forces take the city; the second siege began five days later.,"June 2, 1098 CE",https://en.wikipedia.org/wiki/June_2,1098-06-02,1098– First Crusade: The first Siege of Antioch ends as Crusader forces take the city; the second siege began five days later.,Wikipedia,exact,military and conflict,,Gregorian,target met,transregional,secondary reference,20,single-source verified,20,95
2,CE,1259,June,,,GHCD-06-02-1259-03,historical event,"Wedding of Manfred, King of Sicily, and Byzantine princess Helena Angelina Doukaina.","Wedding of Manfred, King of Sicily, and Byzantine princess Helena Angelina Doukaina.","June 2, 1259 CE",https://en.wikipedia.org/wiki/June_2,1259-06-02,"1259– Wedding of Manfred, King of Sicily, and Byzantine princess Helena Angelina Doukaina.",Wikipedia,exact,general history,,Gregorian,target met,transregional,secondary reference,20,single-source verified,20,79
2,CE,1608,June,,,GHCD-06-02-1608-04,politics,"The Colony of Virginia gets a charter, extending borders from ""sea to sea"".","The Colony of Virginia gets a charter, extending borders from ""sea to sea"".","June 2, 1608 CE",https://en.wikipedia.org/wiki/June_2,1608-06-02,"1608– The Colony of Virginia gets a charter, extending borders from ""sea to sea"".",Wikipedia,exact,politics and law,,Gregorian,target met,transregional,secondary reference,20,single-source verified,20,79
2,CE,1615,June,,Europe,GHCD-06-02-1615-05,historical event,"The first Récollet missionaries arrive at Quebec City, from Rouen, France.","The first Récollet missionaries arrive at Quebec City, from Rouen, France.","June 2, 1615 CE",https://en.wikipedia.org/wiki/June_2,1615-06-02,"1615– The first Récollet missionaries arrive at Quebec City, from Rouen, France.",Wikipedia,exact,general history,France,Gregorian,target met,regional,secondary reference,20,single-source verified,20,79
2,CE,1676,June,,Europe,GHCD-06-02-1676-06,conflict,Franco-Dutch War: France ensures the supremacy of its naval fleet for the remainder of the war with its victory in the Battle of Palermo.,Franco-Dutch War: France ensures the supremacy of its naval fleet for the remainder of the war with its victory in the Battle of Palermo.,"June 2, 1676 CE",https://en.wikipedia.org/wiki/June_2,1676-06-02,1676– Franco-Dutch War: France ensures the supremacy of its naval fleet for the remainder of the war with its victory in the Battle of Palermo.,Wikipedia,exact,military and conflict,France,Gregorian,target met,regional,secondary reference,20,single-source verified,20,95
2,CE,1805,June,,Europe,GHCD-06-02-1805-07,conflict,"Napoleonic Wars: A Franco- Spanish fleet recaptures from the British the island of Diamond Rock, which guards the entrance to the bay leading to Fort-de-France, Martinique.","Napoleonic Wars: A Franco- Spanish fleet recaptures from the British the island of Diamond Rock, which guards the entrance to the bay leading to Fort-de-France, Martinique.","June 2, 1805 CE",https://en.wikipedia.org/wiki/June_2,1805-06-02,"1805– Napoleonic Wars: A Franco- Spanish fleet recaptures from the British the island of Diamond Rock, which guards the entrance to the bay leading to Fort-de-France, Martinique.",Wikipedia,exact,military and conflict,France,Gregorian,target met,regional,secondary reference,20,single-source verified,20,82
2,CE,1878,June,,,GHCD-06-02-1878-08,historical event,"Nobiling assassination attempt by anarchist Karl Nobiling targeting the German Kaiser, Wilhelm I.","Nobiling assassination attempt by anarchist Karl Nobiling targeting the German Kaiser, Wilhelm I.","June 2, 1878 CE",https://en.wikipedia.org/wiki/June_2,1878-06-02,"1878– Nobiling assassination attempt by anarchist Karl Nobiling targeting the German Kaiser, Wilhelm I.",Wikipedia,exact,general history,,Gregorian,target met,transregional,secondary reference,20,single-source verified,20,82
2,CE,1910,June,,,GHCD-06-02-1910-09,historical event,"Charles Rolls, a co-founder of Rolls-Royce Limited, becomes the first man to make a non-stop double crossing of the English Channel by plane.","Charles Rolls, a co-founder of Rolls-Royce Limited, becomes the first man to make a non-stop double crossing of the English Channel by plane.","June 2, 1910 CE",https://en.wikipedia.org/wiki/June_2,1910-06-02,"1910– Charles Rolls, a co-founder of Rolls-Royce Limited, becomes the first man to make a non-stop double crossing of the English Channel by plane.",Wikipedia,exact,general history,,Gregorian,target met,transregional,secondary reference,20,single-source verified,20,82
2,CE,1924,June,,North America,GHCD-06-02-1924-10,politics,"U.S. President Calvin Coolidge signs the Indian Citizenship Act into law, granting citizenship to all Native Americans born within the territorial limits of the United States.",U.S,"June 2, 1924 CE",https://en.wikipedia.org/wiki/June_2,1924-06-02,"1924– U.S. President Calvin Coolidge signs the Indian Citizenship Act into law, granting citizenship to all Native Americans born within the territorial limits of the United States.",Wikipedia,exact,politics and law,United States,Gregorian,target met,regional,secondary reference,20,single-source verified,20,82
2,CE,1941,June,,,GHCD-06-02-1941-11,conflict,World War II: German paratroopers murder Greek civilians in the villages of Kondomari and Alikianos.,World War II: German paratroopers murder Greek civilians in the villages of Kondomari and Alikianos.,"June 2, 1941 CE",https://en.wikipedia.org/wiki/June_2,1941-06-02,1941– World War II: German paratroopers murder Greek civilians in the villages of Kondomari and Alikianos.,Wikipedia,exact,military and conflict,,Gregorian,target met,international,secondary reference,20,single-source verified,20,95
2,CE,1946,June,Date described as approximate by source.,Europe,GHCD-06-02-1946-12,politics,"Birth of the Italian Republic: In a referendum, Italians vote to turn Italy from a monarchy into a Republic. After the referendum, King Umberto II of Italy is exiled.","Birth of the Italian Republic: In a referendum, Italians vote to turn Italy from a monarchy into a Republic","June 2, 1946 CE",https://en.wikipedia.org/wiki/June_2,1946-06-02,"1946– Birth of the Italian Republic: In a referendum, Italians vote to turn Italy from a monarchy into a Republic. After the referendum, King Umberto II of Italy is exiled.",Wikipedia,approximate,politics and law,Italy,Gregorian,target met,regional,secondary reference,20,single-source verified,20,82
2,CE,1953,June,,,GHCD-06-02-1953-13,historical event,"The coronation of Queen Elizabeth II at Westminster Abbey becomes the first British coronation, and one of the first major international events, to be televised.","The coronation of Queen Elizabeth II at Westminster Abbey becomes the first British coronation, and one of the first major international events, to be televised.","June 2, 1953 CE",https://en.wikipedia.org/wiki/June_2,1953-06-02,"1953– The coronation of Queen Elizabeth II at Westminster Abbey becomes the first British coronation, and one of the first major international events, to be televised.",Wikipedia,exact,general history,,Gregorian,target met,international,secondary reference,20,single-source verified,20,95
2,CE,1955,June,,,GHCD-06-02-1955-14,politics,"The USSR and Yugoslavia sign the Belgrade declaration and thus normalize relations between the two countries, discontinued since 1948.","The USSR and Yugoslavia sign the Belgrade declaration and thus normalize relations between the two countries, discontinued since 1948.","June 2, 1955 CE",https://en.wikipedia.org/wiki/June_2,1955-06-02,"1955– The USSR and Yugoslavia sign the Belgrade declaration and thus normalize relations between the two countries, discontinued since 1948.",Wikipedia,exact,politics and law,,Gregorian,target met,transregional,secondary reference,20,single-source verified,20,82
2,CE,1958,June,,,GHCD-06-02-1958-15,science and technology,"Aeronaves de México Flight 111 crashes on approach to Guadalajara International Airport, killing 45.","Aeronaves de México Flight 111 crashes on approach to Guadalajara International Airport, killing 45.","June 2, 1958 CE",https://en.wikipedia.org/wiki/June_2,1958-06-02,"1958– Aeronaves de México Flight 111 crashes on approach to Guadalajara International Airport, killing 45.",Wikipedia,exact,science and technology,,Gregorian,target met,international,secondary reference,20,single-source verified,20,82
2,CE,1966,June,,,GHCD-06-02-1966-16,science and technology,"Surveyor program: Surveyor 1 lands in Oceanus Procellarum on the Moon, becoming the first U.S. spacecraft to soft-land on another world.","Surveyor program: Surveyor 1 lands in Oceanus Procellarum on the Moon, becoming the first U.S","June 2, 1966 CE",https://en.wikipedia.org/wiki/June_2,1966-06-02,"1966– Surveyor program: Surveyor 1 lands in Oceanus Procellarum on the Moon, becoming the first U.S. spacecraft to soft-land on another world.",Wikipedia,exact,science and technology,,Gregorian,target met,transregional,secondary reference,20,single-source verified,20,95
2,CE,1967,June,,Asia,GHCD-06-02-1967-17,historical event,"Protests in West Berlin against the arrival of the Shah of Iran are brutally suppressed, during which Benno Ohnesorg is killed by a police officer. His death results in the founding of the terrorist group 2 June Movement.","Protests in West Berlin against the arrival of the Shah of Iran are brutally suppressed, during which Benno Ohnesorg is killed by a police officer","June 2, 1967 CE",https://en.wikipedia.org/wiki/June_2,1967-06-02,"1967– Protests in West Berlin against the arrival of the Shah of Iran are brutally suppressed, during which Benno Ohnesorg is killed by a police officer. His death results in the founding of the terrorist group 2 June Movement.",Wikipedia,exact,general history,Iran,Gregorian,target met,regional,secondary reference,20,single-source verified,20,82
2,CE,1979,June,,Europe,GHCD-06-02-1979-18,historical event,"Pope John Paul II starts his first official visit to his native Poland, becoming the first Pope to visit a Communist country.","Pope John Paul II starts his first official visit to his native Poland, becoming the first Pope to visit a Communist country.","June 2, 1979 CE",https://en.wikipedia.org/wiki/June_2,1979-06-02,"1979– Pope John Paul II starts his first official visit to his native Poland, becoming the first Pope to visit a Communist country.",Wikipedia,exact,general history,Poland,Gregorian,target met,regional,secondary reference,20,single-source verified,20,82
2,CE,1998,June,,,GHCD-06-02-1998-19,science and technology,"Space Shuttle Discovery is launched on STS-91, the final mission of the Shuttle-Mir program.","Space Shuttle Discovery is launched on STS-91, the final mission of the Shuttle-Mir program.","June 2, 1998 CE",https://en.wikipedia.org/wiki/June_2,1998-06-02,"1998– Space Shuttle Discovery is launched on STS-91, the final mission of the Shuttle-Mir program.",Wikipedia,exact,science and technology,,Gregorian,target met,transregional,secondary reference,20,single-source verified,20,82
2,CE,2003,June,,,GHCD-06-02-2003-20,science and technology,"Europe launches its first voyage to another planet, Mars. The European Space Agency's Mars Express probe launches from the Baikonur space center in Kazakhstan.","Europe launches its first voyage to another planet, Mars","June 2, 2003 CE",https://en.wikipedia.org/wiki/June_2,2003-06-02,"2003– Europe launches its first voyage to another planet, Mars. The European Space Agency's Mars Express probe launches from the Baikonur space center in Kazakhstan.",Wikipedia,exact,science and technology,,Gregorian,target met,transregional,secondary reference,20,single-source verified,20,95
3,CE,350,June,,,GHCD-06-03-0350-01,historical event,"The Roman usurper Nepotianus, of the Constantinian dynasty, proclaims himself Roman emperor, entering Rome at the head of a group of gladiators.","The Roman usurper Nepotianus, of the Constantinian dynasty, proclaims himself Roman emperor, entering Rome at the head of a group of gladiators.","June 3, 350 CE",https://en.wikipedia.org/wiki/June_3,0350-06-03,"350– The Roman usurper Nepotianus, of the Constantinian dynasty, proclaims himself Roman emperor, entering Rome at the head of a group of gladiators.",Wikipedia,exact,general history,,Gregorian,target met,transregional,secondary reference,20,single-source verified,20,79
3,CE,713,June,,,GHCD-06-03-0713-02,conflict,"The Byzantine emperor Philippicus is blinded, deposed and sent into exile by conspirators of the Opsikion army in Thrace. He is succeeded by Anastasios II, who begins the reorganization of the Byzantine army.","The Byzantine emperor Philippicus is blinded, deposed and sent into exile by conspirators of the Opsikion army in Thrace","June 3, 713 CE",https://en.wikipedia.org/wiki/June_3,0713-06-03,"713– The Byzantine emperor Philippicus is blinded, deposed and sent into exile by conspirators of the Opsikion army in Thrace. He is succeeded by Anastasios II, who begins the reorganization of the Byzantine army.",Wikipedia,exact,military and conflict,,Gregorian,target met,transregional,secondary reference,20,single-source verified,20,79
3,CE,1839,June,,Asia,GHCD-06-03-1839-03,conflict,"In Humen, China, Lin Zexu destroys 1.2 million kilograms of opium confiscated from British merchants, providing Britain with a *casus belli* to open hostilities, resulting in the First Opium War.","In Humen, China, Lin Zexu destroys 1.2 million kilograms of opium confiscated from British merchants, providing Britain with a *casus belli* to open hostilities, resulting in th...","June 3, 1839 CE",https://en.wikipedia.org/wiki/June_3,1839-06-03,"1839– In Humen, China, Lin Zexu destroys 1.2 million kilograms of opium confiscated from British merchants, providing Britain with a *casus belli* to open hostilities, resulting in the First Opium War.",Wikipedia,exact,military and conflict,China,Gregorian,target met,regional,secondary reference,20,single-source verified,20,95
3,CE,1861,June,,,GHCD-06-03-1861-04,conflict,"American Civil War: Battle of Philippi (also called the Philippi Races): Union forces rout Confederate troops in Barbour County, Virginia, now West Virginia.","American Civil War: Battle of Philippi (also called the Philippi Races): Union forces rout Confederate troops in Barbour County, Virginia, now West Virginia.","June 3, 1861 CE",https://en.wikipedia.org/wiki/June_3,1861-06-03,"1861– American Civil War: Battle of Philippi (also called the Philippi Races): Union forces rout Confederate troops in Barbour County, Virginia, now West Virginia.",Wikipedia,exact,military and conflict,,Gregorian,target met,transregional,secondary reference,20,single-source verified,20,95
3,CE,1863,June,,,GHCD-06-03-1863-05,conflict,"American Civil War: Robert E. Lee and his Army of Northern Virginia begin marching to invade the North for a second time, starting the Gettysburg campaign.",American Civil War: Robert E,"June 3, 1863 CE",https://en.wikipedia.org/wiki/June_3,1863-06-03,"1863– American Civil War: Robert E. Lee and his Army of Northern Virginia begin marching to invade the North for a second time, starting the Gettysburg campaign.",Wikipedia,exact,military and conflict,,Gregorian,target met,transregional,secondary reference,20,single-source verified,20,82
3,CE,1864,June,,,GHCD-06-03-1864-06,conflict,"American Civil War: Union forces under Ulysses S. Grant sustain heavy casualties attacking Confederate troops under Robert E. Lee at the Battle of Cold Harbor in Hanover County, Virginia.",American Civil War: Union forces under Ulysses S,"June 3, 1864 CE",https://en.wikipedia.org/wiki/June_3,1864-06-03,"1864– American Civil War: Union forces under Ulysses S. Grant sustain heavy casualties attacking Confederate troops under Robert E. Lee at the Battle of Cold Harbor in Hanover County, Virginia.",Wikipedia,exact,military and conflict,,Gregorian,target met,transregional,secondary reference,20,single-source verified,20,95
3,CE,1889,June,,North America,GHCD-06-03-1889-07,historical event,"The first long-distance electric power transmission line in the United States is completed, running 14 miles (23 km) between a generator at Willamette Falls and downtown Portland, Oregon.","The first long-distance electric power transmission line in the United States is completed, running 14 miles (23 km) between a generator at Willamette Falls and downtown Portlan...","June 3, 1889 CE",https://en.wikipedia.org/wiki/June_3,1889-06-03,"1889– The first long-distance electric power transmission line in the United States is completed, running 14 miles (23 km) between a generator at Willamette Falls and downtown Portland, Oregon.",Wikipedia,exact,general history,United States,Gregorian,target met,regional,secondary reference,20,single-source verified,20,82
3,CE,1892,June,Date described as approximate by source.,,GHCD-06-03-1892-08,historical event,Liverpool F.C. is founded by John Houlding.,Liverpool F.C,"June 3, 1892 CE",https://en.wikipedia.org/wiki/June_3,1892-06-03,1892– Liverpool F.C. is founded by John Houlding.,Wikipedia,approximate,general history,,Gregorian,target met,transregional,secondary reference,20,single-source verified,20,82
3,CE,1916,June,,North America,GHCD-06-03-1916-09,politics,"The National Defense Act is signed into law, increasing the size of the United States National Guard by 450,000 men.","The National Defense Act is signed into law, increasing the size of the United States National Guard by 450,000 men.","June 3, 1916 CE",https://en.wikipedia.org/wiki/June_3,1916-06-03,"1916– The National Defense Act is signed into law, increasing the size of the United States National Guard by 450,000 men.",Wikipedia,exact,politics and law,United States,Gregorian,target met,regional,secondary reference,20,single-source verified,20,82
3,CE,1937,June,,Europe,GHCD-06-03-1937-10,conflict,The Duke of Windsor (the former King Edward VIII of the United Kingdom) marries Wallis Simpson.,The Duke of Windsor (the former King Edward VIII of the United Kingdom) marries Wallis Simpson.,"June 3, 1937 CE",https://en.wikipedia.org/wiki/June_3,1937-06-03,1937– The Duke of Windsor (the former King Edward VIII of the United Kingdom) marries Wallis Simpson.,Wikipedia,exact,military and conflict,United Kingdom,Gregorian,target met,regional,secondary reference,20,single-source verified,20,95
3,CE,1940,June,,Europe,GHCD-06-03-1940-11,conflict,"World War II: During the Battle of France, the Luftwaffe bombs Paris.","World War II: During the Battle of France, the Luftwaffe bombs Paris.","June 3, 1940 CE",https://en.wikipedia.org/wiki/June_3,1940-06-03,"1940– World War II: During the Battle of France, the Luftwaffe bombs Paris.",Wikipedia,exact,military and conflict,France,Gregorian,target met,international,secondary reference,20,single-source verified,20,95
3,CE,1940,June,,,GHCD-06-03-1940-12,historical event,"Franz Rademacher proposes plans to make Madagascar the ""Jewish homeland"", an idea that had first been considered by 19th century journalist Theodor Herzl.","Franz Rademacher proposes plans to make Madagascar the ""Jewish homeland"", an idea that had first been considered by 19th century journalist Theodor Herzl.","June 3, 1940 CE",https://en.wikipedia.org/wiki/June_3,1940-06-03,"1940– Franz Rademacher proposes plans to make Madagascar the ""Jewish homeland"", an idea that had first been considered by 19th century journalist Theodor Herzl.",Wikipedia,exact,general history,,Gregorian,target met,transregional,secondary reference,20,single-source verified,20,82
3,CE,1941,June,,,GHCD-06-03-1941-13,conflict,World War II: The Wehrmacht razes the Greek village of Kandanos to the ground and murders 180 of its inhabitants.,World War II: The Wehrmacht razes the Greek village of Kandanos to the ground and murders 180 of its inhabitants.,"June 3, 1941 CE",https://en.wikipedia.org/wiki/June_3,1941-06-03,1941– World War II: The Wehrmacht razes the Greek village of Kandanos to the ground and murders 180 of its inhabitants.,Wikipedia,exact,military and conflict,,Gregorian,target met,international,secondary reference,20,single-source verified,20,95
3,CE,1942,June,,Asia,GHCD-06-03-1942-14,conflict,World War II: Japan begins the Aleutian Islands Campaign by bombing Unalaska Island.,World War II: Japan begins the Aleutian Islands Campaign by bombing Unalaska Island.,"June 3, 1942 CE",https://en.wikipedia.org/wiki/June_3,1942-06-03,1942– World War II: Japan begins the Aleutian Islands Campaign by bombing Unalaska Island.,Wikipedia,exact,military and conflict,Japan,Gregorian,target met,international,secondary reference,20,single-source verified,20,95
3,CE,1950,June,,,GHCD-06-03-1950-15,historical event,"Herzog and Lachenal of the French Annapurna expedition become the first climbers to reach the summit of an 8,000-metre peak.","Herzog and Lachenal of the French Annapurna expedition become the first climbers to reach the summit of an 8,000-metre peak.","June 3, 1950 CE",https://en.wikipedia.org/wiki/June_3,1950-06-03,"1950– Herzog and Lachenal of the French Annapurna expedition become the first climbers to reach the summit of an 8,000-metre peak.",Wikipedia,exact,general history,,Gregorian,target met,transregional,secondary reference,20,single-source verified,20,82
3,CE,1965,June,,,GHCD-06-03-1965-16,science and technology,"The launch of Gemini 4, the first multi-day space mission by a NASA crew. Ed White, a crew member, performs the first American spacewalk.","The launch of Gemini 4, the first multi-day space mission by a NASA crew","June 3, 1965 CE",https://en.wikipedia.org/wiki/June_3,1965-06-03,"1965– The launch of Gemini 4, the first multi-day space mission by a NASA crew. Ed White, a crew member, performs the first American spacewalk.",Wikipedia,exact,science and technology,,Gregorian,target met,transregional,secondary reference,20,single-source verified,20,95
3,CE,1973,June,,Europe,GHCD-06-03-1973-17,science and technology,"A Soviet supersonic Tupolev Tu-144 crashes near Goussainville, France, killing 14, the first crash of a supersonic passenger aircraft.","A Soviet supersonic Tupolev Tu-144 crashes near Goussainville, France, killing 14, the first crash of a supersonic passenger aircraft.","June 3, 1973 CE",https://en.wikipedia.org/wiki/June_3,1973-06-03,"1973– A Soviet supersonic Tupolev Tu-144 crashes near Goussainville, France, killing 14, the first crash of a supersonic passenger aircraft.",Wikipedia,exact,science and technology,France,Gregorian,target met,regional,secondary reference,20,single-source verified,20,95
3,CE,1982,June,,Europe,GHCD-06-03-1982-18,historical event,"The Israeli ambassador to the United Kingdom, Shlomo Argov, is shot on a London street; he survives but is left paralysed.","The Israeli ambassador to the United Kingdom, Shlomo Argov, is shot on a London street; he survives but is left paralysed.","June 3, 1982 CE",https://en.wikipedia.org/wiki/June_3,1982-06-03,"1982– The Israeli ambassador to the United Kingdom, Shlomo Argov, is shot on a London street; he survives but is left paralysed.",Wikipedia,exact,general history,United Kingdom,Gregorian,target met,regional,secondary reference,20,single-source verified,20,82
3,CE,1989,June,,Asia,GHCD-06-03-1989-19,conflict,The government of China sends troops to force protesters out of Tiananmen Square after seven weeks of occupation.,The government of China sends troops to force protesters out of Tiananmen Square after seven weeks of occupation.,"June 3, 1989 CE",https://en.wikipedia.org/wiki/June_3,1989-06-03,1989– The government of China sends troops to force protesters out of Tiananmen Square after seven weeks of occupation.,Wikipedia,exact,military and conflict,China,Gregorian,target met,regional,secondary reference,20,single-source verified,20,82
3,CE,2006,June,,Europe,GHCD-06-03-2006-20,politics,The union of Serbia and Montenegro comes to an end with Montenegro's formal declaration of independence.,The union of Serbia and Montenegro comes to an end with Montenegro's formal declaration of independence.,"June 3, 2006 CE",https://en.wikipedia.org/wiki/June_3,2006-06-03,2006– The union of Serbia and Montenegro comes to an end with Montenegro's formal declaration of independence.,Wikipedia,exact,politics and law,Serbia,Gregorian,target met,regional,secondary reference,20,single-source verified,20,95
4,CE,1745,June,,,GHCD-06-04-1745-01,conflict,Battle of Hohenfriedberg: Frederick the Great's Prussian army decisively defeat an Austrian army under Prince Charles Alexander of Lorraine during the War of the Austrian Succession.,Battle of Hohenfriedberg: Frederick the Great's Prussian army decisively defeat an Austrian army under Prince Charles Alexander of Lorraine during the War of the Austrian Succes...,"June 4, 1745 CE",https://en.wikipedia.org/wiki/June_4,1745-06-04,1745– Battle of Hohenfriedberg: Frederick the Great's Prussian army decisively defeat an Austrian army under Prince Charles Alexander of Lorraine during the War of the Austrian Succession.,Wikipedia,exact,military and conflict,,Gregorian,target met,transregional,secondary reference,20,single-source verified,20,95
4,CE,1802,June,,,GHCD-06-04-1802-02,historical event,"King Charles Emmanuel IV of Sardinia abdicates his throne in favor of his brother, Victor Emmanuel.","King Charles Emmanuel IV of Sardinia abdicates his throne in favor of his brother, Victor Emmanuel.","June 4, 1802 CE",https://en.wikipedia.org/wiki/June_4,1802-06-04,"1802– King Charles Emmanuel IV of Sardinia abdicates his throne in favor of his brother, Victor Emmanuel.",Wikipedia,exact,general history,,Gregorian,target met,transregional,secondary reference,20,single-source verified,20,95
4,CE,1825,June,,North America,GHCD-06-04-1825-03,conflict,"General Lafayette, a French officer in the American Revolutionary War, speaks at what would become Lafayette Square in Buffalo, New York, during his visit to the United States.","General Lafayette, a French officer in the American Revolutionary War, speaks at what would become Lafayette Square in Buffalo, New York, during his visit to the United States.","June 4, 1825 CE",https://en.wikipedia.org/wiki/June_4,1825-06-04,"1825– General Lafayette, a French officer in the American Revolutionary War, speaks at what would become Lafayette Square in Buffalo, New York, during his visit to the United States.",Wikipedia,exact,military and conflict,United States,Gregorian,target met,regional,secondary reference,20,single-source verified,20,95
4,CE,1859,June,,,GHCD-06-04-1859-04,conflict,"Italian Independence wars: In the Battle of Magenta, the French army, under Louis-Napoleon, defeat the Austrian army.","Italian Independence wars: In the Battle of Magenta, the French army, under Louis-Napoleon, defeat the Austrian army.","June 4, 1859 CE",https://en.wikipedia.org/wiki/June_4,1859-06-04,"1859– Italian Independence wars: In the Battle of Magenta, the French army, under Louis-Napoleon, defeat the Austrian army.",Wikipedia,exact,military and conflict,,Gregorian,target met,transregional,secondary reference,20,single-source verified,20,95
4,CE,1862,June,,,GHCD-06-04-1862-05,conflict,"American Civil War: Confederate troops evacuate Fort Pillow on the Mississippi River, leaving the way clear for Union troops to take Memphis, Tennessee.","American Civil War: Confederate troops evacuate Fort Pillow on the Mississippi River, leaving the way clear for Union troops to take Memphis, Tennessee.","June 4, 1862 CE",https://en.wikipedia.org/wiki/June_4,1862-06-04,"1862– American Civil War: Confederate troops evacuate Fort Pillow on the Mississippi River, leaving the way clear for Union troops to take Memphis, Tennessee.",Wikipedia,exact,military and conflict,,Gregorian,target met,transregional,secondary reference,20,single-source verified,20,82
4,CE,1876,June,,,GHCD-06-04-1876-06,historical event,"An express train called the Transcontinental Express arrives in San Francisco via the first transcontinental railroad, 83 hours and 39 minutes after leaving New York City.","An express train called the Transcontinental Express arrives in San Francisco via the first transcontinental railroad, 83 hours and 39 minutes after leaving New York City.","June 4, 1876 CE",https://en.wikipedia.org/wiki/June_4,1876-06-04,"1876– An express train called the Transcontinental Express arrives in San Francisco via the first transcontinental railroad, 83 hours and 39 minutes after leaving New York City.",Wikipedia,exact,general history,,Gregorian,target met,transregional,secondary reference,20,single-source verified,20,82
4,CE,1878,June,,Europe,GHCD-06-04-1878-07,historical event,Cyprus Convention: The Ottoman Empire cedes Cyprus to the United Kingdom but retains nominal title.,Cyprus Convention: The Ottoman Empire cedes Cyprus to the United Kingdom but retains nominal title.,"June 4, 1878 CE",https://en.wikipedia.org/wiki/June_4,1878-06-04,1878– Cyprus Convention: The Ottoman Empire cedes Cyprus to the United Kingdom but retains nominal title.,Wikipedia,exact,general history,United Kingdom,Gregorian,target met,regional,secondary reference,20,single-source verified,20,82
4,CE,1896,June,,,GHCD-06-04-1896-08,historical event,"Henry Ford completes the Ford Quadricycle, his first gasoline-powered automobile, and also gives it a successful test run.","Henry Ford completes the Ford Quadricycle, his first gasoline-powered automobile, and also gives it a successful test run.","June 4, 1896 CE",https://en.wikipedia.org/wiki/June_4,1896-06-04,"1896– Henry Ford completes the Ford Quadricycle, his first gasoline-powered automobile, and also gives it a successful test run.",Wikipedia,exact,general history,,Gregorian,target met,transregional,secondary reference,20,single-source verified,20,82
4,CE,1916,June,,Europe,GHCD-06-04-1916-09,conflict,World War I: Russia opens the Brusilov Offensive with an artillery barrage of Austro-Hungarian lines in Galicia.,World War I: Russia opens the Brusilov Offensive with an artillery barrage of Austro-Hungarian lines in Galicia.,"June 4, 1916 CE",https://en.wikipedia.org/wiki/June_4,1916-06-04,1916– World War I: Russia opens the Brusilov Offensive with an artillery barrage of Austro-Hungarian lines in Galicia.,Wikipedia,exact,military and conflict,Russia,Gregorian,target met,international,secondary reference,20,single-source verified,20,95
4,CE,1917,June,,,GHCD-06-04-1917-10,conflict,"The first Pulitzer Prizes are awarded: Laura E. Richards, Maude H. Elliott, and Florence Hall receive the first Pulitzer for biography (for Julia Ward Howe). Jean Jules Jusserand receives the first Pulitzer for history for his work With Americans of Past and Present Days. Herbert B. Swope receives the first Pulitzer for journalism for his work for the New York World.",The first Pulitzer Prizes are awarded: Laura E,"June 4, 1917 CE",https://en.wikipedia.org/wiki/June_4,1917-06-04,"1917– The first Pulitzer Prizes are awarded: Laura E. Richards, Maude H. Elliott, and Florence Hall receive the first Pulitzer for biography (for Julia Ward Howe). Jean Jules Jusserand receives the first Pulitzer for history for his work With Americans of Past and Present Days. Herbert B. Swope receives the first Pulitzer for journalism for his work for the New York World.",Wikipedia,exact,military and conflict,,Gregorian,target met,transregional,secondary reference,20,single-source verified,20,95
4,CE,1919,June,,North America,GHCD-06-04-1919-11,politics,"Women's rights: The U.S. Congress approves the Nineteenth Amendment to the United States Constitution, which guarantees suffrage to women, and sends it to the U.S. states for ratification.",Women's rights: The U.S,"June 4, 1919 CE",https://en.wikipedia.org/wiki/June_4,1919-06-04,"1919– Women's rights: The U.S. Congress approves the Nineteenth Amendment to the United States Constitution, which guarantees suffrage to women, and sends it to the U.S. states for ratification.",Wikipedia,exact,politics and law,United States,Gregorian,target met,regional,secondary reference,20,single-source verified,20,95
4,CE,1920,June,,Europe,GHCD-06-04-1920-12,politics,Hungary loses 71% of its territory and 63% of its population when the Treaty of Trianon is signed in Paris.,Hungary loses 71% of its territory and 63% of its population when the Treaty of Trianon is signed in Paris.,"June 4, 1920 CE",https://en.wikipedia.org/wiki/June_4,1920-06-04,1920– Hungary loses 71% of its territory and 63% of its population when the Treaty of Trianon is signed in Paris.,Wikipedia,exact,politics and law,Hungary,Gregorian,target met,regional,secondary reference,20,single-source verified,20,95
4,CE,1928,June,,Asia,GHCD-06-04-1928-13,politics,"The President of the Republic of China, Zhang Zuolin, is assassinated by Japanese agents.","The President of the Republic of China, Zhang Zuolin, is assassinated by Japanese agents.","June 4, 1928 CE",https://en.wikipedia.org/wiki/June_4,1928-06-04,"1928– The President of the Republic of China, Zhang Zuolin, is assassinated by Japanese agents.",Wikipedia,exact,politics and law,China,Gregorian,target met,regional,secondary reference,20,single-source verified,20,95
4,CE,1940,June,,Europe,GHCD-06-04-1940-14,conflict,"World War II: The Dunkirk evacuation ends: The British Armed Forces completes evacuation of 338,000 troops from Dunkirk in France. To rally the morale of the country, Winston Churchill delivers, only to the House of Commons, his famous "" We shall fight on the beaches"" speech.","World War II: The Dunkirk evacuation ends: The British Armed Forces completes evacuation of 338,000 troops from Dunkirk in France","June 4, 1940 CE",https://en.wikipedia.org/wiki/June_4,1940-06-04,"1940– World War II: The Dunkirk evacuation ends: The British Armed Forces completes evacuation of 338,000 troops from Dunkirk in France. To rally the morale of the country, Winston Churchill delivers, only to the House of Commons, his famous "" We shall fight on the beaches"" speech.",Wikipedia,exact,military and conflict,France,Gregorian,target met,international,secondary reference,20,single-source verified,20,95
4,CE,1942,June,,,GHCD-06-04-1942-15,conflict,World War II: The Battle of Midway begins. Japanese Admiral Chūichi Nagumo orders a strike on Midway Island by much of the Imperial Japanese Navy.,World War II: The Battle of Midway begins,"June 4, 1942 CE",https://en.wikipedia.org/wiki/June_4,1942-06-04,1942– World War II: The Battle of Midway begins. Japanese Admiral Chūichi Nagumo orders a strike on Midway Island by much of the Imperial Japanese Navy.,Wikipedia,exact,military and conflict,,Gregorian,target met,international,secondary reference,20,single-source verified,20,95
4,CE,1942,June,,Europe,GHCD-06-04-1942-16,conflict,"World War II: Gustaf Mannerheim, the Commander-in-Chief of the Finnish Army, is granted the title of Marshal of Finland by the government on his 75th birthday. On the same day, Adolf Hitler arrives in Finland for a surprise visit to meet Mannerheim.","World War II: Gustaf Mannerheim, the Commander-in-Chief of the Finnish Army, is granted the title of Marshal of Finland by the government on his 75th birthday","June 4, 1942 CE",https://en.wikipedia.org/wiki/June_4,1942-06-04,"1942– World War II: Gustaf Mannerheim, the Commander-in-Chief of the Finnish Army, is granted the title of Marshal of Finland by the government on his 75th birthday. On the same day, Adolf Hitler arrives in Finland for a surprise visit to meet Mannerheim.",Wikipedia,exact,military and conflict,Finland,Gregorian,target met,international,secondary reference,20,single-source verified,20,95
4,CE,1944,June,,North America,GHCD-06-04-1944-17,conflict,"World War II: A hunter-killer group of the United States Navy captures the German Kriegsmarine submarine U-505, the first time a U.S. Navy vessel had captured an enemy vessel at sea since the 19th century.","World War II: A hunter-killer group of the United States Navy captures the German Kriegsmarine submarine U-505, the first time a U.S","June 4, 1944 CE",https://en.wikipedia.org/wiki/June_4,1944-06-04,"1944– World War II: A hunter-killer group of the United States Navy captures the German Kriegsmarine submarine U-505, the first time a U.S. Navy vessel had captured an enemy vessel at sea since the 19th century.",Wikipedia,exact,military and conflict,United States,Gregorian,target met,international,secondary reference,20,single-source verified,20,95
4,CE,1944,June,,North America,GHCD-06-04-1944-18,conflict,"World War II: The United States Fifth Army captures Rome, although much of the German Fourteenth Army is able to withdraw to the north.","World War II: The United States Fifth Army captures Rome, although much of the German Fourteenth Army is able to withdraw to the north.","June 4, 1944 CE",https://en.wikipedia.org/wiki/June_4,1944-06-04,"1944– World War II: The United States Fifth Army captures Rome, although much of the German Fourteenth Army is able to withdraw to the north.",Wikipedia,exact,military and conflict,United States,Gregorian,target met,international,secondary reference,20,single-source verified,20,95
4,CE,1961,June,,Europe,GHCD-06-04-1961-19,conflict,"Cold War: In the Vienna summit, the Soviet premier Nikita Khrushchev sparks the Berlin Crisis by threatening to sign a separate peace treaty with East Germany and ending American, British and French access to East Berlin.","Cold War: In the Vienna summit, the Soviet premier Nikita Khrushchev sparks the Berlin Crisis by threatening to sign a separate peace treaty with East Germany and ending America...","June 4, 1961 CE",https://en.wikipedia.org/wiki/June_4,1961-06-04,"1961– Cold War: In the Vienna summit, the Soviet premier Nikita Khrushchev sparks the Berlin Crisis by threatening to sign a separate peace treaty with East Germany and ending American, British and French access to East Berlin.",Wikipedia,exact,military and conflict,Germany,Gregorian,target met,regional,secondary reference,20,single-source verified,20,95
4,CE,1989,June,,,GHCD-06-04-1989-20,politics,"Solidarity's victory in the 1989 Polish legislative election occurs, the first election since the Communist Polish United Workers' Party abandoned its monopoly of power. It sparks off the Revolutions of 1989 in Eastern Europe.","Solidarity's victory in the 1989 Polish legislative election occurs, the first election since the Communist Polish United Workers' Party abandoned its monopoly of power","June 4, 1989 CE",https://en.wikipedia.org/wiki/June_4,1989-06-04,"1989– Solidarity's victory in the 1989 Polish legislative election occurs, the first election since the Communist Polish United Workers' Party abandoned its monopoly of power. It sparks off the Revolutions of 1989 in Eastern Europe.",Wikipedia,exact,politics and law,,Gregorian,target met,transregional,secondary reference,20,single-source verified,20,95
5,CE,1284,June,,,GHCD-06-05-1284-01,conflict,"Battle of the Gulf of Naples: Roger of Lauria, admiral to King Peter III of Aragon, destroys the Neapolitan fleet and captures Charles of Salerno.","Battle of the Gulf of Naples: Roger of Lauria, admiral to King Peter III of Aragon, destroys the Neapolitan fleet and captures Charles of Salerno.","June 5, 1284 CE",https://en.wikipedia.org/wiki/June_5,1284-06-05,"1284– Battle of the Gulf of Naples: Roger of Lauria, admiral to King Peter III of Aragon, destroys the Neapolitan fleet and captures Charles of Salerno.",Wikipedia,exact,military and conflict,,Gregorian,target met,transregional,secondary reference,20,single-source verified,20,95
5,CE,1288,June,,,GHCD-06-05-1288-02,conflict,"The Battle of Worringen ends the War of the Limburg Succession, with John I, Duke of Brabant, being one of the more important victors.","The Battle of Worringen ends the War of the Limburg Succession, with John I, Duke of Brabant, being one of the more important victors.","June 5, 1288 CE",https://en.wikipedia.org/wiki/June_5,1288-06-05,"1288– The Battle of Worringen ends the War of the Limburg Succession, with John I, Duke of Brabant, being one of the more important victors.",Wikipedia,exact,military and conflict,,Gregorian,target met,transregional,secondary reference,20,single-source verified,20,95
5,CE,1794,June,,,GHCD-06-05-1794-03,conflict,Haitian Revolution: Battle of Port-Républicain: British troops capture the capital of Saint-Domingue.,Haitian Revolution: Battle of Port-Républicain: British troops capture the capital of Saint-Domingue.,"June 5, 1794 CE",https://en.wikipedia.org/wiki/June_5,1794-06-05,1794– Haitian Revolution: Battle of Port-Républicain: British troops capture the capital of Saint-Domingue.,Wikipedia,exact,military and conflict,,Gregorian,target met,transregional,secondary reference,20,single-source verified,20,95
5,CE,1817,June,,,GHCD-06-05-1817-04,historical event,"The first Great Lakes steamer, the Frontenac, is launched.","The first Great Lakes steamer, the Frontenac, is launched.","June 5, 1817 CE",https://en.wikipedia.org/wiki/June_5,1817-06-05,"1817– The first Great Lakes steamer, the Frontenac, is launched.",Wikipedia,exact,general history,,Gregorian,target met,transregional,secondary reference,20,single-source verified,20,82
5,CE,1849,June,,Europe,GHCD-06-05-1849-05,politics,Denmark becomes a constitutional monarchy by the signing of a new constitution.,Denmark becomes a constitutional monarchy by the signing of a new constitution.,"June 5, 1849 CE",https://en.wikipedia.org/wiki/June_5,1849-06-05,1849– Denmark becomes a constitutional monarchy by the signing of a new constitution.,Wikipedia,exact,politics and law,Denmark,Gregorian,target met,regional,secondary reference,20,single-source verified,20,82
5,CE,1862,June,,Europe,GHCD-06-05-1862-06,politics,"As the Treaty of Saigon is signed, ceding parts of southern Vietnam to France, the guerrilla leader Trương Định decides to defy Emperor Tự Đức of Vietnam and fight on against the Europeans.","As the Treaty of Saigon is signed, ceding parts of southern Vietnam to France, the guerrilla leader Trương Định decides to defy Emperor Tự Đức of Vietnam and fight on against th...","June 5, 1862 CE",https://en.wikipedia.org/wiki/June_5,1862-06-05,"1862– As the Treaty of Saigon is signed, ceding parts of southern Vietnam to France, the guerrilla leader Trương Định decides to defy Emperor Tự Đức of Vietnam and fight on against the Europeans.",Wikipedia,exact,politics and law,France,Gregorian,target met,regional,secondary reference,20,single-source verified,20,95
5,CE,1864,June,,,GHCD-06-05-1864-07,conflict,"American Civil War: Battle of Piedmont: Union forces under General David Hunter defeat a Confederate army at Piedmont, Virginia, taking nearly 1,000 prisoners.","American Civil War: Battle of Piedmont: Union forces under General David Hunter defeat a Confederate army at Piedmont, Virginia, taking nearly 1,000 prisoners.","June 5, 1864 CE",https://en.wikipedia.org/wiki/June_5,1864-06-05,"1864– American Civil War: Battle of Piedmont: Union forces under General David Hunter defeat a Confederate army at Piedmont, Virginia, taking nearly 1,000 prisoners.",Wikipedia,exact,military and conflict,,Gregorian,target met,transregional,secondary reference,20,single-source verified,20,95
5,CE,1873,June,,,GHCD-06-05-1873-08,politics,Sultan Barghash bin Said of Zanzibar closes the great slave market under the terms of a treaty with Great Britain.,Sultan Barghash bin Said of Zanzibar closes the great slave market under the terms of a treaty with Great Britain.,"June 5, 1873 CE",https://en.wikipedia.org/wiki/June_5,1873-06-05,1873– Sultan Barghash bin Said of Zanzibar closes the great slave market under the terms of a treaty with Great Britain.,Wikipedia,exact,politics and law,,Gregorian,target met,transregional,secondary reference,20,single-source verified,20,82
5,CE,1879,June,,,GHCD-06-05-1879-09,conflict,The Zungeni Mountain skirmish takes place between British and Zulu forces during the second invasion of the Zulu Kingdom.,The Zungeni Mountain skirmish takes place between British and Zulu forces during the second invasion of the Zulu Kingdom.,"June 5, 1879 CE",https://en.wikipedia.org/wiki/June_5,1879-06-05,1879– The Zungeni Mountain skirmish takes place between British and Zulu forces during the second invasion of the Zulu Kingdom.,Wikipedia,exact,military and conflict,,Gregorian,target met,transregional,secondary reference,20,single-source verified,20,95
5,CE,1915,June,,Europe,GHCD-06-05-1915-10,politics,Denmark amends its constitution to allow women's suffrage.,Denmark amends its constitution to allow women's suffrage.,"June 5, 1915 CE",https://en.wikipedia.org/wiki/June_5,1915-06-05,1915– Denmark amends its constitution to allow women's suffrage.,Wikipedia,exact,politics and law,Denmark,Gregorian,target met,regional,secondary reference,20,single-source verified,20,95
5,CE,1916,June,,North America,GHCD-06-05-1916-11,politics,Louis Brandeis is sworn in as a Justice of the United States Supreme Court; he is the first American Jew to hold such a position.,Louis Brandeis is sworn in as a Justice of the United States Supreme Court; he is the first American Jew to hold such a position.,"June 5, 1916 CE",https://en.wikipedia.org/wiki/June_5,1916-06-05,1916– Louis Brandeis is sworn in as a Justice of the United States Supreme Court; he is the first American Jew to hold such a position.,Wikipedia,exact,politics and law,United States,Gregorian,target met,regional,secondary reference,20,single-source verified,20,95
5,CE,1916,June,,,GHCD-06-05-1916-12,conflict,World War I: The Arab Revolt against the Ottoman Empire breaks out.,World War I: The Arab Revolt against the Ottoman Empire breaks out.,"June 5, 1916 CE",https://en.wikipedia.org/wiki/June_5,1916-06-05,1916– World War I: The Arab Revolt against the Ottoman Empire breaks out.,Wikipedia,exact,military and conflict,,Gregorian,target met,international,secondary reference,20,single-source verified,20,95
5,CE,1917,June,,North America,GHCD-06-05-1917-13,conflict,"World War I: Conscription begins in the United States as ""Army registration day"".","World War I: Conscription begins in the United States as ""Army registration day"".","June 5, 1917 CE",https://en.wikipedia.org/wiki/June_5,1917-06-05,"1917– World War I: Conscription begins in the United States as ""Army registration day"".",Wikipedia,exact,military and conflict,United States,Gregorian,target met,international,secondary reference,20,single-source verified,20,95
5,CE,1940,June,,Europe,GHCD-06-05-1940-14,conflict,"World War II: After a brief lull in the Battle of France, the Germans renew the offensive against the remaining French divisions south of the River Somme in Operation Fall Rot (""Case Red"").","World War II: After a brief lull in the Battle of France, the Germans renew the offensive against the remaining French divisions south of the River Somme in Operation Fall Rot (...","June 5, 1940 CE",https://en.wikipedia.org/wiki/June_5,1940-06-05,"1940– World War II: After a brief lull in the Battle of France, the Germans renew the offensive against the remaining French divisions south of the River Somme in Operation Fall Rot (""Case Red"").",Wikipedia,exact,military and conflict,France,Gregorian,target met,international,secondary reference,20,single-source verified,20,95
5,CE,1941,June,,,GHCD-06-05-1941-15,conflict,World War II: Four thousand Chongqing residents are asphyxiated in a bomb shelter during the Bombing of Chongqing.,World War II: Four thousand Chongqing residents are asphyxiated in a bomb shelter during the Bombing of Chongqing.,"June 5, 1941 CE",https://en.wikipedia.org/wiki/June_5,1941-06-05,1941– World War II: Four thousand Chongqing residents are asphyxiated in a bomb shelter during the Bombing of Chongqing.,Wikipedia,exact,military and conflict,,Gregorian,target met,international,secondary reference,20,single-source verified,20,95
5,CE,1942,June,,North America,GHCD-06-05-1942-16,conflict,"World War II: The United States declares war on Bulgaria, Hungary, and Romania.","World War II: The United States declares war on Bulgaria, Hungary, and Romania.","June 5, 1942 CE",https://en.wikipedia.org/wiki/June_5,1942-06-05,"1942– World War II: The United States declares war on Bulgaria, Hungary, and Romania.",Wikipedia,exact,military and conflict,United States,Gregorian,target met,international,secondary reference,20,single-source verified,20,95
5,CE,1944,June,,,GHCD-06-05-1944-17,conflict,"World War II: More than 1,000 British bombers drop 5,000 tons of bombs on German gun batteries on the Normandy coast in preparation for D-Day.","World War II: More than 1,000 British bombers drop 5,000 tons of bombs on German gun batteries on the Normandy coast in preparation for D-Day.","June 5, 1944 CE",https://en.wikipedia.org/wiki/June_5,1944-06-05,"1944– World War II: More than 1,000 British bombers drop 5,000 tons of bombs on German gun batteries on the Normandy coast in preparation for D-Day.",Wikipedia,exact,military and conflict,,Gregorian,target met,international,secondary reference,20,single-source verified,20,95
5,CE,1968,June,,,GHCD-06-05-1968-18,historical event,Presidential candidate Robert F. Kennedy is assassinated by Sirhan Sirhan.,Presidential candidate Robert F,"June 5, 1968 CE",https://en.wikipedia.org/wiki/June_5,1968-06-05,1968– Presidential candidate Robert F. Kennedy is assassinated by Sirhan Sirhan.,Wikipedia,exact,general history,,Gregorian,target met,transregional,secondary reference,20,single-source verified,20,95
5,CE,1975,June,,,GHCD-06-05-1975-19,conflict,The Suez Canal opens for the first time since the Six-Day War.,The Suez Canal opens for the first time since the Six-Day War.,"June 5, 1975 CE",https://en.wikipedia.org/wiki/June_5,1975-06-05,1975– The Suez Canal opens for the first time since the Six-Day War.,Wikipedia,exact,military and conflict,,Gregorian,target met,transregional,secondary reference,20,single-source verified,20,95
5,CE,1975,June,,Europe,GHCD-06-05-1975-20,historical event,The United Kingdom holds its first country-wide referendum on membership of the European Economic Community (EEC).,The United Kingdom holds its first country-wide referendum on membership of the European Economic Community (EEC).,"June 5, 1975 CE",https://en.wikipedia.org/wiki/June_5,1975-06-05,1975– The United Kingdom holds its first country-wide referendum on membership of the European Economic Community (EEC).,Wikipedia,exact,general history,United Kingdom,Gregorian,target met,regional,secondary reference,20,single-source verified,20,95
6,CE,1513,June,,,GHCD-06-06-1513-01,conflict,"War of the League of Cambrai: In the Battle of Novara, Swiss troops defeat the French under Louis II de la Trémoille, forcing them to abandon Milan; Duke Massimiliano Sforza is restored.","War of the League of Cambrai: In the Battle of Novara, Swiss troops defeat the French under Louis II de la Trémoille, forcing them to abandon Milan; Duke Massimiliano Sforza is...","June 6, 1513 CE",https://en.wikipedia.org/wiki/June_6,1513-06-06,"1513– War of the League of Cambrai: In the Battle of Novara, Swiss troops defeat the French under Louis II de la Trémoille, forcing them to abandon Milan; Duke Massimiliano Sforza is restored.",Wikipedia,exact,military and conflict,,Gregorian,target met,transregional,secondary reference,20,single-source verified,20,95
6,CE,1813,June,,,GHCD-06-06-1813-02,conflict,"War of 1812: In the Battle of Stoney Creek, considered a critical turning point in the war, a British force of 700 under John Vincent defeats an American force twice its size under William Winder and John Chandler.","War of 1812: In the Battle of Stoney Creek, considered a critical turning point in the war, a British force of 700 under John Vincent defeats an American force twice its size un...","June 6, 1813 CE",https://en.wikipedia.org/wiki/June_6,1813-06-06,"1813– War of 1812: In the Battle of Stoney Creek, considered a critical turning point in the war, a British force of 700 under John Vincent defeats an American force twice its size under William Winder and John Chandler.",Wikipedia,exact,military and conflict,,Gregorian,target met,transregional,secondary reference,20,single-source verified,20,95
6,CE,1844,June,,,GHCD-06-06-1844-03,historical event,The Young Men's Christian Association (YMCA) is founded in London.,The Young Men's Christian Association (YMCA) is founded in London.,"June 6, 1844 CE",https://en.wikipedia.org/wiki/June_6,1844-06-06,1844– The Young Men's Christian Association (YMCA) is founded in London.,Wikipedia,exact,general history,,Gregorian,target met,transregional,secondary reference,20,single-source verified,20,82
6,CE,1862,June,,,GHCD-06-06-1862-04,conflict,"American Civil War: The First Battle of Memphis, a naval engagement fought on the Mississippi River, results in the capture of Memphis, Tennessee by Union forces from the Confederates.","American Civil War: The First Battle of Memphis, a naval engagement fought on the Mississippi River, results in the capture of Memphis, Tennessee by Union forces from the Confed...","June 6, 1862 CE",https://en.wikipedia.org/wiki/June_6,1862-06-06,"1862– American Civil War: The First Battle of Memphis, a naval engagement fought on the Mississippi River, results in the capture of Memphis, Tennessee by Union forces from the Confederates.",Wikipedia,exact,military and conflict,,Gregorian,target met,transregional,secondary reference,20,single-source verified,20,95
6,CE,1882,June,,Africa,GHCD-06-06-1882-05,conflict,"The Shewan forces of Menelik II of Ethiopia defeat the Gojjame army in the Battle of Embabo. The Shewans capture Negus Tekle Haymanot of Gojjam, and their victory leads to a Shewan hegemony over the territories south of the Abay River.",The Shewan forces of Menelik II of Ethiopia defeat the Gojjame army in the Battle of Embabo,"June 6, 1882 CE",https://en.wikipedia.org/wiki/June_6,1882-06-06,"1882– The Shewan forces of Menelik II of Ethiopia defeat the Gojjame army in the Battle of Embabo. The Shewans capture Negus Tekle Haymanot of Gojjam, and their victory leads to a Shewan hegemony over the territories south of the Abay River.",Wikipedia,exact,military and conflict,Ethiopia,Gregorian,target met,regional,secondary reference,20,single-source verified,20,82
6,CE,1912,June,,,GHCD-06-06-1912-06,disaster,The eruption of Novarupta in Alaska begins. It is the largest volcanic eruption of the 20th century.,The eruption of Novarupta in Alaska begins,"June 6, 1912 CE",https://en.wikipedia.org/wiki/June_6,1912-06-06,1912– The eruption of Novarupta in Alaska begins. It is the largest volcanic eruption of the 20th century.,Wikipedia,exact,natural disaster,,Gregorian,target met,transregional,secondary reference,20,single-source verified,20,82
6,CE,1918,June,,,GHCD-06-06-1918-07,conflict,World War I: U.S. Marine Corps suffers its worst single day's casualties during the Battle of Belleau Wood while attempting to recapture the wood at Château-Thierry (the losses are exceeded at the Battle of Tarawa in November 1943).,World War I: U.S,"June 6, 1918 CE",https://en.wikipedia.org/wiki/June_6,1918-06-06,1918– World War I: U.S. Marine Corps suffers its worst single day's casualties during the Battle of Belleau Wood while attempting to recapture the wood at Château-Thierry (the losses are exceeded at the Battle of Tarawa in November 1943).,Wikipedia,exact,military and conflict,,Gregorian,target met,international,secondary reference,20,single-source verified,20,95
6,CE,1925,June,,,GHCD-06-06-1925-08,historical event,The original Chrysler Corporation is founded by Walter Chrysler from the remains of the Maxwell Motor Company.,The original Chrysler Corporation is founded by Walter Chrysler from the remains of the Maxwell Motor Company.,"June 6, 1925 CE",https://en.wikipedia.org/wiki/June_6,1925-06-06,1925– The original Chrysler Corporation is founded by Walter Chrysler from the remains of the Maxwell Motor Company.,Wikipedia,exact,general history,,Gregorian,target met,transregional,secondary reference,20,single-source verified,20,82
6,CE,1933,June,,,GHCD-06-06-1933-09,historical event,"The first drive-in theater opens in Camden, New Jersey.","The first drive-in theater opens in Camden, New Jersey.","June 6, 1933 CE",https://en.wikipedia.org/wiki/June_6,1933-06-06,"1933– The first drive-in theater opens in Camden, New Jersey.",Wikipedia,exact,general history,,Gregorian,target met,transregional,secondary reference,20,single-source verified,20,82
6,CE,1934,June,,,GHCD-06-06-1934-10,politics,"New Deal: U.S. President Franklin D. Roosevelt signs the Securities Exchange Act of 1934 into law, establishing the U.S. Securities and Exchange Commission.",New Deal: U.S,"June 6, 1934 CE",https://en.wikipedia.org/wiki/June_6,1934-06-06,"1934– New Deal: U.S. President Franklin D. Roosevelt signs the Securities Exchange Act of 1934 into law, establishing the U.S. Securities and Exchange Commission.",Wikipedia,exact,politics and law,,Gregorian,target met,transregional,secondary reference,20,single-source verified,20,82
6,CE,1942,June,,North America,GHCD-06-06-1942-11,conflict,"World War II: The United States Navy's victory over the Imperial Japanese Navy at the Battle of Midway is a major turning point in the Pacific Theater. All four Japanese fleet carriers taking part— Akagi, Kaga, Sōryū and Hiryū—are sunk, as is the heavy cruiser Mikuma. The American carrier Yorktown and the destroyer Hammann are also sunk.",World War II: The United States Navy's victory over the Imperial Japanese Navy at the Battle of Midway is a major turning point in the Pacific Theater,"June 6, 1942 CE",https://en.wikipedia.org/wiki/June_6,1942-06-06,"1942– World War II: The United States Navy's victory over the Imperial Japanese Navy at the Battle of Midway is a major turning point in the Pacific Theater. All four Japanese fleet carriers taking part— Akagi, Kaga, Sōryū and Hiryū—are sunk, as is the heavy cruiser Mikuma. The American carrier Yorktown and the destroyer Hammann are also sunk.",Wikipedia,exact,military and conflict,United States,Gregorian,target met,international,secondary reference,20,single-source verified,20,95
6,CE,1944,June,,,GHCD-06-06-1944-12,conflict,"World War II: Commencement of Operation Overlord: The Allied invasion of Normandy begins with the execution of Operation Neptune—commonly referred to as D-Day—the largest seaborne invasion in history. Nearly 160,000 Allied troops cross the English Channel with about 5,000 landing and assault craft, 289 escort vessels, and 277 minesweepers participating. By the end of the day, the Allies have landed on five invasion beaches and are pushing inland.",World War II: Commencement of Operation Overlord: The Allied invasion of Normandy begins with the execution of Operation Neptune—commonly referred to as D-Day—the largest seabor...,"June 6, 1944 CE",https://en.wikipedia.org/wiki/June_6,1944-06-06,"1944– World War II: Commencement of Operation Overlord: The Allied invasion of Normandy begins with the execution of Operation Neptune—commonly referred to as D-Day—the largest seaborne invasion in history. Nearly 160,000 Allied troops cross the English Channel with about 5,000 landing and assault craft, 289 escort vessels, and 277 minesweepers participating. By the end of the day, the Allies have landed on five invasion beaches and are pushing inland.",Wikipedia,exact,military and conflict,,Gregorian,target met,international,secondary reference,20,single-source verified,20,95
6,CE,1944,June,,,GHCD-06-06-1944-13,conflict,"World War II: Capture of the Caen canal and Orne river bridges by British paratroopers, also known as Operation Coup de Main (incorrectly referred to as Operation Deadstick.)","World War II: Capture of the Caen canal and Orne river bridges by British paratroopers, also known as Operation Coup de Main (incorrectly referred to as Operation Deadstick.)","June 6, 1944 CE",https://en.wikipedia.org/wiki/June_6,1944-06-06,"1944– World War II: Capture of the Caen canal and Orne river bridges by British paratroopers, also known as Operation Coup de Main (incorrectly referred to as Operation Deadstick.)",Wikipedia,exact,military and conflict,,Gregorian,target met,international,secondary reference,20,single-source verified,20,95
6,CE,1966,June,,,GHCD-06-06-1966-14,conflict,"March Against Fear: African-American civil rights activist James Meredith is wounded in an ambush by white sniper James Aubrey Norvell. Meredith and Norvell are photographed by Jack R. Thornell, whose photo will receive the 1967 Pulitzer Prize in Photography, the last one to be awarded in the category.",March Against Fear: African-American civil rights activist James Meredith is wounded in an ambush by white sniper James Aubrey Norvell,"June 6, 1966 CE",https://en.wikipedia.org/wiki/June_6,1966-06-06,"1966– March Against Fear: African-American civil rights activist James Meredith is wounded in an ambush by white sniper James Aubrey Norvell. Meredith and Norvell are photographed by Jack R. Thornell, whose photo will receive the 1967 Pulitzer Prize in Photography, the last one to be awarded in the category.",Wikipedia,exact,military and conflict,,Gregorian,target met,transregional,secondary reference,20,single-source verified,20,95
6,CE,1971,June,,,GHCD-06-06-1971-15,historical event,"Soyuz 11 is launched. The mission ends in disaster when all three cosmonauts, Georgy Dobrovolsky, Vladislav Volkov, and Viktor Patsayev are suffocated by uncontrolled decompression of the capsule during re-entry on 29 June.",Soyuz 11 is launched,"June 6, 1971 CE",https://en.wikipedia.org/wiki/June_6,1971-06-06,"1971– Soyuz 11 is launched. The mission ends in disaster when all three cosmonauts, Georgy Dobrovolsky, Vladislav Volkov, and Viktor Patsayev are suffocated by uncontrolled decompression of the capsule during re-entry on 29 June.",Wikipedia,exact,general history,,Gregorian,target met,transregional,secondary reference,20,single-source verified,20,95
6,CE,1976,June,,,GHCD-06-06-1976-16,historical event,"Chief Minister of Sabah Faud Stephens, Peter Joinud Mojuntin, and several other politicians are killed in a plane crash near Kota Kinabalu International Airport in Malaysia.","Chief Minister of Sabah Faud Stephens, Peter Joinud Mojuntin, and several other politicians are killed in a plane crash near Kota Kinabalu International Airport in Malaysia.","June 6, 1976 CE",https://en.wikipedia.org/wiki/June_6,1976-06-06,"1976– Chief Minister of Sabah Faud Stephens, Peter Joinud Mojuntin, and several other politicians are killed in a plane crash near Kota Kinabalu International Airport in Malaysia.",Wikipedia,exact,general history,,Gregorian,target met,international,secondary reference,20,single-source verified,20,82
6,CE,1982,June,,Asia,GHCD-06-06-1982-17,conflict,"1982 Lebanon War: The war begins as forces under Israeli Defense Minister Ariel Sharon invade southern Lebanon during Operation Peace for the Galilee, eventually reaching as far north as the capital Beirut.","1982 Lebanon War: The war begins as forces under Israeli Defense Minister Ariel Sharon invade southern Lebanon during Operation Peace for the Galilee, eventually reaching as far...","June 6, 1982 CE",https://en.wikipedia.org/wiki/June_6,1982-06-06,"1982– 1982 Lebanon War: The war begins as forces under Israeli Defense Minister Ariel Sharon invade southern Lebanon during Operation Peace for the Galilee, eventually reaching as far north as the capital Beirut.",Wikipedia,exact,military and conflict,Lebanon,Gregorian,target met,regional,secondary reference,20,single-source verified,20,82
6,CE,1992,June,,,GHCD-06-06-1992-18,science and technology,"Copa Airlines Flight 201 breaks apart in mid-air and crashes into the Darién Gap in Panama, killing all 47 aboard.","Copa Airlines Flight 201 breaks apart in mid-air and crashes into the Darién Gap in Panama, killing all 47 aboard.","June 6, 1992 CE",https://en.wikipedia.org/wiki/June_6,1992-06-06,"1992– Copa Airlines Flight 201 breaks apart in mid-air and crashes into the Darién Gap in Panama, killing all 47 aboard.",Wikipedia,exact,science and technology,,Gregorian,target met,transregional,secondary reference,20,single-source verified,20,82
6,CE,1993,June,,,GHCD-06-06-1993-19,politics,Punsalmaagiin Ochirbat wins the first presidential election in Mongolia.,Punsalmaagiin Ochirbat wins the first presidential election in Mongolia.,"June 6, 1993 CE",https://en.wikipedia.org/wiki/June_6,1993-06-06,1993– Punsalmaagiin Ochirbat wins the first presidential election in Mongolia.,Wikipedia,exact,politics and law,,Gregorian,target met,transregional,secondary reference,20,single-source verified,20,95
6,CE,1994,June,,Asia,GHCD-06-06-1994-20,science and technology,"China Northwest Airlines Flight 2303 crashes near Xi'an Xianyang International Airport, killing all 160 people on board.","China Northwest Airlines Flight 2303 crashes near Xi'an Xianyang International Airport, killing all 160 people on board.","June 6, 1994 CE",https://en.wikipedia.org/wiki/June_6,1994-06-06,"1994– China Northwest Airlines Flight 2303 crashes near Xi'an Xianyang International Airport, killing all 160 people on board.",Wikipedia,exact,science and technology,China,Gregorian,target met,international,secondary reference,20,single-source verified,20,82
7,CE,1002,June,,Europe,GHCD-06-07-1002-01,historical event,"Henry II, a cousin of Emperor Otto III, is elected and crowned King of Germany.","Henry II, a cousin of Emperor Otto III, is elected and crowned King of Germany.","June 7, 1002 CE",https://en.wikipedia.org/wiki/June_7,1002-06-07,"1002– Henry II, a cousin of Emperor Otto III, is elected and crowned King of Germany.",Wikipedia,exact,general history,Germany,Gregorian,target met,regional,secondary reference,20,single-source verified,20,95
7,CE,1776,June,,North America,GHCD-06-07-1776-02,politics,"American Revolution: Richard Henry Lee proposes the "" Lee Resolution"" to the Second Continental Congress, with the motion being seconded by John Adams and leading to the United States Declaration of Independence.","American Revolution: Richard Henry Lee proposes the "" Lee Resolution"" to the Second Continental Congress, with the motion being seconded by John Adams and leading to the United...","June 7, 1776 CE",https://en.wikipedia.org/wiki/June_7,1776-06-07,"1776– American Revolution: Richard Henry Lee proposes the "" Lee Resolution"" to the Second Continental Congress, with the motion being seconded by John Adams and leading to the United States Declaration of Independence.",Wikipedia,exact,politics and law,United States,Gregorian,target met,regional,secondary reference,20,single-source verified,20,95
7,CE,1810,June,,South America,GHCD-06-07-1810-03,historical event,The newspaper Gazeta de Buenos Ayres is first published in Argentina.,The newspaper Gazeta de Buenos Ayres is first published in Argentina.,"June 7, 1810 CE",https://en.wikipedia.org/wiki/June_7,1810-06-07,1810– The newspaper Gazeta de Buenos Ayres is first published in Argentina.,Wikipedia,exact,general history,Argentina,Gregorian,target met,regional,secondary reference,20,single-source verified,20,82
7,CE,1862,June,,North America,GHCD-06-07-1862-04,conflict,The United States and the United Kingdom agree in the Lyons–Seward Treaty to suppress the African slave trade.,The United States and the United Kingdom agree in the Lyons–Seward Treaty to suppress the African slave trade.,"June 7, 1862 CE",https://en.wikipedia.org/wiki/June_7,1862-06-07,1862– The United States and the United Kingdom agree in the Lyons–Seward Treaty to suppress the African slave trade.,Wikipedia,exact,military and conflict,United States,Gregorian,target met,regional,secondary reference,20,single-source verified,20,95
7,CE,1880,June,,,GHCD-06-07-1880-05,conflict,"War of the Pacific: The Battle of Arica, the assault and capture of Morro de Arica (Arica Cape), ends the Campaña del Desierto (Desert Campaign).","War of the Pacific: The Battle of Arica, the assault and capture of Morro de Arica (Arica Cape), ends the Campaña del Desierto (Desert Campaign).","June 7, 1880 CE",https://en.wikipedia.org/wiki/June_7,1880-06-07,"1880– War of the Pacific: The Battle of Arica, the assault and capture of Morro de Arica (Arica Cape), ends the Campaña del Desierto (Desert Campaign).",Wikipedia,exact,military and conflict,,Gregorian,target met,transregional,secondary reference,20,single-source verified,20,95
7,CE,1917,June,,,GHCD-06-07-1917-06,conflict,"World War I: Battle of Messines: Allied soldiers detonate a series of mines underneath German trenches at Messines Ridge, killing 10,000 German troops.","World War I: Battle of Messines: Allied soldiers detonate a series of mines underneath German trenches at Messines Ridge, killing 10,000 German troops.","June 7, 1917 CE",https://en.wikipedia.org/wiki/June_7,1917-06-07,"1917– World War I: Battle of Messines: Allied soldiers detonate a series of mines underneath German trenches at Messines Ridge, killing 10,000 German troops.",Wikipedia,exact,military and conflict,,Gregorian,target met,international,secondary reference,20,single-source verified,20,95
7,CE,1929,June,,,GHCD-06-07-1929-07,politics,"The Lateran Treaty is ratified, bringing Vatican City into existence.","The Lateran Treaty is ratified, bringing Vatican City into existence.","June 7, 1929 CE",https://en.wikipedia.org/wiki/June_7,1929-06-07,"1929– The Lateran Treaty is ratified, bringing Vatican City into existence.",Wikipedia,exact,politics and law,,Gregorian,target met,transregional,secondary reference,20,single-source verified,20,82
7,CE,1938,June,,,GHCD-06-07-1938-08,science and technology,The Douglas DC-4E makes its first test flight.,The Douglas DC-4E makes its first test flight.,"June 7, 1938 CE",https://en.wikipedia.org/wiki/June_7,1938-06-07,1938– The Douglas DC-4E makes its first test flight.,Wikipedia,exact,science and technology,,Gregorian,target met,transregional,secondary reference,20,single-source verified,20,82
7,CE,1938,June,,,GHCD-06-07-1938-09,conflict,Second Sino-Japanese War: The Chinese Nationalist government creates the 1938 Yellow River flood to halt Japanese forces. Five hundred thousand to nine hundred thousand civilians are killed.,Second Sino-Japanese War: The Chinese Nationalist government creates the 1938 Yellow River flood to halt Japanese forces,"June 7, 1938 CE",https://en.wikipedia.org/wiki/June_7,1938-06-07,1938– Second Sino-Japanese War: The Chinese Nationalist government creates the 1938 Yellow River flood to halt Japanese forces. Five hundred thousand to nine hundred thousand civilians are killed.,Wikipedia,exact,military and conflict,,Gregorian,target met,transregional,secondary reference,20,single-source verified,20,82
7,CE,1940,June,,,GHCD-06-07-1940-10,historical event,"King Haakon VII, Crown Prince Olav and the Norwegian government leave Tromsø and go into exile in London. They return exactly five years later.","King Haakon VII, Crown Prince Olav and the Norwegian government leave Tromsø and go into exile in London","June 7, 1940 CE",https://en.wikipedia.org/wiki/June_7,1940-06-07,"1940– King Haakon VII, Crown Prince Olav and the Norwegian government leave Tromsø and go into exile in London. They return exactly five years later.",Wikipedia,exact,general history,,Gregorian,target met,transregional,secondary reference,20,single-source verified,20,82
7,CE,1942,June,,,GHCD-06-07-1942-11,conflict,World War II: The Battle of Midway ends in American victory.,World War II: The Battle of Midway ends in American victory.,"June 7, 1942 CE",https://en.wikipedia.org/wiki/June_7,1942-06-07,1942– World War II: The Battle of Midway ends in American victory.,Wikipedia,exact,military and conflict,,Gregorian,target met,international,secondary reference,20,single-source verified,20,95
7,CE,1942,June,,,GHCD-06-07-1942-12,conflict,"World War II: Aleutian Islands Campaign: Imperial Japanese soldiers begin occupying the American islands of Attu and Kiska, in the Aleutian Islands off Alaska.","World War II: Aleutian Islands Campaign: Imperial Japanese soldiers begin occupying the American islands of Attu and Kiska, in the Aleutian Islands off Alaska.","June 7, 1942 CE",https://en.wikipedia.org/wiki/June_7,1942-06-07,"1942– World War II: Aleutian Islands Campaign: Imperial Japanese soldiers begin occupying the American islands of Attu and Kiska, in the Aleutian Islands off Alaska.",Wikipedia,exact,military and conflict,,Gregorian,target met,international,secondary reference,20,single-source verified,20,95
7,CE,1944,June,,,GHCD-06-07-1944-13,conflict,"World War II: Battle of Normandy: At Ardenne Abbey, members of the SS Division Hitlerjugend massacre 23 Canadian prisoners of war.","World War II: Battle of Normandy: At Ardenne Abbey, members of the SS Division Hitlerjugend massacre 23 Canadian prisoners of war.","June 7, 1944 CE",https://en.wikipedia.org/wiki/June_7,1944-06-07,"1944– World War II: Battle of Normandy: At Ardenne Abbey, members of the SS Division Hitlerjugend massacre 23 Canadian prisoners of war.",Wikipedia,exact,military and conflict,,Gregorian,target met,international,secondary reference,20,single-source verified,20,95
7,CE,1945,June,,Europe,GHCD-06-07-1945-14,conflict,King Haakon VII of Norway returns from exactly five years in exile during World War II.,King Haakon VII of Norway returns from exactly five years in exile during World War II.,"June 7, 1945 CE",https://en.wikipedia.org/wiki/June_7,1945-06-07,1945– King Haakon VII of Norway returns from exactly five years in exile during World War II.,Wikipedia,exact,military and conflict,Norway,Gregorian,target met,international,secondary reference,20,single-source verified,20,95
7,CE,1946,June,,Europe,GHCD-06-07-1946-15,conflict,"The United Kingdom's BBC returns to broadcasting its television service, which has been off air for seven years because of World War II.","The United Kingdom's BBC returns to broadcasting its television service, which has been off air for seven years because of World War II.","June 7, 1946 CE",https://en.wikipedia.org/wiki/June_7,1946-06-07,"1946– The United Kingdom's BBC returns to broadcasting its television service, which has been off air for seven years because of World War II.",Wikipedia,exact,military and conflict,United Kingdom,Gregorian,target met,international,secondary reference,20,single-source verified,20,95
7,CE,1948,June,,,GHCD-06-07-1948-16,politics,"Edvard Beneš resigns as President of Czechoslovakia rather than signing the Ninth-of-May Constitution, making his nation a Communist state.","Edvard Beneš resigns as President of Czechoslovakia rather than signing the Ninth-of-May Constitution, making his nation a Communist state.","June 7, 1948 CE",https://en.wikipedia.org/wiki/June_7,1948-06-07,"1948– Edvard Beneš resigns as President of Czechoslovakia rather than signing the Ninth-of-May Constitution, making his nation a Communist state.",Wikipedia,exact,politics and law,,Gregorian,target met,transregional,secondary reference,20,single-source verified,20,95
7,CE,1965,June,,North America,GHCD-06-07-1965-17,conflict,"The Supreme Court of the United States hands down its decision in Griswold v. Connecticut, prohibiting the states from criminalizing the use of contraception by married couples.",The Supreme Court of the United States hands down its decision in Griswold v,"June 7, 1965 CE",https://en.wikipedia.org/wiki/June_7,1965-06-07,"1965– The Supreme Court of the United States hands down its decision in Griswold v. Connecticut, prohibiting the states from criminalizing the use of contraception by married couples.",Wikipedia,exact,military and conflict,United States,Gregorian,target met,regional,secondary reference,20,single-source verified,20,95
7,CE,1967,June,,,GHCD-06-07-1967-18,conflict,Six-Day War: Israeli soldiers enter Jerusalem.,Six-Day War: Israeli soldiers enter Jerusalem.,"June 7, 1967 CE",https://en.wikipedia.org/wiki/June_7,1967-06-07,1967– Six-Day War: Israeli soldiers enter Jerusalem.,Wikipedia,exact,military and conflict,,Gregorian,target met,transregional,secondary reference,20,single-source verified,20,82
7,CE,1971,June,,North America,GHCD-06-07-1971-19,politics,"The United States Supreme Court overturns the conviction of Paul Cohen for disturbing the peace, setting the precedent that vulgar writing is protected under the First Amendment to the United States Constitution.","The United States Supreme Court overturns the conviction of Paul Cohen for disturbing the peace, setting the precedent that vulgar writing is protected under the First Amendment...","June 7, 1971 CE",https://en.wikipedia.org/wiki/June_7,1971-06-07,"1971– The United States Supreme Court overturns the conviction of Paul Cohen for disturbing the peace, setting the precedent that vulgar writing is protected under the First Amendment to the United States Constitution.",Wikipedia,exact,politics and law,United States,Gregorian,target met,regional,secondary reference,20,single-source verified,20,95
7,CE,1971,June,,,GHCD-06-07-1971-20,science and technology,"Allegheny Airlines Flight 485 crashes on approach to Tweed New Haven Airport in New Haven, Connecticut, killing 28 of 31 aboard.","Allegheny Airlines Flight 485 crashes on approach to Tweed New Haven Airport in New Haven, Connecticut, killing 28 of 31 aboard.","June 7, 1971 CE",https://en.wikipedia.org/wiki/June_7,1971-06-07,"1971– Allegheny Airlines Flight 485 crashes on approach to Tweed New Haven Airport in New Haven, Connecticut, killing 28 of 31 aboard.",Wikipedia,exact,science and technology,,Gregorian,target met,transregional,secondary reference,20,single-source verified,20,82
8,CE,218,June,,,GHCD-06-08-0218-01,conflict,"Battle of Antioch: With the support of the Syrian legions, Elagabalus defeats the forces of emperor Macrinus.","Battle of Antioch: With the support of the Syrian legions, Elagabalus defeats the forces of emperor Macrinus.","June 8, 218 CE",https://en.wikipedia.org/wiki/June_8,0218-06-08,"218– Battle of Antioch: With the support of the Syrian legions, Elagabalus defeats the forces of emperor Macrinus.",Wikipedia,exact,military and conflict,,Gregorian,target met,transregional,secondary reference,20,single-source verified,20,95
8,CE,1042,June,,Europe,GHCD-06-08-1042-02,conflict,Edward the Confessor becomes King of England– the country's penultimate Anglo-Saxon king.,Edward the Confessor becomes King of England– the country's penultimate Anglo-Saxon king.,"June 8, 1042 CE",https://en.wikipedia.org/wiki/June_8,1042-06-08,1042– Edward the Confessor becomes King of England– the country's penultimate Anglo-Saxon king.,Wikipedia,exact,military and conflict,United Kingdom,Gregorian,target met,regional,secondary reference,20,single-source verified,20,95
8,CE,1663,June,,Europe,GHCD-06-08-1663-03,conflict,Portuguese Restoration War: Portuguese victory at the Battle of Ameixial ensures Portugal's independence from Spain.,Portuguese Restoration War: Portuguese victory at the Battle of Ameixial ensures Portugal's independence from Spain.,"June 8, 1663 CE",https://en.wikipedia.org/wiki/June_8,1663-06-08,1663– Portuguese Restoration War: Portuguese victory at the Battle of Ameixial ensures Portugal's independence from Spain.,Wikipedia,exact,military and conflict,Spain,Gregorian,target met,regional,secondary reference,20,single-source verified,20,95
8,CE,1776,June,,,GHCD-06-08-1776-04,conflict,American Revolutionary War: Continental Army attackers are driven back at the Battle of Trois-Rivières.,American Revolutionary War: Continental Army attackers are driven back at the Battle of Trois-Rivières.,"June 8, 1776 CE",https://en.wikipedia.org/wiki/June_8,1776-06-08,1776– American Revolutionary War: Continental Army attackers are driven back at the Battle of Trois-Rivières.,Wikipedia,exact,military and conflict,,Gregorian,target met,transregional,secondary reference,20,single-source verified,20,95
8,CE,1861,June,,,GHCD-06-08-1861-05,conflict,American Civil War: Tennessee secedes from the Union.,American Civil War: Tennessee secedes from the Union.,"June 8, 1861 CE",https://en.wikipedia.org/wiki/June_8,1861-06-08,1861– American Civil War: Tennessee secedes from the Union.,Wikipedia,exact,military and conflict,,Gregorian,target met,transregional,secondary reference,20,single-source verified,20,82
8,CE,1862,June,,,GHCD-06-08-1862-06,conflict,"American Civil War: A Confederate victory by forces under General Stonewall Jackson at the Battle of Cross Keys, along with the Battle of Port Republic the next day, prevents Union forces from reinforcing General George B. McClellan in his Peninsula campaign.","American Civil War: A Confederate victory by forces under General Stonewall Jackson at the Battle of Cross Keys, along with the Battle of Port Republic the next day, prevents Un...","June 8, 1862 CE",https://en.wikipedia.org/wiki/June_8,1862-06-08,"1862– American Civil War: A Confederate victory by forces under General Stonewall Jackson at the Battle of Cross Keys, along with the Battle of Port Republic the next day, prevents Union forces from reinforcing General George B. McClellan in his Peninsula campaign.",Wikipedia,exact,military and conflict,,Gregorian,target met,transregional,secondary reference,20,single-source verified,20,95
8,CE,1867,June,,Europe,GHCD-06-08-1867-07,historical event,Coronation of Franz Joseph as King of Hungary following the Austro-Hungarian compromise (Ausgleich).,Coronation of Franz Joseph as King of Hungary following the Austro-Hungarian compromise (Ausgleich).,"June 8, 1867 CE",https://en.wikipedia.org/wiki/June_8,1867-06-08,1867– Coronation of Franz Joseph as King of Hungary following the Austro-Hungarian compromise (Ausgleich).,Wikipedia,exact,general history,Hungary,Gregorian,target met,regional,secondary reference,20,single-source verified,20,95
8,CE,1906,June,,,GHCD-06-08-1906-08,politics,"Theodore Roosevelt signs the Antiquities Act into law, authorizing the President to restrict the use of certain parcels of public land with historical or conservation value.","Theodore Roosevelt signs the Antiquities Act into law, authorizing the President to restrict the use of certain parcels of public land with historical or conservation value.","June 8, 1906 CE",https://en.wikipedia.org/wiki/June_8,1906-06-08,"1906– Theodore Roosevelt signs the Antiquities Act into law, authorizing the President to restrict the use of certain parcels of public land with historical or conservation value.",Wikipedia,exact,politics and law,,Gregorian,target met,transregional,secondary reference,20,single-source verified,20,82
8,CE,1928,June,,,GHCD-06-08-1928-09,conflict,"Second Northern Expedition: The National Revolutionary Army captures Beijing, whose name is changed to Beiping (""Northern Peace"").","Second Northern Expedition: The National Revolutionary Army captures Beijing, whose name is changed to Beiping (""Northern Peace"").","June 8, 1928 CE",https://en.wikipedia.org/wiki/June_8,1928-06-08,"1928– Second Northern Expedition: The National Revolutionary Army captures Beijing, whose name is changed to Beiping (""Northern Peace"").",Wikipedia,exact,military and conflict,,Gregorian,target met,transregional,secondary reference,20,single-source verified,20,82
8,CE,1929,June,,Europe,GHCD-06-08-1929-10,historical event,Margaret Bondfield is appointed Minister of Labour. She is the first woman appointed to the Cabinet of the United Kingdom.,Margaret Bondfield is appointed Minister of Labour,"June 8, 1929 CE",https://en.wikipedia.org/wiki/June_8,1929-06-08,1929– Margaret Bondfield is appointed Minister of Labour. She is the first woman appointed to the Cabinet of the United Kingdom.,Wikipedia,exact,general history,United Kingdom,Gregorian,target met,regional,secondary reference,20,single-source verified,20,95
8,CE,1940,June,,,GHCD-06-08-1940-11,conflict,"World War II: The completion of Operation Alphabet, the evacuation of Allied forces from Narvik at the end of the Norwegian campaign.","World War II: The completion of Operation Alphabet, the evacuation of Allied forces from Narvik at the end of the Norwegian campaign.","June 8, 1940 CE",https://en.wikipedia.org/wiki/June_8,1940-06-08,"1940– World War II: The completion of Operation Alphabet, the evacuation of Allied forces from Narvik at the end of the Norwegian campaign.",Wikipedia,exact,military and conflict,,Gregorian,target met,international,secondary reference,20,single-source verified,20,95
8,CE,1941,June,,Europe,GHCD-06-08-1941-12,conflict,World War II: The Allies commence the Syria–Lebanon Campaign against the possessions of Vichy France in the Levant.,World War II: The Allies commence the Syria–Lebanon Campaign against the possessions of Vichy France in the Levant.,"June 8, 1941 CE",https://en.wikipedia.org/wiki/June_8,1941-06-08,1941– World War II: The Allies commence the Syria–Lebanon Campaign against the possessions of Vichy France in the Levant.,Wikipedia,exact,military and conflict,France,Gregorian,target met,international,secondary reference,20,single-source verified,20,95
8,CE,1942,June,,,GHCD-06-08-1942-13,conflict,World War II: The Imperial Japanese Navy submarines I-21 and I-24 shell the Australian cities of Sydney and Newcastle.,World War II: The Imperial Japanese Navy submarines I-21 and I-24 shell the Australian cities of Sydney and Newcastle.,"June 8, 1942 CE",https://en.wikipedia.org/wiki/June_8,1942-06-08,1942– World War II: The Imperial Japanese Navy submarines I-21 and I-24 shell the Australian cities of Sydney and Newcastle.,Wikipedia,exact,military and conflict,,Gregorian,target met,international,secondary reference,20,single-source verified,20,95
8,CE,1943,June,,,GHCD-06-08-1943-14,conflict,World War II: The two-day Battle of Porta between the Royal Italian Army and the Greek People's Liberation Army begins.,World War II: The two-day Battle of Porta between the Royal Italian Army and the Greek People's Liberation Army begins.,"June 8, 1943 CE",https://en.wikipedia.org/wiki/June_8,1943-06-08,1943– World War II: The two-day Battle of Porta between the Royal Italian Army and the Greek People's Liberation Army begins.,Wikipedia,exact,military and conflict,,Gregorian,target met,international,secondary reference,20,single-source verified,20,95
8,CE,1953,June,,North America,GHCD-06-08-1953-15,politics,"The United States Supreme Court rules in District of Columbia v. John R. Thompson Co. that restaurants in Washington, D.C., cannot refuse to serve black patrons.",The United States Supreme Court rules in District of Columbia v,"June 8, 1953 CE",https://en.wikipedia.org/wiki/June_8,1953-06-08,"1953– The United States Supreme Court rules in District of Columbia v. John R. Thompson Co. that restaurants in Washington, D.C., cannot refuse to serve black patrons.",Wikipedia,exact,politics and law,United States,Gregorian,target met,regional,secondary reference,20,single-source verified,20,82
8,CE,1961,June,,,GHCD-06-08-1961-16,conflict,"Marriage of Prince Edward, Duke of Kent to Katharine Worsley at York Minster.","Marriage of Prince Edward, Duke of Kent to Katharine Worsley at York Minster.","June 8, 1961 CE",https://en.wikipedia.org/wiki/June_8,1961-06-08,"1961– Marriage of Prince Edward, Duke of Kent to Katharine Worsley at York Minster.",Wikipedia,exact,military and conflict,,Gregorian,target met,transregional,secondary reference,20,single-source verified,20,82
8,CE,1966,June,,North America,GHCD-06-08-1966-17,conflict,"An F-104 Starfighter collides with XB-70 Valkyrie prototype no. 2, destroying both aircraft during a photo shoot near Edwards Air Force Base. Joseph A. Walker, a NASA test pilot, and Carl Cross, a United States Air Force test pilot, are both killed.",An F-104 Starfighter collides with XB-70 Valkyrie prototype no,"June 8, 1966 CE",https://en.wikipedia.org/wiki/June_8,1966-06-08,"1966– An F-104 Starfighter collides with XB-70 Valkyrie prototype no. 2, destroying both aircraft during a photo shoot near Edwards Air Force Base. Joseph A. Walker, a NASA test pilot, and Carl Cross, a United States Air Force test pilot, are both killed.",Wikipedia,exact,military and conflict,United States,Gregorian,target met,regional,secondary reference,20,single-source verified,20,82
8,CE,1967,June,,North America,GHCD-06-08-1967-18,conflict,"Six-Day War: The USS Liberty incident: A United States Navy spy ship is attacked by the Israeli Air Force and Navy, resulting in 34 deaths and 171 wounded.","Six-Day War: The USS Liberty incident: A United States Navy spy ship is attacked by the Israeli Air Force and Navy, resulting in 34 deaths and 171 wounded.","June 8, 1967 CE",https://en.wikipedia.org/wiki/June_8,1967-06-08,"1967– Six-Day War: The USS Liberty incident: A United States Navy spy ship is attacked by the Israeli Air Force and Navy, resulting in 34 deaths and 171 wounded.",Wikipedia,exact,military and conflict,United States,Gregorian,target met,regional,secondary reference,20,single-source verified,20,82
8,CE,1968,June,,,GHCD-06-08-1968-19,historical event,"James Earl Ray, the man who assassinated Martin Luther King Jr. is arrested at London Heathrow Airport.","James Earl Ray, the man who assassinated Martin Luther King Jr","June 8, 1968 CE",https://en.wikipedia.org/wiki/June_8,1968-06-08,"1968– James Earl Ray, the man who assassinated Martin Luther King Jr. is arrested at London Heathrow Airport.",Wikipedia,exact,general history,,Gregorian,target met,transregional,secondary reference,20,single-source verified,20,95
8,CE,1972,June,,Asia,GHCD-06-08-1972-20,conflict,"Vietnam War: Nine-year-old Phan Thị Kim Phúc is burned by napalm, an event captured in a photograph moments later while the young girl is seen running naked down a road, in what would become an iconic, Pulitzer Prize-winning photo.","Vietnam War: Nine-year-old Phan Thị Kim Phúc is burned by napalm, an event captured in a photograph moments later while the young girl is seen running naked down a road, in what...","June 8, 1972 CE",https://en.wikipedia.org/wiki/June_8,1972-06-08,"1972– Vietnam War: Nine-year-old Phan Thị Kim Phúc is burned by napalm, an event captured in a photograph moments later while the young girl is seen running naked down a road, in what would become an iconic, Pulitzer Prize-winning photo.",Wikipedia,exact,military and conflict,Vietnam,Gregorian,target met,regional,secondary reference,20,single-source verified,20,82
9,CE,53,June,,,GHCD-06-09-0053-01,historical event,The Roman emperor Nero marries Claudia Octavia.,The Roman emperor Nero marries Claudia Octavia.,"June 9, 53 CE",https://en.wikipedia.org/wiki/June_9,0053-06-09,53– The Roman emperor Nero marries Claudia Octavia.,Wikipedia,exact,general history,,Gregorian,target met,transregional,secondary reference,20,single-source verified,20,79
9,CE,68,June,,,GHCD-06-09-0068-02,conflict,"Nero dies by suicide after quoting Vergil's Aeneid, thus ending the Julio-Claudian dynasty and starting the civil war known as the Year of the Four Emperors.","Nero dies by suicide after quoting Vergil's Aeneid, thus ending the Julio-Claudian dynasty and starting the civil war known as the Year of the Four Emperors.","June 9, 68 CE",https://en.wikipedia.org/wiki/June_9,0068-06-09,"68– Nero dies by suicide after quoting Vergil's Aeneid, thus ending the Julio-Claudian dynasty and starting the civil war known as the Year of the Four Emperors.",Wikipedia,exact,military and conflict,,Gregorian,target met,transregional,secondary reference,20,single-source verified,20,95
9,CE,1862,June,,,GHCD-06-09-1862-03,conflict,American Civil War: Stonewall Jackson concludes his successful Shenandoah Valley Campaign with a victory in the Battle of Port Republic.,American Civil War: Stonewall Jackson concludes his successful Shenandoah Valley Campaign with a victory in the Battle of Port Republic.,"June 9, 1862 CE",https://en.wikipedia.org/wiki/June_9,1862-06-09,1862– American Civil War: Stonewall Jackson concludes his successful Shenandoah Valley Campaign with a victory in the Battle of Port Republic.,Wikipedia,exact,military and conflict,,Gregorian,target met,transregional,secondary reference,20,single-source verified,20,95
9,CE,1863,June,,,GHCD-06-09-1863-04,conflict,"American Civil War: The Battle of Brandy Station in Virginia, the largest cavalry battle on American soil, ends Confederate cavalry dominance in the eastern theater.","American Civil War: The Battle of Brandy Station in Virginia, the largest cavalry battle on American soil, ends Confederate cavalry dominance in the eastern theater.","June 9, 1863 CE",https://en.wikipedia.org/wiki/June_9,1863-06-09,"1863– American Civil War: The Battle of Brandy Station in Virginia, the largest cavalry battle on American soil, ends Confederate cavalry dominance in the eastern theater.",Wikipedia,exact,military and conflict,,Gregorian,target met,transregional,secondary reference,20,single-source verified,20,95
9,CE,1885,June,,Europe,GHCD-06-09-1885-05,conflict,"Treaty of Tientsin is signed to end the Sino-French War, with China eventually giving up Tonkin and Annam – most of present-day Vietnam – to France.","Treaty of Tientsin is signed to end the Sino-French War, with China eventually giving up Tonkin and Annam – most of present-day Vietnam – to France.","June 9, 1885 CE",https://en.wikipedia.org/wiki/June_9,1885-06-09,"1885– Treaty of Tientsin is signed to end the Sino-French War, with China eventually giving up Tonkin and Annam – most of present-day Vietnam – to France.",Wikipedia,exact,military and conflict,France,Gregorian,target met,regional,secondary reference,20,single-source verified,20,95
9,CE,1915,June,,North America,GHCD-06-09-1915-06,historical event,William Jennings Bryan resigns as Woodrow Wilson's Secretary of State over a disagreement regarding the United States' handling of the sinking of the RMS Lusitania.,William Jennings Bryan resigns as Woodrow Wilson's Secretary of State over a disagreement regarding the United States' handling of the sinking of the RMS Lusitania.,"June 9, 1915 CE",https://en.wikipedia.org/wiki/June_9,1915-06-09,1915– William Jennings Bryan resigns as Woodrow Wilson's Secretary of State over a disagreement regarding the United States' handling of the sinking of the RMS Lusitania.,Wikipedia,exact,general history,United States,Gregorian,target met,regional,secondary reference,20,single-source verified,20,82
9,CE,1922,June,,,GHCD-06-09-1922-07,historical event,"Åland's Regional Assembly convenes for its first plenary session in Mariehamn, Åland; today, the day is celebrated as Self-Government Day of Åland.","Åland's Regional Assembly convenes for its first plenary session in Mariehamn, Åland; today, the day is celebrated as Self-Government Day of Åland.","June 9, 1922 CE",https://en.wikipedia.org/wiki/June_9,1922-06-09,"1922– Åland's Regional Assembly convenes for its first plenary session in Mariehamn, Åland; today, the day is celebrated as Self-Government Day of Åland.",Wikipedia,exact,general history,,Gregorian,target met,transregional,secondary reference,20,single-source verified,20,82
9,CE,1923,June,,,GHCD-06-09-1923-08,conflict,Bulgaria's military takes over the government in a coup.,Bulgaria's military takes over the government in a coup.,"June 9, 1923 CE",https://en.wikipedia.org/wiki/June_9,1923-06-09,1923– Bulgaria's military takes over the government in a coup.,Wikipedia,exact,military and conflict,,Gregorian,target met,transregional,secondary reference,20,single-source verified,20,82
9,CE,1928,June,,,GHCD-06-09-1928-09,science and technology,"Charles Kingsford Smith completes the first trans-Pacific flight in a Fokker Trimotor monoplane, the Southern Cross.","Charles Kingsford Smith completes the first trans-Pacific flight in a Fokker Trimotor monoplane, the Southern Cross.","June 9, 1928 CE",https://en.wikipedia.org/wiki/June_9,1928-06-09,"1928– Charles Kingsford Smith completes the first trans-Pacific flight in a Fokker Trimotor monoplane, the Southern Cross.",Wikipedia,exact,science and technology,,Gregorian,target met,transregional,secondary reference,20,single-source verified,20,95
9,CE,1944,June,,Europe,GHCD-06-09-1944-10,conflict,"World War II: Ninety-nine civilians are hanged from lampposts and balconies by German troops in Tulle, France, in reprisal for maquisards attacks.","World War II: Ninety-nine civilians are hanged from lampposts and balconies by German troops in Tulle, France, in reprisal for maquisards attacks.","June 9, 1944 CE",https://en.wikipedia.org/wiki/June_9,1944-06-09,"1944– World War II: Ninety-nine civilians are hanged from lampposts and balconies by German troops in Tulle, France, in reprisal for maquisards attacks.",Wikipedia,exact,military and conflict,France,Gregorian,target met,international,secondary reference,20,single-source verified,20,95
9,CE,1944,June,,Europe,GHCD-06-09-1944-11,conflict,"World War II: The Soviet Union invades East Karelia and the previously Finnish part of Karelia, occupied by Finland since 1941.","World War II: The Soviet Union invades East Karelia and the previously Finnish part of Karelia, occupied by Finland since 1941.","June 9, 1944 CE",https://en.wikipedia.org/wiki/June_9,1944-06-09,"1944– World War II: The Soviet Union invades East Karelia and the previously Finnish part of Karelia, occupied by Finland since 1941.",Wikipedia,exact,military and conflict,Finland,Gregorian,target met,international,secondary reference,20,single-source verified,20,95
9,CE,1957,June,,,GHCD-06-09-1957-12,historical event,"First ascent of Broad Peak by Fritz Wintersteller, Marcus Schmuck, Kurt Diemberger, and Hermann Buhl.","First ascent of Broad Peak by Fritz Wintersteller, Marcus Schmuck, Kurt Diemberger, and Hermann Buhl.","June 9, 1957 CE",https://en.wikipedia.org/wiki/June_9,1957-06-09,"1957– First ascent of Broad Peak by Fritz Wintersteller, Marcus Schmuck, Kurt Diemberger, and Hermann Buhl.",Wikipedia,exact,general history,,Gregorian,target met,transregional,secondary reference,20,single-source verified,20,82
9,CE,1958,June,,,GHCD-06-09-1958-13,science and technology,"Aeroflot Flight 105 crashes on approach to Magdan-13 Airport, killing 24.","Aeroflot Flight 105 crashes on approach to Magdan-13 Airport, killing 24.","June 9, 1958 CE",https://en.wikipedia.org/wiki/June_9,1958-06-09,"1958– Aeroflot Flight 105 crashes on approach to Magdan-13 Airport, killing 24.",Wikipedia,exact,science and technology,,Gregorian,target met,transregional,secondary reference,20,single-source verified,20,82
9,CE,1959,June,,,GHCD-06-09-1959-14,science and technology,The USS George Washington is launched. It is the first nuclear-powered ballistic missile submarine.,The USS George Washington is launched,"June 9, 1959 CE",https://en.wikipedia.org/wiki/June_9,1959-06-09,1959– The USS George Washington is launched. It is the first nuclear-powered ballistic missile submarine.,Wikipedia,exact,science and technology,,Gregorian,target met,transregional,secondary reference,20,single-source verified,20,95
9,CE,1965,June,,Asia,GHCD-06-09-1965-15,conflict,"Vietnam War: The Viet Cong commences combat with the Army of the Republic of Vietnam in the Battle of Đồng Xoài, one of the largest battles in the war.","Vietnam War: The Viet Cong commences combat with the Army of the Republic of Vietnam in the Battle of Đồng Xoài, one of the largest battles in the war.","June 9, 1965 CE",https://en.wikipedia.org/wiki/June_9,1965-06-09,"1965– Vietnam War: The Viet Cong commences combat with the Army of the Republic of Vietnam in the Battle of Đồng Xoài, one of the largest battles in the war.",Wikipedia,exact,military and conflict,Vietnam,Gregorian,target met,regional,secondary reference,20,single-source verified,20,95
9,CE,1967,June,,Asia,GHCD-06-09-1967-16,conflict,Six-Day War: Israel captures the Golan Heights from Syria.,Six-Day War: Israel captures the Golan Heights from Syria.,"June 9, 1967 CE",https://en.wikipedia.org/wiki/June_9,1967-06-09,1967– Six-Day War: Israel captures the Golan Heights from Syria.,Wikipedia,exact,military and conflict,Israel,Gregorian,target met,regional,secondary reference,20,single-source verified,20,82
9,CE,1968,June,,,GHCD-06-09-1968-17,historical event,U.S. President Lyndon B. Johnson declares a national day of mourning following the assassination of Senator Robert F. Kennedy.,U.S,"June 9, 1968 CE",https://en.wikipedia.org/wiki/June_9,1968-06-09,1968– U.S. President Lyndon B. Johnson declares a national day of mourning following the assassination of Senator Robert F. Kennedy.,Wikipedia,exact,general history,,Gregorian,target met,transregional,secondary reference,20,single-source verified,20,95
9,CE,1995,June,,Oceania,GHCD-06-09-1995-18,science and technology,"Ansett New Zealand Flight 703 crashes into the Tararua Range during approach to Palmerston North Airport on the North Island of New Zealand, killing four.","Ansett New Zealand Flight 703 crashes into the Tararua Range during approach to Palmerston North Airport on the North Island of New Zealand, killing four.","June 9, 1995 CE",https://en.wikipedia.org/wiki/June_9,1995-06-09,"1995– Ansett New Zealand Flight 703 crashes into the Tararua Range during approach to Palmerston North Airport on the North Island of New Zealand, killing four.",Wikipedia,exact,science and technology,New Zealand,Gregorian,target met,regional,secondary reference,20,single-source verified,20,82
9,CE,1999,June,,,GHCD-06-09-1999-19,conflict,Kosovo War: The Federal Republic of Yugoslavia and NATO sign a peace treaty.,Kosovo War: The Federal Republic of Yugoslavia and NATO sign a peace treaty.,"June 9, 1999 CE",https://en.wikipedia.org/wiki/June_9,1999-06-09,1999– Kosovo War: The Federal Republic of Yugoslavia and NATO sign a peace treaty.,Wikipedia,exact,military and conflict,,Gregorian,target met,transregional,secondary reference,20,single-source verified,20,95
9,CE,2009,June,,Asia,GHCD-06-09-2009-20,conflict,"An explosion kills 17 people and injures at least 46 at a hotel in Peshawar, Pakistan.","An explosion kills 17 people and injures at least 46 at a hotel in Peshawar, Pakistan.","June 9, 2009 CE",https://en.wikipedia.org/wiki/June_9,2009-06-09,"2009– An explosion kills 17 people and injures at least 46 at a hotel in Peshawar, Pakistan.",Wikipedia,exact,military and conflict,Pakistan,Gregorian,target met,regional,secondary reference,20,single-source verified,20,82
10,CE,1539,June,,,GHCD-06-10-1539-01,conflict,"Council of Trent: Pope Paul III sends out letters to his bishops, delaying the Council due to war and the difficulty bishops had traveling to Venice.","Council of Trent: Pope Paul III sends out letters to his bishops, delaying the Council due to war and the difficulty bishops had traveling to Venice.","June 10, 1539 CE",https://en.wikipedia.org/wiki/June_10,1539-06-10,"1539– Council of Trent: Pope Paul III sends out letters to his bishops, delaying the Council due to war and the difficulty bishops had traveling to Venice.",Wikipedia,exact,military and conflict,,Gregorian,target met,transregional,secondary reference,20,single-source verified,20,95
10,CE,1619,June,,,GHCD-06-10-1619-02,conflict,"Thirty Years' War: Battle of Záblatí, a turning point in the Bohemian Revolt.","Thirty Years' War: Battle of Záblatí, a turning point in the Bohemian Revolt.","June 10, 1619 CE",https://en.wikipedia.org/wiki/June_10,1619-06-10,"1619– Thirty Years' War: Battle of Záblatí, a turning point in the Bohemian Revolt.",Wikipedia,exact,military and conflict,,Gregorian,target met,transregional,secondary reference,20,single-source verified,20,95
10,CE,1805,June,,North America,GHCD-06-10-1805-03,conflict,First Barbary War: Yusuf Karamanli signs a treaty ending the hostilities between Tripolitania and the United States.,First Barbary War: Yusuf Karamanli signs a treaty ending the hostilities between Tripolitania and the United States.,"June 10, 1805 CE",https://en.wikipedia.org/wiki/June_10,1805-06-10,1805– First Barbary War: Yusuf Karamanli signs a treaty ending the hostilities between Tripolitania and the United States.,Wikipedia,exact,military and conflict,United States,Gregorian,target met,regional,secondary reference,20,single-source verified,20,95
10,CE,1861,June,,,GHCD-06-10-1861-04,conflict,American Civil War: Battle of Big Bethel: Confederate troops under John B. Magruder defeat a much larger Union force led by General Ebenezer W. Pierce in Virginia.,American Civil War: Battle of Big Bethel: Confederate troops under John B,"June 10, 1861 CE",https://en.wikipedia.org/wiki/June_10,1861-06-10,1861– American Civil War: Battle of Big Bethel: Confederate troops under John B. Magruder defeat a much larger Union force led by General Ebenezer W. Pierce in Virginia.,Wikipedia,exact,military and conflict,,Gregorian,target met,transregional,secondary reference,20,single-source verified,20,95
10,CE,1864,June,,,GHCD-06-10-1864-05,conflict,American Civil War: Battle of Brice's Crossroads: Confederate troops under Nathan Bedford Forrest defeat a much larger Union force led by General Samuel D. Sturgis in Mississippi.,American Civil War: Battle of Brice's Crossroads: Confederate troops under Nathan Bedford Forrest defeat a much larger Union force led by General Samuel D,"June 10, 1864 CE",https://en.wikipedia.org/wiki/June_10,1864-06-10,1864– American Civil War: Battle of Brice's Crossroads: Confederate troops under Nathan Bedford Forrest defeat a much larger Union force led by General Samuel D. Sturgis in Mississippi.,Wikipedia,exact,military and conflict,,Gregorian,target met,transregional,secondary reference,20,single-source verified,20,95
10,CE,1898,June,,,GHCD-06-10-1898-06,conflict,"Spanish–American War: In the Battle of Guantánamo Bay, U.S. Marines begin the American invasion of Spanish-held Cuba.","Spanish–American War: In the Battle of Guantánamo Bay, U.S","June 10, 1898 CE",https://en.wikipedia.org/wiki/June_10,1898-06-10,"1898– Spanish–American War: In the Battle of Guantánamo Bay, U.S. Marines begin the American invasion of Spanish-held Cuba.",Wikipedia,exact,military and conflict,,Gregorian,target met,transregional,secondary reference,20,single-source verified,20,95
10,CE,1918,June,,,GHCD-06-10-1918-07,conflict,World War I: The Austro-Hungarian battleship SMS Szent István sinks off the Croatian coast after being torpedoed by an Italian MAS motorboat; the event is recorded by camera from a nearby vessel.,World War I: The Austro-Hungarian battleship SMS Szent István sinks off the Croatian coast after being torpedoed by an Italian MAS motorboat; the event is recorded by camera fro...,"June 10, 1918 CE",https://en.wikipedia.org/wiki/June_10,1918-06-10,1918– World War I: The Austro-Hungarian battleship SMS Szent István sinks off the Croatian coast after being torpedoed by an Italian MAS motorboat; the event is recorded by camera from a nearby vessel.,Wikipedia,exact,military and conflict,,Gregorian,target met,international,secondary reference,20,single-source verified,20,95
10,CE,1935,June,,,GHCD-06-10-1935-08,conflict,Chaco War ends: A truce is called between Bolivia and Paraguay who had been fighting since 1932.,Chaco War ends: A truce is called between Bolivia and Paraguay who had been fighting since 1932.,"June 10, 1935 CE",https://en.wikipedia.org/wiki/June_10,1935-06-10,1935– Chaco War ends: A truce is called between Bolivia and Paraguay who had been fighting since 1932.,Wikipedia,exact,military and conflict,,Gregorian,target met,transregional,secondary reference,20,single-source verified,20,95
10,CE,1940,June,,Europe,GHCD-06-10-1940-09,conflict,"World War II: Fascist Italy declares war on France and the United Kingdom, beginning an invasion of southern France.","World War II: Fascist Italy declares war on France and the United Kingdom, beginning an invasion of southern France.","June 10, 1940 CE",https://en.wikipedia.org/wiki/June_10,1940-06-10,"1940– World War II: Fascist Italy declares war on France and the United Kingdom, beginning an invasion of southern France.",Wikipedia,exact,military and conflict,United Kingdom,Gregorian,target met,international,secondary reference,20,single-source verified,20,95
10,CE,1940,June,,Europe,GHCD-06-10-1940-10,conflict,"World War II: U.S. President Franklin D. Roosevelt denounces Italy's actions in his ""Stab in the Back"" speech at the graduation ceremonies of the University of Virginia.",World War II: U.S,"June 10, 1940 CE",https://en.wikipedia.org/wiki/June_10,1940-06-10,"1940– World War II: U.S. President Franklin D. Roosevelt denounces Italy's actions in his ""Stab in the Back"" speech at the graduation ceremonies of the University of Virginia.",Wikipedia,exact,military and conflict,Italy,Gregorian,target met,international,secondary reference,20,single-source verified,20,95
10,CE,1940,June,,Europe,GHCD-06-10-1940-11,conflict,World War II: Military resistance to the German occupation of Norway ends.,World War II: Military resistance to the German occupation of Norway ends.,"June 10, 1940 CE",https://en.wikipedia.org/wiki/June_10,1940-06-10,1940– World War II: Military resistance to the German occupation of Norway ends.,Wikipedia,exact,military and conflict,Norway,Gregorian,target met,international,secondary reference,20,single-source verified,20,95
10,CE,1942,June,,,GHCD-06-10-1942-12,conflict,World War II: The Lidice massacre is perpetrated as a reprisal for the assassination of Obergruppenführer Reinhard Heydrich.,World War II: The Lidice massacre is perpetrated as a reprisal for the assassination of Obergruppenführer Reinhard Heydrich.,"June 10, 1942 CE",https://en.wikipedia.org/wiki/June_10,1942-06-10,1942– World War II: The Lidice massacre is perpetrated as a reprisal for the assassination of Obergruppenführer Reinhard Heydrich.,Wikipedia,exact,military and conflict,,Gregorian,target met,international,secondary reference,20,single-source verified,20,95
10,CE,1944,June,,Europe,GHCD-06-10-1944-13,conflict,"World War II: Six hundred forty-three men, women and children are massacred at Oradour-sur-Glane, France.","World War II: Six hundred forty-three men, women and children are massacred at Oradour-sur-Glane, France.","June 10, 1944 CE",https://en.wikipedia.org/wiki/June_10,1944-06-10,"1944– World War II: Six hundred forty-three men, women and children are massacred at Oradour-sur-Glane, France.",Wikipedia,exact,military and conflict,France,Gregorian,target met,international,secondary reference,20,single-source verified,20,95
10,CE,1944,June,,Europe,GHCD-06-10-1944-14,conflict,"World War II: In Distomo, Boeotia, Greece, 228 men, women and children are massacred by German troops.","World War II: In Distomo, Boeotia, Greece, 228 men, women and children are massacred by German troops.","June 10, 1944 CE",https://en.wikipedia.org/wiki/June_10,1944-06-10,"1944– World War II: In Distomo, Boeotia, Greece, 228 men, women and children are massacred by German troops.",Wikipedia,exact,military and conflict,Greece,Gregorian,target met,international,secondary reference,20,single-source verified,20,95
10,CE,1945,June,,,GHCD-06-10-1945-15,conflict,World War II: Australian Imperial Forces land in Brunei Bay to liberate Brunei.,World War II: Australian Imperial Forces land in Brunei Bay to liberate Brunei.,"June 10, 1945 CE",https://en.wikipedia.org/wiki/June_10,1945-06-10,1945– World War II: Australian Imperial Forces land in Brunei Bay to liberate Brunei.,Wikipedia,exact,military and conflict,,Gregorian,target met,international,secondary reference,20,single-source verified,20,95
10,CE,1967,June,,Asia,GHCD-06-10-1967-16,conflict,The Six-Day War ends: Israel and Syria agree to a cease-fire.,The Six-Day War ends: Israel and Syria agree to a cease-fire.,"June 10, 1967 CE",https://en.wikipedia.org/wiki/June_10,1967-06-10,1967– The Six-Day War ends: Israel and Syria agree to a cease-fire.,Wikipedia,exact,military and conflict,Israel,Gregorian,target met,regional,secondary reference,20,single-source verified,20,95
10,CE,1982,June,,Asia,GHCD-06-10-1982-17,conflict,Lebanon War: The Syrian Arab Army defeats the Israeli Defense Forces in the Battle of Sultan Yacoub.,Lebanon War: The Syrian Arab Army defeats the Israeli Defense Forces in the Battle of Sultan Yacoub.,"June 10, 1982 CE",https://en.wikipedia.org/wiki/June_10,1982-06-10,1982– Lebanon War: The Syrian Arab Army defeats the Israeli Defense Forces in the Battle of Sultan Yacoub.,Wikipedia,exact,military and conflict,Lebanon,Gregorian,target met,regional,secondary reference,20,single-source verified,20,95
10,CE,1994,June,,Asia,GHCD-06-10-1994-18,conflict,"China conducts a nuclear test for DF-31 warhead at Area C (Beishan), Lop Nur, its prominence being due to the Cox Report.","China conducts a nuclear test for DF-31 warhead at Area C (Beishan), Lop Nur, its prominence being due to the Cox Report.","June 10, 1994 CE",https://en.wikipedia.org/wiki/June_10,1994-06-10,"1994– China conducts a nuclear test for DF-31 warhead at Area C (Beishan), Lop Nur, its prominence being due to the Cox Report.",Wikipedia,exact,military and conflict,China,Gregorian,target met,regional,secondary reference,20,single-source verified,20,95
10,CE,1999,June,,,GHCD-06-10-1999-19,conflict,Kosovo War: NATO suspends its airstrikes after Slobodan Milošević agrees to withdraw Serbian forces from Kosovo.,Kosovo War: NATO suspends its airstrikes after Slobodan Milošević agrees to withdraw Serbian forces from Kosovo.,"June 10, 1999 CE",https://en.wikipedia.org/wiki/June_10,1999-06-10,1999– Kosovo War: NATO suspends its airstrikes after Slobodan Milošević agrees to withdraw Serbian forces from Kosovo.,Wikipedia,exact,military and conflict,,Gregorian,target met,transregional,secondary reference,20,single-source verified,20,95
10,CE,2002,June,,Europe,GHCD-06-10-2002-20,conflict,The first direct electronic communication experiment between the nervous systems of two humans is carried out by Kevin Warwick in the United Kingdom.,The first direct electronic communication experiment between the nervous systems of two humans is carried out by Kevin Warwick in the United Kingdom.,"June 10, 2002 CE",https://en.wikipedia.org/wiki/June_10,2002-06-10,2002– The first direct electronic communication experiment between the nervous systems of two humans is carried out by Kevin Warwick in the United Kingdom.,Wikipedia,exact,military and conflict,United Kingdom,Gregorian,target met,regional,secondary reference,20,single-source verified,20,95
11,CE,173,June,,,GHCD-06-11-0173-01,conflict,"Marcomannic Wars: The Roman army in Moravia is encircled by the Quadi, who have broken the peace treaty (171). In a violent thunderstorm, emperor Marcus Aurelius defeats and subdues them in the so-called ""miracle of the rain"".","Marcomannic Wars: The Roman army in Moravia is encircled by the Quadi, who have broken the peace treaty (171)","June 11, 173 CE",https://en.wikipedia.org/wiki/June_11,0173-06-11,"173– Marcomannic Wars: The Roman army in Moravia is encircled by the Quadi, who have broken the peace treaty (171). In a violent thunderstorm, emperor Marcus Aurelius defeats and subdues them in the so-called ""miracle of the rain"".",Wikipedia,exact,military and conflict,,Gregorian,target met,transregional,secondary reference,20,single-source verified,20,95
11,CE,631,June,,,GHCD-06-11-0631-02,historical event,Emperor Taizong of Tang sends envoys to the Xueyantuo bearing gold and silk in order to seek the release of Chinese prisoners captured during the transition from Sui to Tang.,Emperor Taizong of Tang sends envoys to the Xueyantuo bearing gold and silk in order to seek the release of Chinese prisoners captured during the transition from Sui to Tang.,"June 11, 631 CE",https://en.wikipedia.org/wiki/June_11,0631-06-11,631– Emperor Taizong of Tang sends envoys to the Xueyantuo bearing gold and silk in order to seek the release of Chinese prisoners captured during the transition from Sui to Tang.,Wikipedia,exact,general history,,Gregorian,target met,transregional,secondary reference,20,single-source verified,20,95
11,CE,1429,June,,,GHCD-06-11-1429-03,conflict,Hundred Years' War: Start of the Battle of Jargeau.,Hundred Years' War: Start of the Battle of Jargeau.,"June 11, 1429 CE",https://en.wikipedia.org/wiki/June_11,1429-06-11,1429– Hundred Years' War: Start of the Battle of Jargeau.,Wikipedia,exact,military and conflict,,Gregorian,target met,transregional,secondary reference,20,single-source verified,20,95
11,CE,1482,June,,,GHCD-06-11-1482-04,conflict,"The Treaty of Fotheringhay is signed between the English and Alexander Stewart, Duke of Albany, the rebellious brother of king James III of Scotland.","The Treaty of Fotheringhay is signed between the English and Alexander Stewart, Duke of Albany, the rebellious brother of king James III of Scotland.","June 11, 1482 CE",https://en.wikipedia.org/wiki/June_11,1482-06-11,"1482– The Treaty of Fotheringhay is signed between the English and Alexander Stewart, Duke of Albany, the rebellious brother of king James III of Scotland.",Wikipedia,exact,military and conflict,,Gregorian,target met,transregional,secondary reference,20,single-source verified,20,95
11,CE,1488,June,,,GHCD-06-11-1488-05,conflict,"The Battle of Sauchieburn is fought between rebel Lords and James III of Scotland, resulting in the death of the king.","The Battle of Sauchieburn is fought between rebel Lords and James III of Scotland, resulting in the death of the king.","June 11, 1488 CE",https://en.wikipedia.org/wiki/June_11,1488-06-11,"1488– The Battle of Sauchieburn is fought between rebel Lords and James III of Scotland, resulting in the death of the king.",Wikipedia,exact,military and conflict,,Gregorian,target met,transregional,secondary reference,20,single-source verified,20,95
11,CE,1775,June,,,GHCD-06-11-1775-06,conflict,"The American Revolutionary War's first naval engagement, the Battle of Machias, results in the capture of a small British naval vessel.","The American Revolutionary War's first naval engagement, the Battle of Machias, results in the capture of a small British naval vessel.","June 11, 1775 CE",https://en.wikipedia.org/wiki/June_11,1775-06-11,"1775– The American Revolutionary War's first naval engagement, the Battle of Machias, results in the capture of a small British naval vessel.",Wikipedia,exact,military and conflict,,Gregorian,target met,transregional,secondary reference,20,single-source verified,20,95
11,CE,1775,June,,,GHCD-06-11-1775-07,historical event,"The Coronation of Louis XVI in Reims, the last coronation before the French Revolution.","The Coronation of Louis XVI in Reims, the last coronation before the French Revolution.","June 11, 1775 CE",https://en.wikipedia.org/wiki/June_11,1775-06-11,"1775– The Coronation of Louis XVI in Reims, the last coronation before the French Revolution.",Wikipedia,exact,general history,,Gregorian,target met,transregional,secondary reference,20,single-source verified,20,95
11,CE,1776,June,,,GHCD-06-11-1776-08,politics,"American Revolution: The Second Continental Congress appoints Thomas Jefferson, John Adams, Benjamin Franklin, Roger Sherman, and Robert R. Livingston to the Committee of Five to draft a declaration of independence.","American Revolution: The Second Continental Congress appoints Thomas Jefferson, John Adams, Benjamin Franklin, Roger Sherman, and Robert R","June 11, 1776 CE",https://en.wikipedia.org/wiki/June_11,1776-06-11,"1776– American Revolution: The Second Continental Congress appoints Thomas Jefferson, John Adams, Benjamin Franklin, Roger Sherman, and Robert R. Livingston to the Committee of Five to draft a declaration of independence.",Wikipedia,exact,politics and law,,Gregorian,target met,transregional,secondary reference,20,single-source verified,20,95
11,CE,1825,June,,,GHCD-06-11-1825-09,historical event,The first cornerstone is laid for Fort Hamilton in New York City.,The first cornerstone is laid for Fort Hamilton in New York City.,"June 11, 1825 CE",https://en.wikipedia.org/wiki/June_11,1825-06-11,1825– The first cornerstone is laid for Fort Hamilton in New York City.,Wikipedia,exact,general history,,Gregorian,target met,transregional,secondary reference,20,single-source verified,20,82
11,CE,1865,June,,South America,GHCD-06-11-1865-10,conflict,"The Naval Battle of the Riachuelo is fought on the rivulet Riachuelo (Argentina), between the Paraguayan Navy on one side and the Brazilian Navy on the other. The Brazilian victory was crucial for the later success of the Triple Alliance (Brazil, Uruguay, and Argentina) in the Paraguayan War.","The Naval Battle of the Riachuelo is fought on the rivulet Riachuelo (Argentina), between the Paraguayan Navy on one side and the Brazilian Navy on the other","June 11, 1865 CE",https://en.wikipedia.org/wiki/June_11,1865-06-11,"1865– The Naval Battle of the Riachuelo is fought on the rivulet Riachuelo (Argentina), between the Paraguayan Navy on one side and the Brazilian Navy on the other. The Brazilian victory was crucial for the later success of the Triple Alliance (Brazil, Uruguay, and Argentina) in the Paraguayan War.",Wikipedia,exact,military and conflict,Brazil,Gregorian,target met,regional,secondary reference,20,single-source verified,20,95
11,CE,1892,June,,Oceania,GHCD-06-11-1892-11,historical event,"The Limelight Department, one of the world's first film studios, is officially established in Melbourne, Australia.","The Limelight Department, one of the world's first film studios, is officially established in Melbourne, Australia.","June 11, 1892 CE",https://en.wikipedia.org/wiki/June_11,1892-06-11,"1892– The Limelight Department, one of the world's first film studios, is officially established in Melbourne, Australia.",Wikipedia,exact,general history,Australia,Gregorian,target met,regional,secondary reference,20,single-source verified,20,82
11,CE,1895,June,,,GHCD-06-11-1895-12,historical event,"Paris–Bordeaux–Paris, sometimes called the first automobile race in history or the ""first motor race"", takes place.","Paris–Bordeaux–Paris, sometimes called the first automobile race in history or the ""first motor race"", takes place.","June 11, 1895 CE",https://en.wikipedia.org/wiki/June_11,1895-06-11,"1895– Paris–Bordeaux–Paris, sometimes called the first automobile race in history or the ""first motor race"", takes place.",Wikipedia,exact,general history,,Gregorian,target met,transregional,secondary reference,20,single-source verified,20,82
11,CE,1898,June,,Asia,GHCD-06-11-1898-13,historical event,"The Hundred Days' Reform, a planned movement to reform social, political, and educational institutions in China, is started by the Guangxu Emperor, but is suspended by Empress Dowager Cixi after 104 days. (The failed reform led to the abolition of the Imperial examination in 1905.)","The Hundred Days' Reform, a planned movement to reform social, political, and educational institutions in China, is started by the Guangxu Emperor, but is suspended by Empress D...","June 11, 1898 CE",https://en.wikipedia.org/wiki/June_11,1898-06-11,"1898– The Hundred Days' Reform, a planned movement to reform social, political, and educational institutions in China, is started by the Guangxu Emperor, but is suspended by Empress Dowager Cixi after 104 days. (The failed reform led to the abolition of the Imperial examination in 1905.)",Wikipedia,exact,general history,China,Gregorian,target met,regional,secondary reference,20,single-source verified,20,82
11,CE,1903,June,,Europe,GHCD-06-11-1903-14,historical event,"A group of Serbian officers storms the royal palace and assassinates King Alexander I of Serbia and his wife, Queen Draga.","A group of Serbian officers storms the royal palace and assassinates King Alexander I of Serbia and his wife, Queen Draga.","June 11, 1903 CE",https://en.wikipedia.org/wiki/June_11,1903-06-11,"1903– A group of Serbian officers storms the royal palace and assassinates King Alexander I of Serbia and his wife, Queen Draga.",Wikipedia,exact,general history,Serbia,Gregorian,target met,regional,secondary reference,20,single-source verified,20,95
11,CE,1920,June,,,GHCD-06-11-1920-15,politics,"During the U.S. Republican National Convention in Chicago, U.S. Republican Party leaders gather in a room at the Blackstone Hotel to come to a consensus on their candidate for the U.S. presidential election, leading the Associated Press to coin the political phrase "" smoke-filled room"".",During the U.S,"June 11, 1920 CE",https://en.wikipedia.org/wiki/June_11,1920-06-11,"1920– During the U.S. Republican National Convention in Chicago, U.S. Republican Party leaders gather in a room at the Blackstone Hotel to come to a consensus on their candidate for the U.S. presidential election, leading the Associated Press to coin the political phrase "" smoke-filled room"".",Wikipedia,exact,politics and law,,Gregorian,target met,transregional,secondary reference,20,single-source verified,20,95
11,CE,1938,June,,,GHCD-06-11-1938-16,conflict,Second Sino-Japanese War: The Battle of Wuhan starts.,Second Sino-Japanese War: The Battle of Wuhan starts.,"June 11, 1938 CE",https://en.wikipedia.org/wiki/June_11,1938-06-11,1938– Second Sino-Japanese War: The Battle of Wuhan starts.,Wikipedia,exact,military and conflict,,Gregorian,target met,transregional,secondary reference,20,single-source verified,20,95
11,CE,1940,June,,,GHCD-06-11-1940-17,conflict,World War II: The Siege of Malta begins with a series of Italian air raids.,World War II: The Siege of Malta begins with a series of Italian air raids.,"June 11, 1940 CE",https://en.wikipedia.org/wiki/June_11,1940-06-11,1940– World War II: The Siege of Malta begins with a series of Italian air raids.,Wikipedia,exact,military and conflict,,Gregorian,target met,international,secondary reference,20,single-source verified,20,95
11,CE,1942,June,,North America,GHCD-06-11-1942-18,conflict,World War II: The United States agrees to send Lend-Lease aid to the Soviet Union.,World War II: The United States agrees to send Lend-Lease aid to the Soviet Union.,"June 11, 1942 CE",https://en.wikipedia.org/wiki/June_11,1942-06-11,1942– World War II: The United States agrees to send Lend-Lease aid to the Soviet Union.,Wikipedia,exact,military and conflict,United States,Gregorian,target met,international,secondary reference,20,single-source verified,20,95
11,CE,1963,June,,,GHCD-06-11-1963-19,politics,"John F. Kennedy addresses Americans from the Oval Office proposing the Civil Rights Act of 1964, which would revolutionize American society by guaranteeing equal access to public facilities, ending segregation in education, and guaranteeing federal protection for voting rights.",John F,"June 11, 1963 CE",https://en.wikipedia.org/wiki/June_11,1963-06-11,"1963– John F. Kennedy addresses Americans from the Oval Office proposing the Civil Rights Act of 1964, which would revolutionize American society by guaranteeing equal access to public facilities, ending segregation in education, and guaranteeing federal protection for voting rights.",Wikipedia,exact,politics and law,,Gregorian,target met,transregional,secondary reference,20,single-source verified,20,95
11,CE,1964,June,,Europe,GHCD-06-11-1964-20,conflict,"World War II veteran Walter Seifert attacks an elementary school in Cologne, Germany, killing at least eight children and two teachers, and seriously injuring several more, with a home-made flamethrower and a lance.","World War II veteran Walter Seifert attacks an elementary school in Cologne, Germany, killing at least eight children and two teachers, and seriously injuring several more, with...","June 11, 1964 CE",https://en.wikipedia.org/wiki/June_11,1964-06-11,"1964– World War II veteran Walter Seifert attacks an elementary school in Cologne, Germany, killing at least eight children and two teachers, and seriously injuring several more, with a home-made flamethrower and a lance.",Wikipedia,exact,military and conflict,Germany,Gregorian,target met,international,secondary reference,20,single-source verified,20,95
12,CE,910,June,,,GHCD-06-12-0910-01,conflict,"Battle of Augsburg: The Hungarians defeat the East Frankish army under King Louis the Child, using the famous feigned retreat tactic of the nomadic warriors.","Battle of Augsburg: The Hungarians defeat the East Frankish army under King Louis the Child, using the famous feigned retreat tactic of the nomadic warriors.","June 12, 910 CE",https://en.wikipedia.org/wiki/June_12,0910-06-12,"910– Battle of Augsburg: The Hungarians defeat the East Frankish army under King Louis the Child, using the famous feigned retreat tactic of the nomadic warriors.",Wikipedia,exact,military and conflict,,Gregorian,target met,transregional,secondary reference,20,single-source verified,20,95
12,CE,1429,June,,,GHCD-06-12-1429-02,conflict,"Hundred Years' War: On the second day of the Battle of Jargeau, Joan of Arc leads the French army in their capture of the city and the English commander, William de la Pole, 1st Duke of Suffolk.","Hundred Years' War: On the second day of the Battle of Jargeau, Joan of Arc leads the French army in their capture of the city and the English commander, William de la Pole, 1st...","June 12, 1429 CE",https://en.wikipedia.org/wiki/June_12,1429-06-12,"1429– Hundred Years' War: On the second day of the Battle of Jargeau, Joan of Arc leads the French army in their capture of the city and the English commander, William de la Pole, 1st Duke of Suffolk.",Wikipedia,exact,military and conflict,,Gregorian,target met,transregional,secondary reference,20,single-source verified,20,95
12,CE,1550,June,,Europe,GHCD-06-12-1550-03,historical event,"The city of Helsinki, Finland (belonging to Sweden at the time) is founded by King Gustav I of Sweden.","The city of Helsinki, Finland (belonging to Sweden at the time) is founded by King Gustav I of Sweden.","June 12, 1550 CE",https://en.wikipedia.org/wiki/June_12,1550-06-12,"1550– The city of Helsinki, Finland (belonging to Sweden at the time) is founded by King Gustav I of Sweden.",Wikipedia,exact,general history,Finland,Gregorian,target met,regional,secondary reference,20,single-source verified,20,95
12,CE,1653,June,,,GHCD-06-12-1653-04,conflict,"First Anglo-Dutch War: The Battle of the Gabbard begins, lasting until the following day.","First Anglo-Dutch War: The Battle of the Gabbard begins, lasting until the following day.","June 12, 1653 CE",https://en.wikipedia.org/wiki/June_12,1653-06-12,"1653– First Anglo-Dutch War: The Battle of the Gabbard begins, lasting until the following day.",Wikipedia,exact,military and conflict,,Gregorian,target met,transregional,secondary reference,20,single-source verified,20,95
12,CE,1775,June,,,GHCD-06-12-1775-05,conflict,"American War of Independence: British general Thomas Gage declares martial law in Massachusetts. The British offer a pardon to all colonists who lay down their arms. There would be only two exceptions to the amnesty: Samuel Adams and John Hancock, if captured, were to be hanged.",American War of Independence: British general Thomas Gage declares martial law in Massachusetts,"June 12, 1775 CE",https://en.wikipedia.org/wiki/June_12,1775-06-12,"1775– American War of Independence: British general Thomas Gage declares martial law in Massachusetts. The British offer a pardon to all colonists who lay down their arms. There would be only two exceptions to the amnesty: Samuel Adams and John Hancock, if captured, were to be hanged.",Wikipedia,exact,military and conflict,,Gregorian,target met,transregional,secondary reference,20,single-source verified,20,95
12,CE,1813,June,,,GHCD-06-12-1813-06,conflict,War of 1812: Capture of USRC Surveyor.,War of 1812: Capture of USRC Surveyor.,"June 12, 1813 CE",https://en.wikipedia.org/wiki/June_12,1813-06-12,1813– War of 1812: Capture of USRC Surveyor.,Wikipedia,exact,military and conflict,,Gregorian,target met,transregional,secondary reference,20,single-source verified,20,82
12,CE,1821,June,,,GHCD-06-12-1821-07,historical event,"Badi VII, king of Sennar, surrenders his throne and realm to Isma'il Pasha, general of the Ottoman Empire, ending the existence of that Sudanese kingdom.","Badi VII, king of Sennar, surrenders his throne and realm to Isma'il Pasha, general of the Ottoman Empire, ending the existence of that Sudanese kingdom.","June 12, 1821 CE",https://en.wikipedia.org/wiki/June_12,1821-06-12,"1821– Badi VII, king of Sennar, surrenders his throne and realm to Isma'il Pasha, general of the Ottoman Empire, ending the existence of that Sudanese kingdom.",Wikipedia,exact,general history,,Gregorian,target met,transregional,secondary reference,20,single-source verified,20,95
12,CE,1830,June,,,GHCD-06-12-1830-08,conflict,"Beginning of the Invasion of Algiers: Thirty-four thousand French soldiers land 27 kilometers west of Algiers, at Sidi Ferruch.","Beginning of the Invasion of Algiers: Thirty-four thousand French soldiers land 27 kilometers west of Algiers, at Sidi Ferruch.","June 12, 1830 CE",https://en.wikipedia.org/wiki/June_12,1830-06-12,"1830– Beginning of the Invasion of Algiers: Thirty-four thousand French soldiers land 27 kilometers west of Algiers, at Sidi Ferruch.",Wikipedia,exact,military and conflict,,Gregorian,target met,transregional,secondary reference,20,single-source verified,20,82
12,CE,1864,June,,,GHCD-06-12-1864-09,conflict,"American Civil War, Overland Campaign: Battle of Cold Harbor: Ulysses S. Grant gives the Confederate forces under Robert E. Lee a victory when he pulls his Union troops from their position at Cold Harbor, Virginia and moves south.","American Civil War, Overland Campaign: Battle of Cold Harbor: Ulysses S","June 12, 1864 CE",https://en.wikipedia.org/wiki/June_12,1864-06-12,"1864– American Civil War, Overland Campaign: Battle of Cold Harbor: Ulysses S. Grant gives the Confederate forces under Robert E. Lee a victory when he pulls his Union troops from their position at Cold Harbor, Virginia and moves south.",Wikipedia,exact,military and conflict,,Gregorian,target met,transregional,secondary reference,20,single-source verified,20,95
12,CE,1898,June,,Europe,GHCD-06-12-1898-10,politics,Philippine Declaration of Independence: General Emilio Aguinaldo declares the Philippines' independence from Spain.,Philippine Declaration of Independence: General Emilio Aguinaldo declares the Philippines' independence from Spain.,"June 12, 1898 CE",https://en.wikipedia.org/wiki/June_12,1898-06-12,1898– Philippine Declaration of Independence: General Emilio Aguinaldo declares the Philippines' independence from Spain.,Wikipedia,exact,politics and law,Spain,Gregorian,target met,regional,secondary reference,20,single-source verified,20,95
12,CE,1900,June,,Europe,GHCD-06-12-1900-11,conflict,"The Reichstag approves new legislation continuing Germany's naval expansion program, providing for construction of 38 battleships over a 20-year period. Germany's fleet would be the largest in the world.","The Reichstag approves new legislation continuing Germany's naval expansion program, providing for construction of 38 battleships over a 20-year period","June 12, 1900 CE",https://en.wikipedia.org/wiki/June_12,1900-06-12,"1900– The Reichstag approves new legislation continuing Germany's naval expansion program, providing for construction of 38 battleships over a 20-year period. Germany's fleet would be the largest in the world.",Wikipedia,exact,military and conflict,Germany,Gregorian,target met,regional,secondary reference,20,single-source verified,20,82
12,CE,1914,June,,,GHCD-06-12-1914-12,conflict,Massacre of Phocaea: Turkish irregulars slaughter 50 to 100 Greeks and expel thousands of others in an ethnic cleansing operation in the Ottoman Empire.,Massacre of Phocaea: Turkish irregulars slaughter 50 to 100 Greeks and expel thousands of others in an ethnic cleansing operation in the Ottoman Empire.,"June 12, 1914 CE",https://en.wikipedia.org/wiki/June_12,1914-06-12,1914– Massacre of Phocaea: Turkish irregulars slaughter 50 to 100 Greeks and expel thousands of others in an ethnic cleansing operation in the Ottoman Empire.,Wikipedia,exact,military and conflict,,Gregorian,target met,transregional,secondary reference,20,single-source verified,20,82
12,CE,1935,June,,,GHCD-06-12-1935-13,conflict,"A ceasefire is negotiated between Bolivia and Paraguay, ending the Chaco War.","A ceasefire is negotiated between Bolivia and Paraguay, ending the Chaco War.","June 12, 1935 CE",https://en.wikipedia.org/wiki/June_12,1935-06-12,"1935– A ceasefire is negotiated between Bolivia and Paraguay, ending the Chaco War.",Wikipedia,exact,military and conflict,,Gregorian,target met,transregional,secondary reference,20,single-source verified,20,82
12,CE,1939,June,,,GHCD-06-12-1939-14,historical event,"Shooting begins on Paramount Pictures' Dr. Cyclops, the first horror film photographed in three-strip Technicolor.",Shooting begins on Paramount Pictures' Dr,"June 12, 1939 CE",https://en.wikipedia.org/wiki/June_12,1939-06-12,"1939– Shooting begins on Paramount Pictures' Dr. Cyclops, the first horror film photographed in three-strip Technicolor.",Wikipedia,exact,general history,,Gregorian,target met,transregional,secondary reference,20,single-source verified,20,82
12,CE,1940,June,,,GHCD-06-12-1940-15,conflict,World War II: Thirteen thousand British and French troops surrender to General Erwin Rommel at Saint-Valery-en-Caux.,World War II: Thirteen thousand British and French troops surrender to General Erwin Rommel at Saint-Valery-en-Caux.,"June 12, 1940 CE",https://en.wikipedia.org/wiki/June_12,1940-06-12,1940– World War II: Thirteen thousand British and French troops surrender to General Erwin Rommel at Saint-Valery-en-Caux.,Wikipedia,exact,military and conflict,,Gregorian,target met,international,secondary reference,20,single-source verified,20,95
12,CE,1944,June,,Europe,GHCD-06-12-1944-16,conflict,"World War II: Battle of Carentan: American paratroopers of the 101st Airborne Division secure the town of Carentan, Normandy, France.","World War II: Battle of Carentan: American paratroopers of the 101st Airborne Division secure the town of Carentan, Normandy, France.","June 12, 1944 CE",https://en.wikipedia.org/wiki/June_12,1944-06-12,"1944– World War II: Battle of Carentan: American paratroopers of the 101st Airborne Division secure the town of Carentan, Normandy, France.",Wikipedia,exact,military and conflict,France,Gregorian,target met,international,secondary reference,20,single-source verified,20,95
12,CE,1967,June,,North America,GHCD-06-12-1967-17,politics,The United States Supreme Court in Loving v. Virginia declares all U.S. state laws that prohibit interracial marriage to be unconstitutional.,The United States Supreme Court in Loving v,"June 12, 1967 CE",https://en.wikipedia.org/wiki/June_12,1967-06-12,1967– The United States Supreme Court in Loving v. Virginia declares all U.S. state laws that prohibit interracial marriage to be unconstitutional.,Wikipedia,exact,politics and law,United States,Gregorian,target met,regional,secondary reference,20,single-source verified,20,95
12,CE,1987,June,,,GHCD-06-12-1987-18,conflict,"Cold War: At the Brandenburg Gate, U.S. President Ronald Reagan publicly challenges Mikhail Gorbachev to tear down the Berlin Wall.","Cold War: At the Brandenburg Gate, U.S","June 12, 1987 CE",https://en.wikipedia.org/wiki/June_12,1987-06-12,"1987– Cold War: At the Brandenburg Gate, U.S. President Ronald Reagan publicly challenges Mikhail Gorbachev to tear down the Berlin Wall.",Wikipedia,exact,military and conflict,,Gregorian,target met,transregional,secondary reference,20,single-source verified,20,95
12,CE,1991,June,,Europe,GHCD-06-12-1991-19,politics,"In modern Russia's first democratic election, Boris Yeltsin is elected as the President of Russia.","In modern Russia's first democratic election, Boris Yeltsin is elected as the President of Russia.","June 12, 1991 CE",https://en.wikipedia.org/wiki/June_12,1991-06-12,"1991– In modern Russia's first democratic election, Boris Yeltsin is elected as the President of Russia.",Wikipedia,exact,politics and law,Russia,Gregorian,target met,regional,secondary reference,20,single-source verified,20,95
12,CE,2009,June,,Asia,GHCD-06-12-2009-20,politics,A disputed presidential election in Iran leads to wide-ranging local and international protests.,A disputed presidential election in Iran leads to wide-ranging local and international protests.,"June 12, 2009 CE",https://en.wikipedia.org/wiki/June_12,2009-06-12,2009– A disputed presidential election in Iran leads to wide-ranging local and international protests.,Wikipedia,exact,politics and law,Iran,Gregorian,target met,international,secondary reference,20,single-source verified,20,95
13,CE,313,June,,,GHCD-06-13-0313-01,historical event,"The decisions of the Edict of Milan, signed by Constantine the Great and co-emperor Valerius Licinius, granting religious freedom throughout the Roman Empire, are published in Nicomedia.","The decisions of the Edict of Milan, signed by Constantine the Great and co-emperor Valerius Licinius, granting religious freedom throughout the Roman Empire, are published in N...","June 13, 313 CE",https://en.wikipedia.org/wiki/June_13,0313-06-13,"313– The decisions of the Edict of Milan, signed by Constantine the Great and co-emperor Valerius Licinius, granting religious freedom throughout the Roman Empire, are published in Nicomedia.",Wikipedia,exact,general history,,Gregorian,target met,transregional,secondary reference,20,single-source verified,20,95
13,CE,1777,June,,,GHCD-06-13-1777-02,conflict,"American Revolutionary War: Gilbert du Motier, Marquis de Lafayette lands near Charleston, South Carolina, in order to help the Continental Congress to train its army.","American Revolutionary War: Gilbert du Motier, Marquis de Lafayette lands near Charleston, South Carolina, in order to help the Continental Congress to train its army.","June 13, 1777 CE",https://en.wikipedia.org/wiki/June_13,1777-06-13,"1777– American Revolutionary War: Gilbert du Motier, Marquis de Lafayette lands near Charleston, South Carolina, in order to help the Continental Congress to train its army.",Wikipedia,exact,military and conflict,,Gregorian,target met,transregional,secondary reference,20,single-source verified,20,95
13,CE,1850,June,,North America,GHCD-06-13-1850-03,historical event,"The American League of Colored Laborers, the first African American labor union in the United States, is established in New York City.","The American League of Colored Laborers, the first African American labor union in the United States, is established in New York City.","June 13, 1850 CE",https://en.wikipedia.org/wiki/June_13,1850-06-13,"1850– The American League of Colored Laborers, the first African American labor union in the United States, is established in New York City.",Wikipedia,exact,general history,United States,Gregorian,target met,regional,secondary reference,20,single-source verified,20,82
13,CE,1878,June,,Europe,GHCD-06-13-1878-04,politics,"Start of the Congress of Berlin in which the major powers of Europe revise the Treaty of San Stefano, signed on March 3 the same year, that Russia had imposed on a defeated Ottoman Empire.","Start of the Congress of Berlin in which the major powers of Europe revise the Treaty of San Stefano, signed on March 3 the same year, that Russia had imposed on a defeated Otto...","June 13, 1878 CE",https://en.wikipedia.org/wiki/June_13,1878-06-13,"1878– Start of the Congress of Berlin in which the major powers of Europe revise the Treaty of San Stefano, signed on March 3 the same year, that Russia had imposed on a defeated Ottoman Empire.",Wikipedia,exact,politics and law,Russia,Gregorian,target met,regional,secondary reference,20,single-source verified,20,95
13,CE,1893,June,,,GHCD-06-13-1893-05,historical event,"Grover Cleveland notices a rough spot in his mouth and on July 1 undergoes secret, successful surgery to remove a large, cancerous portion of his jaw; the operation was not revealed to the public until 1917, nine years after the president's death.","Grover Cleveland notices a rough spot in his mouth and on July 1 undergoes secret, successful surgery to remove a large, cancerous portion of his jaw; the operation was not reve...","June 13, 1893 CE",https://en.wikipedia.org/wiki/June_13,1893-06-13,"1893– Grover Cleveland notices a rough spot in his mouth and on July 1 undergoes secret, successful surgery to remove a large, cancerous portion of his jaw; the operation was not revealed to the public until 1917, nine years after the president's death.",Wikipedia,exact,general history,,Gregorian,target met,transregional,secondary reference,20,single-source verified,20,82
13,CE,1895,June,,,GHCD-06-13-1895-06,historical event,"Émile Levassor wins the world's first real automobile race. Levassor completed the 732-mile course, from Paris to Bordeaux and back, in just under 49 hours, at a then-impressive speed of about fifteen miles per hour (24 km/h).",Émile Levassor wins the world's first real automobile race,"June 13, 1895 CE",https://en.wikipedia.org/wiki/June_13,1895-06-13,"1895– Émile Levassor wins the world's first real automobile race. Levassor completed the 732-mile course, from Paris to Bordeaux and back, in just under 49 hours, at a then-impressive speed of about fifteen miles per hour (24 km/h).",Wikipedia,exact,general history,,Gregorian,target met,transregional,secondary reference,20,single-source verified,20,82
13,CE,1917,June,,,GHCD-06-13-1917-07,conflict,"World War I: The deadliest German air raid on London of the war is carried out by Gotha G.IV bombers and results in 162 deaths, including 46 children, and 432 injuries.","World War I: The deadliest German air raid on London of the war is carried out by Gotha G.IV bombers and results in 162 deaths, including 46 children, and 432 injuries.","June 13, 1917 CE",https://en.wikipedia.org/wiki/June_13,1917-06-13,"1917– World War I: The deadliest German air raid on London of the war is carried out by Gotha G.IV bombers and results in 162 deaths, including 46 children, and 432 injuries.",Wikipedia,exact,military and conflict,,Gregorian,target met,international,secondary reference,20,single-source verified,20,95
13,CE,1944,June,,,GHCD-06-13-1944-08,conflict,"World War II: The Battle of Villers-Bocage: German tank ace Michael Wittmann ambushes elements of the British 7th Armoured Division, destroying up to fourteen tanks, fifteen personnel carriers and two anti-tank guns in a Tiger I tank.","World War II: The Battle of Villers-Bocage: German tank ace Michael Wittmann ambushes elements of the British 7th Armoured Division, destroying up to fourteen tanks, fifteen per...","June 13, 1944 CE",https://en.wikipedia.org/wiki/June_13,1944-06-13,"1944– World War II: The Battle of Villers-Bocage: German tank ace Michael Wittmann ambushes elements of the British 7th Armoured Division, destroying up to fourteen tanks, fifteen personnel carriers and two anti-tank guns in a Tiger I tank.",Wikipedia,exact,military and conflict,,Gregorian,target met,international,secondary reference,20,single-source verified,20,95
13,CE,1944,June,,Europe,GHCD-06-13-1944-09,conflict,World War II: Germany launches the first V1 Flying Bomb attack on England. Only four of the eleven bombs strike their targets.,World War II: Germany launches the first V1 Flying Bomb attack on England,"June 13, 1944 CE",https://en.wikipedia.org/wiki/June_13,1944-06-13,1944– World War II: Germany launches the first V1 Flying Bomb attack on England. Only four of the eleven bombs strike their targets.,Wikipedia,exact,military and conflict,United Kingdom,Gregorian,target met,international,secondary reference,20,single-source verified,20,95
13,CE,1944,June,,,GHCD-06-13-1944-10,conflict,"World War II: German combat elements, reinforced by the 17th SS Panzergrenadier Division, launch a counterattack on American forces near Carentan.","World War II: German combat elements, reinforced by the 17th SS Panzergrenadier Division, launch a counterattack on American forces near Carentan.","June 13, 1944 CE",https://en.wikipedia.org/wiki/June_13,1944-06-13,"1944– World War II: German combat elements, reinforced by the 17th SS Panzergrenadier Division, launch a counterattack on American forces near Carentan.",Wikipedia,exact,military and conflict,,Gregorian,target met,international,secondary reference,20,single-source verified,20,95
13,CE,1966,June,,North America,GHCD-06-13-1966-11,politics,"The United States Supreme Court rules in Miranda v. Arizona that the police must inform suspects of their Fifth Amendment rights before questioning them (colloquially known as "" Mirandizing"").",The United States Supreme Court rules in Miranda v,"June 13, 1966 CE",https://en.wikipedia.org/wiki/June_13,1966-06-13,"1966– The United States Supreme Court rules in Miranda v. Arizona that the police must inform suspects of their Fifth Amendment rights before questioning them (colloquially known as "" Mirandizing"").",Wikipedia,exact,politics and law,United States,Gregorian,target met,regional,secondary reference,20,single-source verified,20,82
13,CE,1967,June,,,GHCD-06-13-1967-12,politics,U.S. President Lyndon B. Johnson nominates Solicitor-General Thurgood Marshall to become the first black justice on the U.S. Supreme Court.,U.S,"June 13, 1967 CE",https://en.wikipedia.org/wiki/June_13,1967-06-13,1967– U.S. President Lyndon B. Johnson nominates Solicitor-General Thurgood Marshall to become the first black justice on the U.S. Supreme Court.,Wikipedia,exact,politics and law,,Gregorian,target met,transregional,secondary reference,20,single-source verified,20,95
13,CE,1971,June,,Asia,GHCD-06-13-1971-13,conflict,Vietnam War: The New York Times begins publication of the Pentagon Papers.,Vietnam War: The New York Times begins publication of the Pentagon Papers.,"June 13, 1971 CE",https://en.wikipedia.org/wiki/June_13,1971-06-13,1971– Vietnam War: The New York Times begins publication of the Pentagon Papers.,Wikipedia,exact,military and conflict,Vietnam,Gregorian,target met,regional,secondary reference,20,single-source verified,20,82
13,CE,1973,June,,,GHCD-06-13-1973-14,historical event,"In a game versus the Philadelphia Phillies at Veterans Stadium, Los Angeles Dodgers teammates Steve Garvey, Davey Lopes, Ron Cey and Bill Russell play together as an infield for the first time, going on to set the Major League Baseball record of staying together for 8+ 1⁄ 2 years.","In a game versus the Philadelphia Phillies at Veterans Stadium, Los Angeles Dodgers teammates Steve Garvey, Davey Lopes, Ron Cey and Bill Russell play together as an infield for...","June 13, 1973 CE",https://en.wikipedia.org/wiki/June_13,1973-06-13,"1973– In a game versus the Philadelphia Phillies at Veterans Stadium, Los Angeles Dodgers teammates Steve Garvey, Davey Lopes, Ron Cey and Bill Russell play together as an infield for the first time, going on to set the Major League Baseball record of staying together for 8+ 1⁄ 2 years.",Wikipedia,exact,general history,,Gregorian,target met,transregional,secondary reference,20,single-source verified,20,82
13,CE,1977,June,,,GHCD-06-13-1977-15,historical event,Convicted Martin Luther King Jr. assassin James Earl Ray is recaptured after escaping from prison three days before.,Convicted Martin Luther King Jr,"June 13, 1977 CE",https://en.wikipedia.org/wiki/June_13,1977-06-13,1977– Convicted Martin Luther King Jr. assassin James Earl Ray is recaptured after escaping from prison three days before.,Wikipedia,exact,general history,,Gregorian,target met,transregional,secondary reference,20,single-source verified,20,95
13,CE,1982,June,,,GHCD-06-13-1982-16,conflict,"Battles of Tumbledown and Wireless Ridge, during the Falklands War.","Battles of Tumbledown and Wireless Ridge, during the Falklands War.","June 13, 1982 CE",https://en.wikipedia.org/wiki/June_13,1982-06-13,"1982– Battles of Tumbledown and Wireless Ridge, during the Falklands War.",Wikipedia,exact,military and conflict,,Gregorian,target met,transregional,secondary reference,20,single-source verified,20,95
13,CE,1982,June,,Asia,GHCD-06-13-1982-17,historical event,"Fahd becomes King of Saudi Arabia upon the death of his brother, Khalid.","Fahd becomes King of Saudi Arabia upon the death of his brother, Khalid.","June 13, 1982 CE",https://en.wikipedia.org/wiki/June_13,1982-06-13,"1982– Fahd becomes King of Saudi Arabia upon the death of his brother, Khalid.",Wikipedia,exact,general history,Saudi Arabia,Gregorian,target met,regional,secondary reference,20,single-source verified,20,82
13,CE,1983,June,,,GHCD-06-13-1983-18,historical event,Pioneer 10 becomes the first man-made object to leave the central Solar System when it passes beyond the orbit of Neptune.,Pioneer 10 becomes the first man-made object to leave the central Solar System when it passes beyond the orbit of Neptune.,"June 13, 1983 CE",https://en.wikipedia.org/wiki/June_13,1983-06-13,1983– Pioneer 10 becomes the first man-made object to leave the central Solar System when it passes beyond the orbit of Neptune.,Wikipedia,exact,general history,,Gregorian,target met,transregional,secondary reference,20,single-source verified,20,82
13,CE,1990,June,,Europe,GHCD-06-13-1990-19,politics,First day of the June 1990 Mineriad in Romania. At least 240 strikers and students are arrested or killed in the chaos ensuing from the first post- Ceaușescu elections.,First day of the June 1990 Mineriad in Romania,"June 13, 1990 CE",https://en.wikipedia.org/wiki/June_13,1990-06-13,1990– First day of the June 1990 Mineriad in Romania. At least 240 strikers and students are arrested or killed in the chaos ensuing from the first post- Ceaușescu elections.,Wikipedia,exact,politics and law,Romania,Gregorian,target met,regional,secondary reference,20,single-source verified,20,95
13,CE,2000,June,,Asia,GHCD-06-13-2000-20,historical event,"President Kim Dae-jung of South Korea meets Kim Jong-il, leader of North Korea, for the beginning of the first ever inter-Korea summit, in the northern capital of Pyongyang.","President Kim Dae-jung of South Korea meets Kim Jong-il, leader of North Korea, for the beginning of the first ever inter-Korea summit, in the northern capital of Pyongyang.","June 13, 2000 CE",https://en.wikipedia.org/wiki/June_13,2000-06-13,"2000– President Kim Dae-jung of South Korea meets Kim Jong-il, leader of North Korea, for the beginning of the first ever inter-Korea summit, in the northern capital of Pyongyang.",Wikipedia,exact,general history,South Korea,Gregorian,target met,regional,secondary reference,20,single-source verified,20,95
14,CE,1216,June,,Europe,GHCD-06-14-1216-01,conflict,"First Barons' War: Prince Louis of France takes the city of Winchester, abandoned by John, King of England, and soon conquers over half of the kingdom.","First Barons' War: Prince Louis of France takes the city of Winchester, abandoned by John, King of England, and soon conquers over half of the kingdom.","June 14, 1216 CE",https://en.wikipedia.org/wiki/June_14,1216-06-14,"1216– First Barons' War: Prince Louis of France takes the city of Winchester, abandoned by John, King of England, and soon conquers over half of the kingdom.",Wikipedia,exact,military and conflict,United Kingdom,Gregorian,target met,regional,secondary reference,20,single-source verified,20,95
14,CE,1276,June,,,GHCD-06-14-1276-02,politics,"While in exile in Fuzhou, away from the advancing Mongol invaders, the remnants of the Song dynasty court hold the coronation ceremony for Emperor Duanzong.","While in exile in Fuzhou, away from the advancing Mongol invaders, the remnants of the Song dynasty court hold the coronation ceremony for Emperor Duanzong.","June 14, 1276 CE",https://en.wikipedia.org/wiki/June_14,1276-06-14,"1276– While in exile in Fuzhou, away from the advancing Mongol invaders, the remnants of the Song dynasty court hold the coronation ceremony for Emperor Duanzong.",Wikipedia,exact,politics and law,,Gregorian,target met,transregional,secondary reference,20,single-source verified,20,95
14,CE,1285,June,,Asia,GHCD-06-14-1285-03,conflict,Second Mongol invasion of Vietnam: Forces led by Prince Trần Quang Khải of the Trần dynasty destroy most of the invading Mongol naval fleet in a battle at Chuong Duong.,Second Mongol invasion of Vietnam: Forces led by Prince Trần Quang Khải of the Trần dynasty destroy most of the invading Mongol naval fleet in a battle at Chuong Duong.,"June 14, 1285 CE",https://en.wikipedia.org/wiki/June_14,1285-06-14,1285– Second Mongol invasion of Vietnam: Forces led by Prince Trần Quang Khải of the Trần dynasty destroy most of the invading Mongol naval fleet in a battle at Chuong Duong.,Wikipedia,exact,military and conflict,Vietnam,Gregorian,target met,regional,secondary reference,20,single-source verified,20,95
14,CE,1645,June,,,GHCD-06-14-1645-04,conflict,English Civil War: Battle of Naseby: Twelve thousand Royalist forces are beaten by fifteen thousand Parliamentarian soldiers.,English Civil War: Battle of Naseby: Twelve thousand Royalist forces are beaten by fifteen thousand Parliamentarian soldiers.,"June 14, 1645 CE",https://en.wikipedia.org/wiki/June_14,1645-06-14,1645– English Civil War: Battle of Naseby: Twelve thousand Royalist forces are beaten by fifteen thousand Parliamentarian soldiers.,Wikipedia,exact,military and conflict,,Gregorian,target met,transregional,secondary reference,20,single-source verified,20,95
14,CE,1658,June,,,GHCD-06-14-1658-05,conflict,Franco-Spanish War: Turenne and the French army win a decisive victory over the Spanish at the battle of the Dunes.,Franco-Spanish War: Turenne and the French army win a decisive victory over the Spanish at the battle of the Dunes.,"June 14, 1658 CE",https://en.wikipedia.org/wiki/June_14,1658-06-14,1658– Franco-Spanish War: Turenne and the French army win a decisive victory over the Spanish at the battle of the Dunes.,Wikipedia,exact,military and conflict,,Gregorian,target met,transregional,secondary reference,20,single-source verified,20,95
14,CE,1775,June,,North America,GHCD-06-14-1775-06,conflict,"American Revolutionary War: the Continental Army is established by the Continental Congress, marking the birth of the United States Armed Forces.","American Revolutionary War: the Continental Army is established by the Continental Congress, marking the birth of the United States Armed Forces.","June 14, 1775 CE",https://en.wikipedia.org/wiki/June_14,1775-06-14,"1775– American Revolutionary War: the Continental Army is established by the Continental Congress, marking the birth of the United States Armed Forces.",Wikipedia,exact,military and conflict,United States,Gregorian,target met,regional,secondary reference,20,single-source verified,20,95
14,CE,1800,June,,Europe,GHCD-06-14-1800-07,conflict,The French Army of First Consul Napoleon Bonaparte defeats the Austrians at the Battle of Marengo in Northern Italy and re-conquers Italy.,The French Army of First Consul Napoleon Bonaparte defeats the Austrians at the Battle of Marengo in Northern Italy and re-conquers Italy.,"June 14, 1800 CE",https://en.wikipedia.org/wiki/June_14,1800-06-14,1800– The French Army of First Consul Napoleon Bonaparte defeats the Austrians at the Battle of Marengo in Northern Italy and re-conquers Italy.,Wikipedia,exact,military and conflict,Italy,Gregorian,target met,regional,secondary reference,20,single-source verified,20,95
14,CE,1807,June,,Europe,GHCD-06-14-1807-08,conflict,Emperor Napoleon's French Grande Armée defeats the Russian Army at the Battle of Friedland in Poland (modern Russian Kaliningrad Oblast) ending the War of the Fourth Coalition.,Emperor Napoleon's French Grande Armée defeats the Russian Army at the Battle of Friedland in Poland (modern Russian Kaliningrad Oblast) ending the War of the Fourth Coalition.,"June 14, 1807 CE",https://en.wikipedia.org/wiki/June_14,1807-06-14,1807– Emperor Napoleon's French Grande Armée defeats the Russian Army at the Battle of Friedland in Poland (modern Russian Kaliningrad Oblast) ending the War of the Fourth Coalition.,Wikipedia,exact,military and conflict,Poland,Gregorian,target met,regional,secondary reference,20,single-source verified,20,95
14,CE,1821,June,,,GHCD-06-14-1821-09,historical event,"Badi VII, king of Sennar, surrenders his throne and realm to Ismail Pasha, general of the Ottoman Empire, bringing the 300 year old Sudanese kingdom to an end.","Badi VII, king of Sennar, surrenders his throne and realm to Ismail Pasha, general of the Ottoman Empire, bringing the 300 year old Sudanese kingdom to an end.","June 14, 1821 CE",https://en.wikipedia.org/wiki/June_14,1821-06-14,"1821– Badi VII, king of Sennar, surrenders his throne and realm to Ismail Pasha, general of the Ottoman Empire, bringing the 300 year old Sudanese kingdom to an end.",Wikipedia,exact,general history,,Gregorian,target met,transregional,secondary reference,20,single-source verified,20,95
14,CE,1830,June,,Africa,GHCD-06-14-1830-10,conflict,"Beginning of the French colonization of Algeria: Thirty-four thousand French soldiers begin their invasion of Algiers, landing 27 kilometers west at Sidi Fredj.","Beginning of the French colonization of Algeria: Thirty-four thousand French soldiers begin their invasion of Algiers, landing 27 kilometers west at Sidi Fredj.","June 14, 1830 CE",https://en.wikipedia.org/wiki/June_14,1830-06-14,"1830– Beginning of the French colonization of Algeria: Thirty-four thousand French soldiers begin their invasion of Algiers, landing 27 kilometers west at Sidi Fredj.",Wikipedia,exact,military and conflict,Algeria,Gregorian,target met,regional,secondary reference,20,single-source verified,20,82
14,CE,1839,June,,,GHCD-06-14-1839-11,historical event,"Henley Royal Regatta: the village of Henley-on-Thames, on the River Thames in Oxfordshire, stages its first regatta.","Henley Royal Regatta: the village of Henley-on-Thames, on the River Thames in Oxfordshire, stages its first regatta.","June 14, 1839 CE",https://en.wikipedia.org/wiki/June_14,1839-06-14,"1839– Henley Royal Regatta: the village of Henley-on-Thames, on the River Thames in Oxfordshire, stages its first regatta.",Wikipedia,exact,general history,,Gregorian,target met,transregional,secondary reference,20,single-source verified,20,82
14,CE,1863,June,,,GHCD-06-14-1863-12,conflict,"American Civil War: Second Battle of Winchester: A Union garrison is defeated by the Army of Northern Virginia in the Shenandoah Valley town of Winchester, Virginia.","American Civil War: Second Battle of Winchester: A Union garrison is defeated by the Army of Northern Virginia in the Shenandoah Valley town of Winchester, Virginia.","June 14, 1863 CE",https://en.wikipedia.org/wiki/June_14,1863-06-14,"1863– American Civil War: Second Battle of Winchester: A Union garrison is defeated by the Army of Northern Virginia in the Shenandoah Valley town of Winchester, Virginia.",Wikipedia,exact,military and conflict,,Gregorian,target met,transregional,secondary reference,20,single-source verified,20,95
14,CE,1863,June,,,GHCD-06-14-1863-13,conflict,Second Assault on the Confederate works at the Siege of Port Hudson during the American Civil War.,Second Assault on the Confederate works at the Siege of Port Hudson during the American Civil War.,"June 14, 1863 CE",https://en.wikipedia.org/wiki/June_14,1863-06-14,1863– Second Assault on the Confederate works at the Siege of Port Hudson during the American Civil War.,Wikipedia,exact,military and conflict,,Gregorian,target met,transregional,secondary reference,20,single-source verified,20,82
14,CE,1907,June,,,GHCD-06-14-1907-14,politics,The National Association for Women's Suffrage succeeds in getting Norwegian women the right to vote in parliamentary elections.,The National Association for Women's Suffrage succeeds in getting Norwegian women the right to vote in parliamentary elections.,"June 14, 1907 CE",https://en.wikipedia.org/wiki/June_14,1907-06-14,1907– The National Association for Women's Suffrage succeeds in getting Norwegian women the right to vote in parliamentary elections.,Wikipedia,exact,politics and law,,Gregorian,target met,transregional,secondary reference,20,single-source verified,20,82
14,CE,1919,June,,,GHCD-06-14-1919-15,science and technology,"John Alcock and Arthur Whitten Brown depart from St. John's, Newfoundland on the first nonstop transatlantic flight.",John Alcock and Arthur Whitten Brown depart from St,"June 14, 1919 CE",https://en.wikipedia.org/wiki/June_14,1919-06-14,"1919– John Alcock and Arthur Whitten Brown depart from St. John's, Newfoundland on the first nonstop transatlantic flight.",Wikipedia,exact,science and technology,,Gregorian,target met,transregional,secondary reference,20,single-source verified,20,82
14,CE,1937,June,,North America,GHCD-06-14-1937-16,historical event,Pennsylvania becomes the first (and only) state of the United States to celebrate Flag Day officially as a state holiday.,Pennsylvania becomes the first (and only) state of the United States to celebrate Flag Day officially as a state holiday.,"June 14, 1937 CE",https://en.wikipedia.org/wiki/June_14,1937-06-14,1937– Pennsylvania becomes the first (and only) state of the United States to celebrate Flag Day officially as a state holiday.,Wikipedia,exact,general history,United States,Gregorian,target met,regional,secondary reference,20,single-source verified,20,82
14,CE,1940,June,,,GHCD-06-14-1940-17,conflict,World War II: The German occupation of Paris begins.,World War II: The German occupation of Paris begins.,"June 14, 1940 CE",https://en.wikipedia.org/wiki/June_14,1940-06-14,1940– World War II: The German occupation of Paris begins.,Wikipedia,exact,military and conflict,,Gregorian,target met,international,secondary reference,20,single-source verified,20,95
14,CE,1944,June,,,GHCD-06-14-1944-18,conflict,"World War II: After several failed attempts, the British Army abandons Operation Perch, its plan to capture the German-occupied town of Caen.","World War II: After several failed attempts, the British Army abandons Operation Perch, its plan to capture the German-occupied town of Caen.","June 14, 1944 CE",https://en.wikipedia.org/wiki/June_14,1944-06-14,"1944– World War II: After several failed attempts, the British Army abandons Operation Perch, its plan to capture the German-occupied town of Caen.",Wikipedia,exact,military and conflict,,Gregorian,target met,international,secondary reference,20,single-source verified,20,95
14,CE,1945,June,,,GHCD-06-14-1945-19,conflict,World War II: Filipino troops of the Philippine Commonwealth Army liberate the captured in Ilocos Sur and start the Battle of Bessang Pass in Northern Luzon.,World War II: Filipino troops of the Philippine Commonwealth Army liberate the captured in Ilocos Sur and start the Battle of Bessang Pass in Northern Luzon.,"June 14, 1945 CE",https://en.wikipedia.org/wiki/June_14,1945-06-14,1945– World War II: Filipino troops of the Philippine Commonwealth Army liberate the captured in Ilocos Sur and start the Battle of Bessang Pass in Northern Luzon.,Wikipedia,exact,military and conflict,,Gregorian,target met,international,secondary reference,20,single-source verified,20,95
14,CE,1949,June,,,GHCD-06-14-1949-20,science and technology,"Albert II, a rhesus monkey, rides a V-2 rocket to an altitude of 134 km (83 mi), thereby becoming the first mammal and first monkey in space.","Albert II, a rhesus monkey, rides a V-2 rocket to an altitude of 134 km (83 mi), thereby becoming the first mammal and first monkey in space.","June 14, 1949 CE",https://en.wikipedia.org/wiki/June_14,1949-06-14,"1949– Albert II, a rhesus monkey, rides a V-2 rocket to an altitude of 134 km (83 mi), thereby becoming the first mammal and first monkey in space.",Wikipedia,exact,science and technology,,Gregorian,target met,transregional,secondary reference,20,single-source verified,20,95
15,CE,844,June,,Europe,GHCD-06-15-0844-01,historical event,Louis II is crowned as king of Italy at Rome by pope Sergius II.,Louis II is crowned as king of Italy at Rome by pope Sergius II.,"June 15, 844 CE",https://en.wikipedia.org/wiki/June_15,0844-06-15,844– Louis II is crowned as king of Italy at Rome by pope Sergius II.,Wikipedia,exact,general history,Italy,Gregorian,target met,regional,secondary reference,20,single-source verified,20,79
15,CE,923,June,,Europe,GHCD-06-15-0923-02,conflict,Battle of Soissons: King Robert I of France is killed and King Charles the Simple is arrested by the supporters of Duke Rudolph of Burgundy.,Battle of Soissons: King Robert I of France is killed and King Charles the Simple is arrested by the supporters of Duke Rudolph of Burgundy.,"June 15, 923 CE",https://en.wikipedia.org/wiki/June_15,0923-06-15,923– Battle of Soissons: King Robert I of France is killed and King Charles the Simple is arrested by the supporters of Duke Rudolph of Burgundy.,Wikipedia,exact,military and conflict,France,Gregorian,target met,regional,secondary reference,20,single-source verified,20,95
15,CE,1184,June,,Europe,GHCD-06-15-1184-03,conflict,The naval Battle of Fimreite is won by the Birkebeiner pretender Sverre Sigurdsson. Sigurdsson takes the Norwegian throne and King Magnus V of Norway is killed.,The naval Battle of Fimreite is won by the Birkebeiner pretender Sverre Sigurdsson,"June 15, 1184 CE",https://en.wikipedia.org/wiki/June_15,1184-06-15,1184– The naval Battle of Fimreite is won by the Birkebeiner pretender Sverre Sigurdsson. Sigurdsson takes the Norwegian throne and King Magnus V of Norway is killed.,Wikipedia,exact,military and conflict,Norway,Gregorian,target met,regional,secondary reference,20,single-source verified,20,95
15,CE,1215,June,,Europe,GHCD-06-15-1215-04,historical event,King John of England puts his seal to Magna Carta.,King John of England puts his seal to Magna Carta.,"June 15, 1215 CE",https://en.wikipedia.org/wiki/June_15,1215-06-15,1215– King John of England puts his seal to Magna Carta.,Wikipedia,exact,general history,United Kingdom,Gregorian,target met,regional,secondary reference,20,single-source verified,20,79
15,CE,1219,June,,,GHCD-06-15-1219-05,conflict,Northern Crusades: Danish victory at the Battle of Lindanise (modern-day Tallinn) establishes the Danish Duchy of Estonia.,Northern Crusades: Danish victory at the Battle of Lindanise (modern-day Tallinn) establishes the Danish Duchy of Estonia.,"June 15, 1219 CE",https://en.wikipedia.org/wiki/June_15,1219-06-15,1219– Northern Crusades: Danish victory at the Battle of Lindanise (modern-day Tallinn) establishes the Danish Duchy of Estonia.,Wikipedia,exact,military and conflict,,Gregorian,target met,transregional,secondary reference,20,single-source verified,20,79
15,CE,1246,June,,Europe,GHCD-06-15-1246-06,historical event,"With the death of Frederick II, Duke of Austria, the Babenberg dynasty ends in Austria.","With the death of Frederick II, Duke of Austria, the Babenberg dynasty ends in Austria.","June 15, 1246 CE",https://en.wikipedia.org/wiki/June_15,1246-06-15,"1246– With the death of Frederick II, Duke of Austria, the Babenberg dynasty ends in Austria.",Wikipedia,exact,general history,Austria,Gregorian,target met,regional,secondary reference,20,single-source verified,20,79
15,CE,1310,June,,,GHCD-06-15-1310-07,conflict,"The Tiepolo conspiracy, seeking to seize power in the Republic of Venice, is thwarted after bloody street clashes in Venice. The suppression of the revolt will lead to the creation of the Council of Ten.","The Tiepolo conspiracy, seeking to seize power in the Republic of Venice, is thwarted after bloody street clashes in Venice","June 15, 1310 CE",https://en.wikipedia.org/wiki/June_15,1310-06-15,"1310– The Tiepolo conspiracy, seeking to seize power in the Republic of Venice, is thwarted after bloody street clashes in Venice. The suppression of the revolt will lead to the creation of the Council of Ten.",Wikipedia,exact,military and conflict,,Gregorian,target met,transregional,secondary reference,20,single-source verified,20,95
15,CE,1312,June,,Europe,GHCD-06-15-1312-08,conflict,"At the Battle of Rozgony, King Charles I of Hungary wins a decisive victory over the family of Palatine Amade Aba.","At the Battle of Rozgony, King Charles I of Hungary wins a decisive victory over the family of Palatine Amade Aba.","June 15, 1312 CE",https://en.wikipedia.org/wiki/June_15,1312-06-15,"1312– At the Battle of Rozgony, King Charles I of Hungary wins a decisive victory over the family of Palatine Amade Aba.",Wikipedia,exact,military and conflict,Hungary,Gregorian,target met,regional,secondary reference,20,single-source verified,20,95
15,CE,1410,June,,,GHCD-06-15-1410-09,conflict,"In a decisive battle at Onon River, the Mongol forces of Oljei Temur were decimated by the Chinese armies of the Yongle Emperor.","In a decisive battle at Onon River, the Mongol forces of Oljei Temur were decimated by the Chinese armies of the Yongle Emperor.","June 15, 1410 CE",https://en.wikipedia.org/wiki/June_15,1410-06-15,"1410– In a decisive battle at Onon River, the Mongol forces of Oljei Temur were decimated by the Chinese armies of the Yongle Emperor.",Wikipedia,exact,military and conflict,,Gregorian,target met,transregional,secondary reference,20,single-source verified,20,95
15,CE,1804,June,,North America,GHCD-06-15-1804-10,politics,"New Hampshire approves the Twelfth Amendment to the United States Constitution, ratifying the document.","New Hampshire approves the Twelfth Amendment to the United States Constitution, ratifying the document.","June 15, 1804 CE",https://en.wikipedia.org/wiki/June_15,1804-06-15,"1804– New Hampshire approves the Twelfth Amendment to the United States Constitution, ratifying the document.",Wikipedia,exact,politics and law,United States,Gregorian,target met,regional,secondary reference,20,single-source verified,20,82
15,CE,1846,June,,North America,GHCD-06-15-1846-11,conflict,"The Oregon Treaty extends the border between the United States and British North America, established by the Treaty of 1818, westward to the Pacific Ocean.","The Oregon Treaty extends the border between the United States and British North America, established by the Treaty of 1818, westward to the Pacific Ocean.","June 15, 1846 CE",https://en.wikipedia.org/wiki/June_15,1846-06-15,"1846– The Oregon Treaty extends the border between the United States and British North America, established by the Treaty of 1818, westward to the Pacific Ocean.",Wikipedia,exact,military and conflict,United States,Gregorian,target met,regional,secondary reference,20,single-source verified,20,95
15,CE,1859,June,,,GHCD-06-15-1859-12,politics,"Ambiguity in the Oregon Treaty leads to the "" Northwestern Boundary Dispute"" between American and British/Canadian settlers.","Ambiguity in the Oregon Treaty leads to the "" Northwestern Boundary Dispute"" between American and British/Canadian settlers.","June 15, 1859 CE",https://en.wikipedia.org/wiki/June_15,1859-06-15,"1859– Ambiguity in the Oregon Treaty leads to the "" Northwestern Boundary Dispute"" between American and British/Canadian settlers.",Wikipedia,exact,politics and law,,Gregorian,target met,transregional,secondary reference,20,single-source verified,20,82
15,CE,1864,June,,,GHCD-06-15-1864-13,conflict,American Civil War: The Second Battle of Petersburg begins.,American Civil War: The Second Battle of Petersburg begins.,"June 15, 1864 CE",https://en.wikipedia.org/wiki/June_15,1864-06-15,1864– American Civil War: The Second Battle of Petersburg begins.,Wikipedia,exact,military and conflict,,Gregorian,target met,transregional,secondary reference,20,single-source verified,20,95
15,CE,1919,June,,,GHCD-06-15-1919-14,science and technology,"John Alcock and Arthur Brown complete the first nonstop transatlantic flight when they reach Clifden, County Galway, Ireland.","John Alcock and Arthur Brown complete the first nonstop transatlantic flight when they reach Clifden, County Galway, Ireland.","June 15, 1919 CE",https://en.wikipedia.org/wiki/June_15,1919-06-15,"1919– John Alcock and Arthur Brown complete the first nonstop transatlantic flight when they reach Clifden, County Galway, Ireland.",Wikipedia,exact,science and technology,,Gregorian,target met,transregional,secondary reference,20,single-source verified,20,82
15,CE,1940,June,,Europe,GHCD-06-15-1940-15,conflict,"World War II: Operation Aerial begins: Allied troops start to evacuate France, following Germany's takeover of Paris and most of the nation.","World War II: Operation Aerial begins: Allied troops start to evacuate France, following Germany's takeover of Paris and most of the nation.","June 15, 1940 CE",https://en.wikipedia.org/wiki/June_15,1940-06-15,"1940– World War II: Operation Aerial begins: Allied troops start to evacuate France, following Germany's takeover of Paris and most of the nation.",Wikipedia,exact,military and conflict,France,Gregorian,target met,international,secondary reference,20,single-source verified,20,95
15,CE,1944,June,,North America,GHCD-06-15-1944-16,conflict,"World War II: The United States invades Saipan, capital of Japan's South Seas Mandate.","World War II: The United States invades Saipan, capital of Japan's South Seas Mandate.","June 15, 1944 CE",https://en.wikipedia.org/wiki/June_15,1944-06-15,"1944– World War II: The United States invades Saipan, capital of Japan's South Seas Mandate.",Wikipedia,exact,military and conflict,United States,Gregorian,target met,international,secondary reference,20,single-source verified,20,95
15,CE,1944,June,,,GHCD-06-15-1944-17,politics,"In the Saskatchewan general election, the CCF, led by Tommy Douglas, is elected and forms the first socialist government in North America.","In the Saskatchewan general election, the CCF, led by Tommy Douglas, is elected and forms the first socialist government in North America.","June 15, 1944 CE",https://en.wikipedia.org/wiki/June_15,1944-06-15,"1944– In the Saskatchewan general election, the CCF, led by Tommy Douglas, is elected and forms the first socialist government in North America.",Wikipedia,exact,politics and law,,Gregorian,target met,transregional,secondary reference,20,single-source verified,20,95
15,CE,1977,June,,Europe,GHCD-06-15-1977-18,politics,"After the death of dictator Francisco Franco in 1975, the first democratic elections take place in Spain.","After the death of dictator Francisco Franco in 1975, the first democratic elections take place in Spain.","June 15, 1977 CE",https://en.wikipedia.org/wiki/June_15,1977-06-15,"1977– After the death of dictator Francisco Franco in 1975, the first democratic elections take place in Spain.",Wikipedia,exact,politics and law,Spain,Gregorian,target met,regional,secondary reference,20,single-source verified,20,95
15,CE,1991,June,,Asia,GHCD-06-15-1991-19,disaster,"In the Philippines, Mount Pinatubo erupts in the second largest volcanic eruption of the 20th century, killing over 800 people.","In the Philippines, Mount Pinatubo erupts in the second largest volcanic eruption of the 20th century, killing over 800 people.","June 15, 1991 CE",https://en.wikipedia.org/wiki/June_15,1991-06-15,"1991– In the Philippines, Mount Pinatubo erupts in the second largest volcanic eruption of the 20th century, killing over 800 people.",Wikipedia,exact,natural disaster,Philippines,Gregorian,target met,regional,secondary reference,20,single-source verified,20,82
15,CE,1992,June,,North America,GHCD-06-15-1992-20,politics,"The United States Supreme Court rules in United States v. Álvarez-Machaín that it is permissible for the United States to forcibly extradite suspects in foreign countries and bring them to the United States for trial, without approval from those other countries.",The United States Supreme Court rules in United States v,"June 15, 1992 CE",https://en.wikipedia.org/wiki/June_15,1992-06-15,"1992– The United States Supreme Court rules in United States v. Álvarez-Machaín that it is permissible for the United States to forcibly extradite suspects in foreign countries and bring them to the United States for trial, without approval from those other countries.",Wikipedia,exact,politics and law,United States,Gregorian,target met,regional,secondary reference,20,single-source verified,20,82
16,CE,632,June,,Asia,GHCD-06-16-0632-01,historical event,Yazdegerd III ascends the throne as king (shah) of the Persian Empire. He becomes the last ruler of the Sasanian dynasty (modern Iran).,Yazdegerd III ascends the throne as king (shah) of the Persian Empire,"June 16, 632 CE",https://en.wikipedia.org/wiki/June_16,0632-06-16,632– Yazdegerd III ascends the throne as king (shah) of the Persian Empire. He becomes the last ruler of the Sasanian dynasty (modern Iran).,Wikipedia,exact,general history,Iran,Gregorian,target met,regional,secondary reference,20,single-source verified,20,95
16,CE,1407,June,,,GHCD-06-16-1407-02,conflict,Ming–Hồ War: Retired King Hồ Quý Ly and his son King Hồ Hán Thương of Hồ dynasty are captured by the Ming armies.,Ming–Hồ War: Retired King Hồ Quý Ly and his son King Hồ Hán Thương of Hồ dynasty are captured by the Ming armies.,"June 16, 1407 CE",https://en.wikipedia.org/wiki/June_16,1407-06-16,1407– Ming–Hồ War: Retired King Hồ Quý Ly and his son King Hồ Hán Thương of Hồ dynasty are captured by the Ming armies.,Wikipedia,exact,military and conflict,,Gregorian,target met,transregional,secondary reference,20,single-source verified,20,95
16,CE,1487,June,,Europe,GHCD-06-16-1487-03,conflict,Battle of Stoke Field: King Henry VII of England defeats the leaders of a Yorkist rebellion in the final engagement of the Wars of the Roses.,Battle of Stoke Field: King Henry VII of England defeats the leaders of a Yorkist rebellion in the final engagement of the Wars of the Roses.,"June 16, 1487 CE",https://en.wikipedia.org/wiki/June_16,1487-06-16,1487– Battle of Stoke Field: King Henry VII of England defeats the leaders of a Yorkist rebellion in the final engagement of the Wars of the Roses.,Wikipedia,exact,military and conflict,United Kingdom,Gregorian,target met,regional,secondary reference,20,single-source verified,20,95
16,CE,1746,June,,Europe,GHCD-06-16-1746-04,conflict,War of the Austrian Succession: Austria and Sardinia defeat a Franco-Spanish army at the Battle of Piacenza.,War of the Austrian Succession: Austria and Sardinia defeat a Franco-Spanish army at the Battle of Piacenza.,"June 16, 1746 CE",https://en.wikipedia.org/wiki/June_16,1746-06-16,1746– War of the Austrian Succession: Austria and Sardinia defeat a Franco-Spanish army at the Battle of Piacenza.,Wikipedia,exact,military and conflict,Austria,Gregorian,target met,regional,secondary reference,20,single-source verified,20,95
16,CE,1779,June,,Europe,GHCD-06-16-1779-05,conflict,"American Revolutionary War: Spain declares war on the Kingdom of Great Britain, and the Great Siege of Gibraltar begins.","American Revolutionary War: Spain declares war on the Kingdom of Great Britain, and the Great Siege of Gibraltar begins.","June 16, 1779 CE",https://en.wikipedia.org/wiki/June_16,1779-06-16,"1779– American Revolutionary War: Spain declares war on the Kingdom of Great Britain, and the Great Siege of Gibraltar begins.",Wikipedia,exact,military and conflict,Spain,Gregorian,target met,regional,secondary reference,20,single-source verified,20,95
16,CE,1795,June,,,GHCD-06-16-1795-06,conflict,"French Revolutionary Wars: In what became known as Cornwallis's Retreat, a British Royal Navy squadron led by Vice Admiral William Cornwallis strongly resists a much larger French Navy force and withdraws largely intact, setting up the French Navy defeat at the Battle of Groix six days later.","French Revolutionary Wars: In what became known as Cornwallis's Retreat, a British Royal Navy squadron led by Vice Admiral William Cornwallis strongly resists a much larger Fren...","June 16, 1795 CE",https://en.wikipedia.org/wiki/June_16,1795-06-16,"1795– French Revolutionary Wars: In what became known as Cornwallis's Retreat, a British Royal Navy squadron led by Vice Admiral William Cornwallis strongly resists a much larger French Navy force and withdraws largely intact, setting up the French Navy defeat at the Battle of Groix six days later.",Wikipedia,exact,military and conflict,,Gregorian,target met,transregional,secondary reference,20,single-source verified,20,95
16,CE,1815,June,,,GHCD-06-16-1815-07,conflict,"Battle of Ligny and Battle of Quatre Bras, two days before the Battle of Waterloo.","Battle of Ligny and Battle of Quatre Bras, two days before the Battle of Waterloo.","June 16, 1815 CE",https://en.wikipedia.org/wiki/June_16,1815-06-16,"1815– Battle of Ligny and Battle of Quatre Bras, two days before the Battle of Waterloo.",Wikipedia,exact,military and conflict,,Gregorian,target met,transregional,secondary reference,20,single-source verified,20,82
16,CE,1819,June,,Asia,GHCD-06-16-1819-08,disaster,"A major earthquake strikes the Kutch district of western India, killing over 1,543 people and raising a 6-metre-high (20 ft), 6-kilometre-wide (3.7 mi), ridge, extending for at least 80 kilometres (50 mi), that was known as the Allah Bund (""Dam of God"").","A major earthquake strikes the Kutch district of western India, killing over 1,543 people and raising a 6-metre-high (20 ft), 6-kilometre-wide (3.7 mi), ridge, extending for at...","June 16, 1819 CE",https://en.wikipedia.org/wiki/June_16,1819-06-16,"1819– A major earthquake strikes the Kutch district of western India, killing over 1,543 people and raising a 6-metre-high (20 ft), 6-kilometre-wide (3.7 mi), ridge, extending for at least 80 kilometres (50 mi), that was known as the Allah Bund (""Dam of God"").",Wikipedia,exact,natural disaster,India,Gregorian,target met,regional,secondary reference,20,single-source verified,20,82
16,CE,1836,June,,,GHCD-06-16-1836-09,historical event,The formation of the London Working Men's Association gives rise to the Chartist Movement.,The formation of the London Working Men's Association gives rise to the Chartist Movement.,"June 16, 1836 CE",https://en.wikipedia.org/wiki/June_16,1836-06-16,1836– The formation of the London Working Men's Association gives rise to the Chartist Movement.,Wikipedia,exact,general history,,Gregorian,target met,transregional,secondary reference,20,single-source verified,20,82
16,CE,1884,June,,,GHCD-06-16-1884-10,historical event,"The first purpose-built roller coaster, LaMarcus Adna Thompson's "" Switchback Railway"", opens in New York's Coney Island amusement park.","The first purpose-built roller coaster, LaMarcus Adna Thompson's "" Switchback Railway"", opens in New York's Coney Island amusement park.","June 16, 1884 CE",https://en.wikipedia.org/wiki/June_16,1884-06-16,"1884– The first purpose-built roller coaster, LaMarcus Adna Thompson's "" Switchback Railway"", opens in New York's Coney Island amusement park.",Wikipedia,exact,general history,,Gregorian,target met,transregional,secondary reference,20,single-source verified,20,82
16,CE,1897,June,,North America,GHCD-06-16-1897-11,politics,A treaty annexing the Republic of Hawaii to the United States is signed; the Republic would not be dissolved until a year later.,A treaty annexing the Republic of Hawaii to the United States is signed; the Republic would not be dissolved until a year later.,"June 16, 1897 CE",https://en.wikipedia.org/wiki/June_16,1897-06-16,1897– A treaty annexing the Republic of Hawaii to the United States is signed; the Republic would not be dissolved until a year later.,Wikipedia,exact,politics and law,United States,Gregorian,target met,regional,secondary reference,20,single-source verified,20,95
16,CE,1903,June,,Europe,GHCD-06-16-1903-12,historical event,"Roald Amundsen leaves Oslo, Norway, to commence the first east–west navigation of the Northwest Passage.","Roald Amundsen leaves Oslo, Norway, to commence the first east–west navigation of the Northwest Passage.","June 16, 1903 CE",https://en.wikipedia.org/wiki/June_16,1903-06-16,"1903– Roald Amundsen leaves Oslo, Norway, to commence the first east–west navigation of the Northwest Passage.",Wikipedia,exact,general history,Norway,Gregorian,target met,regional,secondary reference,20,single-source verified,20,82
16,CE,1904,June,,Europe,GHCD-06-16-1904-13,historical event,"Eugen Schauman assassinates Nikolay Bobrikov, Governor-General of Finland.","Eugen Schauman assassinates Nikolay Bobrikov, Governor-General of Finland.","June 16, 1904 CE",https://en.wikipedia.org/wiki/June_16,1904-06-16,"1904– Eugen Schauman assassinates Nikolay Bobrikov, Governor-General of Finland.",Wikipedia,exact,general history,Finland,Gregorian,target met,regional,secondary reference,20,single-source verified,20,82
16,CE,1911,June,,,GHCD-06-16-1911-14,historical event,"IBM founded as the Computing-Tabulating-Recording Company in Endicott, New York.","IBM founded as the Computing-Tabulating-Recording Company in Endicott, New York.","June 16, 1911 CE",https://en.wikipedia.org/wiki/June_16,1911-06-16,"1911– IBM founded as the Computing-Tabulating-Recording Company in Endicott, New York.",Wikipedia,exact,general history,,Gregorian,target met,transregional,secondary reference,20,single-source verified,20,82
16,CE,1922,June,,,GHCD-06-16-1922-15,politics,General election in the Irish Free State: The pro-Treaty Sinn Féin party wins a large majority.,General election in the Irish Free State: The pro-Treaty Sinn Féin party wins a large majority.,"June 16, 1922 CE",https://en.wikipedia.org/wiki/June_16,1922-06-16,1922– General election in the Irish Free State: The pro-Treaty Sinn Féin party wins a large majority.,Wikipedia,exact,politics and law,,Gregorian,target met,transregional,secondary reference,20,single-source verified,20,95
16,CE,1940,June,,Europe,GHCD-06-16-1940-16,conflict,World War II: Marshal Henri Philippe Pétain becomes Chief of State of Vichy France (Chef de l'État Français).,World War II: Marshal Henri Philippe Pétain becomes Chief of State of Vichy France (Chef de l'État Français).,"June 16, 1940 CE",https://en.wikipedia.org/wiki/June_16,1940-06-16,1940– World War II: Marshal Henri Philippe Pétain becomes Chief of State of Vichy France (Chef de l'État Français).,Wikipedia,exact,military and conflict,France,Gregorian,target met,international,secondary reference,20,single-source verified,20,95
16,CE,1955,June,,,GHCD-06-16-1955-17,conflict,"In a futile effort to topple Argentine President Juan Perón, rogue aircraft pilots of the Argentine Navy drop several bombs upon an unarmed crowd demonstrating in favor of Perón in Buenos Aires, killing 364 and injuring at least 800. At the same time on the ground, some soldiers attempt to stage a coup but are suppressed by loyal forces.","In a futile effort to topple Argentine President Juan Perón, rogue aircraft pilots of the Argentine Navy drop several bombs upon an unarmed crowd demonstrating in favor of Perón...","June 16, 1955 CE",https://en.wikipedia.org/wiki/June_16,1955-06-16,"1955– In a futile effort to topple Argentine President Juan Perón, rogue aircraft pilots of the Argentine Navy drop several bombs upon an unarmed crowd demonstrating in favor of Perón in Buenos Aires, killing 364 and injuring at least 800. At the same time on the ground, some soldiers attempt to stage a coup but are suppressed by loyal forces.",Wikipedia,exact,military and conflict,,Gregorian,target met,transregional,secondary reference,20,single-source verified,20,95
16,CE,1963,June,,,GHCD-06-16-1963-18,science and technology,Soviet Space Program: Vostok 6 mission: Cosmonaut Valentina Tereshkova becomes the first woman in space.,Soviet Space Program: Vostok 6 mission: Cosmonaut Valentina Tereshkova becomes the first woman in space.,"June 16, 1963 CE",https://en.wikipedia.org/wiki/June_16,1963-06-16,1963– Soviet Space Program: Vostok 6 mission: Cosmonaut Valentina Tereshkova becomes the first woman in space.,Wikipedia,exact,science and technology,,Gregorian,target met,transregional,secondary reference,20,single-source verified,20,95
16,CE,1963,June,,Asia,GHCD-06-16-1963-19,historical event,"In an attempt to resolve the Buddhist crisis in South Vietnam, a Joint Communique is signed between President Ngo Dinh Diem and Buddhist leaders.","In an attempt to resolve the Buddhist crisis in South Vietnam, a Joint Communique is signed between President Ngo Dinh Diem and Buddhist leaders.","June 16, 1963 CE",https://en.wikipedia.org/wiki/June_16,1963-06-16,"1963– In an attempt to resolve the Buddhist crisis in South Vietnam, a Joint Communique is signed between President Ngo Dinh Diem and Buddhist leaders.",Wikipedia,exact,general history,Vietnam,Gregorian,target met,regional,secondary reference,20,single-source verified,20,95
16,CE,1981,June,,North America,GHCD-06-16-1981-20,conflict,"US President Ronald Reagan awards the Congressional Gold Medal to Ken Taylor, Canada's former ambassador to Iran, for helping six Americans escape from Iran during the hostage crisis of 1979–81; he is the first foreign citizen bestowed the honor.","US President Ronald Reagan awards the Congressional Gold Medal to Ken Taylor, Canada's former ambassador to Iran, for helping six Americans escape from Iran during the hostage c...","June 16, 1981 CE",https://en.wikipedia.org/wiki/June_16,1981-06-16,"1981– US President Ronald Reagan awards the Congressional Gold Medal to Ken Taylor, Canada's former ambassador to Iran, for helping six Americans escape from Iran during the hostage crisis of 1979–81; he is the first foreign citizen bestowed the honor.",Wikipedia,exact,military and conflict,Canada,Gregorian,target met,regional,secondary reference,20,single-source verified,20,95
17,CE,1497,June,,,GHCD-06-17-1497-01,conflict,Battle of Deptford Bridge: Forces under King Henry VII defeat troops led by Michael An Gof.,Battle of Deptford Bridge: Forces under King Henry VII defeat troops led by Michael An Gof.,"June 17, 1497 CE",https://en.wikipedia.org/wiki/June_17,1497-06-17,1497– Battle of Deptford Bridge: Forces under King Henry VII defeat troops led by Michael An Gof.,Wikipedia,exact,military and conflict,,Gregorian,target met,transregional,secondary reference,20,single-source verified,20,95
17,CE,1665,June,,Europe,GHCD-06-17-1665-02,conflict,Battle of Montes Claros: Portugal definitively secures independence from Spain in the last battle of the Portuguese Restoration War.,Battle of Montes Claros: Portugal definitively secures independence from Spain in the last battle of the Portuguese Restoration War.,"June 17, 1665 CE",https://en.wikipedia.org/wiki/June_17,1665-06-17,1665– Battle of Montes Claros: Portugal definitively secures independence from Spain in the last battle of the Portuguese Restoration War.,Wikipedia,exact,military and conflict,Spain,Gregorian,target met,regional,secondary reference,20,single-source verified,20,95
17,CE,1775,June,,,GHCD-06-17-1775-03,conflict,American Revolutionary War: Colonists inflict heavy casualties on British forces while losing the Battle of Bunker Hill.,American Revolutionary War: Colonists inflict heavy casualties on British forces while losing the Battle of Bunker Hill.,"June 17, 1775 CE",https://en.wikipedia.org/wiki/June_17,1775-06-17,1775– American Revolutionary War: Colonists inflict heavy casualties on British forces while losing the Battle of Bunker Hill.,Wikipedia,exact,military and conflict,,Gregorian,target met,transregional,secondary reference,20,single-source verified,20,95
17,CE,1831,June,,,GHCD-06-17-1831-04,historical event,The steam locomotive Best Friend of Charleston causes the first boiler explosion caused by a steam locomotive.,The steam locomotive Best Friend of Charleston causes the first boiler explosion caused by a steam locomotive.,"June 17, 1831 CE",https://en.wikipedia.org/wiki/June_17,1831-06-17,1831– The steam locomotive Best Friend of Charleston causes the first boiler explosion caused by a steam locomotive.,Wikipedia,exact,general history,,Gregorian,target met,transregional,secondary reference,20,single-source verified,20,82
17,CE,1839,June,,,GHCD-06-17-1839-05,historical event,"In the Kingdom of Hawaii, Kamehameha III issues the edict of toleration which gives Roman Catholics the freedom to worship in the Hawaiian Islands. The Hawaii Catholic Church and the Cathedral of Our Lady of Peace are established as a result.","In the Kingdom of Hawaii, Kamehameha III issues the edict of toleration which gives Roman Catholics the freedom to worship in the Hawaiian Islands","June 17, 1839 CE",https://en.wikipedia.org/wiki/June_17,1839-06-17,"1839– In the Kingdom of Hawaii, Kamehameha III issues the edict of toleration which gives Roman Catholics the freedom to worship in the Hawaiian Islands. The Hawaii Catholic Church and the Cathedral of Our Lady of Peace are established as a result.",Wikipedia,exact,general history,,Gregorian,target met,transregional,secondary reference,20,single-source verified,20,82
17,CE,1843,June,,Oceania,GHCD-06-17-1843-06,conflict,"The Wairau Affray, the first serious clash of arms between Māori and British settlers in the New Zealand Wars, takes place.","The Wairau Affray, the first serious clash of arms between Māori and British settlers in the New Zealand Wars, takes place.","June 17, 1843 CE",https://en.wikipedia.org/wiki/June_17,1843-06-17,"1843– The Wairau Affray, the first serious clash of arms between Māori and British settlers in the New Zealand Wars, takes place.",Wikipedia,exact,military and conflict,New Zealand,Gregorian,target met,regional,secondary reference,20,single-source verified,20,95
17,CE,1861,June,,,GHCD-06-17-1861-07,conflict,"American Civil War: Battle of Vienna, Virginia.","American Civil War: Battle of Vienna, Virginia.","June 17, 1861 CE",https://en.wikipedia.org/wiki/June_17,1861-06-17,"1861– American Civil War: Battle of Vienna, Virginia.",Wikipedia,exact,military and conflict,,Gregorian,target met,transregional,secondary reference,20,single-source verified,20,95
17,CE,1863,June,,,GHCD-06-17-1863-08,conflict,American Civil War: Battle of Aldie in the Gettysburg campaign.,American Civil War: Battle of Aldie in the Gettysburg campaign.,"June 17, 1863 CE",https://en.wikipedia.org/wiki/June_17,1863-06-17,1863– American Civil War: Battle of Aldie in the Gettysburg campaign.,Wikipedia,exact,military and conflict,,Gregorian,target met,transregional,secondary reference,20,single-source verified,20,95
17,CE,1876,June,,,GHCD-06-17-1876-09,conflict,American Indian Wars: Battle of the Rosebud: One thousand five hundred Sioux and Cheyenne led by Crazy Horse beat back General George Crook's forces at Rosebud Creek in Montana Territory.,American Indian Wars: Battle of the Rosebud: One thousand five hundred Sioux and Cheyenne led by Crazy Horse beat back General George Crook's forces at Rosebud Creek in Montana...,"June 17, 1876 CE",https://en.wikipedia.org/wiki/June_17,1876-06-17,1876– American Indian Wars: Battle of the Rosebud: One thousand five hundred Sioux and Cheyenne led by Crazy Horse beat back General George Crook's forces at Rosebud Creek in Montana Territory.,Wikipedia,exact,military and conflict,,Gregorian,target met,transregional,secondary reference,20,single-source verified,20,95
17,CE,1877,June,,,GHCD-06-17-1877-10,conflict,American Indian Wars: Battle of White Bird Canyon: The Nez Perce defeat the U.S. Cavalry at White Bird Canyon in the Idaho Territory.,American Indian Wars: Battle of White Bird Canyon: The Nez Perce defeat the U.S,"June 17, 1877 CE",https://en.wikipedia.org/wiki/June_17,1877-06-17,1877– American Indian Wars: Battle of White Bird Canyon: The Nez Perce defeat the U.S. Cavalry at White Bird Canyon in the Idaho Territory.,Wikipedia,exact,military and conflict,,Gregorian,target met,transregional,secondary reference,20,single-source verified,20,95
17,CE,1901,June,,,GHCD-06-17-1901-11,historical event,"The College Board introduces its first standardized test, the forerunner to the SAT.","The College Board introduces its first standardized test, the forerunner to the SAT.","June 17, 1901 CE",https://en.wikipedia.org/wiki/June_17,1901-06-17,"1901– The College Board introduces its first standardized test, the forerunner to the SAT.",Wikipedia,exact,general history,,Gregorian,target met,transregional,secondary reference,20,single-source verified,20,82
17,CE,1929,June,,Oceania,GHCD-06-17-1929-12,disaster,"The town of Murchison, New Zealand is rocked by a 7.8 magnitude earthquake killing 17. At the time it was New Zealand's worst natural disaster.","The town of Murchison, New Zealand is rocked by a 7.8 magnitude earthquake killing 17","June 17, 1929 CE",https://en.wikipedia.org/wiki/June_17,1929-06-17,"1929– The town of Murchison, New Zealand is rocked by a 7.8 magnitude earthquake killing 17. At the time it was New Zealand's worst natural disaster.",Wikipedia,exact,natural disaster,New Zealand,Gregorian,target met,regional,secondary reference,20,single-source verified,20,95
17,CE,1932,June,,North America,GHCD-06-17-1932-13,conflict,Bonus Army: Around a thousand World War I veterans amass at the United States Capitol as the U.S. Senate considers a bill that would give them certain benefits.,Bonus Army: Around a thousand World War I veterans amass at the United States Capitol as the U.S,"June 17, 1932 CE",https://en.wikipedia.org/wiki/June_17,1932-06-17,1932– Bonus Army: Around a thousand World War I veterans amass at the United States Capitol as the U.S. Senate considers a bill that would give them certain benefits.,Wikipedia,exact,military and conflict,United States,Gregorian,target met,international,secondary reference,20,single-source verified,20,95
17,CE,1940,June,,Europe,GHCD-06-17-1940-14,conflict,"World War II: RMS Lancastria is attacked and sunk by the Luftwaffe near Saint-Nazaire, France. At least 3,000 are killed in Britain's worst maritime disaster.","World War II: RMS Lancastria is attacked and sunk by the Luftwaffe near Saint-Nazaire, France","June 17, 1940 CE",https://en.wikipedia.org/wiki/June_17,1940-06-17,"1940– World War II: RMS Lancastria is attacked and sunk by the Luftwaffe near Saint-Nazaire, France. At least 3,000 are killed in Britain's worst maritime disaster.",Wikipedia,exact,military and conflict,France,Gregorian,target met,international,secondary reference,20,single-source verified,20,95
17,CE,1940,June,,,GHCD-06-17-1940-15,conflict,World War II: The British Army's 11th Hussars assault and take Fort Capuzzo in Libya from Italian forces.,World War II: The British Army's 11th Hussars assault and take Fort Capuzzo in Libya from Italian forces.,"June 17, 1940 CE",https://en.wikipedia.org/wiki/June_17,1940-06-17,1940– World War II: The British Army's 11th Hussars assault and take Fort Capuzzo in Libya from Italian forces.,Wikipedia,exact,military and conflict,,Gregorian,target met,international,secondary reference,20,single-source verified,20,95
17,CE,1960,June,,,GHCD-06-17-1960-16,conflict,"The Nez Perce tribe is awarded $4 million for 7 million acres (28,000 km 2) of land undervalued at four cents/acre in the 1863 treaty.","The Nez Perce tribe is awarded $4 million for 7 million acres (28,000 km 2) of land undervalued at four cents/acre in the 1863 treaty.","June 17, 1960 CE",https://en.wikipedia.org/wiki/June_17,1960-06-17,"1960– The Nez Perce tribe is awarded $4 million for 7 million acres (28,000 km 2) of land undervalued at four cents/acre in the 1863 treaty.",Wikipedia,exact,military and conflict,,Gregorian,target met,transregional,secondary reference,20,single-source verified,20,95
17,CE,1967,June,,Asia,GHCD-06-17-1967-17,science and technology,Nuclear weapons testing: China announces a successful test of its first thermonuclear weapon.,Nuclear weapons testing: China announces a successful test of its first thermonuclear weapon.,"June 17, 1967 CE",https://en.wikipedia.org/wiki/June_17,1967-06-17,1967– Nuclear weapons testing: China announces a successful test of its first thermonuclear weapon.,Wikipedia,exact,science and technology,China,Gregorian,target met,regional,secondary reference,20,single-source verified,20,95
17,CE,1971,June,,,GHCD-06-17-1971-18,conflict,"U.S. president Richard Nixon in a televised press conference calls drug abuse ""America's public enemy number one"", starting the war on drugs.",U.S,"June 17, 1971 CE",https://en.wikipedia.org/wiki/June_17,1971-06-17,"1971– U.S. president Richard Nixon in a televised press conference calls drug abuse ""America's public enemy number one"", starting the war on drugs.",Wikipedia,exact,military and conflict,,Gregorian,target met,transregional,secondary reference,20,single-source verified,20,95
17,CE,1985,June,,,GHCD-06-17-1985-19,science and technology,"Space Shuttle program: STS-51-G mission: Space Shuttle Discovery launches carrying Sultan bin Salman bin Abdulaziz Al Saud, the first Arab and first Muslim in space, as a payload specialist.","Space Shuttle program: STS-51-G mission: Space Shuttle Discovery launches carrying Sultan bin Salman bin Abdulaziz Al Saud, the first Arab and first Muslim in space, as a payloa...","June 17, 1985 CE",https://en.wikipedia.org/wiki/June_17,1985-06-17,"1985– Space Shuttle program: STS-51-G mission: Space Shuttle Discovery launches carrying Sultan bin Salman bin Abdulaziz Al Saud, the first Arab and first Muslim in space, as a payload specialist.",Wikipedia,exact,science and technology,,Gregorian,target met,transregional,secondary reference,20,single-source verified,20,95
17,CE,1992,June,,,GHCD-06-17-1992-20,historical event,"A ""joint understanding"" agreement on arms reduction is signed by U.S. president George Bush and Russian president Boris Yeltsin (this would be later codified in START II).","A ""joint understanding"" agreement on arms reduction is signed by U.S","June 17, 1992 CE",https://en.wikipedia.org/wiki/June_17,1992-06-17,"1992– A ""joint understanding"" agreement on arms reduction is signed by U.S. president George Bush and Russian president Boris Yeltsin (this would be later codified in START II).",Wikipedia,exact,general history,,Gregorian,target met,transregional,secondary reference,20,single-source verified,20,95
18,CE,1265,June,,,GHCD-06-18-1265-01,politics,"A draft Byzantine–Venetian treaty is concluded between Venetian envoys and Emperor Michael VIII Palaiologos, but is not ratified by Doge Reniero Zeno.","A draft Byzantine–Venetian treaty is concluded between Venetian envoys and Emperor Michael VIII Palaiologos, but is not ratified by Doge Reniero Zeno.","June 18, 1265 CE",https://en.wikipedia.org/wiki/June_18,1265-06-18,"1265– A draft Byzantine–Venetian treaty is concluded between Venetian envoys and Emperor Michael VIII Palaiologos, but is not ratified by Doge Reniero Zeno.",Wikipedia,exact,politics and law,,Gregorian,target met,transregional,secondary reference,20,single-source verified,20,95
18,CE,1391,June,,Europe,GHCD-06-18-1391-02,conflict,Tokhtamysh–Timur war: Battle of the Kondurcha River: Timur defeats Tokhtamysh of the Golden Horde in present-day southeast Russia.,Tokhtamysh–Timur war: Battle of the Kondurcha River: Timur defeats Tokhtamysh of the Golden Horde in present-day southeast Russia.,"June 18, 1391 CE",https://en.wikipedia.org/wiki/June_18,1391-06-18,1391– Tokhtamysh–Timur war: Battle of the Kondurcha River: Timur defeats Tokhtamysh of the Golden Horde in present-day southeast Russia.,Wikipedia,exact,military and conflict,Russia,Gregorian,target met,regional,secondary reference,20,single-source verified,20,95
18,CE,1429,June,,,GHCD-06-18-1429-03,conflict,"Charles VII's army defeats an English army under John Talbot at the Battle of Patay during the Hundred Years' War. The English lost 2,200 men, over half their army, crippling their efforts during this segment of the war.",Charles VII's army defeats an English army under John Talbot at the Battle of Patay during the Hundred Years' War,"June 18, 1429 CE",https://en.wikipedia.org/wiki/June_18,1429-06-18,"1429– Charles VII's army defeats an English army under John Talbot at the Battle of Patay during the Hundred Years' War. The English lost 2,200 men, over half their army, crippling their efforts during this segment of the war.",Wikipedia,exact,military and conflict,,Gregorian,target met,transregional,secondary reference,20,single-source verified,20,95
18,CE,1757,June,,,GHCD-06-18-1757-04,conflict,Battle of Kolín between Prussian forces under Frederick the Great and an Austrian army under the command of Field Marshal Count Leopold Joseph von Daun in the Seven Years' War.,Battle of Kolín between Prussian forces under Frederick the Great and an Austrian army under the command of Field Marshal Count Leopold Joseph von Daun in the Seven Years' War.,"June 18, 1757 CE",https://en.wikipedia.org/wiki/June_18,1757-06-18,1757– Battle of Kolín between Prussian forces under Frederick the Great and an Austrian army under the command of Field Marshal Count Leopold Joseph von Daun in the Seven Years' War.,Wikipedia,exact,military and conflict,,Gregorian,target met,transregional,secondary reference,20,single-source verified,20,95
18,CE,1778,June,,,GHCD-06-18-1778-05,conflict,American Revolutionary War: The British Army abandons Philadelphia.,American Revolutionary War: The British Army abandons Philadelphia.,"June 18, 1778 CE",https://en.wikipedia.org/wiki/June_18,1778-06-18,1778– American Revolutionary War: The British Army abandons Philadelphia.,Wikipedia,exact,military and conflict,,Gregorian,target met,transregional,secondary reference,20,single-source verified,20,95
18,CE,1803,June,,,GHCD-06-18-1803-06,conflict,Haitian Revolution: The Royal Navy led by Rear-Admiral John Thomas Duckworth commence the blockade of Saint-Domingue against French forces.,Haitian Revolution: The Royal Navy led by Rear-Admiral John Thomas Duckworth commence the blockade of Saint-Domingue against French forces.,"June 18, 1803 CE",https://en.wikipedia.org/wiki/June_18,1803-06-18,1803– Haitian Revolution: The Royal Navy led by Rear-Admiral John Thomas Duckworth commence the blockade of Saint-Domingue against French forces.,Wikipedia,exact,military and conflict,,Gregorian,target met,transregional,secondary reference,20,single-source verified,20,82
18,CE,1812,June,,North America,GHCD-06-18-1812-07,conflict,"The United States declaration of war upon the United Kingdom is signed by President James Madison, beginning the War of 1812.","The United States declaration of war upon the United Kingdom is signed by President James Madison, beginning the War of 1812.","June 18, 1812 CE",https://en.wikipedia.org/wiki/June_18,1812-06-18,"1812– The United States declaration of war upon the United Kingdom is signed by President James Madison, beginning the War of 1812.",Wikipedia,exact,military and conflict,United States,Gregorian,target met,regional,secondary reference,20,single-source verified,20,95
18,CE,1815,June,,Europe,GHCD-06-18-1815-08,conflict,"Napoleonic Wars: The Battle of Waterloo results in the defeat of Napoleon Bonaparte by the Duke of Wellington and Gebhard Leberecht von Blücher, forcing Napoleon to abdicate the throne of France for the second and last time.","Napoleonic Wars: The Battle of Waterloo results in the defeat of Napoleon Bonaparte by the Duke of Wellington and Gebhard Leberecht von Blücher, forcing Napoleon to abdicate the...","June 18, 1815 CE",https://en.wikipedia.org/wiki/June_18,1815-06-18,"1815– Napoleonic Wars: The Battle of Waterloo results in the defeat of Napoleon Bonaparte by the Duke of Wellington and Gebhard Leberecht von Blücher, forcing Napoleon to abdicate the throne of France for the second and last time.",Wikipedia,exact,military and conflict,France,Gregorian,target met,regional,secondary reference,20,single-source verified,20,95
18,CE,1859,June,,,GHCD-06-18-1859-09,historical event,"First ascent of Aletschhorn, second summit of the Bernese Alps.","First ascent of Aletschhorn, second summit of the Bernese Alps.","June 18, 1859 CE",https://en.wikipedia.org/wiki/June_18,1859-06-18,"1859– First ascent of Aletschhorn, second summit of the Bernese Alps.",Wikipedia,exact,general history,,Gregorian,target met,transregional,secondary reference,20,single-source verified,20,82
18,CE,1873,June,,,GHCD-06-18-1873-10,politics,Susan B. Anthony is fined $100 for attempting to vote in the 1872 presidential election.,Susan B,"June 18, 1873 CE",https://en.wikipedia.org/wiki/June_18,1873-06-18,1873– Susan B. Anthony is fined $100 for attempting to vote in the 1872 presidential election.,Wikipedia,exact,politics and law,,Gregorian,target met,transregional,secondary reference,20,single-source verified,20,95
18,CE,1887,June,,Europe,GHCD-06-18-1887-11,politics,The Reinsurance Treaty between Germany and Russia is signed.,The Reinsurance Treaty between Germany and Russia is signed.,"June 18, 1887 CE",https://en.wikipedia.org/wiki/June_18,1887-06-18,1887– The Reinsurance Treaty between Germany and Russia is signed.,Wikipedia,exact,politics and law,Germany,Gregorian,target met,regional,secondary reference,20,single-source verified,20,95
18,CE,1940,June,,,GHCD-06-18-1940-12,conflict,World War II: Appeal of 18 June by Charles de Gaulle.,World War II: Appeal of 18 June by Charles de Gaulle.,"June 18, 1940 CE",https://en.wikipedia.org/wiki/June_18,1940-06-18,1940– World War II: Appeal of 18 June by Charles de Gaulle.,Wikipedia,exact,military and conflict,,Gregorian,target met,international,secondary reference,20,single-source verified,20,95
18,CE,1940,June,,,GHCD-06-18-1940-13,conflict,"World War II: The ""Finest Hour"" speech is delivered by Winston Churchill.","World War II: The ""Finest Hour"" speech is delivered by Winston Churchill.","June 18, 1940 CE",https://en.wikipedia.org/wiki/June_18,1940-06-18,"1940– World War II: The ""Finest Hour"" speech is delivered by Winston Churchill.",Wikipedia,exact,military and conflict,,Gregorian,target met,international,secondary reference,20,single-source verified,20,95
18,CE,1945,June,,,GHCD-06-18-1945-14,conflict,"William Joyce ("" Lord Haw-Haw"") is charged with treason for his pro-German propaganda broadcasting during World War II.","William Joyce ("" Lord Haw-Haw"") is charged with treason for his pro-German propaganda broadcasting during World War II.","June 18, 1945 CE",https://en.wikipedia.org/wiki/June_18,1945-06-18,"1945– William Joyce ("" Lord Haw-Haw"") is charged with treason for his pro-German propaganda broadcasting during World War II.",Wikipedia,exact,military and conflict,,Gregorian,target met,international,secondary reference,20,single-source verified,20,95
18,CE,1953,June,,Africa,GHCD-06-18-1953-15,politics,The Egyptian revolution of 1952 ends with the overthrow of the Muhammad Ali dynasty and the declaration of the Republic of Egypt.,The Egyptian revolution of 1952 ends with the overthrow of the Muhammad Ali dynasty and the declaration of the Republic of Egypt.,"June 18, 1953 CE",https://en.wikipedia.org/wiki/June_18,1953-06-18,1953– The Egyptian revolution of 1952 ends with the overthrow of the Muhammad Ali dynasty and the declaration of the Republic of Egypt.,Wikipedia,exact,politics and law,Egypt,Gregorian,target met,regional,secondary reference,20,single-source verified,20,95
18,CE,1954,June,,,GHCD-06-18-1954-16,conflict,"Carlos Castillo Armas leads an invasion force across the Guatemalan border, setting in motion the 1954 Guatemalan coup d'état.","Carlos Castillo Armas leads an invasion force across the Guatemalan border, setting in motion the 1954 Guatemalan coup d'état.","June 18, 1954 CE",https://en.wikipedia.org/wiki/June_18,1954-06-18,"1954– Carlos Castillo Armas leads an invasion force across the Guatemalan border, setting in motion the 1954 Guatemalan coup d'état.",Wikipedia,exact,military and conflict,,Gregorian,target met,transregional,secondary reference,20,single-source verified,20,95
18,CE,1972,June,,,GHCD-06-18-1972-17,historical event,Staines air disaster: One hundred eighteen people are killed when a BEA H.S. Trident crashes minutes after takeoff from London's Heathrow Airport.,Staines air disaster: One hundred eighteen people are killed when a BEA H.S,"June 18, 1972 CE",https://en.wikipedia.org/wiki/June_18,1972-06-18,1972– Staines air disaster: One hundred eighteen people are killed when a BEA H.S. Trident crashes minutes after takeoff from London's Heathrow Airport.,Wikipedia,exact,general history,,Gregorian,target met,transregional,secondary reference,20,single-source verified,20,95
18,CE,1981,June,,,GHCD-06-18-1981-18,science and technology,"The Lockheed F-117 Nighthawk, the first operational aircraft initially designed around stealth technology, makes its first flight.","The Lockheed F-117 Nighthawk, the first operational aircraft initially designed around stealth technology, makes its first flight.","June 18, 1981 CE",https://en.wikipedia.org/wiki/June_18,1981-06-18,"1981– The Lockheed F-117 Nighthawk, the first operational aircraft initially designed around stealth technology, makes its first flight.",Wikipedia,exact,science and technology,,Gregorian,target met,transregional,secondary reference,20,single-source verified,20,95
18,CE,1983,June,,,GHCD-06-18-1983-19,science and technology,"Space Shuttle program: STS-7, astronaut Sally Ride becomes the first American woman in space.","Space Shuttle program: STS-7, astronaut Sally Ride becomes the first American woman in space.","June 18, 1983 CE",https://en.wikipedia.org/wiki/June_18,1983-06-18,"1983– Space Shuttle program: STS-7, astronaut Sally Ride becomes the first American woman in space.",Wikipedia,exact,science and technology,,Gregorian,target met,transregional,secondary reference,20,single-source verified,20,95
18,CE,2006,June,,,GHCD-06-18-2006-20,science and technology,"The first Kazakh space satellite, KazSat-1, is launched.","The first Kazakh space satellite, KazSat-1, is launched.","June 18, 2006 CE",https://en.wikipedia.org/wiki/June_18,2006-06-18,"2006– The first Kazakh space satellite, KazSat-1, is launched.",Wikipedia,exact,science and technology,,Gregorian,target met,transregional,secondary reference,20,single-source verified,20,95
19,CE,978,June,Date described as approximate by source.,,GHCD-06-19-0978-01,conflict,Byzantine forces loyal to emperor Basil II under Bardas Phokas the Younger defeat rebel forces under Bardas Skleros in the battle of Pankaleia (approximate date).,Byzantine forces loyal to emperor Basil II under Bardas Phokas the Younger defeat rebel forces under Bardas Skleros in the battle of Pankaleia (approximate date).,"June 19, 978 CE",https://en.wikipedia.org/wiki/June_19,0978-06-19,978– Byzantine forces loyal to emperor Basil II under Bardas Phokas the Younger defeat rebel forces under Bardas Skleros in the battle of Pankaleia (approximate date).,Wikipedia,approximate,military and conflict,,Gregorian,target met,transregional,secondary reference,20,single-source verified,20,95
19,CE,1785,June,,North America,GHCD-06-19-1785-02,historical event,"The Boston King's Chapel adopts James Freeman's revised prayer book, without the Nicene Creed, establishing it as the first Unitarian congregation in the United States.","The Boston King's Chapel adopts James Freeman's revised prayer book, without the Nicene Creed, establishing it as the first Unitarian congregation in the United States.","June 19, 1785 CE",https://en.wikipedia.org/wiki/June_19,1785-06-19,"1785– The Boston King's Chapel adopts James Freeman's revised prayer book, without the Nicene Creed, establishing it as the first Unitarian congregation in the United States.",Wikipedia,exact,general history,United States,Gregorian,target met,regional,secondary reference,20,single-source verified,20,95
19,CE,1800,June,,Europe,GHCD-06-19-1800-03,conflict,War of the Second Coalition: Battle of Höchstädt results in a French victory over Austria.,War of the Second Coalition: Battle of Höchstädt results in a French victory over Austria.,"June 19, 1800 CE",https://en.wikipedia.org/wiki/June_19,1800-06-19,1800– War of the Second Coalition: Battle of Höchstädt results in a French victory over Austria.,Wikipedia,exact,military and conflict,Austria,Gregorian,target met,regional,secondary reference,20,single-source verified,20,95
19,CE,1816,June,,North America,GHCD-06-19-1816-04,conflict,"Battle of Seven Oaks between North West Company and Hudson's Bay Company, near Winnipeg, Manitoba, Canada.","Battle of Seven Oaks between North West Company and Hudson's Bay Company, near Winnipeg, Manitoba, Canada.","June 19, 1816 CE",https://en.wikipedia.org/wiki/June_19,1816-06-19,"1816– Battle of Seven Oaks between North West Company and Hudson's Bay Company, near Winnipeg, Manitoba, Canada.",Wikipedia,exact,military and conflict,Canada,Gregorian,target met,regional,secondary reference,20,single-source verified,20,82
19,CE,1846,June,,,GHCD-06-19-1846-05,historical event,"The first officially recorded, organized baseball game is played under Alexander Cartwright's rules on Hoboken, New Jersey's Elysian Fields with the New York Base Ball Club defeating the Knickerbockers 23–1. Cartwright umpired.","The first officially recorded, organized baseball game is played under Alexander Cartwright's rules on Hoboken, New Jersey's Elysian Fields with the New York Base Ball Club defe...","June 19, 1846 CE",https://en.wikipedia.org/wiki/June_19,1846-06-19,"1846– The first officially recorded, organized baseball game is played under Alexander Cartwright's rules on Hoboken, New Jersey's Elysian Fields with the New York Base Ball Club defeating the Knickerbockers 23–1. Cartwright umpired.",Wikipedia,exact,general history,,Gregorian,target met,transregional,secondary reference,20,single-source verified,20,82
19,CE,1862,June,,North America,GHCD-06-19-1862-06,politics,"President Abraham Lincoln signs the Territorial Slavery Act of 1862, which prohibits slavery in all current and future United States territories.","President Abraham Lincoln signs the Territorial Slavery Act of 1862, which prohibits slavery in all current and future United States territories.","June 19, 1862 CE",https://en.wikipedia.org/wiki/June_19,1862-06-19,"1862– President Abraham Lincoln signs the Territorial Slavery Act of 1862, which prohibits slavery in all current and future United States territories.",Wikipedia,exact,politics and law,United States,Gregorian,target met,regional,secondary reference,20,single-source verified,20,82
19,CE,1910,June,,,GHCD-06-19-1910-07,historical event,"The first Father's Day is celebrated in Spokane, Washington.","The first Father's Day is celebrated in Spokane, Washington.","June 19, 1910 CE",https://en.wikipedia.org/wiki/June_19,1910-06-19,"1910– The first Father's Day is celebrated in Spokane, Washington.",Wikipedia,exact,general history,,Gregorian,target met,transregional,secondary reference,20,single-source verified,20,82
19,CE,1926,June,,,GHCD-06-19-1926-08,conflict,"King Roger, an opera about Roger II of Sicily by Karol Szymanowski, is premiered at the Grand Theatre in Warsaw.","King Roger, an opera about Roger II of Sicily by Karol Szymanowski, is premiered at the Grand Theatre in Warsaw.","June 19, 1926 CE",https://en.wikipedia.org/wiki/June_19,1926-06-19,"1926– King Roger, an opera about Roger II of Sicily by Karol Szymanowski, is premiered at the Grand Theatre in Warsaw.",Wikipedia,exact,military and conflict,,Gregorian,target met,transregional,secondary reference,20,single-source verified,20,95
19,CE,1943,June,,,GHCD-06-19-1943-09,conflict,The Philadelphia Eagles and Pittsburgh Steelers of the NFL merge for one season due to player shortages caused by World War II.,The Philadelphia Eagles and Pittsburgh Steelers of the NFL merge for one season due to player shortages caused by World War II.,"June 19, 1943 CE",https://en.wikipedia.org/wiki/June_19,1943-06-19,1943– The Philadelphia Eagles and Pittsburgh Steelers of the NFL merge for one season due to player shortages caused by World War II.,Wikipedia,exact,military and conflict,,Gregorian,target met,international,secondary reference,20,single-source verified,20,95
19,CE,1947,June,,Asia,GHCD-06-19-1947-10,science and technology,"Pan Am Flight 121 crashes in the Syrian Desert near Mayadin, Syria, killing 15 and injuring 21.","Pan Am Flight 121 crashes in the Syrian Desert near Mayadin, Syria, killing 15 and injuring 21.","June 19, 1947 CE",https://en.wikipedia.org/wiki/June_19,1947-06-19,"1947– Pan Am Flight 121 crashes in the Syrian Desert near Mayadin, Syria, killing 15 and injuring 21.",Wikipedia,exact,science and technology,Syria,Gregorian,target met,regional,secondary reference,20,single-source verified,20,82
19,CE,1953,June,,,GHCD-06-19-1953-11,conflict,"Cold War: Julius and Ethel Rosenberg are executed at Sing Sing, in New York.","Cold War: Julius and Ethel Rosenberg are executed at Sing Sing, in New York.","June 19, 1953 CE",https://en.wikipedia.org/wiki/June_19,1953-06-19,"1953– Cold War: Julius and Ethel Rosenberg are executed at Sing Sing, in New York.",Wikipedia,exact,military and conflict,,Gregorian,target met,transregional,secondary reference,20,single-source verified,20,82
19,CE,1960,June,,,GHCD-06-19-1960-12,historical event,"Charlotte Motor Speedway holds its first NASCAR race, the inaugural World 600.","Charlotte Motor Speedway holds its first NASCAR race, the inaugural World 600.","June 19, 1960 CE",https://en.wikipedia.org/wiki/June_19,1960-06-19,"1960– Charlotte Motor Speedway holds its first NASCAR race, the inaugural World 600.",Wikipedia,exact,general history,,Gregorian,target met,transregional,secondary reference,20,single-source verified,20,82
19,CE,1961,June,,Europe,GHCD-06-19-1961-13,politics,Kuwait declares independence from the United Kingdom.,Kuwait declares independence from the United Kingdom.,"June 19, 1961 CE",https://en.wikipedia.org/wiki/June_19,1961-06-19,1961– Kuwait declares independence from the United Kingdom.,Wikipedia,exact,politics and law,United Kingdom,Gregorian,target met,regional,secondary reference,20,single-source verified,20,95
19,CE,1964,June,,North America,GHCD-06-19-1964-14,politics,The Civil Rights Act of 1964 is approved after surviving an 83-day filibuster in the United States Senate.,The Civil Rights Act of 1964 is approved after surviving an 83-day filibuster in the United States Senate.,"June 19, 1964 CE",https://en.wikipedia.org/wiki/June_19,1964-06-19,1964– The Civil Rights Act of 1964 is approved after surviving an 83-day filibuster in the United States Senate.,Wikipedia,exact,politics and law,United States,Gregorian,target met,regional,secondary reference,20,single-source verified,20,82
19,CE,1978,June,,,GHCD-06-19-1978-15,historical event,"Garfield' s first comic strip, originally published locally as Jon in 1976, goes into nationwide syndication.","Garfield' s first comic strip, originally published locally as Jon in 1976, goes into nationwide syndication.","June 19, 1978 CE",https://en.wikipedia.org/wiki/June_19,1978-06-19,"1978– Garfield' s first comic strip, originally published locally as Jon in 1976, goes into nationwide syndication.",Wikipedia,exact,general history,,Gregorian,target met,transregional,secondary reference,20,single-source verified,20,82
19,CE,1982,June,,,GHCD-06-19-1982-16,historical event,"The People's Armed Police is de facto founded; it is officially established 10 months later on April 5, 1983.","The People's Armed Police is de facto founded; it is officially established 10 months later on April 5, 1983.","June 19, 1982 CE",https://en.wikipedia.org/wiki/June_19,1982-06-19,"1982– The People's Armed Police is de facto founded; it is officially established 10 months later on April 5, 1983.",Wikipedia,exact,general history,,Gregorian,target met,transregional,secondary reference,20,single-source verified,20,82
19,CE,1985,June,,,GHCD-06-19-1985-17,historical event,"Members of the Revolutionary Party of Central American Workers, dressed as Salvadoran soldiers, attack the Zona Rosa area of San Salvador.","Members of the Revolutionary Party of Central American Workers, dressed as Salvadoran soldiers, attack the Zona Rosa area of San Salvador.","June 19, 1985 CE",https://en.wikipedia.org/wiki/June_19,1985-06-19,"1985– Members of the Revolutionary Party of Central American Workers, dressed as Salvadoran soldiers, attack the Zona Rosa area of San Salvador.",Wikipedia,exact,general history,,Gregorian,target met,transregional,secondary reference,20,single-source verified,20,82
19,CE,1987,June,,Europe,GHCD-06-19-1987-18,science and technology,"Aeroflot Flight N-528 crashes at Berdiansk Airport in present-day Ukraine, killing eight people.","Aeroflot Flight N-528 crashes at Berdiansk Airport in present-day Ukraine, killing eight people.","June 19, 1987 CE",https://en.wikipedia.org/wiki/June_19,1987-06-19,"1987– Aeroflot Flight N-528 crashes at Berdiansk Airport in present-day Ukraine, killing eight people.",Wikipedia,exact,science and technology,Ukraine,Gregorian,target met,regional,secondary reference,20,single-source verified,20,82
19,CE,1990,June,,Europe,GHCD-06-19-1990-19,politics,"The current international law defending indigenous peoples, Indigenous and Tribal Peoples Convention, 1989, is ratified for the first time by Norway.","The current international law defending indigenous peoples, Indigenous and Tribal Peoples Convention, 1989, is ratified for the first time by Norway.","June 19, 1990 CE",https://en.wikipedia.org/wiki/June_19,1990-06-19,"1990– The current international law defending indigenous peoples, Indigenous and Tribal Peoples Convention, 1989, is ratified for the first time by Norway.",Wikipedia,exact,politics and law,Norway,Gregorian,target met,international,secondary reference,20,single-source verified,20,82
19,CE,1990,June,,,GHCD-06-19-1990-20,politics,The Communist Party of the Russian Soviet Federative Socialist Republic is founded in Moscow.,The Communist Party of the Russian Soviet Federative Socialist Republic is founded in Moscow.,"June 19, 1990 CE",https://en.wikipedia.org/wiki/June_19,1990-06-19,1990– The Communist Party of the Russian Soviet Federative Socialist Republic is founded in Moscow.,Wikipedia,exact,politics and law,,Gregorian,target met,transregional,secondary reference,20,single-source verified,20,82
20,CE,1180,June,,Asia,GHCD-06-20-1180-01,conflict,"First Battle of Uji, starting the Genpei War in Japan.","First Battle of Uji, starting the Genpei War in Japan.","June 20, 1180 CE",https://en.wikipedia.org/wiki/June_20,1180-06-20,"1180– First Battle of Uji, starting the Genpei War in Japan.",Wikipedia,exact,military and conflict,Japan,Gregorian,target met,regional,secondary reference,20,single-source verified,20,95
20,CE,1210,June,,,GHCD-06-20-1210-02,politics,"Michael I Komnenos Doukas, the first ruler of the despotate of Epirus, signs a treaty with the Republic of Venice and becomes their vassal.","Michael I Komnenos Doukas, the first ruler of the despotate of Epirus, signs a treaty with the Republic of Venice and becomes their vassal.","June 20, 1210 CE",https://en.wikipedia.org/wiki/June_20,1210-06-20,"1210– Michael I Komnenos Doukas, the first ruler of the despotate of Epirus, signs a treaty with the Republic of Venice and becomes their vassal.",Wikipedia,exact,politics and law,,Gregorian,target met,transregional,secondary reference,20,single-source verified,20,95
20,CE,1295,June,,Europe,GHCD-06-20-1295-03,conflict,"The Treaty of Anagni, an attempt mediated by the papacy to end the War of the Sicilian Vespers, is signed by the crown of Aragon, the kingdom of France and kingdom of Naples.","The Treaty of Anagni, an attempt mediated by the papacy to end the War of the Sicilian Vespers, is signed by the crown of Aragon, the kingdom of France and kingdom of Naples.","June 20, 1295 CE",https://en.wikipedia.org/wiki/June_20,1295-06-20,"1295– The Treaty of Anagni, an attempt mediated by the papacy to end the War of the Sicilian Vespers, is signed by the crown of Aragon, the kingdom of France and kingdom of Naples.",Wikipedia,exact,military and conflict,France,Gregorian,target met,regional,secondary reference,20,single-source verified,20,95
20,CE,1622,June,,,GHCD-06-20-1622-04,conflict,The Battle of Höchst takes place during the Thirty Years' War.,The Battle of Höchst takes place during the Thirty Years' War.,"June 20, 1622 CE",https://en.wikipedia.org/wiki/June_20,1622-06-20,1622– The Battle of Höchst takes place during the Thirty Years' War.,Wikipedia,exact,military and conflict,,Gregorian,target met,transregional,secondary reference,20,single-source verified,20,95
20,CE,1791,June,,,GHCD-06-20-1791-05,historical event,"King Louis XVI, disguised as a valet, and the French royal family attempt to flee Paris during the French Revolution.","King Louis XVI, disguised as a valet, and the French royal family attempt to flee Paris during the French Revolution.","June 20, 1791 CE",https://en.wikipedia.org/wiki/June_20,1791-06-20,"1791– King Louis XVI, disguised as a valet, and the French royal family attempt to flee Paris during the French Revolution.",Wikipedia,exact,general history,,Gregorian,target met,transregional,secondary reference,20,single-source verified,20,95
20,CE,1819,June,,Europe,GHCD-06-20-1819-06,historical event,"The U.S. vessel SS Savannah arrives at Liverpool, United Kingdom. It is the first steam-propelled vessel to cross the Atlantic, although most of the journey is made under sail.",The U.S,"June 20, 1819 CE",https://en.wikipedia.org/wiki/June_20,1819-06-20,"1819– The U.S. vessel SS Savannah arrives at Liverpool, United Kingdom. It is the first steam-propelled vessel to cross the Atlantic, although most of the journey is made under sail.",Wikipedia,exact,general history,United Kingdom,Gregorian,target met,regional,secondary reference,20,single-source verified,20,95
20,CE,1837,June,,,GHCD-06-20-1837-07,historical event,"King William IV dies, and is succeeded by his niece, Victoria.","King William IV dies, and is succeeded by his niece, Victoria.","June 20, 1837 CE",https://en.wikipedia.org/wiki/June_20,1837-06-20,"1837– King William IV dies, and is succeeded by his niece, Victoria.",Wikipedia,exact,general history,,Gregorian,target met,transregional,secondary reference,20,single-source verified,20,82
20,CE,1862,June,,Europe,GHCD-06-20-1862-08,historical event,"Barbu Catargiu, the Prime Minister of Romania, is assassinated.","Barbu Catargiu, the Prime Minister of Romania, is assassinated.","June 20, 1862 CE",https://en.wikipedia.org/wiki/June_20,1862-06-20,"1862– Barbu Catargiu, the Prime Minister of Romania, is assassinated.",Wikipedia,exact,general history,Romania,Gregorian,target met,regional,secondary reference,20,single-source verified,20,82
20,CE,1863,June,,,GHCD-06-20-1863-09,conflict,American Civil War: West Virginia is admitted as the 35th U.S. state.,American Civil War: West Virginia is admitted as the 35th U.S,"June 20, 1863 CE",https://en.wikipedia.org/wiki/June_20,1863-06-20,1863– American Civil War: West Virginia is admitted as the 35th U.S. state.,Wikipedia,exact,military and conflict,,Gregorian,target met,transregional,secondary reference,20,single-source verified,20,82
20,CE,1877,June,,North America,GHCD-06-20-1877-10,science and technology,"Alexander Graham Bell installs the world's first commercial telephone service in Hamilton, Ontario, Canada.","Alexander Graham Bell installs the world's first commercial telephone service in Hamilton, Ontario, Canada.","June 20, 1877 CE",https://en.wikipedia.org/wiki/June_20,1877-06-20,"1877– Alexander Graham Bell installs the world's first commercial telephone service in Hamilton, Ontario, Canada.",Wikipedia,exact,science and technology,Canada,Gregorian,target met,regional,secondary reference,20,single-source verified,20,82
20,CE,1921,June,,Asia,GHCD-06-20-1921-11,historical event,"Workers of Buckingham and Carnatic Mills in the city of Chennai, India, begin a four-month strike.","Workers of Buckingham and Carnatic Mills in the city of Chennai, India, begin a four-month strike.","June 20, 1921 CE",https://en.wikipedia.org/wiki/June_20,1921-06-20,"1921– Workers of Buckingham and Carnatic Mills in the city of Chennai, India, begin a four-month strike.",Wikipedia,exact,general history,India,Gregorian,target met,regional,secondary reference,20,single-source verified,20,82
20,CE,1942,June,,,GHCD-06-20-1942-12,historical event,"The Holocaust: Kazimierz Piechowski and three others, dressed as members of the SS-Totenkopfverbände, steal an SS staff car and escape from the Auschwitz concentration camp.","The Holocaust: Kazimierz Piechowski and three others, dressed as members of the SS-Totenkopfverbände, steal an SS staff car and escape from the Auschwitz concentration camp.","June 20, 1942 CE",https://en.wikipedia.org/wiki/June_20,1942-06-20,"1942– The Holocaust: Kazimierz Piechowski and three others, dressed as members of the SS-Totenkopfverbände, steal an SS staff car and escape from the Auschwitz concentration camp.",Wikipedia,exact,general history,,Gregorian,target met,transregional,secondary reference,20,single-source verified,20,82
20,CE,1943,June,,Africa,GHCD-06-20-1943-13,conflict,"World War II: The Royal Air Force launches Operation Bellicose, the first shuttle bombing raid of the war. Avro Lancaster bombers damage the V-2 rocket production facilities at the Zeppelin Works while en route to an air base in Algeria.","World War II: The Royal Air Force launches Operation Bellicose, the first shuttle bombing raid of the war","June 20, 1943 CE",https://en.wikipedia.org/wiki/June_20,1943-06-20,"1943– World War II: The Royal Air Force launches Operation Bellicose, the first shuttle bombing raid of the war. Avro Lancaster bombers damage the V-2 rocket production facilities at the Zeppelin Works while en route to an air base in Algeria.",Wikipedia,exact,military and conflict,Algeria,Gregorian,target met,international,secondary reference,20,single-source verified,20,95
20,CE,1944,June,,Asia,GHCD-06-20-1944-14,conflict,"World War II: The Battle of the Philippine Sea concludes with a decisive U.S. naval victory. The lopsided naval air battle is also known as the ""Great Marianas Turkey Shoot"".",World War II: The Battle of the Philippine Sea concludes with a decisive U.S,"June 20, 1944 CE",https://en.wikipedia.org/wiki/June_20,1944-06-20,"1944– World War II: The Battle of the Philippine Sea concludes with a decisive U.S. naval victory. The lopsided naval air battle is also known as the ""Great Marianas Turkey Shoot"".",Wikipedia,exact,military and conflict,Turkey,Gregorian,target met,international,secondary reference,20,single-source verified,20,95
20,CE,1944,June,,Europe,GHCD-06-20-1944-15,conflict,"World War II: During the Continuation War, the Soviet Union demands unconditional surrender from Finland during the beginning of partially successful Vyborg–Petrozavodsk Offensive. The Finnish government refuses.","World War II: During the Continuation War, the Soviet Union demands unconditional surrender from Finland during the beginning of partially successful Vyborg–Petrozavodsk Offensive","June 20, 1944 CE",https://en.wikipedia.org/wiki/June_20,1944-06-20,"1944– World War II: During the Continuation War, the Soviet Union demands unconditional surrender from Finland during the beginning of partially successful Vyborg–Petrozavodsk Offensive. The Finnish government refuses.",Wikipedia,exact,military and conflict,Finland,Gregorian,target met,international,secondary reference,20,single-source verified,20,95
20,CE,1944,June,,,GHCD-06-20-1944-16,science and technology,"The experimental MW 18014 V-2 rocket reaches an altitude of 176 km, becoming the first man-made object to reach outer space.","The experimental MW 18014 V-2 rocket reaches an altitude of 176 km, becoming the first man-made object to reach outer space.","June 20, 1944 CE",https://en.wikipedia.org/wiki/June_20,1944-06-20,"1944– The experimental MW 18014 V-2 rocket reaches an altitude of 176 km, becoming the first man-made object to reach outer space.",Wikipedia,exact,science and technology,,Gregorian,target met,transregional,secondary reference,20,single-source verified,20,95
20,CE,1972,June,,,GHCD-06-20-1972-17,historical event,Watergate scandal: An 18+ 1⁄ 2-minute gap appears in the tape recording of the conversations between U.S. President Richard Nixon and his advisers regarding the recent arrests of his operatives while breaking into the Watergate complex.,Watergate scandal: An 18+ 1⁄ 2-minute gap appears in the tape recording of the conversations between U.S,"June 20, 1972 CE",https://en.wikipedia.org/wiki/June_20,1972-06-20,1972– Watergate scandal: An 18+ 1⁄ 2-minute gap appears in the tape recording of the conversations between U.S. President Richard Nixon and his advisers regarding the recent arrests of his operatives while breaking into the Watergate complex.,Wikipedia,exact,general history,,Gregorian,target met,transregional,secondary reference,20,single-source verified,20,95
20,CE,1979,June,,,GHCD-06-20-1979-18,conflict,ABC News correspondent Bill Stewart is shot dead by a Nicaraguan National Guard soldier under the regime of Anastasio Somoza Debayle during the Nicaraguan Revolution. The murder is caught on tape and sparks an international outcry against the regime.,ABC News correspondent Bill Stewart is shot dead by a Nicaraguan National Guard soldier under the regime of Anastasio Somoza Debayle during the Nicaraguan Revolution,"June 20, 1979 CE",https://en.wikipedia.org/wiki/June_20,1979-06-20,1979– ABC News correspondent Bill Stewart is shot dead by a Nicaraguan National Guard soldier under the regime of Anastasio Somoza Debayle during the Nicaraguan Revolution. The murder is caught on tape and sparks an international outcry against the regime.,Wikipedia,exact,military and conflict,,Gregorian,target met,international,secondary reference,20,single-source verified,20,95
20,CE,1982,June,,,GHCD-06-20-1982-19,conflict,The Argentine Corbeta Uruguay base on Southern Thule surrenders to Royal Marine commandos in the final action of the Falklands War.,The Argentine Corbeta Uruguay base on Southern Thule surrenders to Royal Marine commandos in the final action of the Falklands War.,"June 20, 1982 CE",https://en.wikipedia.org/wiki/June_20,1982-06-20,1982– The Argentine Corbeta Uruguay base on Southern Thule surrenders to Royal Marine commandos in the final action of the Falklands War.,Wikipedia,exact,military and conflict,,Gregorian,target met,transregional,secondary reference,20,single-source verified,20,95
20,CE,1988,June,,,GHCD-06-20-1988-20,conflict,Haitian president Leslie Manigat is ousted from power in a coup d'état led by Lieutenant General Henri Namphy.,Haitian president Leslie Manigat is ousted from power in a coup d'état led by Lieutenant General Henri Namphy.,"June 20, 1988 CE",https://en.wikipedia.org/wiki/June_20,1988-06-20,1988– Haitian president Leslie Manigat is ousted from power in a coup d'état led by Lieutenant General Henri Namphy.,Wikipedia,exact,military and conflict,,Gregorian,target met,transregional,secondary reference,20,single-source verified,20,95
21,CE,1529,June,,Europe,GHCD-06-21-1529-01,conflict,French forces are driven out of northern Italy by Spain at the Battle of Landriano during the War of the League of Cognac.,French forces are driven out of northern Italy by Spain at the Battle of Landriano during the War of the League of Cognac.,"June 21, 1529 CE",https://en.wikipedia.org/wiki/June_21,1529-06-21,1529– French forces are driven out of northern Italy by Spain at the Battle of Landriano during the War of the League of Cognac.,Wikipedia,exact,military and conflict,Italy,Gregorian,target met,regional,secondary reference,20,single-source verified,20,95
21,CE,1768,June,,,GHCD-06-21-1768-02,politics,James Otis Jr. offends the King and Parliament in a speech to the Massachusetts General Court.,James Otis Jr,"June 21, 1768 CE",https://en.wikipedia.org/wiki/June_21,1768-06-21,1768– James Otis Jr. offends the King and Parliament in a speech to the Massachusetts General Court.,Wikipedia,exact,politics and law,,Gregorian,target met,transregional,secondary reference,20,single-source verified,20,95
21,CE,1791,June,,,GHCD-06-21-1791-03,science and technology,King Louis XVI and his immediate family begin the Flight to Varennes during the French Revolution.,King Louis XVI and his immediate family begin the Flight to Varennes during the French Revolution.,"June 21, 1791 CE",https://en.wikipedia.org/wiki/June_21,1791-06-21,1791– King Louis XVI and his immediate family begin the Flight to Varennes during the French Revolution.,Wikipedia,exact,science and technology,,Gregorian,target met,transregional,secondary reference,20,single-source verified,20,95
21,CE,1813,June,,,GHCD-06-21-1813-04,conflict,Peninsular War: Wellington defeats Joseph Bonaparte at the Battle of Vitoria.,Peninsular War: Wellington defeats Joseph Bonaparte at the Battle of Vitoria.,"June 21, 1813 CE",https://en.wikipedia.org/wiki/June_21,1813-06-21,1813– Peninsular War: Wellington defeats Joseph Bonaparte at the Battle of Vitoria.,Wikipedia,exact,military and conflict,,Gregorian,target met,transregional,secondary reference,20,single-source verified,20,95
21,CE,1824,June,,,GHCD-06-21-1824-05,conflict,Greek War of Independence: Egyptian forces capture Psara in the Aegean Sea.,Greek War of Independence: Egyptian forces capture Psara in the Aegean Sea.,"June 21, 1824 CE",https://en.wikipedia.org/wiki/June_21,1824-06-21,1824– Greek War of Independence: Egyptian forces capture Psara in the Aegean Sea.,Wikipedia,exact,military and conflict,,Gregorian,target met,transregional,secondary reference,20,single-source verified,20,95
21,CE,1826,June,,,GHCD-06-21-1826-06,conflict,Maniots defeat Egyptians under Ibrahim Pasha in the Battle of Vergas.,Maniots defeat Egyptians under Ibrahim Pasha in the Battle of Vergas.,"June 21, 1826 CE",https://en.wikipedia.org/wiki/June_21,1826-06-21,1826– Maniots defeat Egyptians under Ibrahim Pasha in the Battle of Vergas.,Wikipedia,exact,military and conflict,,Gregorian,target met,transregional,secondary reference,20,single-source verified,20,82
21,CE,1848,June,,,GHCD-06-21-1848-07,politics,"In the Wallachian Revolution, Ion Heliade Rădulescu and Christian Tell issue the Proclamation of Islaz and create a new republican government.","In the Wallachian Revolution, Ion Heliade Rădulescu and Christian Tell issue the Proclamation of Islaz and create a new republican government.","June 21, 1848 CE",https://en.wikipedia.org/wiki/June_21,1848-06-21,"1848– In the Wallachian Revolution, Ion Heliade Rădulescu and Christian Tell issue the Proclamation of Islaz and create a new republican government.",Wikipedia,exact,politics and law,,Gregorian,target met,transregional,secondary reference,20,single-source verified,20,82
21,CE,1864,June,,,GHCD-06-21-1864-08,conflict,American Civil War: The Battle of Jerusalem Plank Road begins.,American Civil War: The Battle of Jerusalem Plank Road begins.,"June 21, 1864 CE",https://en.wikipedia.org/wiki/June_21,1864-06-21,1864– American Civil War: The Battle of Jerusalem Plank Road begins.,Wikipedia,exact,military and conflict,,Gregorian,target met,transregional,secondary reference,20,single-source verified,20,95
21,CE,1915,June,,North America,GHCD-06-21-1915-09,politics,"The U.S. Supreme Court hands down its decision in Guinn v. United States 238 US 347 1915, striking down Oklahoma grandfather clause legislation which had the effect of denying the right to vote to African-Americans.",The U.S,"June 21, 1915 CE",https://en.wikipedia.org/wiki/June_21,1915-06-21,"1915– The U.S. Supreme Court hands down its decision in Guinn v. United States 238 US 347 1915, striking down Oklahoma grandfather clause legislation which had the effect of denying the right to vote to African-Americans.",Wikipedia,exact,politics and law,United States,Gregorian,target met,regional,secondary reference,20,single-source verified,20,95
21,CE,1919,June,,,GHCD-06-21-1919-10,conflict,"Admiral Ludwig von Reuter scuttles the German fleet at Scapa Flow, Orkney. The nine sailors killed are the last casualties of World War I.","Admiral Ludwig von Reuter scuttles the German fleet at Scapa Flow, Orkney","June 21, 1919 CE",https://en.wikipedia.org/wiki/June_21,1919-06-21,"1919– Admiral Ludwig von Reuter scuttles the German fleet at Scapa Flow, Orkney. The nine sailors killed are the last casualties of World War I.",Wikipedia,exact,military and conflict,,Gregorian,target met,international,secondary reference,20,single-source verified,20,95
21,CE,1929,June,,North America,GHCD-06-21-1929-11,conflict,An agreement brokered by U.S. Ambassador Dwight Whitney Morrow ends the Cristero War in Mexico.,An agreement brokered by U.S,"June 21, 1929 CE",https://en.wikipedia.org/wiki/June_21,1929-06-21,1929– An agreement brokered by U.S. Ambassador Dwight Whitney Morrow ends the Cristero War in Mexico.,Wikipedia,exact,military and conflict,Mexico,Gregorian,target met,regional,secondary reference,20,single-source verified,20,95
21,CE,1940,June,,Europe,GHCD-06-21-1940-12,conflict,World War II: Italy begins an unsuccessful invasion of France.,World War II: Italy begins an unsuccessful invasion of France.,"June 21, 1940 CE",https://en.wikipedia.org/wiki/June_21,1940-06-21,1940– World War II: Italy begins an unsuccessful invasion of France.,Wikipedia,exact,military and conflict,France,Gregorian,target met,international,secondary reference,20,single-source verified,20,95
21,CE,1942,June,,,GHCD-06-21-1942-13,conflict,"World War II: Tobruk falls to Italian and German forces; 33,000 Allied troops are taken prisoner.","World War II: Tobruk falls to Italian and German forces; 33,000 Allied troops are taken prisoner.","June 21, 1942 CE",https://en.wikipedia.org/wiki/June_21,1942-06-21,"1942– World War II: Tobruk falls to Italian and German forces; 33,000 Allied troops are taken prisoner.",Wikipedia,exact,military and conflict,,Gregorian,target met,international,secondary reference,20,single-source verified,20,95
21,CE,1942,June,,North America,GHCD-06-21-1942-14,conflict,"World War II: A Japanese submarine surfaces near the Columbia River in Oregon, firing 17 shells at Fort Stevens in one of only a handful of attacks by Japan against the United States mainland.","World War II: A Japanese submarine surfaces near the Columbia River in Oregon, firing 17 shells at Fort Stevens in one of only a handful of attacks by Japan against the United S...","June 21, 1942 CE",https://en.wikipedia.org/wiki/June_21,1942-06-21,"1942– World War II: A Japanese submarine surfaces near the Columbia River in Oregon, firing 17 shells at Fort Stevens in one of only a handful of attacks by Japan against the United States mainland.",Wikipedia,exact,military and conflict,United States,Gregorian,target met,international,secondary reference,20,single-source verified,20,95
21,CE,1945,June,,,GHCD-06-21-1945-15,conflict,World War II: The Battle of Okinawa ends when the organized resistance of Imperial Japanese Army forces collapses in the Mabuni area on the southern tip of the main island.,World War II: The Battle of Okinawa ends when the organized resistance of Imperial Japanese Army forces collapses in the Mabuni area on the southern tip of the main island.,"June 21, 1945 CE",https://en.wikipedia.org/wiki/June_21,1945-06-21,1945– World War II: The Battle of Okinawa ends when the organized resistance of Imperial Japanese Army forces collapses in the Mabuni area on the southern tip of the main island.,Wikipedia,exact,military and conflict,,Gregorian,target met,international,secondary reference,20,single-source verified,20,95
21,CE,1973,June,,North America,GHCD-06-21-1973-16,politics,"In its decision in Miller v. California, 413 U.S. 15, the Supreme Court of the United States establishes the Miller test for determining whether something is obscene and not protected speech under the U.S. constitution.",In its decision in Miller v,"June 21, 1973 CE",https://en.wikipedia.org/wiki/June_21,1973-06-21,"1973– In its decision in Miller v. California, 413 U.S. 15, the Supreme Court of the United States establishes the Miller test for determining whether something is obscene and not protected speech under the U.S. constitution.",Wikipedia,exact,politics and law,United States,Gregorian,target met,regional,secondary reference,20,single-source verified,20,95
21,CE,1982,June,,,GHCD-06-21-1982-17,historical event,John Hinckley is found not guilty by reason of insanity for the attempted assassination of U.S. President Ronald Reagan.,John Hinckley is found not guilty by reason of insanity for the attempted assassination of U.S,"June 21, 1982 CE",https://en.wikipedia.org/wiki/June_21,1982-06-21,1982– John Hinckley is found not guilty by reason of insanity for the attempted assassination of U.S. President Ronald Reagan.,Wikipedia,exact,general history,,Gregorian,target met,transregional,secondary reference,20,single-source verified,20,95
21,CE,1989,June,,,GHCD-06-21-1989-18,politics,"The U.S. Supreme Court rules in Texas v. Johnson, 491 U.S. 397, that American flag-burning is a form of political protest protected by the First Amendment.",The U.S,"June 21, 1989 CE",https://en.wikipedia.org/wiki/June_21,1989-06-21,"1989– The U.S. Supreme Court rules in Texas v. Johnson, 491 U.S. 397, that American flag-burning is a form of political protest protected by the First Amendment.",Wikipedia,exact,politics and law,,Gregorian,target met,transregional,secondary reference,20,single-source verified,20,95
21,CE,1993,June,,,GHCD-06-21-1993-19,science and technology,Space Shuttle Endeavour is launched on STS-57 to retrieve the European Retrievable Carrier (EURECA) satellite. It is also the first shuttle mission to carry the Spacehab module.,Space Shuttle Endeavour is launched on STS-57 to retrieve the European Retrievable Carrier (EURECA) satellite,"June 21, 1993 CE",https://en.wikipedia.org/wiki/June_21,1993-06-21,1993– Space Shuttle Endeavour is launched on STS-57 to retrieve the European Retrievable Carrier (EURECA) satellite. It is also the first shuttle mission to carry the Spacehab module.,Wikipedia,exact,science and technology,,Gregorian,target met,transregional,secondary reference,20,single-source verified,20,95
21,CE,2004,June,,,GHCD-06-21-2004-20,science and technology,SpaceShipOne becomes the first privately funded spaceplane to achieve spaceflight.,SpaceShipOne becomes the first privately funded spaceplane to achieve spaceflight.,"June 21, 2004 CE",https://en.wikipedia.org/wiki/June_21,2004-06-21,2004– SpaceShipOne becomes the first privately funded spaceplane to achieve spaceflight.,Wikipedia,exact,science and technology,,Gregorian,target met,transregional,secondary reference,20,single-source verified,20,95
22,CE,813,June,,,GHCD-06-22-0813-01,conflict,Battle of Versinikia: The Bulgars led by Krum defeat the Byzantine army near Edirne. Emperor Michael I is forced to abdicate in favor of Leo V the Armenian.,Battle of Versinikia: The Bulgars led by Krum defeat the Byzantine army near Edirne,"June 22, 813 CE",https://en.wikipedia.org/wiki/June_22,0813-06-22,813– Battle of Versinikia: The Bulgars led by Krum defeat the Byzantine army near Edirne. Emperor Michael I is forced to abdicate in favor of Leo V the Armenian.,Wikipedia,exact,military and conflict,,Gregorian,target met,transregional,secondary reference,20,single-source verified,20,95
22,CE,1793,June,,,GHCD-06-22-1793-02,conflict,Haitian Revolution: The Battle of Cap-Français ends with French Republican troops and black slave insurgents capturing the city.,Haitian Revolution: The Battle of Cap-Français ends with French Republican troops and black slave insurgents capturing the city.,"June 22, 1793 CE",https://en.wikipedia.org/wiki/June_22,1793-06-22,1793– Haitian Revolution: The Battle of Cap-Français ends with French Republican troops and black slave insurgents capturing the city.,Wikipedia,exact,military and conflict,,Gregorian,target met,transregional,secondary reference,20,single-source verified,20,95
22,CE,1807,June,,,GHCD-06-22-1807-03,conflict,"In the Chesapeake– Leopard affair, the British warship HMS Leopard attacks and boards the American frigate USS Chesapeake.","In the Chesapeake– Leopard affair, the British warship HMS Leopard attacks and boards the American frigate USS Chesapeake.","June 22, 1807 CE",https://en.wikipedia.org/wiki/June_22,1807-06-22,"1807– In the Chesapeake– Leopard affair, the British warship HMS Leopard attacks and boards the American frigate USS Chesapeake.",Wikipedia,exact,military and conflict,,Gregorian,target met,transregional,secondary reference,20,single-source verified,20,82
22,CE,1812,June,,Europe,GHCD-06-22-1812-04,conflict,"France declares war on Russia, starting Napoleon's invasion.","France declares war on Russia, starting Napoleon's invasion.","June 22, 1812 CE",https://en.wikipedia.org/wiki/June_22,1812-06-22,"1812– France declares war on Russia, starting Napoleon's invasion.",Wikipedia,exact,military and conflict,France,Gregorian,target met,regional,secondary reference,20,single-source verified,20,95
22,CE,1813,June,,,GHCD-06-22-1813-05,conflict,"War of 1812: After learning of American plans for a surprise attack on Beaver Dams in Ontario, Laura Secord sets out on a thirty kilometres (19 mi) journey on foot to warn Lieutenant James FitzGibbon.","War of 1812: After learning of American plans for a surprise attack on Beaver Dams in Ontario, Laura Secord sets out on a thirty kilometres (19 mi) journey on foot to warn Lieut...","June 22, 1813 CE",https://en.wikipedia.org/wiki/June_22,1813-06-22,"1813– War of 1812: After learning of American plans for a surprise attack on Beaver Dams in Ontario, Laura Secord sets out on a thirty kilometres (19 mi) journey on foot to warn Lieutenant James FitzGibbon.",Wikipedia,exact,military and conflict,,Gregorian,target met,transregional,secondary reference,20,single-source verified,20,82
22,CE,1839,June,,,GHCD-06-22-1839-06,politics,"Cherokee leaders Major Ridge, John Ridge, and Elias Boudinot are assassinated for signing the Treaty of New Echota, which had resulted in the Trail of Tears.","Cherokee leaders Major Ridge, John Ridge, and Elias Boudinot are assassinated for signing the Treaty of New Echota, which had resulted in the Trail of Tears.","June 22, 1839 CE",https://en.wikipedia.org/wiki/June_22,1839-06-22,"1839– Cherokee leaders Major Ridge, John Ridge, and Elias Boudinot are assassinated for signing the Treaty of New Echota, which had resulted in the Trail of Tears.",Wikipedia,exact,politics and law,,Gregorian,target met,transregional,secondary reference,20,single-source verified,20,95
22,CE,1893,June,,,GHCD-06-22-1893-07,conflict,"The Royal Navy battleship HMS Camperdown accidentally rams the British Mediterranean Fleet flagship HMS Victoria which sinks taking 358 crew with her, including the fleet's commander, Vice-Admiral Sir George Tryon.","The Royal Navy battleship HMS Camperdown accidentally rams the British Mediterranean Fleet flagship HMS Victoria which sinks taking 358 crew with her, including the fleet's comm...","June 22, 1893 CE",https://en.wikipedia.org/wiki/June_22,1893-06-22,"1893– The Royal Navy battleship HMS Camperdown accidentally rams the British Mediterranean Fleet flagship HMS Victoria which sinks taking 358 crew with her, including the fleet's commander, Vice-Admiral Sir George Tryon.",Wikipedia,exact,military and conflict,,Gregorian,target met,transregional,secondary reference,20,single-source verified,20,95
22,CE,1897,June,,Asia,GHCD-06-22-1897-08,historical event,"British colonial officers Charles Walter Rand and Lt. Charles Egerton Ayerst are assassinated in Pune, Maharashtra, India by the Chapekar brothers and Mahadeo Vinayak Ranade, who are later caught and hanged.",British colonial officers Charles Walter Rand and Lt,"June 22, 1897 CE",https://en.wikipedia.org/wiki/June_22,1897-06-22,"1897– British colonial officers Charles Walter Rand and Lt. Charles Egerton Ayerst are assassinated in Pune, Maharashtra, India by the Chapekar brothers and Mahadeo Vinayak Ranade, who are later caught and hanged.",Wikipedia,exact,general history,India,Gregorian,target met,regional,secondary reference,20,single-source verified,20,82
22,CE,1898,June,,,GHCD-06-22-1898-09,conflict,"Spanish–American War: In a chaotic operation, 6,000 men of the U.S. Fifth Army Corps begins landing at Daiquirí, Cuba, about 16 miles (26 km) east of Santiago de Cuba. Lt. Gen. Arsenio Linares y Pombo of the Spanish Army outnumbers them two-to-one, but does not oppose the landings.","Spanish–American War: In a chaotic operation, 6,000 men of the U.S","June 22, 1898 CE",https://en.wikipedia.org/wiki/June_22,1898-06-22,"1898– Spanish–American War: In a chaotic operation, 6,000 men of the U.S. Fifth Army Corps begins landing at Daiquirí, Cuba, about 16 miles (26 km) east of Santiago de Cuba. Lt. Gen. Arsenio Linares y Pombo of the Spanish Army outnumbers them two-to-one, but does not oppose the landings.",Wikipedia,exact,military and conflict,,Gregorian,target met,transregional,secondary reference,20,single-source verified,20,82
22,CE,1911,June,,,GHCD-06-22-1911-10,conflict,Mexican Revolution: Government forces bring an end to the Magonista rebellion of 1911 in the Second Battle of Tijuana.,Mexican Revolution: Government forces bring an end to the Magonista rebellion of 1911 in the Second Battle of Tijuana.,"June 22, 1911 CE",https://en.wikipedia.org/wiki/June_22,1911-06-22,1911– Mexican Revolution: Government forces bring an end to the Magonista rebellion of 1911 in the Second Battle of Tijuana.,Wikipedia,exact,military and conflict,,Gregorian,target met,transregional,secondary reference,20,single-source verified,20,95
22,CE,1911,June,,Europe,GHCD-06-22-1911-11,historical event,George V and Mary of Teck are crowned King and Queen of the United Kingdom of Great Britain and Ireland.,George V and Mary of Teck are crowned King and Queen of the United Kingdom of Great Britain and Ireland.,"June 22, 1911 CE",https://en.wikipedia.org/wiki/June_22,1911-06-22,1911– George V and Mary of Teck are crowned King and Queen of the United Kingdom of Great Britain and Ireland.,Wikipedia,exact,general history,United Kingdom,Gregorian,target met,regional,secondary reference,20,single-source verified,20,82
22,CE,1940,June,,Europe,GHCD-06-22-1940-12,conflict,"World War II: France is forced to sign the Second Compiègne armistice with Germany, in the same railroad car in which the Germans signed the Armistice in 1918.","World War II: France is forced to sign the Second Compiègne armistice with Germany, in the same railroad car in which the Germans signed the Armistice in 1918.","June 22, 1940 CE",https://en.wikipedia.org/wiki/June_22,1940-06-22,"1940– World War II: France is forced to sign the Second Compiègne armistice with Germany, in the same railroad car in which the Germans signed the Armistice in 1918.",Wikipedia,exact,military and conflict,France,Gregorian,target met,international,secondary reference,20,single-source verified,20,95
22,CE,1941,June,,Europe,GHCD-06-22-1941-13,conflict,World War II: Nazi Germany invades the Soviet Union in Operation Barbarossa.,World War II: Nazi Germany invades the Soviet Union in Operation Barbarossa.,"June 22, 1941 CE",https://en.wikipedia.org/wiki/June_22,1941-06-22,1941– World War II: Nazi Germany invades the Soviet Union in Operation Barbarossa.,Wikipedia,exact,military and conflict,Germany,Gregorian,target met,international,secondary reference,20,single-source verified,20,95
22,CE,1942,June,,,GHCD-06-22-1942-14,conflict,World War II: Erwin Rommel is promoted to Field Marshal after the Axis capture of Tobruk.,World War II: Erwin Rommel is promoted to Field Marshal after the Axis capture of Tobruk.,"June 22, 1942 CE",https://en.wikipedia.org/wiki/June_22,1942-06-22,1942– World War II: Erwin Rommel is promoted to Field Marshal after the Axis capture of Tobruk.,Wikipedia,exact,military and conflict,,Gregorian,target met,international,secondary reference,20,single-source verified,20,95
22,CE,1944,June,,,GHCD-06-22-1944-15,conflict,World War II: Opening day of the Soviet Union's Operation Bagration against the Army Group Centre.,World War II: Opening day of the Soviet Union's Operation Bagration against the Army Group Centre.,"June 22, 1944 CE",https://en.wikipedia.org/wiki/June_22,1944-06-22,1944– World War II: Opening day of the Soviet Union's Operation Bagration against the Army Group Centre.,Wikipedia,exact,military and conflict,,Gregorian,target met,international,secondary reference,20,single-source verified,20,95
22,CE,1945,June,,,GHCD-06-22-1945-16,conflict,World War II: The Battle of Okinawa comes to an end with an American flag-raising ceremony.,World War II: The Battle of Okinawa comes to an end with an American flag-raising ceremony.,"June 22, 1945 CE",https://en.wikipedia.org/wiki/June_22,1945-06-22,1945– World War II: The Battle of Okinawa comes to an end with an American flag-raising ceremony.,Wikipedia,exact,military and conflict,,Gregorian,target met,international,secondary reference,20,single-source verified,20,95
22,CE,1948,June,,Europe,GHCD-06-22-1948-17,historical event,"The ship HMT Empire Windrush brought the first group of 802 West Indian immigrants to Tilbury, marking the start of modern immigration to the United Kingdom.","The ship HMT Empire Windrush brought the first group of 802 West Indian immigrants to Tilbury, marking the start of modern immigration to the United Kingdom.","June 22, 1948 CE",https://en.wikipedia.org/wiki/June_22,1948-06-22,"1948– The ship HMT Empire Windrush brought the first group of 802 West Indian immigrants to Tilbury, marking the start of modern immigration to the United Kingdom.",Wikipedia,exact,general history,United Kingdom,Gregorian,target met,regional,secondary reference,20,single-source verified,20,95
22,CE,1948,June,,Asia,GHCD-06-22-1948-18,historical event,"King George VI formally gives up the title "" Emperor of India"", half a year after Britain actually gave up its rule of India.","King George VI formally gives up the title "" Emperor of India"", half a year after Britain actually gave up its rule of India.","June 22, 1948 CE",https://en.wikipedia.org/wiki/June_22,1948-06-22,"1948– King George VI formally gives up the title "" Emperor of India"", half a year after Britain actually gave up its rule of India.",Wikipedia,exact,general history,India,Gregorian,target met,regional,secondary reference,20,single-source verified,20,95
22,CE,1965,June,,Asia,GHCD-06-22-1965-19,politics,The Treaty on Basic Relations between Japan and the Republic of Korea is signed.,The Treaty on Basic Relations between Japan and the Republic of Korea is signed.,"June 22, 1965 CE",https://en.wikipedia.org/wiki/June_22,1965-06-22,1965– The Treaty on Basic Relations between Japan and the Republic of Korea is signed.,Wikipedia,exact,politics and law,Japan,Gregorian,target met,regional,secondary reference,20,single-source verified,20,95
22,CE,1984,June,,,GHCD-06-22-1984-20,conflict,Virgin Atlantic launches with its first flight from London to Newark.,Virgin Atlantic launches with its first flight from London to Newark.,"June 22, 1984 CE",https://en.wikipedia.org/wiki/June_22,1984-06-22,1984– Virgin Atlantic launches with its first flight from London to Newark.,Wikipedia,exact,military and conflict,,Gregorian,target met,transregional,secondary reference,20,single-source verified,20,95
23,CE,1266,June,,,GHCD-06-23-1266-01,conflict,"War of Saint Sabas: In the Battle of Trapani, the Venetians defeat a larger Genoese fleet, capturing all its ships.","War of Saint Sabas: In the Battle of Trapani, the Venetians defeat a larger Genoese fleet, capturing all its ships.","June 23, 1266 CE",https://en.wikipedia.org/wiki/June_23,1266-06-23,"1266– War of Saint Sabas: In the Battle of Trapani, the Venetians defeat a larger Genoese fleet, capturing all its ships.",Wikipedia,exact,military and conflict,,Gregorian,target met,transregional,secondary reference,20,single-source verified,20,95
23,CE,1280,June,,,GHCD-06-23-1280-02,conflict,"The Spanish Reconquista: In the Battle of Moclín the Emirate of Granada ambush a superior pursuing force, killing most of them in a military disaster for the Kingdom of Castile.","The Spanish Reconquista: In the Battle of Moclín the Emirate of Granada ambush a superior pursuing force, killing most of them in a military disaster for the Kingdom of Castile.","June 23, 1280 CE",https://en.wikipedia.org/wiki/June_23,1280-06-23,"1280– The Spanish Reconquista: In the Battle of Moclín the Emirate of Granada ambush a superior pursuing force, killing most of them in a military disaster for the Kingdom of Castile.",Wikipedia,exact,military and conflict,,Gregorian,target met,transregional,secondary reference,20,single-source verified,20,95
23,CE,1305,June,,,GHCD-06-23-1305-03,politics,A peace treaty between the Flemish and the French is signed at Athis-sur-Orge.,A peace treaty between the Flemish and the French is signed at Athis-sur-Orge.,"June 23, 1305 CE",https://en.wikipedia.org/wiki/June_23,1305-06-23,1305– A peace treaty between the Flemish and the French is signed at Athis-sur-Orge.,Wikipedia,exact,politics and law,,Gregorian,target met,transregional,secondary reference,20,single-source verified,20,95
23,CE,1314,June,,,GHCD-06-23-1314-04,conflict,First War of Scottish Independence: The Battle of Bannockburn (south of Stirling) begins.,First War of Scottish Independence: The Battle of Bannockburn (south of Stirling) begins.,"June 23, 1314 CE",https://en.wikipedia.org/wiki/June_23,1314-06-23,1314– First War of Scottish Independence: The Battle of Bannockburn (south of Stirling) begins.,Wikipedia,exact,military and conflict,,Gregorian,target met,transregional,secondary reference,20,single-source verified,20,95
23,CE,1532,June,,Europe,GHCD-06-23-1532-05,politics,"Henry VIII of England and Francis I of France sign the ""Treaty of Closer Amity With France"" (also known as the Pommeraye treaty), pledging mutual aid against Charles V, Holy Roman Emperor.","Henry VIII of England and Francis I of France sign the ""Treaty of Closer Amity With France"" (also known as the Pommeraye treaty), pledging mutual aid against Charles V, Holy Rom...","June 23, 1532 CE",https://en.wikipedia.org/wiki/June_23,1532-06-23,"1532– Henry VIII of England and Francis I of France sign the ""Treaty of Closer Amity With France"" (also known as the Pommeraye treaty), pledging mutual aid against Charles V, Holy Roman Emperor.",Wikipedia,exact,politics and law,United Kingdom,Gregorian,target met,regional,secondary reference,20,single-source verified,20,95
23,CE,1683,June,,,GHCD-06-23-1683-06,politics,William Penn signs a friendship treaty with Lenape Indians in Pennsylvania.,William Penn signs a friendship treaty with Lenape Indians in Pennsylvania.,"June 23, 1683 CE",https://en.wikipedia.org/wiki/June_23,1683-06-23,1683– William Penn signs a friendship treaty with Lenape Indians in Pennsylvania.,Wikipedia,exact,politics and law,,Gregorian,target met,transregional,secondary reference,20,single-source verified,20,95
23,CE,1758,June,,Europe,GHCD-06-23-1758-07,conflict,"Seven Years' War: Battle of Krefeld: British, Hanoverian, and Prussian forces defeat French troops at Krefeld in Germany.","Seven Years' War: Battle of Krefeld: British, Hanoverian, and Prussian forces defeat French troops at Krefeld in Germany.","June 23, 1758 CE",https://en.wikipedia.org/wiki/June_23,1758-06-23,"1758– Seven Years' War: Battle of Krefeld: British, Hanoverian, and Prussian forces defeat French troops at Krefeld in Germany.",Wikipedia,exact,military and conflict,Germany,Gregorian,target met,regional,secondary reference,20,single-source verified,20,95
23,CE,1760,June,,Europe,GHCD-06-23-1760-08,conflict,Seven Years' War: Battle of Landeshut: Austria defeats Prussia.,Seven Years' War: Battle of Landeshut: Austria defeats Prussia.,"June 23, 1760 CE",https://en.wikipedia.org/wiki/June_23,1760-06-23,1760– Seven Years' War: Battle of Landeshut: Austria defeats Prussia.,Wikipedia,exact,military and conflict,Austria,Gregorian,target met,regional,secondary reference,20,single-source verified,20,95
23,CE,1780,June,,,GHCD-06-23-1780-09,conflict,"American Revolution: Battle of Springfield fought in and around Springfield, New Jersey (including Short Hills, formerly of Springfield, now of Millburn Township).","American Revolution: Battle of Springfield fought in and around Springfield, New Jersey (including Short Hills, formerly of Springfield, now of Millburn Township).","June 23, 1780 CE",https://en.wikipedia.org/wiki/June_23,1780-06-23,"1780– American Revolution: Battle of Springfield fought in and around Springfield, New Jersey (including Short Hills, formerly of Springfield, now of Millburn Township).",Wikipedia,exact,military and conflict,,Gregorian,target met,transregional,secondary reference,20,single-source verified,20,95
23,CE,1812,June,,,GHCD-06-23-1812-10,conflict,"War of 1812: Great Britain revokes the restrictions on American commerce, thus eliminating one of the chief reasons for going to war.","War of 1812: Great Britain revokes the restrictions on American commerce, thus eliminating one of the chief reasons for going to war.","June 23, 1812 CE",https://en.wikipedia.org/wiki/June_23,1812-06-23,"1812– War of 1812: Great Britain revokes the restrictions on American commerce, thus eliminating one of the chief reasons for going to war.",Wikipedia,exact,military and conflict,,Gregorian,target met,transregional,secondary reference,20,single-source verified,20,82
23,CE,1865,June,,,GHCD-06-23-1865-11,conflict,"American Civil War: At Fort Towson in the Oklahoma Territory, Confederate Brigadier General Stand Watie surrenders the last significant Confederate army.","American Civil War: At Fort Towson in the Oklahoma Territory, Confederate Brigadier General Stand Watie surrenders the last significant Confederate army.","June 23, 1865 CE",https://en.wikipedia.org/wiki/June_23,1865-06-23,"1865– American Civil War: At Fort Towson in the Oklahoma Territory, Confederate Brigadier General Stand Watie surrenders the last significant Confederate army.",Wikipedia,exact,military and conflict,,Gregorian,target met,transregional,secondary reference,20,single-source verified,20,95
23,CE,1887,June,,North America,GHCD-06-23-1887-12,politics,"The Rocky Mountains Park Act becomes law in Canada, creating the nation's first national park, Banff National Park.","The Rocky Mountains Park Act becomes law in Canada, creating the nation's first national park, Banff National Park.","June 23, 1887 CE",https://en.wikipedia.org/wiki/June_23,1887-06-23,"1887– The Rocky Mountains Park Act becomes law in Canada, creating the nation's first national park, Banff National Park.",Wikipedia,exact,politics and law,Canada,Gregorian,target met,regional,secondary reference,20,single-source verified,20,82
23,CE,1894,June,,,GHCD-06-23-1894-13,historical event,"The International Olympic Committee is founded at the Sorbonne in Paris, at the initiative of Baron Pierre de Coubertin.","The International Olympic Committee is founded at the Sorbonne in Paris, at the initiative of Baron Pierre de Coubertin.","June 23, 1894 CE",https://en.wikipedia.org/wiki/June_23,1894-06-23,"1894– The International Olympic Committee is founded at the Sorbonne in Paris, at the initiative of Baron Pierre de Coubertin.",Wikipedia,exact,general history,,Gregorian,target met,international,secondary reference,20,single-source verified,20,82
23,CE,1913,June,,,GHCD-06-23-1913-14,conflict,Second Balkan War: The Greeks defeat the Bulgarians in the Battle of Doiran.,Second Balkan War: The Greeks defeat the Bulgarians in the Battle of Doiran.,"June 23, 1913 CE",https://en.wikipedia.org/wiki/June_23,1913-06-23,1913– Second Balkan War: The Greeks defeat the Bulgarians in the Battle of Doiran.,Wikipedia,exact,military and conflict,,Gregorian,target met,transregional,secondary reference,20,single-source verified,20,95
23,CE,1914,June,,,GHCD-06-23-1914-15,historical event,Mexican Revolution: Pancho Villa takes Zacatecas from Victoriano Huerta.,Mexican Revolution: Pancho Villa takes Zacatecas from Victoriano Huerta.,"June 23, 1914 CE",https://en.wikipedia.org/wiki/June_23,1914-06-23,1914– Mexican Revolution: Pancho Villa takes Zacatecas from Victoriano Huerta.,Wikipedia,exact,general history,,Gregorian,target met,transregional,secondary reference,20,single-source verified,20,82
23,CE,1919,June,,,GHCD-06-23-1919-16,conflict,Estonian War of Independence: The decisive defeat of the Baltische Landeswehr in the Battle of Cēsis; this date is celebrated as Victory Day in Estonia.,Estonian War of Independence: The decisive defeat of the Baltische Landeswehr in the Battle of Cēsis; this date is celebrated as Victory Day in Estonia.,"June 23, 1919 CE",https://en.wikipedia.org/wiki/June_23,1919-06-23,1919– Estonian War of Independence: The decisive defeat of the Baltische Landeswehr in the Battle of Cēsis; this date is celebrated as Victory Day in Estonia.,Wikipedia,exact,military and conflict,,Gregorian,target met,transregional,secondary reference,20,single-source verified,20,95
23,CE,1942,June,,Europe,GHCD-06-23-1942-17,conflict,"World War II: Germany's latest fighter aircraft, a Focke-Wulf Fw 190, is captured intact when it mistakenly lands at RAF Pembrey in Wales.","World War II: Germany's latest fighter aircraft, a Focke-Wulf Fw 190, is captured intact when it mistakenly lands at RAF Pembrey in Wales.","June 23, 1942 CE",https://en.wikipedia.org/wiki/June_23,1942-06-23,"1942– World War II: Germany's latest fighter aircraft, a Focke-Wulf Fw 190, is captured intact when it mistakenly lands at RAF Pembrey in Wales.",Wikipedia,exact,military and conflict,Germany,Gregorian,target met,international,secondary reference,20,single-source verified,20,95
23,CE,1967,June,,,GHCD-06-23-1967-18,conflict,"Cold War: U.S. President Lyndon B. Johnson meets with Soviet Premier Alexei Kosygin in Glassboro, New Jersey for the three-day Glassboro Summit Conference.",Cold War: U.S,"June 23, 1967 CE",https://en.wikipedia.org/wiki/June_23,1967-06-23,"1967– Cold War: U.S. President Lyndon B. Johnson meets with Soviet Premier Alexei Kosygin in Glassboro, New Jersey for the three-day Glassboro Summit Conference.",Wikipedia,exact,military and conflict,,Gregorian,target met,transregional,secondary reference,20,single-source verified,20,95
23,CE,1969,June,,North America,GHCD-06-23-1969-19,conflict,Warren E. Burger is sworn in as Chief Justice of the United States Supreme Court by retiring Chief Justice Earl Warren.,Warren E,"June 23, 1969 CE",https://en.wikipedia.org/wiki/June_23,1969-06-23,1969– Warren E. Burger is sworn in as Chief Justice of the United States Supreme Court by retiring Chief Justice Earl Warren.,Wikipedia,exact,military and conflict,United States,Gregorian,target met,regional,secondary reference,20,single-source verified,20,95
23,CE,1972,June,,,GHCD-06-23-1972-20,historical event,Watergate scandal: U.S. President Richard M. Nixon and White House Chief of Staff H. R. Haldeman are taped talking about illegally using the Central Intelligence Agency to obstruct the Federal Bureau of Investigation's investigation into the Watergate break-ins.,Watergate scandal: U.S,"June 23, 1972 CE",https://en.wikipedia.org/wiki/June_23,1972-06-23,1972– Watergate scandal: U.S. President Richard M. Nixon and White House Chief of Staff H. R. Haldeman are taped talking about illegally using the Central Intelligence Agency to obstruct the Federal Bureau of Investigation's investigation into the Watergate break-ins.,Wikipedia,exact,general history,,Gregorian,target met,transregional,secondary reference,20,single-source verified,20,95
24,CE,637,June,,,GHCD-06-24-0637-01,conflict,The Battle of Moira is fought between the High King of Ireland and the Kings of Ulster and Dál Riata. It is claimed to be the largest battle in the history of Ireland.,The Battle of Moira is fought between the High King of Ireland and the Kings of Ulster and Dál Riata,"June 24, 637 CE",https://en.wikipedia.org/wiki/June_24,0637-06-24,637– The Battle of Moira is fought between the High King of Ireland and the Kings of Ulster and Dál Riata. It is claimed to be the largest battle in the history of Ireland.,Wikipedia,exact,military and conflict,,Gregorian,target met,transregional,secondary reference,20,single-source verified,20,95
24,CE,972,June,,,GHCD-06-24-0972-02,conflict,"Battle of Cedynia, the first documented victory of Polish forces, takes place.","Battle of Cedynia, the first documented victory of Polish forces, takes place.","June 24, 972 CE",https://en.wikipedia.org/wiki/June_24,0972-06-24,"972– Battle of Cedynia, the first documented victory of Polish forces, takes place.",Wikipedia,exact,military and conflict,,Gregorian,target met,transregional,secondary reference,20,single-source verified,20,95
24,CE,1314,June,,,GHCD-06-24-1314-03,conflict,First War of Scottish Independence: The Battle of Bannockburn concludes with a decisive victory by Scottish forces led by Robert the Bruce.,First War of Scottish Independence: The Battle of Bannockburn concludes with a decisive victory by Scottish forces led by Robert the Bruce.,"June 24, 1314 CE",https://en.wikipedia.org/wiki/June_24,1314-06-24,1314– First War of Scottish Independence: The Battle of Bannockburn concludes with a decisive victory by Scottish forces led by Robert the Bruce.,Wikipedia,exact,military and conflict,,Gregorian,target met,transregional,secondary reference,20,single-source verified,20,95
24,CE,1340,June,,,GHCD-06-24-1340-04,conflict,Hundred Years' War: Battle of Sluys: The French fleet is almost completely destroyed by the English fleet commanded personally by King Edward III.,Hundred Years' War: Battle of Sluys: The French fleet is almost completely destroyed by the English fleet commanded personally by King Edward III.,"June 24, 1340 CE",https://en.wikipedia.org/wiki/June_24,1340-06-24,1340– Hundred Years' War: Battle of Sluys: The French fleet is almost completely destroyed by the English fleet commanded personally by King Edward III.,Wikipedia,exact,military and conflict,,Gregorian,target met,transregional,secondary reference,20,single-source verified,20,95
24,CE,1497,June,,,GHCD-06-24-1497-05,historical event,John Cabot lands in North America at Newfoundland leading the first European exploration of the region since the Vikings.,John Cabot lands in North America at Newfoundland leading the first European exploration of the region since the Vikings.,"June 24, 1497 CE",https://en.wikipedia.org/wiki/June_24,1497-06-24,1497– John Cabot lands in North America at Newfoundland leading the first European exploration of the region since the Vikings.,Wikipedia,exact,general history,,Gregorian,target met,transregional,secondary reference,20,single-source verified,20,95
24,CE,1713,June,,,GHCD-06-24-1713-06,conflict,"The treaty of Adrianople ends the Russo-Turkish War of 1710–1713, which restores territory to the Ottomans while allowing the Russians to focus on their war against the Swedes.","The treaty of Adrianople ends the Russo-Turkish War of 1710–1713, which restores territory to the Ottomans while allowing the Russians to focus on their war against the Swedes.","June 24, 1713 CE",https://en.wikipedia.org/wiki/June_24,1713-06-24,"1713– The treaty of Adrianople ends the Russo-Turkish War of 1710–1713, which restores territory to the Ottomans while allowing the Russians to focus on their war against the Swedes.",Wikipedia,exact,military and conflict,,Gregorian,target met,transregional,secondary reference,20,single-source verified,20,95
24,CE,1717,June,,Europe,GHCD-06-24-1717-07,historical event,"The Premier Grand Lodge of England is founded in London, the first Masonic Grand Lodge in the world (now the United Grand Lodge of England).","The Premier Grand Lodge of England is founded in London, the first Masonic Grand Lodge in the world (now the United Grand Lodge of England).","June 24, 1717 CE",https://en.wikipedia.org/wiki/June_24,1717-06-24,"1717– The Premier Grand Lodge of England is founded in London, the first Masonic Grand Lodge in the world (now the United Grand Lodge of England).",Wikipedia,exact,general history,United Kingdom,Gregorian,target met,regional,secondary reference,20,single-source verified,20,95
24,CE,1779,June,,,GHCD-06-24-1779-08,conflict,American Revolutionary War: The Great Siege of Gibraltar begins.,American Revolutionary War: The Great Siege of Gibraltar begins.,"June 24, 1779 CE",https://en.wikipedia.org/wiki/June_24,1779-06-24,1779– American Revolutionary War: The Great Siege of Gibraltar begins.,Wikipedia,exact,military and conflict,,Gregorian,target met,transregional,secondary reference,20,single-source verified,20,95
24,CE,1793,June,,Europe,GHCD-06-24-1793-09,politics,The first Republican constitution in France is adopted.,The first Republican constitution in France is adopted.,"June 24, 1793 CE",https://en.wikipedia.org/wiki/June_24,1793-06-24,1793– The first Republican constitution in France is adopted.,Wikipedia,exact,politics and law,France,Gregorian,target met,regional,secondary reference,20,single-source verified,20,95
24,CE,1812,June,,Europe,GHCD-06-24-1812-10,conflict,Napoleonic Wars: Napoleon's Grande Armée crosses the Neman river beginning the invasion of Russia.,Napoleonic Wars: Napoleon's Grande Armée crosses the Neman river beginning the invasion of Russia.,"June 24, 1812 CE",https://en.wikipedia.org/wiki/June_24,1812-06-24,1812– Napoleonic Wars: Napoleon's Grande Armée crosses the Neman river beginning the invasion of Russia.,Wikipedia,exact,military and conflict,Russia,Gregorian,target met,regional,secondary reference,20,single-source verified,20,95
24,CE,1821,June,,Europe,GHCD-06-24-1821-11,conflict,Battle of Carabobo: Decisive battle in the war of independence of Venezuela from Spain.,Battle of Carabobo: Decisive battle in the war of independence of Venezuela from Spain.,"June 24, 1821 CE",https://en.wikipedia.org/wiki/June_24,1821-06-24,1821– Battle of Carabobo: Decisive battle in the war of independence of Venezuela from Spain.,Wikipedia,exact,military and conflict,Spain,Gregorian,target met,regional,secondary reference,20,single-source verified,20,95
24,CE,1866,June,,,GHCD-06-24-1866-12,conflict,Austro-Prussian War: In the Battle of Custoza an Austrian army defeats the Italian army.,Austro-Prussian War: In the Battle of Custoza an Austrian army defeats the Italian army.,"June 24, 1866 CE",https://en.wikipedia.org/wiki/June_24,1866-06-24,1866– Austro-Prussian War: In the Battle of Custoza an Austrian army defeats the Italian army.,Wikipedia,exact,military and conflict,,Gregorian,target met,transregional,secondary reference,20,single-source verified,20,95
24,CE,1894,June,,,GHCD-06-24-1894-13,historical event,"Assassination of the French President, Sadi Carnot by Sante Caserio during the Ère des attentats (1892–1894).","Assassination of the French President, Sadi Carnot by Sante Caserio during the Ère des attentats (1892–1894).","June 24, 1894 CE",https://en.wikipedia.org/wiki/June_24,1894-06-24,"1894– Assassination of the French President, Sadi Carnot by Sante Caserio during the Ère des attentats (1892–1894).",Wikipedia,exact,general history,,Gregorian,target met,transregional,secondary reference,20,single-source verified,20,95
24,CE,1932,June,,Asia,GHCD-06-24-1932-14,historical event,A bloodless revolution instigated by the People's Party ends the absolute power of King Prajadhipok of Siam (now Thailand).,A bloodless revolution instigated by the People's Party ends the absolute power of King Prajadhipok of Siam (now Thailand).,"June 24, 1932 CE",https://en.wikipedia.org/wiki/June_24,1932-06-24,1932– A bloodless revolution instigated by the People's Party ends the absolute power of King Prajadhipok of Siam (now Thailand).,Wikipedia,exact,general history,Thailand,Gregorian,target met,regional,secondary reference,20,single-source verified,20,95
24,CE,1940,June,,Europe,GHCD-06-24-1940-15,conflict,"World War II: Operation Collar, the first British Commando raid on occupied France, by No 11 Independent Company.","World War II: Operation Collar, the first British Commando raid on occupied France, by No 11 Independent Company.","June 24, 1940 CE",https://en.wikipedia.org/wiki/June_24,1940-06-24,"1940– World War II: Operation Collar, the first British Commando raid on occupied France, by No 11 Independent Company.",Wikipedia,exact,military and conflict,France,Gregorian,target met,international,secondary reference,20,single-source verified,20,95
24,CE,1943,June,,Europe,GHCD-06-24-1943-16,conflict,"US military police attempt to arrest a black soldier in Bamber Bridge, England, sparking the Battle of Bamber Bridge mutiny that leaves one dead and seven wounded.","US military police attempt to arrest a black soldier in Bamber Bridge, England, sparking the Battle of Bamber Bridge mutiny that leaves one dead and seven wounded.","June 24, 1943 CE",https://en.wikipedia.org/wiki/June_24,1943-06-24,"1943– US military police attempt to arrest a black soldier in Bamber Bridge, England, sparking the Battle of Bamber Bridge mutiny that leaves one dead and seven wounded.",Wikipedia,exact,military and conflict,United Kingdom,Gregorian,target met,regional,secondary reference,20,single-source verified,20,95
24,CE,1954,June,,Europe,GHCD-06-24-1954-17,conflict,First Indochina War: Battle of Mang Yang Pass: Viet Minh troops belonging to the 803rd Regiment ambush G.M. 100 of France in An Khê.,First Indochina War: Battle of Mang Yang Pass: Viet Minh troops belonging to the 803rd Regiment ambush G.M,"June 24, 1954 CE",https://en.wikipedia.org/wiki/June_24,1954-06-24,1954– First Indochina War: Battle of Mang Yang Pass: Viet Minh troops belonging to the 803rd Regiment ambush G.M. 100 of France in An Khê.,Wikipedia,exact,military and conflict,France,Gregorian,target met,regional,secondary reference,20,single-source verified,20,95
24,CE,1957,June,,North America,GHCD-06-24-1957-18,politics,"In Roth v. United States, the U.S. Supreme Court rules that obscenity is not protected by the First Amendment.",In Roth v,"June 24, 1957 CE",https://en.wikipedia.org/wiki/June_24,1957-06-24,"1957– In Roth v. United States, the U.S. Supreme Court rules that obscenity is not protected by the First Amendment.",Wikipedia,exact,politics and law,United States,Gregorian,target met,regional,secondary reference,20,single-source verified,20,95
24,CE,1960,June,,,GHCD-06-24-1960-19,politics,Venezuelan President Rómulo Betancourt is injured in an assassination attempt.,Venezuelan President Rómulo Betancourt is injured in an assassination attempt.,"June 24, 1960 CE",https://en.wikipedia.org/wiki/June_24,1960-06-24,1960– Venezuelan President Rómulo Betancourt is injured in an assassination attempt.,Wikipedia,exact,politics and law,,Gregorian,target met,transregional,secondary reference,20,single-source verified,20,95
24,CE,1975,June,,,GHCD-06-24-1975-20,science and technology,"Eastern Air Lines Flight 66 encounters severe wind shear and crashes on final approach to New York's JFK Airport killing 113 of the 124 passengers on board, making it the deadliest U.S. plane crash at the time. This accident led to decades of research into downburst and microburst phenomena and their effects on aircraft.","Eastern Air Lines Flight 66 encounters severe wind shear and crashes on final approach to New York's JFK Airport killing 113 of the 124 passengers on board, making it the deadli...","June 24, 1975 CE",https://en.wikipedia.org/wiki/June_24,1975-06-24,"1975– Eastern Air Lines Flight 66 encounters severe wind shear and crashes on final approach to New York's JFK Airport killing 113 of the 124 passengers on board, making it the deadliest U.S. plane crash at the time. This accident led to decades of research into downburst and microburst phenomena and their effects on aircraft.",Wikipedia,exact,science and technology,,Gregorian,target met,transregional,secondary reference,20,single-source verified,20,95
25,CE,1258,June,,,GHCD-06-25-1258-01,conflict,"War of Saint Sabas: In the Battle of Acre, the Venetians defeat a larger Genoese fleet sailing to relieve Acre.","War of Saint Sabas: In the Battle of Acre, the Venetians defeat a larger Genoese fleet sailing to relieve Acre.","June 25, 1258 CE",https://en.wikipedia.org/wiki/June_25,1258-06-25,"1258– War of Saint Sabas: In the Battle of Acre, the Venetians defeat a larger Genoese fleet sailing to relieve Acre.",Wikipedia,exact,military and conflict,,Gregorian,target met,transregional,secondary reference,20,single-source verified,20,95
25,CE,1658,June,,,GHCD-06-25-1658-02,conflict,Spanish forces fail to retake Jamaica at the Battle of Rio Nuevo during the Anglo-Spanish War.,Spanish forces fail to retake Jamaica at the Battle of Rio Nuevo during the Anglo-Spanish War.,"June 25, 1658 CE",https://en.wikipedia.org/wiki/June_25,1658-06-25,1658– Spanish forces fail to retake Jamaica at the Battle of Rio Nuevo during the Anglo-Spanish War.,Wikipedia,exact,military and conflict,,Gregorian,target met,transregional,secondary reference,20,single-source verified,20,95
25,CE,1678,June,,,GHCD-06-25-1678-03,conflict,Venetian Elena Cornaro Piscopia is the first woman awarded a doctorate of philosophy when she graduates from the University of Padua.,Venetian Elena Cornaro Piscopia is the first woman awarded a doctorate of philosophy when she graduates from the University of Padua.,"June 25, 1678 CE",https://en.wikipedia.org/wiki/June_25,1678-06-25,1678– Venetian Elena Cornaro Piscopia is the first woman awarded a doctorate of philosophy when she graduates from the University of Padua.,Wikipedia,exact,military and conflict,,Gregorian,target met,transregional,secondary reference,20,single-source verified,20,95
25,CE,1848,June,,,GHCD-06-25-1848-04,historical event,A photograph of the June Days uprising becomes the first known instance of photojournalism.,A photograph of the June Days uprising becomes the first known instance of photojournalism.,"June 25, 1848 CE",https://en.wikipedia.org/wiki/June_25,1848-06-25,1848– A photograph of the June Days uprising becomes the first known instance of photojournalism.,Wikipedia,exact,general history,,Gregorian,target met,transregional,secondary reference,20,single-source verified,20,82
25,CE,1876,June,,,GHCD-06-25-1876-05,conflict,"American Indian Wars: Battle of the Little Bighorn: 300 men of the U.S. 7th Cavalry Regiment under Lieutenant Colonel George Armstrong Custer are wiped out by 5,000 Lakota, Cheyenne and Arapaho, led by Sitting Bull and Crazy Horse.",American Indian Wars: Battle of the Little Bighorn: 300 men of the U.S,"June 25, 1876 CE",https://en.wikipedia.org/wiki/June_25,1876-06-25,"1876– American Indian Wars: Battle of the Little Bighorn: 300 men of the U.S. 7th Cavalry Regiment under Lieutenant Colonel George Armstrong Custer are wiped out by 5,000 Lakota, Cheyenne and Arapaho, led by Sitting Bull and Crazy Horse.",Wikipedia,exact,military and conflict,,Gregorian,target met,transregional,secondary reference,20,single-source verified,20,95
25,CE,1913,June,,,GHCD-06-25-1913-06,conflict,American Civil War veterans begin arriving at the Great Reunion of 1913.,American Civil War veterans begin arriving at the Great Reunion of 1913.,"June 25, 1913 CE",https://en.wikipedia.org/wiki/June_25,1913-06-25,1913– American Civil War veterans begin arriving at the Great Reunion of 1913.,Wikipedia,exact,military and conflict,,Gregorian,target met,transregional,secondary reference,20,single-source verified,20,82
25,CE,1938,June,,,GHCD-06-25-1938-07,historical event,Dr. Douglas Hyde is inaugurated as the first President of Ireland.,Dr,"June 25, 1938 CE",https://en.wikipedia.org/wiki/June_25,1938-06-25,1938– Dr. Douglas Hyde is inaugurated as the first President of Ireland.,Wikipedia,exact,general history,,Gregorian,target met,transregional,secondary reference,20,single-source verified,20,95
25,CE,1940,June,,Europe,GHCD-06-25-1940-08,conflict,World War II: The French armistice with Nazi Germany comes into effect.,World War II: The French armistice with Nazi Germany comes into effect.,"June 25, 1940 CE",https://en.wikipedia.org/wiki/June_25,1940-06-25,1940– World War II: The French armistice with Nazi Germany comes into effect.,Wikipedia,exact,military and conflict,Germany,Gregorian,target met,international,secondary reference,20,single-source verified,20,95
25,CE,1941,June,,Europe,GHCD-06-25-1941-09,conflict,"World War II: The Continuation War between the Soviet Union and Finland, supported by Nazi Germany, began.","World War II: The Continuation War between the Soviet Union and Finland, supported by Nazi Germany, began.","June 25, 1941 CE",https://en.wikipedia.org/wiki/June_25,1941-06-25,"1941– World War II: The Continuation War between the Soviet Union and Finland, supported by Nazi Germany, began.",Wikipedia,exact,military and conflict,Germany,Gregorian,target met,international,secondary reference,20,single-source verified,20,95
25,CE,1943,June,,Europe,GHCD-06-25-1943-10,conflict,The Holocaust and World War II: Jews in the Częstochowa Ghetto in Poland stage an uprising against the Nazis.,The Holocaust and World War II: Jews in the Częstochowa Ghetto in Poland stage an uprising against the Nazis.,"June 25, 1943 CE",https://en.wikipedia.org/wiki/June_25,1943-06-25,1943– The Holocaust and World War II: Jews in the Częstochowa Ghetto in Poland stage an uprising against the Nazis.,Wikipedia,exact,military and conflict,Poland,Gregorian,target met,international,secondary reference,20,single-source verified,20,95
25,CE,1944,June,,,GHCD-06-25-1944-11,conflict,"World War II: The Battle of Tali-Ihantala, the largest battle ever fought in the Nordic countries, begins.","World War II: The Battle of Tali-Ihantala, the largest battle ever fought in the Nordic countries, begins.","June 25, 1944 CE",https://en.wikipedia.org/wiki/June_25,1944-06-25,"1944– World War II: The Battle of Tali-Ihantala, the largest battle ever fought in the Nordic countries, begins.",Wikipedia,exact,military and conflict,,Gregorian,target met,international,secondary reference,20,single-source verified,20,95
25,CE,1944,June,,North America,GHCD-06-25-1944-12,conflict,World War II: United States Navy and British Royal Navy ships bombard Cherbourg to support United States Army units engaged in the Battle of Cherbourg.,World War II: United States Navy and British Royal Navy ships bombard Cherbourg to support United States Army units engaged in the Battle of Cherbourg.,"June 25, 1944 CE",https://en.wikipedia.org/wiki/June_25,1944-06-25,1944– World War II: United States Navy and British Royal Navy ships bombard Cherbourg to support United States Army units engaged in the Battle of Cherbourg.,Wikipedia,exact,military and conflict,United States,Gregorian,target met,international,secondary reference,20,single-source verified,20,95
25,CE,1948,June,,North America,GHCD-06-25-1948-13,conflict,The United States Congress passes the Displaced Persons Act to allow World War II refugees to immigrate to the United States above quota restrictions.,The United States Congress passes the Displaced Persons Act to allow World War II refugees to immigrate to the United States above quota restrictions.,"June 25, 1948 CE",https://en.wikipedia.org/wiki/June_25,1948-06-25,1948– The United States Congress passes the Displaced Persons Act to allow World War II refugees to immigrate to the United States above quota restrictions.,Wikipedia,exact,military and conflict,United States,Gregorian,target met,international,secondary reference,20,single-source verified,20,95
25,CE,1950,June,,Asia,GHCD-06-25-1950-14,conflict,The Korean War begins with the invasion of South Korea by North Korea.,The Korean War begins with the invasion of South Korea by North Korea.,"June 25, 1950 CE",https://en.wikipedia.org/wiki/June_25,1950-06-25,1950– The Korean War begins with the invasion of South Korea by North Korea.,Wikipedia,exact,military and conflict,South Korea,Gregorian,target met,regional,secondary reference,20,single-source verified,20,95
25,CE,1960,June,,North America,GHCD-06-25-1960-15,conflict,"Cold War: Two cryptographers working for the United States National Security Agency left for vacation to Mexico, and from there defected to the Soviet Union.","Cold War: Two cryptographers working for the United States National Security Agency left for vacation to Mexico, and from there defected to the Soviet Union.","June 25, 1960 CE",https://en.wikipedia.org/wiki/June_25,1960-06-25,"1960– Cold War: Two cryptographers working for the United States National Security Agency left for vacation to Mexico, and from there defected to the Soviet Union.",Wikipedia,exact,military and conflict,United States,Gregorian,target met,regional,secondary reference,20,single-source verified,20,95
25,CE,1975,June,,Europe,GHCD-06-25-1975-16,politics,Mozambique achieves independence from Portugal.,Mozambique achieves independence from Portugal.,"June 25, 1975 CE",https://en.wikipedia.org/wiki/June_25,1975-06-25,1975– Mozambique achieves independence from Portugal.,Wikipedia,exact,politics and law,Portugal,Gregorian,target met,regional,secondary reference,20,single-source verified,20,82
25,CE,1978,June,,,GHCD-06-25-1978-17,historical event,The rainbow flag representing gay pride is flown for the first time during the San Francisco Gay Freedom Day Parade.,The rainbow flag representing gay pride is flown for the first time during the San Francisco Gay Freedom Day Parade.,"June 25, 1978 CE",https://en.wikipedia.org/wiki/June_25,1978-06-25,1978– The rainbow flag representing gay pride is flown for the first time during the San Francisco Gay Freedom Day Parade.,Wikipedia,exact,general history,,Gregorian,target met,transregional,secondary reference,20,single-source verified,20,82
25,CE,1978,June,,South America,GHCD-06-25-1978-18,historical event,Hosts Argentina defeat the Netherlands by a score of 3–1 in the final to win their first ever FIFA World Cup.,Hosts Argentina defeat the Netherlands by a score of 3–1 in the final to win their first ever FIFA World Cup.,"June 25, 1978 CE",https://en.wikipedia.org/wiki/June_25,1978-06-25,1978– Hosts Argentina defeat the Netherlands by a score of 3–1 in the final to win their first ever FIFA World Cup.,Wikipedia,exact,general history,Argentina,Gregorian,target met,regional,secondary reference,20,single-source verified,20,82
25,CE,1992,June,,,GHCD-06-25-1992-19,conflict,"Space Shuttle Columbia launches on STS-50, the first shuttle mission to carry Extended Duration Orbiter hardware.","Space Shuttle Columbia launches on STS-50, the first shuttle mission to carry Extended Duration Orbiter hardware.","June 25, 1992 CE",https://en.wikipedia.org/wiki/June_25,1992-06-25,"1992– Space Shuttle Columbia launches on STS-50, the first shuttle mission to carry Extended Duration Orbiter hardware.",Wikipedia,exact,military and conflict,,Gregorian,target met,transregional,secondary reference,20,single-source verified,20,95
25,CE,1998,June,,North America,GHCD-06-25-1998-20,politics,"In Clinton v. City of New York, the United States Supreme Court decides that the Line Item Veto Act of 1996 is unconstitutional.",In Clinton v,"June 25, 1998 CE",https://en.wikipedia.org/wiki/June_25,1998-06-25,"1998– In Clinton v. City of New York, the United States Supreme Court decides that the Line Item Veto Act of 1996 is unconstitutional.",Wikipedia,exact,politics and law,United States,Gregorian,target met,regional,secondary reference,20,single-source verified,20,95
26,CE,1794,June,,,GHCD-06-26-1794-01,conflict,French Revolutionary Wars: Battle of Fleurus marks the first successful military use of aircraft and turns the tide of the War of the First Coalition.,French Revolutionary Wars: Battle of Fleurus marks the first successful military use of aircraft and turns the tide of the War of the First Coalition.,"June 26, 1794 CE",https://en.wikipedia.org/wiki/June_26,1794-06-26,1794– French Revolutionary Wars: Battle of Fleurus marks the first successful military use of aircraft and turns the tide of the War of the First Coalition.,Wikipedia,exact,military and conflict,,Gregorian,target met,transregional,secondary reference,20,single-source verified,20,95
26,CE,1830,June,,,GHCD-06-26-1830-02,historical event,William IV becomes king of Britain and Hanover following the death without surviving legitimate issue of his older brother George IV.,William IV becomes king of Britain and Hanover following the death without surviving legitimate issue of his older brother George IV.,"June 26, 1830 CE",https://en.wikipedia.org/wiki/June_26,1830-06-26,1830– William IV becomes king of Britain and Hanover following the death without surviving legitimate issue of his older brother George IV.,Wikipedia,exact,general history,,Gregorian,target met,transregional,secondary reference,20,single-source verified,20,82
26,CE,1843,June,,,GHCD-06-26-1843-03,politics,"Treaty of Nanking comes into effect; Hong Kong Island is ceded to the British ""in perpetuity"".","Treaty of Nanking comes into effect; Hong Kong Island is ceded to the British ""in perpetuity"".","June 26, 1843 CE",https://en.wikipedia.org/wiki/June_26,1843-06-26,"1843– Treaty of Nanking comes into effect; Hong Kong Island is ceded to the British ""in perpetuity"".",Wikipedia,exact,politics and law,,Gregorian,target met,transregional,secondary reference,20,single-source verified,20,95
26,CE,1857,June,,,GHCD-06-26-1857-04,historical event,"The first investiture of the Victoria Cross takes place in Hyde Park, London.","The first investiture of the Victoria Cross takes place in Hyde Park, London.","June 26, 1857 CE",https://en.wikipedia.org/wiki/June_26,1857-06-26,"1857– The first investiture of the Victoria Cross takes place in Hyde Park, London.",Wikipedia,exact,general history,,Gregorian,target met,transregional,secondary reference,20,single-source verified,20,82
26,CE,1886,June,,,GHCD-06-26-1886-05,historical event,Henri Moissan isolates elemental fluorine for the first time.,Henri Moissan isolates elemental fluorine for the first time.,"June 26, 1886 CE",https://en.wikipedia.org/wiki/June_26,1886-06-26,1886– Henri Moissan isolates elemental fluorine for the first time.,Wikipedia,exact,general history,,Gregorian,target met,transregional,secondary reference,20,single-source verified,20,82
26,CE,1889,June,,,GHCD-06-26-1889-06,historical event,Bangui is founded by Albert Dolisie and Alfred Uzac in what was then the upper reaches of the French Congo.,Bangui is founded by Albert Dolisie and Alfred Uzac in what was then the upper reaches of the French Congo.,"June 26, 1889 CE",https://en.wikipedia.org/wiki/June_26,1889-06-26,1889– Bangui is founded by Albert Dolisie and Alfred Uzac in what was then the upper reaches of the French Congo.,Wikipedia,exact,general history,,Gregorian,target met,transregional,secondary reference,20,single-source verified,20,82
26,CE,1906,June,,,GHCD-06-26-1906-07,historical event,The first Grand Prix motor race is held at Le Mans.,The first Grand Prix motor race is held at Le Mans.,"June 26, 1906 CE",https://en.wikipedia.org/wiki/June_26,1906-06-26,1906– The first Grand Prix motor race is held at Le Mans.,Wikipedia,exact,general history,,Gregorian,target met,transregional,secondary reference,20,single-source verified,20,82
26,CE,1917,June,,Europe,GHCD-06-26-1917-08,conflict,World War I: The American Expeditionary Forces begin to arrive in France. They will first enter combat in the Battle of Hamel on July 4.,World War I: The American Expeditionary Forces begin to arrive in France,"June 26, 1917 CE",https://en.wikipedia.org/wiki/June_26,1917-06-26,1917– World War I: The American Expeditionary Forces begin to arrive in France. They will first enter combat in the Battle of Hamel on July 4.,Wikipedia,exact,military and conflict,France,Gregorian,target met,international,secondary reference,20,single-source verified,20,95
26,CE,1918,June,,,GHCD-06-26-1918-09,conflict,"World War I: Allied forces under John J. Pershing and James Harbord defeat Imperial German forces under Wilhelm, German Crown Prince in the Battle of Belleau Wood.",World War I: Allied forces under John J,"June 26, 1918 CE",https://en.wikipedia.org/wiki/June_26,1918-06-26,"1918– World War I: Allied forces under John J. Pershing and James Harbord defeat Imperial German forces under Wilhelm, German Crown Prince in the Battle of Belleau Wood.",Wikipedia,exact,military and conflict,,Gregorian,target met,international,secondary reference,20,single-source verified,20,95
26,CE,1940,June,,Europe,GHCD-06-26-1940-10,conflict,"World War II: Under the Molotov–Ribbentrop Pact, the Soviet Union presents an ultimatum to Romania requiring it to cede Bessarabia and the northern part of Bukovina.","World War II: Under the Molotov–Ribbentrop Pact, the Soviet Union presents an ultimatum to Romania requiring it to cede Bessarabia and the northern part of Bukovina.","June 26, 1940 CE",https://en.wikipedia.org/wiki/June_26,1940-06-26,"1940– World War II: Under the Molotov–Ribbentrop Pact, the Soviet Union presents an ultimatum to Romania requiring it to cede Bessarabia and the northern part of Bukovina.",Wikipedia,exact,military and conflict,Romania,Gregorian,target met,international,secondary reference,20,single-source verified,20,95
26,CE,1941,June,,Europe,GHCD-06-26-1941-11,conflict,"World War II: Soviet planes bomb Kassa, Hungary (now Košice, Slovakia), giving Hungary the impetus to declare war the next day.","World War II: Soviet planes bomb Kassa, Hungary (now Košice, Slovakia), giving Hungary the impetus to declare war the next day.","June 26, 1941 CE",https://en.wikipedia.org/wiki/June_26,1941-06-26,"1941– World War II: Soviet planes bomb Kassa, Hungary (now Košice, Slovakia), giving Hungary the impetus to declare war the next day.",Wikipedia,exact,military and conflict,Hungary,Gregorian,target met,international,secondary reference,20,single-source verified,20,95
26,CE,1944,June,,Europe,GHCD-06-26-1944-12,conflict,"World War II: The Battle of Osuchy in Osuchy, Poland, one of the largest battles between Nazi Germany and Polish resistance forces, ends with the defeat of the latter.","World War II: The Battle of Osuchy in Osuchy, Poland, one of the largest battles between Nazi Germany and Polish resistance forces, ends with the defeat of the latter.","June 26, 1944 CE",https://en.wikipedia.org/wiki/June_26,1944-06-26,"1944– World War II: The Battle of Osuchy in Osuchy, Poland, one of the largest battles between Nazi Germany and Polish resistance forces, ends with the defeat of the latter.",Wikipedia,exact,military and conflict,Germany,Gregorian,target met,international,secondary reference,20,single-source verified,20,95
26,CE,1944,June,,,GHCD-06-26-1944-13,conflict,"World War II: San Marino, a neutral state, is mistakenly bombed by the RAF based on faulty information, leading to 35 civilian deaths.","World War II: San Marino, a neutral state, is mistakenly bombed by the RAF based on faulty information, leading to 35 civilian deaths.","June 26, 1944 CE",https://en.wikipedia.org/wiki/June_26,1944-06-26,"1944– World War II: San Marino, a neutral state, is mistakenly bombed by the RAF based on faulty information, leading to 35 civilian deaths.",Wikipedia,exact,military and conflict,,Gregorian,target met,international,secondary reference,20,single-source verified,20,95
26,CE,1945,June,,,GHCD-06-26-1945-14,politics,"The United Nations Charter is signed by 50 Allied nations in San Francisco, California.","The United Nations Charter is signed by 50 Allied nations in San Francisco, California.","June 26, 1945 CE",https://en.wikipedia.org/wiki/June_26,1945-06-26,"1945– The United Nations Charter is signed by 50 Allied nations in San Francisco, California.",Wikipedia,exact,politics and law,,Gregorian,target met,international,secondary reference,20,single-source verified,20,95
26,CE,1948,June,,,GHCD-06-26-1948-15,conflict,Cold War: The first supply flights are made in response to the Berlin Blockade.,Cold War: The first supply flights are made in response to the Berlin Blockade.,"June 26, 1948 CE",https://en.wikipedia.org/wiki/June_26,1948-06-26,1948– Cold War: The first supply flights are made in response to the Berlin Blockade.,Wikipedia,exact,military and conflict,,Gregorian,target met,transregional,secondary reference,20,single-source verified,20,95
26,CE,1963,June,,North America,GHCD-06-26-1963-16,conflict,"Cold War: U.S. President John F. Kennedy gives his "" Ich bin ein Berliner"" speech, underlining the support of the United States for democratic West Germany shortly after Soviet-supported East Germany erected the Berlin Wall.",Cold War: U.S,"June 26, 1963 CE",https://en.wikipedia.org/wiki/June_26,1963-06-26,"1963– Cold War: U.S. President John F. Kennedy gives his "" Ich bin ein Berliner"" speech, underlining the support of the United States for democratic West Germany shortly after Soviet-supported East Germany erected the Berlin Wall.",Wikipedia,exact,military and conflict,United States,Gregorian,target met,regional,secondary reference,20,single-source verified,20,95
26,CE,1988,June,,Europe,GHCD-06-26-1988-17,science and technology,"The first crash of an Airbus A320 occurs when Air France Flight 296Q crashes at Mulhouse–Habsheim Airfield in Habsheim, France, during an air show, killing three of the 136 people on board.","The first crash of an Airbus A320 occurs when Air France Flight 296Q crashes at Mulhouse–Habsheim Airfield in Habsheim, France, during an air show, killing three of the 136 peop...","June 26, 1988 CE",https://en.wikipedia.org/wiki/June_26,1988-06-26,"1988– The first crash of an Airbus A320 occurs when Air France Flight 296Q crashes at Mulhouse–Habsheim Airfield in Habsheim, France, during an air show, killing three of the 136 people on board.",Wikipedia,exact,science and technology,France,Gregorian,target met,regional,secondary reference,20,single-source verified,20,95
26,CE,1997,June,,North America,GHCD-06-26-1997-18,politics,The U.S. Supreme Court rules that the Communications Decency Act violates the First Amendment to the United States Constitution.,The U.S,"June 26, 1997 CE",https://en.wikipedia.org/wiki/June_26,1997-06-26,1997– The U.S. Supreme Court rules that the Communications Decency Act violates the First Amendment to the United States Constitution.,Wikipedia,exact,politics and law,United States,Gregorian,target met,regional,secondary reference,20,single-source verified,20,95
26,CE,1997,June,,Europe,GHCD-06-26-1997-19,historical event,"J. K. Rowling publishes the first of her Harry Potter novel series, Harry Potter and the Philosopher's Stone, in the United Kingdom.",J,"June 26, 1997 CE",https://en.wikipedia.org/wiki/June_26,1997-06-26,"1997– J. K. Rowling publishes the first of her Harry Potter novel series, Harry Potter and the Philosopher's Stone, in the United Kingdom.",Wikipedia,exact,general history,United Kingdom,Gregorian,target met,regional,secondary reference,20,single-source verified,20,95
26,CE,2003,June,,,GHCD-06-26-2003-20,politics,The U.S. Supreme Court rules in Lawrence v. Texas that sex-based sodomy laws are unconstitutional.,The U.S,"June 26, 2003 CE",https://en.wikipedia.org/wiki/June_26,2003-06-26,2003– The U.S. Supreme Court rules in Lawrence v. Texas that sex-based sodomy laws are unconstitutional.,Wikipedia,exact,politics and law,,Gregorian,target met,transregional,secondary reference,20,single-source verified,20,95
27,CE,1760,June,,,GHCD-06-27-1760-01,conflict,"Anglo-Cherokee War: Cherokee warriors defeat British forces at the Battle of Echoee near present-day Otto, North Carolina.","Anglo-Cherokee War: Cherokee warriors defeat British forces at the Battle of Echoee near present-day Otto, North Carolina.","June 27, 1760 CE",https://en.wikipedia.org/wiki/June_27,1760-06-27,"1760– Anglo-Cherokee War: Cherokee warriors defeat British forces at the Battle of Echoee near present-day Otto, North Carolina.",Wikipedia,exact,military and conflict,,Gregorian,target met,transregional,secondary reference,20,single-source verified,20,95
27,CE,1806,June,,,GHCD-06-27-1806-02,conflict,British forces take Buenos Aires during the first of the British invasions of the River Plate.,British forces take Buenos Aires during the first of the British invasions of the River Plate.,"June 27, 1806 CE",https://en.wikipedia.org/wiki/June_27,1806-06-27,1806– British forces take Buenos Aires during the first of the British invasions of the River Plate.,Wikipedia,exact,military and conflict,,Gregorian,target met,transregional,secondary reference,20,single-source verified,20,95
27,CE,1864,June,,,GHCD-06-27-1864-03,conflict,American Civil War: Confederate forces defeat Union forces during the Battle of Kennesaw Mountain during the Atlanta campaign.,American Civil War: Confederate forces defeat Union forces during the Battle of Kennesaw Mountain during the Atlanta campaign.,"June 27, 1864 CE",https://en.wikipedia.org/wiki/June_27,1864-06-27,1864– American Civil War: Confederate forces defeat Union forces during the Battle of Kennesaw Mountain during the Atlanta campaign.,Wikipedia,exact,military and conflict,,Gregorian,target met,transregional,secondary reference,20,single-source verified,20,95
27,CE,1895,June,,,GHCD-06-27-1895-04,historical event,"The inaugural run of the Baltimore and Ohio Railroad's Royal Blue from Washington, D.C., to New York City, the first U.S. passenger train to use electric locomotives.","The inaugural run of the Baltimore and Ohio Railroad's Royal Blue from Washington, D.C., to New York City, the first U.S","June 27, 1895 CE",https://en.wikipedia.org/wiki/June_27,1895-06-27,"1895– The inaugural run of the Baltimore and Ohio Railroad's Royal Blue from Washington, D.C., to New York City, the first U.S. passenger train to use electric locomotives.",Wikipedia,exact,general history,,Gregorian,target met,transregional,secondary reference,20,single-source verified,20,82
27,CE,1898,June,,,GHCD-06-27-1898-05,historical event,"The first solo circumnavigation of the globe is completed by Joshua Slocum from Briar Island, Nova Scotia.","The first solo circumnavigation of the globe is completed by Joshua Slocum from Briar Island, Nova Scotia.","June 27, 1898 CE",https://en.wikipedia.org/wiki/June_27,1898-06-27,"1898– The first solo circumnavigation of the globe is completed by Joshua Slocum from Briar Island, Nova Scotia.",Wikipedia,exact,general history,,Gregorian,target met,transregional,secondary reference,20,single-source verified,20,82
27,CE,1905,June,,,GHCD-06-27-1905-06,conflict,"During the Russo-Japanese War, sailors start a mutiny aboard the Russian battleship Potemkin.","During the Russo-Japanese War, sailors start a mutiny aboard the Russian battleship Potemkin.","June 27, 1905 CE",https://en.wikipedia.org/wiki/June_27,1905-06-27,"1905– During the Russo-Japanese War, sailors start a mutiny aboard the Russian battleship Potemkin.",Wikipedia,exact,military and conflict,,Gregorian,target met,transregional,secondary reference,20,single-source verified,20,95
27,CE,1914,June,,,GHCD-06-27-1914-07,conflict,The Illinois Monument is dedicated at Cheatham Hill in what is now the Kennesaw Mountain National Battlefield Park.,The Illinois Monument is dedicated at Cheatham Hill in what is now the Kennesaw Mountain National Battlefield Park.,"June 27, 1914 CE",https://en.wikipedia.org/wiki/June_27,1914-06-27,1914– The Illinois Monument is dedicated at Cheatham Hill in what is now the Kennesaw Mountain National Battlefield Park.,Wikipedia,exact,military and conflict,,Gregorian,target met,transregional,secondary reference,20,single-source verified,20,82
27,CE,1941,June,,,GHCD-06-27-1941-08,conflict,World War II: German troops capture the city of Białystok during Operation Barbarossa.,World War II: German troops capture the city of Białystok during Operation Barbarossa.,"June 27, 1941 CE",https://en.wikipedia.org/wiki/June_27,1941-06-27,1941– World War II: German troops capture the city of Białystok during Operation Barbarossa.,Wikipedia,exact,military and conflict,,Gregorian,target met,international,secondary reference,20,single-source verified,20,95
27,CE,1944,June,,,GHCD-06-27-1944-09,conflict,"World War II: Mogaung is the first place in Burma to be liberated from the Japanese by British Chindits, supported by the Chinese.","World War II: Mogaung is the first place in Burma to be liberated from the Japanese by British Chindits, supported by the Chinese.","June 27, 1944 CE",https://en.wikipedia.org/wiki/June_27,1944-06-27,"1944– World War II: Mogaung is the first place in Burma to be liberated from the Japanese by British Chindits, supported by the Chinese.",Wikipedia,exact,military and conflict,,Gregorian,target met,international,secondary reference,20,single-source verified,20,95
27,CE,1950,June,,North America,GHCD-06-27-1950-10,conflict,The United States decides to send troops to fight in the Korean War.,The United States decides to send troops to fight in the Korean War.,"June 27, 1950 CE",https://en.wikipedia.org/wiki/June_27,1950-06-27,1950– The United States decides to send troops to fight in the Korean War.,Wikipedia,exact,military and conflict,United States,Gregorian,target met,regional,secondary reference,20,single-source verified,20,82
27,CE,1954,June,,,GHCD-06-27-1954-11,science and technology,"The Obninsk Nuclear Power Plant, the Soviet Union's first nuclear power station, opens in Obninsk, near Moscow.","The Obninsk Nuclear Power Plant, the Soviet Union's first nuclear power station, opens in Obninsk, near Moscow.","June 27, 1954 CE",https://en.wikipedia.org/wiki/June_27,1954-06-27,"1954– The Obninsk Nuclear Power Plant, the Soviet Union's first nuclear power station, opens in Obninsk, near Moscow.",Wikipedia,exact,science and technology,,Gregorian,target met,transregional,secondary reference,20,single-source verified,20,95
27,CE,1973,June,,,GHCD-06-27-1973-12,politics,The President of Uruguay Juan María Bordaberry dissolves Parliament and establishes a dictatorship.,The President of Uruguay Juan María Bordaberry dissolves Parliament and establishes a dictatorship.,"June 27, 1973 CE",https://en.wikipedia.org/wiki/June_27,1973-06-27,1973– The President of Uruguay Juan María Bordaberry dissolves Parliament and establishes a dictatorship.,Wikipedia,exact,politics and law,,Gregorian,target met,transregional,secondary reference,20,single-source verified,20,82
27,CE,1974,June,,,GHCD-06-27-1974-13,historical event,U.S. president Richard Nixon visits the Soviet Union.,U.S,"June 27, 1974 CE",https://en.wikipedia.org/wiki/June_27,1974-06-27,1974– U.S. president Richard Nixon visits the Soviet Union.,Wikipedia,exact,general history,,Gregorian,target met,transregional,secondary reference,20,single-source verified,20,82
27,CE,1977,June,,Europe,GHCD-06-27-1977-14,politics,France grants independence to Djibouti.,France grants independence to Djibouti.,"June 27, 1977 CE",https://en.wikipedia.org/wiki/June_27,1977-06-27,1977– France grants independence to Djibouti.,Wikipedia,exact,politics and law,France,Gregorian,target met,regional,secondary reference,20,single-source verified,20,82
27,CE,1977,June,,Europe,GHCD-06-27-1977-15,politics,"Constitution for the Federation of Earth was adopted by the second session of the World Constituent Assembly, held at Innsbruck, Austria.","Constitution for the Federation of Earth was adopted by the second session of the World Constituent Assembly, held at Innsbruck, Austria.","June 27, 1977 CE",https://en.wikipedia.org/wiki/June_27,1977-06-27,"1977– Constitution for the Federation of Earth was adopted by the second session of the World Constituent Assembly, held at Innsbruck, Austria.",Wikipedia,exact,politics and law,Austria,Gregorian,target met,regional,secondary reference,20,single-source verified,20,82
27,CE,1980,June,,Europe,GHCD-06-27-1980-16,conflict,"The 'Ustica massacre': Itavia Flight 870 crashes in the sea while en route from Bologna to Palermo, Italy, killing all 81 on board.","The 'Ustica massacre': Itavia Flight 870 crashes in the sea while en route from Bologna to Palermo, Italy, killing all 81 on board.","June 27, 1980 CE",https://en.wikipedia.org/wiki/June_27,1980-06-27,"1980– The 'Ustica massacre': Itavia Flight 870 crashes in the sea while en route from Bologna to Palermo, Italy, killing all 81 on board.",Wikipedia,exact,military and conflict,Italy,Gregorian,target met,regional,secondary reference,20,single-source verified,20,95
27,CE,1981,June,,Asia,GHCD-06-27-1981-17,politics,"The Central Committee of the Chinese Communist Party issues its ""Resolution on Certain Questions in the History of Our Party Since the Founding of the People's Republic of China"", laying the blame for the Cultural Revolution on Mao Zedong.","The Central Committee of the Chinese Communist Party issues its ""Resolution on Certain Questions in the History of Our Party Since the Founding of the People's Republic of China...","June 27, 1981 CE",https://en.wikipedia.org/wiki/June_27,1981-06-27,"1981– The Central Committee of the Chinese Communist Party issues its ""Resolution on Certain Questions in the History of Our Party Since the Founding of the People's Republic of China"", laying the blame for the Cultural Revolution on Mao Zedong.",Wikipedia,exact,politics and law,China,Gregorian,target met,regional,secondary reference,20,single-source verified,20,95
27,CE,1991,June,,,GHCD-06-27-1991-18,conflict,"Two days after it had declared independence, Slovenia is invaded by Yugoslav troops, tanks, and aircraft, starting the Ten-Day War.","Two days after it had declared independence, Slovenia is invaded by Yugoslav troops, tanks, and aircraft, starting the Ten-Day War.","June 27, 1991 CE",https://en.wikipedia.org/wiki/June_27,1991-06-27,"1991– Two days after it had declared independence, Slovenia is invaded by Yugoslav troops, tanks, and aircraft, starting the Ten-Day War.",Wikipedia,exact,military and conflict,,Gregorian,target met,transregional,secondary reference,20,single-source verified,20,95
27,CE,1995,June,,,GHCD-06-27-1995-19,science and technology,"Space Shuttle Atlantis launches on STS-71, the first space shuttle mission to dock with the Russian space station Mir.","Space Shuttle Atlantis launches on STS-71, the first space shuttle mission to dock with the Russian space station Mir.","June 27, 1995 CE",https://en.wikipedia.org/wiki/June_27,1995-06-27,"1995– Space Shuttle Atlantis launches on STS-71, the first space shuttle mission to dock with the Russian space station Mir.",Wikipedia,exact,science and technology,,Gregorian,target met,transregional,secondary reference,20,single-source verified,20,95
27,CE,2008,June,,,GHCD-06-27-2008-20,politics,"In a highly scrutinized election, President of Zimbabwe Robert Mugabe is re-elected in a landslide after his opponent Morgan Tsvangirai had withdrawn a week earlier, citing violence against his party's supporters.","In a highly scrutinized election, President of Zimbabwe Robert Mugabe is re-elected in a landslide after his opponent Morgan Tsvangirai had withdrawn a week earlier, citing viol...","June 27, 2008 CE",https://en.wikipedia.org/wiki/June_27,2008-06-27,"2008– In a highly scrutinized election, President of Zimbabwe Robert Mugabe is re-elected in a landslide after his opponent Morgan Tsvangirai had withdrawn a week earlier, citing violence against his party's supporters.",Wikipedia,exact,politics and law,,Gregorian,target met,transregional,secondary reference,20,single-source verified,20,95
28,CE,1098,June,,,GHCD-06-28-1098-01,conflict,Fighters of the First Crusade defeat Kerbogha of Mosul at the battle of Antioch.,Fighters of the First Crusade defeat Kerbogha of Mosul at the battle of Antioch.,"June 28, 1098 CE",https://en.wikipedia.org/wiki/June_28,1098-06-28,1098– Fighters of the First Crusade defeat Kerbogha of Mosul at the battle of Antioch.,Wikipedia,exact,military and conflict,,Gregorian,target met,transregional,secondary reference,20,single-source verified,20,95
28,CE,1461,June,,Europe,GHCD-06-28-1461-02,conflict,"Edward, Earl of March, is crowned King Edward IV of England.","Edward, Earl of March, is crowned King Edward IV of England.","June 28, 1461 CE",https://en.wikipedia.org/wiki/June_28,1461-06-28,"1461– Edward, Earl of March, is crowned King Edward IV of England.",Wikipedia,exact,military and conflict,United Kingdom,Gregorian,target met,regional,secondary reference,20,single-source verified,20,95
28,CE,1776,June,,,GHCD-06-28-1776-03,conflict,"American Revolutionary War: The Battle of Sullivan's Island ends with the American victory, leading to the commemoration of Carolina Day.","American Revolutionary War: The Battle of Sullivan's Island ends with the American victory, leading to the commemoration of Carolina Day.","June 28, 1776 CE",https://en.wikipedia.org/wiki/June_28,1776-06-28,"1776– American Revolutionary War: The Battle of Sullivan's Island ends with the American victory, leading to the commemoration of Carolina Day.",Wikipedia,exact,military and conflict,,Gregorian,target met,transregional,secondary reference,20,single-source verified,20,95
28,CE,1776,June,,North America,GHCD-06-28-1776-04,politics,"American Revolution: Thomas Jefferson and the Committee of Five present the draft of the United States Declaration of Independence to the Second Continental Congress, which orders it to ""lie on the table"" for further edits by the assembly.","American Revolution: Thomas Jefferson and the Committee of Five present the draft of the United States Declaration of Independence to the Second Continental Congress, which orde...","June 28, 1776 CE",https://en.wikipedia.org/wiki/June_28,1776-06-28,"1776– American Revolution: Thomas Jefferson and the Committee of Five present the draft of the United States Declaration of Independence to the Second Continental Congress, which orders it to ""lie on the table"" for further edits by the assembly.",Wikipedia,exact,politics and law,United States,Gregorian,target met,regional,secondary reference,20,single-source verified,20,95
28,CE,1776,June,,,GHCD-06-28-1776-05,conflict,"American Revolutionary War: Thomas Hickey, Continental Army private and bodyguard to General George Washington, is hanged for mutiny and sedition.","American Revolutionary War: Thomas Hickey, Continental Army private and bodyguard to General George Washington, is hanged for mutiny and sedition.","June 28, 1776 CE",https://en.wikipedia.org/wiki/June_28,1776-06-28,"1776– American Revolutionary War: Thomas Hickey, Continental Army private and bodyguard to General George Washington, is hanged for mutiny and sedition.",Wikipedia,exact,military and conflict,,Gregorian,target met,transregional,secondary reference,20,single-source verified,20,95
28,CE,1778,June,,,GHCD-06-28-1778-06,conflict,American Revolutionary War: The American Continentals engage the British in the Battle of Monmouth Courthouse resulting in standstill and British withdrawal under cover of darkness.,American Revolutionary War: The American Continentals engage the British in the Battle of Monmouth Courthouse resulting in standstill and British withdrawal under cover of darkn...,"June 28, 1778 CE",https://en.wikipedia.org/wiki/June_28,1778-06-28,1778– American Revolutionary War: The American Continentals engage the British in the Battle of Monmouth Courthouse resulting in standstill and British withdrawal under cover of darkness.,Wikipedia,exact,military and conflict,,Gregorian,target met,transregional,secondary reference,20,single-source verified,20,95
28,CE,1807,June,,,GHCD-06-28-1807-07,conflict,Second British invasion of the Río de la Plata; John Whitelocke lands at Ensenada on an attempt to recapture Buenos Aires and is defeated by the locals.,Second British invasion of the Río de la Plata; John Whitelocke lands at Ensenada on an attempt to recapture Buenos Aires and is defeated by the locals.,"June 28, 1807 CE",https://en.wikipedia.org/wiki/June_28,1807-06-28,1807– Second British invasion of the Río de la Plata; John Whitelocke lands at Ensenada on an attempt to recapture Buenos Aires and is defeated by the locals.,Wikipedia,exact,military and conflict,,Gregorian,target met,transregional,secondary reference,20,single-source verified,20,82
28,CE,1838,June,,Europe,GHCD-06-28-1838-08,historical event,Coronation of Queen Victoria of the United Kingdom.,Coronation of Queen Victoria of the United Kingdom.,"June 28, 1838 CE",https://en.wikipedia.org/wiki/June_28,1838-06-28,1838– Coronation of Queen Victoria of the United Kingdom.,Wikipedia,exact,general history,United Kingdom,Gregorian,target met,regional,secondary reference,20,single-source verified,20,95
28,CE,1855,June,,,GHCD-06-28-1855-09,historical event,Sigma Chi fraternity is founded in North America.,Sigma Chi fraternity is founded in North America.,"June 28, 1855 CE",https://en.wikipedia.org/wiki/June_28,1855-06-28,1855– Sigma Chi fraternity is founded in North America.,Wikipedia,exact,general history,,Gregorian,target met,transregional,secondary reference,20,single-source verified,20,82
28,CE,1914,June,,Europe,GHCD-06-28-1914-10,conflict,"Causes of World War I: Archduke Franz Ferdinand of Austria and his wife Sophie are assassinated in Sarajevo, beginning the July Crisis and providing the casus belli of World War I.","Causes of World War I: Archduke Franz Ferdinand of Austria and his wife Sophie are assassinated in Sarajevo, beginning the July Crisis and providing the casus belli of World War I.","June 28, 1914 CE",https://en.wikipedia.org/wiki/June_28,1914-06-28,"1914– Causes of World War I: Archduke Franz Ferdinand of Austria and his wife Sophie are assassinated in Sarajevo, beginning the July Crisis and providing the casus belli of World War I.",Wikipedia,exact,military and conflict,Austria,Gregorian,target met,international,secondary reference,20,single-source verified,20,95
28,CE,1917,June,,Europe,GHCD-06-28-1917-11,conflict,World War I: Greece joins the Allied powers.,World War I: Greece joins the Allied powers.,"June 28, 1917 CE",https://en.wikipedia.org/wiki/June_28,1917-06-28,1917– World War I: Greece joins the Allied powers.,Wikipedia,exact,military and conflict,Greece,Gregorian,target met,international,secondary reference,20,single-source verified,20,95
28,CE,1919,June,,Europe,GHCD-06-28-1919-12,conflict,"The Treaty of Versailles is signed, ending the state of war between Germany and the Allies of World War I.","The Treaty of Versailles is signed, ending the state of war between Germany and the Allies of World War I.","June 28, 1919 CE",https://en.wikipedia.org/wiki/June_28,1919-06-28,"1919– The Treaty of Versailles is signed, ending the state of war between Germany and the Allies of World War I.",Wikipedia,exact,military and conflict,Germany,Gregorian,target met,international,secondary reference,20,single-source verified,20,95
28,CE,1921,June,,,GHCD-06-28-1921-13,politics,"Serbian King Alexander I proclaims the new constitution of the Kingdom of Serbs, Croats and Slovenes, known thereafter as the Vidovdan Constitution.","Serbian King Alexander I proclaims the new constitution of the Kingdom of Serbs, Croats and Slovenes, known thereafter as the Vidovdan Constitution.","June 28, 1921 CE",https://en.wikipedia.org/wiki/June_28,1921-06-28,"1921– Serbian King Alexander I proclaims the new constitution of the Kingdom of Serbs, Croats and Slovenes, known thereafter as the Vidovdan Constitution.",Wikipedia,exact,politics and law,,Gregorian,target met,transregional,secondary reference,20,single-source verified,20,95
28,CE,1942,June,,Europe,GHCD-06-28-1942-14,conflict,"World War II: Nazi Germany starts its strategic summer offensive against the Soviet Union, codenamed Case Blue.","World War II: Nazi Germany starts its strategic summer offensive against the Soviet Union, codenamed Case Blue.","June 28, 1942 CE",https://en.wikipedia.org/wiki/June_28,1942-06-28,"1942– World War II: Nazi Germany starts its strategic summer offensive against the Soviet Union, codenamed Case Blue.",Wikipedia,exact,military and conflict,Germany,Gregorian,target met,international,secondary reference,20,single-source verified,20,95
28,CE,1950,June,,,GHCD-06-28-1950-15,conflict,"Korean War: Suspected communist sympathizers (between 60,000 and 200,000) are executed in the Bodo League massacre.","Korean War: Suspected communist sympathizers (between 60,000 and 200,000) are executed in the Bodo League massacre.","June 28, 1950 CE",https://en.wikipedia.org/wiki/June_28,1950-06-28,"1950– Korean War: Suspected communist sympathizers (between 60,000 and 200,000) are executed in the Bodo League massacre.",Wikipedia,exact,military and conflict,,Gregorian,target met,transregional,secondary reference,20,single-source verified,20,95
28,CE,1950,June,,,GHCD-06-28-1950-16,conflict,"Korean War: The Korean People's Army kills almost a thousand doctors, nurses, inpatient civilians and wounded soldiers in the Seoul National University Hospital massacre.","Korean War: The Korean People's Army kills almost a thousand doctors, nurses, inpatient civilians and wounded soldiers in the Seoul National University Hospital massacre.","June 28, 1950 CE",https://en.wikipedia.org/wiki/June_28,1950-06-28,"1950– Korean War: The Korean People's Army kills almost a thousand doctors, nurses, inpatient civilians and wounded soldiers in the Seoul National University Hospital massacre.",Wikipedia,exact,military and conflict,,Gregorian,target met,transregional,secondary reference,20,single-source verified,20,95
28,CE,1956,June,,Europe,GHCD-06-28-1956-17,historical event,"In Poznań, workers from HCP factory go to the streets, sparking one of the first major protests against communist government both in Poland and Europe.","In Poznań, workers from HCP factory go to the streets, sparking one of the first major protests against communist government both in Poland and Europe.","June 28, 1956 CE",https://en.wikipedia.org/wiki/June_28,1956-06-28,"1956– In Poznań, workers from HCP factory go to the streets, sparking one of the first major protests against communist government both in Poland and Europe.",Wikipedia,exact,general history,Poland,Gregorian,target met,regional,secondary reference,20,single-source verified,20,95
28,CE,1973,June,,,GHCD-06-28-1973-18,politics,"Elections are held for the Northern Ireland Assembly, which will lead to power-sharing between unionists and nationalists in Northern Ireland for the first time.","Elections are held for the Northern Ireland Assembly, which will lead to power-sharing between unionists and nationalists in Northern Ireland for the first time.","June 28, 1973 CE",https://en.wikipedia.org/wiki/June_28,1973-06-28,"1973– Elections are held for the Northern Ireland Assembly, which will lead to power-sharing between unionists and nationalists in Northern Ireland for the first time.",Wikipedia,exact,politics and law,,Gregorian,target met,transregional,secondary reference,20,single-source verified,20,95
28,CE,1987,June,,,GHCD-06-28-1987-19,conflict,"For the first time in military history, a civilian population is targeted for chemical attack when Iraqi warplanes bomb the Iranian town of Sardasht.","For the first time in military history, a civilian population is targeted for chemical attack when Iraqi warplanes bomb the Iranian town of Sardasht.","June 28, 1987 CE",https://en.wikipedia.org/wiki/June_28,1987-06-28,"1987– For the first time in military history, a civilian population is targeted for chemical attack when Iraqi warplanes bomb the Iranian town of Sardasht.",Wikipedia,exact,military and conflict,,Gregorian,target met,transregional,secondary reference,20,single-source verified,20,95
28,CE,2009,June,,,GHCD-06-28-2009-20,conflict,Honduran president Manuel Zelaya is ousted by a local military coup following a failed request to hold a referendum to rewrite the Honduran Constitution. This was the start of the 2009 Honduran constitutional crisis.,Honduran president Manuel Zelaya is ousted by a local military coup following a failed request to hold a referendum to rewrite the Honduran Constitution,"June 28, 2009 CE",https://en.wikipedia.org/wiki/June_28,2009-06-28,2009– Honduran president Manuel Zelaya is ousted by a local military coup following a failed request to hold a referendum to rewrite the Honduran Constitution. This was the start of the 2009 Honduran constitutional crisis.,Wikipedia,exact,military and conflict,,Gregorian,target met,transregional,secondary reference,20,single-source verified,20,95
29,CE,1194,June,,Europe,GHCD-06-29-1194-01,conflict,"Sverre is crowned King of Norway, leading to his excommunication by the Catholic Church and civil war.","Sverre is crowned King of Norway, leading to his excommunication by the Catholic Church and civil war.","June 29, 1194 CE",https://en.wikipedia.org/wiki/June_29,1194-06-29,"1194– Sverre is crowned King of Norway, leading to his excommunication by the Catholic Church and civil war.",Wikipedia,exact,military and conflict,Norway,Gregorian,target met,regional,secondary reference,20,single-source verified,20,95
29,CE,1534,June,,,GHCD-06-29-1534-02,conflict,Jacques Cartier is the first European to reach Prince Edward Island.,Jacques Cartier is the first European to reach Prince Edward Island.,"June 29, 1534 CE",https://en.wikipedia.org/wiki/June_29,1534-06-29,1534– Jacques Cartier is the first European to reach Prince Edward Island.,Wikipedia,exact,military and conflict,,Gregorian,target met,transregional,secondary reference,20,single-source verified,20,95
29,CE,1807,June,,,GHCD-06-29-1807-03,conflict,Russo-Turkish War: Admiral Dmitry Senyavin destroys the Ottoman fleet in the Battle of Athos.,Russo-Turkish War: Admiral Dmitry Senyavin destroys the Ottoman fleet in the Battle of Athos.,"June 29, 1807 CE",https://en.wikipedia.org/wiki/June_29,1807-06-29,1807– Russo-Turkish War: Admiral Dmitry Senyavin destroys the Ottoman fleet in the Battle of Athos.,Wikipedia,exact,military and conflict,,Gregorian,target met,transregional,secondary reference,20,single-source verified,20,95
29,CE,1864,June,,North America,GHCD-06-29-1864-04,historical event,"At least 99 people, mostly German and Polish immigrants, are killed in Canada's worst railway disaster after a train fails to stop for an open drawbridge and plunges into the Rivière Richelieu near St-Hilaire, Quebec.","At least 99 people, mostly German and Polish immigrants, are killed in Canada's worst railway disaster after a train fails to stop for an open drawbridge and plunges into the Ri...","June 29, 1864 CE",https://en.wikipedia.org/wiki/June_29,1864-06-29,"1864– At least 99 people, mostly German and Polish immigrants, are killed in Canada's worst railway disaster after a train fails to stop for an open drawbridge and plunges into the Rivière Richelieu near St-Hilaire, Quebec.",Wikipedia,exact,general history,Canada,Gregorian,target met,regional,secondary reference,20,single-source verified,20,82
29,CE,1874,June,,Europe,GHCD-06-29-1874-05,historical event,"Greek politician Charilaos Trikoupis publishes a manifesto in the Athens daily Kairoi entitled ""Who's to Blame?"" leveling complaints against King George. Trikoupis is elected Prime Minister of Greece the next year.","Greek politician Charilaos Trikoupis publishes a manifesto in the Athens daily Kairoi entitled ""Who's to Blame?"" leveling complaints against King George","June 29, 1874 CE",https://en.wikipedia.org/wiki/June_29,1874-06-29,"1874– Greek politician Charilaos Trikoupis publishes a manifesto in the Athens daily Kairoi entitled ""Who's to Blame?"" leveling complaints against King George. Trikoupis is elected Prime Minister of Greece the next year.",Wikipedia,exact,general history,Greece,Gregorian,target met,regional,secondary reference,20,single-source verified,20,82
29,CE,1880,June,,Europe,GHCD-06-29-1880-06,historical event,"France annexes Tahiti, renaming the independent Kingdom of Tahiti as ""Etablissements de français de l'Océanie"".","France annexes Tahiti, renaming the independent Kingdom of Tahiti as ""Etablissements de français de l'Océanie"".","June 29, 1880 CE",https://en.wikipedia.org/wiki/June_29,1880-06-29,"1880– France annexes Tahiti, renaming the independent Kingdom of Tahiti as ""Etablissements de français de l'Océanie"".",Wikipedia,exact,general history,France,Gregorian,target met,regional,secondary reference,20,single-source verified,20,82
29,CE,1888,June,,Asia,GHCD-06-29-1888-07,conflict,"George Edward Gouraud records Handel's Israel in Egypt onto a phonograph cylinder, thought for many years to be the oldest known recording of music.","George Edward Gouraud records Handel's Israel in Egypt onto a phonograph cylinder, thought for many years to be the oldest known recording of music.","June 29, 1888 CE",https://en.wikipedia.org/wiki/June_29,1888-06-29,"1888– George Edward Gouraud records Handel's Israel in Egypt onto a phonograph cylinder, thought for many years to be the oldest known recording of music.",Wikipedia,exact,military and conflict,Israel,Gregorian,target met,regional,secondary reference,20,single-source verified,20,82
29,CE,1913,June,,,GHCD-06-29-1913-08,conflict,"The Bulgarian army launches attacks against Serbian positions, triggering the Second Balkan War.","The Bulgarian army launches attacks against Serbian positions, triggering the Second Balkan War.","June 29, 1913 CE",https://en.wikipedia.org/wiki/June_29,1913-06-29,"1913– The Bulgarian army launches attacks against Serbian positions, triggering the Second Balkan War.",Wikipedia,exact,military and conflict,,Gregorian,target met,transregional,secondary reference,20,single-source verified,20,82
29,CE,1927,June,,North America,GHCD-06-29-1927-09,conflict,"The Bird of Paradise, a U.S. Army Air Corps Fokker tri-motor, completes the first transpacific flight, from the mainland United States to Hawaii.","The Bird of Paradise, a U.S","June 29, 1927 CE",https://en.wikipedia.org/wiki/June_29,1927-06-29,"1927– The Bird of Paradise, a U.S. Army Air Corps Fokker tri-motor, completes the first transpacific flight, from the mainland United States to Hawaii.",Wikipedia,exact,military and conflict,United States,Gregorian,target met,regional,secondary reference,20,single-source verified,20,82
29,CE,1950,June,,,GHCD-06-29-1950-10,conflict,Korean War: U.S. President Harry S. Truman authorizes a sea blockade of Korea.,Korean War: U.S,"June 29, 1950 CE",https://en.wikipedia.org/wiki/June_29,1950-06-29,1950– Korean War: U.S. President Harry S. Truman authorizes a sea blockade of Korea.,Wikipedia,exact,military and conflict,,Gregorian,target met,transregional,secondary reference,20,single-source verified,20,95
29,CE,1952,June,,Europe,GHCD-06-29-1952-11,historical event,The first Miss Universe pageant is held. Armi Kuusela from Finland wins the title of Miss Universe 1952.,The first Miss Universe pageant is held,"June 29, 1952 CE",https://en.wikipedia.org/wiki/June_29,1952-06-29,1952– The first Miss Universe pageant is held. Armi Kuusela from Finland wins the title of Miss Universe 1952.,Wikipedia,exact,general history,Finland,Gregorian,target met,regional,secondary reference,20,single-source verified,20,82
29,CE,1956,June,,North America,GHCD-06-29-1956-12,politics,"The Federal Aid Highway Act of 1956 is signed by U.S. President Dwight D. Eisenhower, officially creating the United States Interstate Highway System.",The Federal Aid Highway Act of 1956 is signed by U.S,"June 29, 1956 CE",https://en.wikipedia.org/wiki/June_29,1956-06-29,"1956– The Federal Aid Highway Act of 1956 is signed by U.S. President Dwight D. Eisenhower, officially creating the United States Interstate Highway System.",Wikipedia,exact,politics and law,United States,Gregorian,target met,regional,secondary reference,20,single-source verified,20,95
29,CE,1971,June,,,GHCD-06-29-1971-13,science and technology,"Prior to re-entry (following a record-setting stay aboard the Soviet Union's Salyut 1 space station), the crew capsule of the Soyuz 11 spacecraft depressurizes, killing the three cosmonauts on board. Georgy Dobrovolsky, Vladislav Volkov and Viktor Patsayev are the first humans to die in space.","Prior to re-entry (following a record-setting stay aboard the Soviet Union's Salyut 1 space station), the crew capsule of the Soyuz 11 spacecraft depressurizes, killing the thre...","June 29, 1971 CE",https://en.wikipedia.org/wiki/June_29,1971-06-29,"1971– Prior to re-entry (following a record-setting stay aboard the Soviet Union's Salyut 1 space station), the crew capsule of the Soyuz 11 spacecraft depressurizes, killing the three cosmonauts on board. Georgy Dobrovolsky, Vladislav Volkov and Viktor Patsayev are the first humans to die in space.",Wikipedia,exact,science and technology,,Gregorian,target met,transregional,secondary reference,20,single-source verified,20,95
29,CE,1972,June,,North America,GHCD-06-29-1972-14,politics,The United States Supreme Court rules in the case Furman v. Georgia that arbitrary and inconsistent imposition of the death penalty violates the Eighth and Fourteenth Amendments and constitutes cruel and unusual punishment.,The United States Supreme Court rules in the case Furman v,"June 29, 1972 CE",https://en.wikipedia.org/wiki/June_29,1972-06-29,1972– The United States Supreme Court rules in the case Furman v. Georgia that arbitrary and inconsistent imposition of the death penalty violates the Eighth and Fourteenth Amendments and constitutes cruel and unusual punishment.,Wikipedia,exact,politics and law,United States,Gregorian,target met,regional,secondary reference,20,single-source verified,20,82
29,CE,1974,June,,South America,GHCD-06-29-1974-15,historical event,"Vice President Isabel Perón assumes powers and duties as Acting President of Argentina, while her husband President Juan Perón is terminally ill.","Vice President Isabel Perón assumes powers and duties as Acting President of Argentina, while her husband President Juan Perón is terminally ill.","June 29, 1974 CE",https://en.wikipedia.org/wiki/June_29,1974-06-29,"1974– Vice President Isabel Perón assumes powers and duties as Acting President of Argentina, while her husband President Juan Perón is terminally ill.",Wikipedia,exact,general history,Argentina,Gregorian,target met,regional,secondary reference,20,single-source verified,20,82
29,CE,1976,June,,Europe,GHCD-06-29-1976-16,historical event,The Seychelles become independent from the United Kingdom.,The Seychelles become independent from the United Kingdom.,"June 29, 1976 CE",https://en.wikipedia.org/wiki/June_29,1976-06-29,1976– The Seychelles become independent from the United Kingdom.,Wikipedia,exact,general history,United Kingdom,Gregorian,target met,regional,secondary reference,20,single-source verified,20,82
29,CE,1995,June,,,GHCD-06-29-1995-17,science and technology,Space Shuttle program: STS-71 Mission (Atlantis) docks with the Russian space station Mir for the first time.,Space Shuttle program: STS-71 Mission (Atlantis) docks with the Russian space station Mir for the first time.,"June 29, 1995 CE",https://en.wikipedia.org/wiki/June_29,1995-06-29,1995– Space Shuttle program: STS-71 Mission (Atlantis) docks with the Russian space station Mir for the first time.,Wikipedia,exact,science and technology,,Gregorian,target met,transregional,secondary reference,20,single-source verified,20,95
29,CE,2002,June,,Asia,GHCD-06-29-2002-18,historical event,Naval clashes between South Korea and North Korea lead to the death of six South Korean sailors and sinking of a North Korean vessel.,Naval clashes between South Korea and North Korea lead to the death of six South Korean sailors and sinking of a North Korean vessel.,"June 29, 2002 CE",https://en.wikipedia.org/wiki/June_29,2002-06-29,2002– Naval clashes between South Korea and North Korea lead to the death of six South Korean sailors and sinking of a North Korean vessel.,Wikipedia,exact,general history,South Korea,Gregorian,target met,regional,secondary reference,20,single-source verified,20,82
29,CE,2006,June,,,GHCD-06-29-2006-19,conflict,Hamdan v. Rumsfeld: The U.S. Supreme Court rules that President George W. Bush's plan to try Guantanamo Bay detainees in military tribunals violates U.S. and international law.,Hamdan v,"June 29, 2006 CE",https://en.wikipedia.org/wiki/June_29,2006-06-29,2006– Hamdan v. Rumsfeld: The U.S. Supreme Court rules that President George W. Bush's plan to try Guantanamo Bay detainees in military tribunals violates U.S. and international law.,Wikipedia,exact,military and conflict,,Gregorian,target met,international,secondary reference,20,single-source verified,20,95
29,CE,2007,June,Date described as approximate by source.,,GHCD-06-29-2007-20,historical event,"Apple Inc. releases its first mobile phone, the iPhone.",Apple Inc,"June 29, 2007 CE",https://en.wikipedia.org/wiki/June_29,2007-06-29,"2007– Apple Inc. releases its first mobile phone, the iPhone.",Wikipedia,approximate,general history,,Gregorian,target met,transregional,secondary reference,20,single-source verified,20,82
30,CE,763,June,,,GHCD-06-30-0763-01,conflict,The Byzantine army of emperor Constantine V defeats the Bulgarian forces in the Battle of Anchialus.,The Byzantine army of emperor Constantine V defeats the Bulgarian forces in the Battle of Anchialus.,"June 30, 763 CE",https://en.wikipedia.org/wiki/June_30,0763-06-30,763– The Byzantine army of emperor Constantine V defeats the Bulgarian forces in the Battle of Anchialus.,Wikipedia,exact,military and conflict,,Gregorian,target met,transregional,secondary reference,20,single-source verified,20,95
30,CE,1643,June,,,GHCD-06-30-1643-02,conflict,"Royalists loyal to King Charles I led by the Earl of Newcastle defeat Parliamentarian troops commanded by Lord Fairfax in the battle of Adwalton Moor, allowing them to capture Bradford and Leeds.","Royalists loyal to King Charles I led by the Earl of Newcastle defeat Parliamentarian troops commanded by Lord Fairfax in the battle of Adwalton Moor, allowing them to capture B...","June 30, 1643 CE",https://en.wikipedia.org/wiki/June_30,1643-06-30,"1643– Royalists loyal to King Charles I led by the Earl of Newcastle defeat Parliamentarian troops commanded by Lord Fairfax in the battle of Adwalton Moor, allowing them to capture Bradford and Leeds.",Wikipedia,exact,military and conflict,,Gregorian,target met,transregional,secondary reference,20,single-source verified,20,95
30,CE,1651,June,,,GHCD-06-30-1651-03,conflict,The Deluge: Khmelnytsky Uprising: The Battle of Berestechko ends with a Polish victory.,The Deluge: Khmelnytsky Uprising: The Battle of Berestechko ends with a Polish victory.,"June 30, 1651 CE",https://en.wikipedia.org/wiki/June_30,1651-06-30,1651– The Deluge: Khmelnytsky Uprising: The Battle of Berestechko ends with a Polish victory.,Wikipedia,exact,military and conflict,,Gregorian,target met,transregional,secondary reference,20,single-source verified,20,95
30,CE,1758,June,,,GHCD-06-30-1758-04,conflict,"Seven Years' War: Habsburg Austrian forces destroy a Prussian reinforcement and supply convoy in the Battle of Domstadtl, helping to expel Prussian King Frederick the Great from Moravia.","Seven Years' War: Habsburg Austrian forces destroy a Prussian reinforcement and supply convoy in the Battle of Domstadtl, helping to expel Prussian King Frederick the Great from...","June 30, 1758 CE",https://en.wikipedia.org/wiki/June_30,1758-06-30,"1758– Seven Years' War: Habsburg Austrian forces destroy a Prussian reinforcement and supply convoy in the Battle of Domstadtl, helping to expel Prussian King Frederick the Great from Moravia.",Wikipedia,exact,military and conflict,,Gregorian,target met,transregional,secondary reference,20,single-source verified,20,95
30,CE,1864,June,,,GHCD-06-30-1864-05,historical event,"U.S. President Abraham Lincoln grants Yosemite Valley to California for ""public use, resort and recreation"".",U.S,"June 30, 1864 CE",https://en.wikipedia.org/wiki/June_30,1864-06-30,"1864– U.S. President Abraham Lincoln grants Yosemite Valley to California for ""public use, resort and recreation"".",Wikipedia,exact,general history,,Gregorian,target met,transregional,secondary reference,20,single-source verified,20,82
30,CE,1876,June,,Europe,GHCD-06-30-1876-06,conflict,"Serbia declares war on the Ottoman Empire, leading to the Serbian Wars for Independence.","Serbia declares war on the Ottoman Empire, leading to the Serbian Wars for Independence.","June 30, 1876 CE",https://en.wikipedia.org/wiki/June_30,1876-06-30,"1876– Serbia declares war on the Ottoman Empire, leading to the Serbian Wars for Independence.",Wikipedia,exact,military and conflict,Serbia,Gregorian,target met,regional,secondary reference,20,single-source verified,20,95
30,CE,1882,June,Date described as approximate by source.,,GHCD-06-30-1882-07,historical event,"Charles J. Guiteau is hanged in Washington, D.C. for the assassination of U.S. President James Garfield.",Charles J,"June 30, 1882 CE",https://en.wikipedia.org/wiki/June_30,1882-06-30,"1882– Charles J. Guiteau is hanged in Washington, D.C. for the assassination of U.S. President James Garfield.",Wikipedia,approximate,general history,,Gregorian,target met,transregional,secondary reference,20,single-source verified,20,95
30,CE,1886,June,Date described as approximate by source.,North America,GHCD-06-30-1886-08,historical event,"The first transcontinental train trip across Canada departs from Montreal, Quebec. It arrives in Port Moody, British Columbia on July 4.","The first transcontinental train trip across Canada departs from Montreal, Quebec","June 30, 1886 CE",https://en.wikipedia.org/wiki/June_30,1886-06-30,"1886– The first transcontinental train trip across Canada departs from Montreal, Quebec. It arrives in Port Moody, British Columbia on July 4.",Wikipedia,approximate,general history,Canada,Gregorian,target met,regional,secondary reference,20,single-source verified,20,82
30,CE,1905,June,,,GHCD-06-30-1905-09,historical event,"Albert Einstein sends the article On the Electrodynamics of Moving Bodies, in which he introduces special relativity, for publication in Annalen der Physik.","Albert Einstein sends the article On the Electrodynamics of Moving Bodies, in which he introduces special relativity, for publication in Annalen der Physik.","June 30, 1905 CE",https://en.wikipedia.org/wiki/June_30,1905-06-30,"1905– Albert Einstein sends the article On the Electrodynamics of Moving Bodies, in which he introduces special relativity, for publication in Annalen der Physik.",Wikipedia,exact,general history,,Gregorian,target met,transregional,secondary reference,20,single-source verified,20,82
30,CE,1916,June,,Europe,GHCD-06-30-1916-10,conflict,"World War I: In ""the day Sussex died"", elements of the Royal Sussex Regiment take heavy casualties in the Battle of the Boar's Head at Richebourg-l'Avoué in France.","World War I: In ""the day Sussex died"", elements of the Royal Sussex Regiment take heavy casualties in the Battle of the Boar's Head at Richebourg-l'Avoué in France.","June 30, 1916 CE",https://en.wikipedia.org/wiki/June_30,1916-06-30,"1916– World War I: In ""the day Sussex died"", elements of the Royal Sussex Regiment take heavy casualties in the Battle of the Boar's Head at Richebourg-l'Avoué in France.",Wikipedia,exact,military and conflict,France,Gregorian,target met,international,secondary reference,20,single-source verified,20,95
30,CE,1921,June,,North America,GHCD-06-30-1921-11,conflict,U.S. President Warren G. Harding appoints former President William Howard Taft as Chief Justice of the United States.,U.S,"June 30, 1921 CE",https://en.wikipedia.org/wiki/June_30,1921-06-30,1921– U.S. President Warren G. Harding appoints former President William Howard Taft as Chief Justice of the United States.,Wikipedia,exact,military and conflict,United States,Gregorian,target met,regional,secondary reference,20,single-source verified,20,95
30,CE,1922,June,,North America,GHCD-06-30-1922-12,politics,"In Washington D.C., U.S. Secretary of State Charles Evans Hughes and Dominican Ambassador Francisco J. Peynado sign the Hughes–Peynado agreement, which ends the United States occupation of the Dominican Republic.","In Washington D.C., U.S","June 30, 1922 CE",https://en.wikipedia.org/wiki/June_30,1922-06-30,"1922– In Washington D.C., U.S. Secretary of State Charles Evans Hughes and Dominican Ambassador Francisco J. Peynado sign the Hughes–Peynado agreement, which ends the United States occupation of the Dominican Republic.",Wikipedia,exact,politics and law,United States,Gregorian,target met,regional,secondary reference,20,single-source verified,20,82
30,CE,1936,June,,Europe,GHCD-06-30-1936-13,conflict,Emperor Haile Selassie of Abyssinia appeals for aid to the League of Nations against Italy's invasion of his country.,Emperor Haile Selassie of Abyssinia appeals for aid to the League of Nations against Italy's invasion of his country.,"June 30, 1936 CE",https://en.wikipedia.org/wiki/June_30,1936-06-30,1936– Emperor Haile Selassie of Abyssinia appeals for aid to the League of Nations against Italy's invasion of his country.,Wikipedia,exact,military and conflict,Italy,Gregorian,target met,regional,secondary reference,20,single-source verified,20,95
30,CE,1937,June,,,GHCD-06-30-1937-14,science and technology,"The world's first emergency telephone number, 999, is introduced in London.","The world's first emergency telephone number, 999, is introduced in London.","June 30, 1937 CE",https://en.wikipedia.org/wiki/June_30,1937-06-30,"1937– The world's first emergency telephone number, 999, is introduced in London.",Wikipedia,exact,science and technology,,Gregorian,target met,transregional,secondary reference,20,single-source verified,20,82
30,CE,1944,June,,,GHCD-06-30-1944-15,conflict,World War II: The Battle of Cherbourg ends with the fall of the strategically valuable port to American forces.,World War II: The Battle of Cherbourg ends with the fall of the strategically valuable port to American forces.,"June 30, 1944 CE",https://en.wikipedia.org/wiki/June_30,1944-06-30,1944– World War II: The Battle of Cherbourg ends with the fall of the strategically valuable port to American forces.,Wikipedia,exact,military and conflict,,Gregorian,target met,international,secondary reference,20,single-source verified,20,95
30,CE,1953,June,,,GHCD-06-30-1953-16,historical event,"The first Chevrolet Corvette rolls off the assembly line in Flint, Michigan.","The first Chevrolet Corvette rolls off the assembly line in Flint, Michigan.","June 30, 1953 CE",https://en.wikipedia.org/wiki/June_30,1953-06-30,"1953– The first Chevrolet Corvette rolls off the assembly line in Flint, Michigan.",Wikipedia,exact,general history,,Gregorian,target met,transregional,secondary reference,20,single-source verified,20,82
30,CE,1956,June,,,GHCD-06-30-1956-17,historical event,"A TWA Super Constellation and a United Airlines DC-7 collide above the Grand Canyon in Arizona and crash, killing all 128 on board both airliners.","A TWA Super Constellation and a United Airlines DC-7 collide above the Grand Canyon in Arizona and crash, killing all 128 on board both airliners.","June 30, 1956 CE",https://en.wikipedia.org/wiki/June_30,1956-06-30,"1956– A TWA Super Constellation and a United Airlines DC-7 collide above the Grand Canyon in Arizona and crash, killing all 128 on board both airliners.",Wikipedia,exact,general history,,Gregorian,target met,transregional,secondary reference,20,single-source verified,20,82
30,CE,1959,June,,North America,GHCD-06-30-1959-18,historical event,"A United States Air Force F-100 Super Sabre from Kadena Air Base, Okinawa, crashes into a nearby elementary school, killing 11 students plus six residents from the local neighborhood.","A United States Air Force F-100 Super Sabre from Kadena Air Base, Okinawa, crashes into a nearby elementary school, killing 11 students plus six residents from the local neighbo...","June 30, 1959 CE",https://en.wikipedia.org/wiki/June_30,1959-06-30,"1959– A United States Air Force F-100 Super Sabre from Kadena Air Base, Okinawa, crashes into a nearby elementary school, killing 11 students plus six residents from the local neighborhood.",Wikipedia,exact,general history,United States,Gregorian,target met,regional,secondary reference,20,single-source verified,20,82
30,CE,1960,June,,,GHCD-06-30-1960-19,politics,Belgian Congo gains independence as Republic of the Congo (Léopoldville).,Belgian Congo gains independence as Republic of the Congo (Léopoldville).,"June 30, 1960 CE",https://en.wikipedia.org/wiki/June_30,1960-06-30,1960– Belgian Congo gains independence as Republic of the Congo (Léopoldville).,Wikipedia,exact,politics and law,,Gregorian,target met,transregional,secondary reference,20,single-source verified,20,82
30,CE,1989,June,,Africa,GHCD-06-30-1989-20,conflict,A coup d'état in Sudan deposes the democratically elected government of Prime Minister Sadiq al-Mahdi and President Ahmed al-Mirghani.,A coup d'état in Sudan deposes the democratically elected government of Prime Minister Sadiq al-Mahdi and President Ahmed al-Mirghani.,"June 30, 1989 CE",https://en.wikipedia.org/wiki/June_30,1989-06-30,1989– A coup d'état in Sudan deposes the democratically elected government of Prime Minister Sadiq al-Mahdi and President Ahmed al-Mirghani.,Wikipedia,exact,military and conflict,Sudan,Gregorian,target met,regional,secondary reference,20,single-source verified,20,95