Day,Era,Year,Month,Notes,Region,Event ID,Event type,Description,Event title,Date display,Source 1 URL,Calendar date,Original date,Source 1 name,Date certainty,Event category,Modern country,Calendar system,Coverage status,Significance scope,Source reliability,Target event count,Verification status,Verified event count,Historical significance score
1,CE,293,March,Selection limited to 1–2009 CE; original historical calendar is not specified by the cited date page.,,EVT-MAR-01-09-0293,political event,"Emperor Diocletian and Maximian appoint Constantius Chlorus and Galerius as Caesars. This is considered the beginning of the Tetrarchy, known as the Quattuor Principes Mundi (""Four Rulers of the World"").",Emperor Diocletian and Maximian appoint Constantius Chlorus and Galerius as Caesars. This is considered the beginning of the Tetrarchy,293 CE,https://en.wikipedia.org/wiki/March_1,March 1,"March 1, 293","Wikipedia, March 1",documented date,politics and governance,,Gregorian date-page convention,target met,regional,secondary reference; single-source date-page verification,20,verified against cited historical-events date page,20,55
1,CE,350,March,Selection limited to 1–2009 CE; original historical calendar is not specified by the cited date page.,,EVT-MAR-01-16-0350,historical event,"On March 1, 350, Vetranio proclaims himself Caesar after being encouraged to do so by Constantina, sister of Constantius II. This event is included in the documented historical-events chronology for this calendar date.",Vetranio proclaims himself Caesar after being encouraged to do so by Constantina,350 CE,https://en.wikipedia.org/wiki/March_1,March 1,"March 1, 350","Wikipedia, March 1",documented date,general history,,Gregorian date-page convention,target met,regional,secondary reference; single-source date-page verification,20,verified against cited historical-events date page,20,50
1,CE,492,March,Selection limited to 1–2009 CE; original historical calendar is not specified by the cited date page.,,EVT-MAR-01-17-0492,cultural event,"On March 1, 492, Felix III, pope of the Catholic Church This event is included in the documented historical-events chronology for this calendar date. The cited date-page entry records this occurrence.",Felix III,492 CE,https://en.wikipedia.org/wiki/March_1,March 1,"March 1, 492","Wikipedia, March 1",documented date,culture and society,,Gregorian date-page convention,target met,regional,secondary reference; single-source date-page verification,20,verified against cited historical-events date page,20,50
1,CE,589,March,Selection limited to 1–2009 CE; original historical calendar is not specified by the cited date page.,,EVT-MAR-01-18-0589,historical event,"On March 1, 589, David, Welsh bishop and saint This event is included in the documented historical-events chronology for this calendar date. The cited date-page entry records this occurrence. The cited date-page entry records this occurrence.",David,589 CE,https://en.wikipedia.org/wiki/March_1,March 1,"March 1, 589","Wikipedia, March 1",documented date,general history,,Gregorian date-page convention,target met,regional,secondary reference; single-source date-page verification,20,verified against cited historical-events date page,20,50
1,CE,834,March,Selection limited to 1–2009 CE; original historical calendar is not specified by the cited date page.,,EVT-MAR-01-07-0834,political event,"On March 1, 834, Emperor Louis the Pious is restored as sole ruler of the Frankish Empire. This event is included in the documented historical-events chronology for this calendar date.",Emperor Louis the Pious is restored as sole ruler of the Frankish Empire.,834 CE,https://en.wikipedia.org/wiki/March_1,March 1,"March 1, 834","Wikipedia, March 1",documented date,politics and governance,,Gregorian date-page convention,target met,regional,secondary reference; single-source date-page verification,20,verified against cited historical-events date page,20,56
1,CE,965,March,Selection limited to 1–2009 CE; original historical calendar is not specified by the cited date page.,,EVT-MAR-01-19-0965,cultural event,"On March 1, 965, Leo VIII, pope of the Catholic Church This event is included in the documented historical-events chronology for this calendar date. The cited date-page entry records this occurrence.",Leo VIII,965 CE,https://en.wikipedia.org/wiki/March_1,March 1,"March 1, 965","Wikipedia, March 1",documented date,culture and society,,Gregorian date-page convention,target met,regional,secondary reference; single-source date-page verification,20,verified against cited historical-events date page,20,50
1,CE,977,March,Selection limited to 1–2009 CE; original historical calendar is not specified by the cited date page.,,EVT-MAR-01-20-0977,historical event,"On March 1, 977, Rudesind, Galician bishop (born 907) This event is included in the documented historical-events chronology for this calendar date. The cited date-page entry records this occurrence. The cited date-page entry records this occurrence.",Rudesind,977 CE,https://en.wikipedia.org/wiki/March_1,March 1,"March 1, 977","Wikipedia, March 1",documented date,general history,,Gregorian date-page convention,target met,regional,secondary reference; single-source date-page verification,20,verified against cited historical-events date page,20,50
1,CE,1290,March,Selection limited to 1–2009 CE; original historical calendar is not specified by the cited date page.,Europe,EVT-MAR-01-10-1290,political event,"On March 1, 1290, University of Coimbra, in Portugal, is officially chartered by King Denis. This event is included in the documented historical-events chronology for this calendar date. The cited date-page entry records this occurrence.",University of Coimbra,1290 CE,https://en.wikipedia.org/wiki/March_1,March 1,"March 1, 1290","Wikipedia, March 1",documented date,politics and governance,Portugal,Gregorian date-page convention,target met,regional,secondary reference; single-source date-page verification,20,verified against cited historical-events date page,20,55
1,CE,1476,March,Selection limited to 1–2009 CE; original historical calendar is not specified by the cited date page.,,EVT-MAR-01-05-1476,conflict,"On March 1, 1476, Forces of the Catholic Monarchs engage the combined Portuguese-Castilian armies of Afonso V and Prince John at the Battle of Toro. This event is included in the documented historical-events chronology for this calendar date.",Forces of the Catholic Monarchs engage the combined Portuguese-Castilian armies of Afonso V and Prince John at the Battle of Toro.,1476 CE,https://en.wikipedia.org/wiki/March_1,March 1,"March 1, 1476","Wikipedia, March 1",documented date,military,,Gregorian date-page convention,target met,regional,secondary reference; single-source date-page verification,20,verified against cited historical-events date page,20,60
1,CE,1562,March,Selection limited to 1–2009 CE; original historical calendar is not specified by the cited date page.,Europe,EVT-MAR-01-02-1562,conflict,"On March 1, 1562, Sixty-three Huguenots are massacred in Wassy, France, marking the start of the French Wars of Religion. This event is included in the documented historical-events chronology for this calendar date.",Sixty-three Huguenots are massacred in Wassy,1562 CE,https://en.wikipedia.org/wiki/March_1,March 1,"March 1, 1562","Wikipedia, March 1",documented date,military,France,Gregorian date-page convention,target met,international,secondary reference; single-source date-page verification,20,verified against cited historical-events date page,20,70
1,CE,1836,March,Selection limited to 1–2009 CE; original historical calendar is not specified by the cited date page.,Americas,EVT-MAR-01-13-1836,political event,"On March 1, 1836, A convention of delegates from 57 Texas communities convenes in Washington-on-the-Brazos, Texas, to deliberate independence from Mexico. This event is included in the documented historical-events chronology for this calendar date.",A convention of delegates from 57 Texas communities convenes in Washington-on-the-Brazos,1836 CE,https://en.wikipedia.org/wiki/March_1,March 1,"March 1, 1836","Wikipedia, March 1",documented date,politics and governance,Mexico,Gregorian date-page convention,target met,regional,secondary reference; single-source date-page verification,20,verified against cited historical-events date page,20,54
1,CE,1845,March,Selection limited to 1–2009 CE; original historical calendar is not specified by the cited date page.,Americas,EVT-MAR-01-11-1845,political event,"On March 1, 1845, United States President John Tyler signs a bill authorizing the United States to annex the Republic of Texas. This event is included in the documented historical-events chronology for this calendar date.",United States President John Tyler signs a bill authorizing the United States to annex the Republic of Texas.,1845 CE,https://en.wikipedia.org/wiki/March_1,March 1,"March 1, 1845","Wikipedia, March 1",documented date,politics and governance,United States,Gregorian date-page convention,target met,regional,secondary reference; single-source date-page verification,20,verified against cited historical-events date page,20,55
1,CE,1870,March,Selection limited to 1–2009 CE; original historical calendar is not specified by the cited date page.,,EVT-MAR-01-04-1870,conflict,"On March 1, 1870, Marshal F. S. López dies during the Battle of Cerro Corá thus marking the end of the Paraguayan War. This event is included in the documented historical-events chronology for this calendar date.",Marshal F. S. López dies during the Battle of Cerro Corá thus marking the end of the Paraguayan War.,1870 CE,https://en.wikipedia.org/wiki/March_1,March 1,"March 1, 1870","Wikipedia, March 1",documented date,military,,Gregorian date-page convention,target met,regional,secondary reference; single-source date-page verification,20,verified against cited historical-events date page,20,63
1,CE,1872,March,Selection limited to 1–2009 CE; original historical calendar is not specified by the cited date page.,,EVT-MAR-01-03-1872,historical event,"On March 1, 1872, Yellowstone National Park is established as the world's first national park. This event is included in the documented historical-events chronology for this calendar date. The cited date-page entry records this occurrence.",Yellowstone National Park is established as the world's first national park.,1872 CE,https://en.wikipedia.org/wiki/March_1,March 1,"March 1, 1872","Wikipedia, March 1",documented date,general history,,Gregorian date-page convention,target met,international,secondary reference; single-source date-page verification,20,verified against cited historical-events date page,20,65
1,CE,1896,March,Selection limited to 1–2009 CE; original historical calendar is not specified by the cited date page.,,EVT-MAR-01-01-1896,conflict,"On March 1, 1896, Battle of Adwa: An Ethiopian army defeats an outnumbered Italian force, ending the First Italo-Ethiopian War. This event is included in the documented historical-events chronology for this calendar date.",Battle of Adwa,1896 CE,https://en.wikipedia.org/wiki/March_1,March 1,"March 1, 1896","Wikipedia, March 1",documented date,military,,Gregorian date-page convention,target met,international,secondary reference; single-source date-page verification,20,verified against cited historical-events date page,20,73
1,CE,1921,March,Selection limited to 1–2009 CE; original historical calendar is not specified by the cited date page.,,EVT-MAR-01-15-1921,conflict,"On March 1, 1921, The Australian cricket team captained by Warwick Armstrong becomes the first team to complete a whitewash of The Ashes, something that would not be repeated for 86 years. This event is included in the documented historical-events chronology for this calendar date.",The Australian cricket team captained by Warwick Armstrong becomes the first team to complete a whitewash of The Ashes,1921 CE,https://en.wikipedia.org/wiki/March_1,March 1,"March 1, 1921","Wikipedia, March 1",documented date,military,,Gregorian date-page convention,target met,regional,secondary reference; single-source date-page verification,20,verified against cited historical-events date page,20,51
1,CE,1941,March,Selection limited to 1–2009 CE; original historical calendar is not specified by the cited date page.,Europe,EVT-MAR-01-08-1941,conflict,"On March 1, 1941, World War II: Bulgaria signs the Tripartite Pact, allying itself with the Axis powers. This event is included in the documented historical-events chronology for this calendar date.",World War II,1941 CE,https://en.wikipedia.org/wiki/March_1,March 1,"March 1, 1941","Wikipedia, March 1",documented date,military,Bulgaria,Gregorian date-page convention,target met,regional,secondary reference; single-source date-page verification,20,verified against cited historical-events date page,20,56
1,CE,1942,March,Selection limited to 1–2009 CE; original historical calendar is not specified by the cited date page.,,EVT-MAR-01-14-1942,conflict,"On March 1, 1942, World War II: Japanese forces land on Java, the main island of the Dutch East Indies, at Merak and Banten Bay (Banten), Eretan Wetan (Indramayu) and Kragan (Rembang). This event is included in the documented historical-events chronology for this calendar date.",World War II,1942 CE,https://en.wikipedia.org/wiki/March_1,March 1,"March 1, 1942","Wikipedia, March 1",documented date,military,,Gregorian date-page convention,target met,regional,secondary reference; single-source date-page verification,20,verified against cited historical-events date page,20,53
1,CE,1966,March,Selection limited to 1–2009 CE; original historical calendar is not specified by the cited date page.,,EVT-MAR-01-12-1966,discovery,"On March 1, 1966, Venera 3 Soviet space probe crashes on Venus becoming the first spacecraft to land on another planet's surface. This event is included in the documented historical-events chronology for this calendar date.",Venera 3 Soviet space probe crashes on Venus becoming the first spacecraft to land on another planet's surface.,1966 CE,https://en.wikipedia.org/wiki/March_1,March 1,"March 1, 1966","Wikipedia, March 1",documented date,science and technology,,Gregorian date-page convention,target met,regional,secondary reference; single-source date-page verification,20,verified against cited historical-events date page,20,55
1,CE,1992,March,Selection limited to 1–2009 CE; original historical calendar is not specified by the cited date page.,,EVT-MAR-01-06-1992,political event,"On March 1, 1992, Bosnia and Herzegovina declares its independence from Socialist Federal Republic of Yugoslavia. This event is included in the documented historical-events chronology for this calendar date. The cited date-page entry records this occurrence.",Bosnia and Herzegovina declares its independence from Socialist Federal Republic of Yugoslavia.,1992 CE,https://en.wikipedia.org/wiki/March_1,March 1,"March 1, 1992","Wikipedia, March 1",documented date,politics and governance,,Gregorian date-page convention,target met,regional,secondary reference; single-source date-page verification,20,verified against cited historical-events date page,20,59
2,CE,537,March,Selection limited to 1–2009 CE; original historical calendar is not specified by the cited date page.,,EVT-MAR-02-10-0537,conflict,Siege of Rome: The Ostrogoth army under king Vitiges begins the siege of the capital. Belisarius conducts a delaying action outside the Flaminian Gate; he and a detachment of his bucellarii are almost cut off.,Siege of Rome,537 CE,https://en.wikipedia.org/wiki/March_2,March 2,"March 2, 537","Wikipedia, March 2",documented date,military,,Gregorian date-page convention,target met,regional,secondary reference; single-source date-page verification,20,verified against cited historical-events date page,20,55
2,CE,986,March,Selection limited to 1–2009 CE; original historical calendar is not specified by the cited date page.,,EVT-MAR-02-16-0986,political event,"On March 2, 986, Louis V becomes the last Carolingian king of West Francia after the death of his father, Lothaire. This event is included in the documented historical-events chronology for this calendar date.",Louis V becomes the last Carolingian king of West Francia after the death of his father,986 CE,https://en.wikipedia.org/wiki/March_2,March 2,"March 2, 986","Wikipedia, March 2",documented date,politics and governance,,Gregorian date-page convention,target met,regional,secondary reference; single-source date-page verification,20,verified against cited historical-events date page,20,50
2,CE,1331,March,Selection limited to 1–2009 CE; original historical calendar is not specified by the cited date page.,,EVT-MAR-02-17-1331,conflict,"On March 2, 1331, Fall of Nicaea to the Ottoman Turks after a siege. This event is included in the documented historical-events chronology for this calendar date. The cited date-page entry records this occurrence.",Fall of Nicaea to the Ottoman Turks after a siege.,1331 CE,https://en.wikipedia.org/wiki/March_2,March 2,"March 2, 1331","Wikipedia, March 2",documented date,military,,Gregorian date-page convention,target met,regional,secondary reference; single-source date-page verification,20,verified against cited historical-events date page,20,50
2,CE,1444,March,Selection limited to 1–2009 CE; original historical calendar is not specified by the cited date page.,,EVT-MAR-02-18-1444,historical event,"On March 2, 1444, Skanderbeg organizes a group of Albanian nobles to form the League of Lezhë. This event is included in the documented historical-events chronology for this calendar date.",Skanderbeg organizes a group of Albanian nobles to form the League of Lezhë.,1444 CE,https://en.wikipedia.org/wiki/March_2,March 2,"March 2, 1444","Wikipedia, March 2",documented date,general history,,Gregorian date-page convention,target met,regional,secondary reference; single-source date-page verification,20,verified against cited historical-events date page,20,50
2,CE,1458,March,Selection limited to 1–2009 CE; original historical calendar is not specified by the cited date page.,,EVT-MAR-02-19-1458,political event,"On March 2, 1458, George of Poděbrady is chosen as the king of Bohemia. This event is included in the documented historical-events chronology for this calendar date. The cited date-page entry records this occurrence.",George of Poděbrady is chosen as the king of Bohemia.,1458 CE,https://en.wikipedia.org/wiki/March_2,March 2,"March 2, 1458","Wikipedia, March 2",documented date,politics and governance,,Gregorian date-page convention,target met,regional,secondary reference; single-source date-page verification,20,verified against cited historical-events date page,20,50
2,CE,1476,March,Selection limited to 1–2009 CE; original historical calendar is not specified by the cited date page.,,EVT-MAR-02-02-1476,conflict,"On March 2, 1476, Burgundian Wars: The Old Swiss Confederacy hands Charles the Bold, Duke of Burgundy, a major defeat in the Battle of Grandson in Canton of Neuchâtel. This event is included in the documented historical-events chronology for this calendar date.",Burgundian Wars,1476 CE,https://en.wikipedia.org/wiki/March_2,March 2,"March 2, 1476","Wikipedia, March 2",documented date,military,,Gregorian date-page convention,target met,international,secondary reference; single-source date-page verification,20,verified against cited historical-events date page,20,77
2,CE,1484,March,Selection limited to 1–2009 CE; original historical calendar is not specified by the cited date page.,,EVT-MAR-02-07-1484,political event,"On March 2, 1484, The College of Arms is formally incorporated by Royal Charter signed by King Richard III of England. This event is included in the documented historical-events chronology for this calendar date.",The College of Arms is formally incorporated by Royal Charter signed by King Richard III of England.,1484 CE,https://en.wikipedia.org/wiki/March_2,March 2,"March 2, 1484","Wikipedia, March 2",documented date,politics and governance,,Gregorian date-page convention,target met,regional,secondary reference; single-source date-page verification,20,verified against cited historical-events date page,20,56
2,CE,1498,March,Selection limited to 1–2009 CE; original historical calendar is not specified by the cited date page.,,EVT-MAR-02-20-1498,historical event,"On March 2, 1498, Vasco da Gama's fleet visits the Island of Mozambique. This event is included in the documented historical-events chronology for this calendar date. The cited date-page entry records this occurrence.",Vasco da Gama's fleet visits the Island of Mozambique.,1498 CE,https://en.wikipedia.org/wiki/March_2,March 2,"March 2, 1498","Wikipedia, March 2",documented date,general history,,Gregorian date-page convention,target met,regional,secondary reference; single-source date-page verification,20,verified against cited historical-events date page,20,50
2,CE,1776,March,Selection limited to 1–2009 CE; original historical calendar is not specified by the cited date page.,,EVT-MAR-02-03-1776,conflict,American Revolutionary War: Patriot militia units attempt to prevent capture of supply ships in and around the Savannah River by a small fleet of the Royal Navy in the Battle of the Rice Boats.,American Revolutionary War,1776 CE,https://en.wikipedia.org/wiki/March_2,March 2,"March 2, 1776","Wikipedia, March 2",documented date,military,,Gregorian date-page convention,target met,international,secondary reference; single-source date-page verification,20,verified against cited historical-events date page,20,72
2,CE,1811,March,Selection limited to 1–2009 CE; original historical calendar is not specified by the cited date page.,,EVT-MAR-02-01-1811,conflict,"On March 2, 1811, Argentine War of Independence: A royalist fleet defeats a small flotilla of revolutionary ships in the Battle of San Nicolás on the River Plate. This event is included in the documented historical-events chronology for this calendar date.",Argentine War of Independence,1811 CE,https://en.wikipedia.org/wiki/March_2,March 2,"March 2, 1811","Wikipedia, March 2",documented date,military,,Gregorian date-page convention,target met,international,secondary reference; single-source date-page verification,20,verified against cited historical-events date page,20,93
2,CE,1815,March,Selection limited to 1–2009 CE; original historical calendar is not specified by the cited date page.,,EVT-MAR-02-06-1815,political event,"On March 2, 1815, Signing of the Kandyan Convention treaty by British invaders and the leaders of the Kingdom of Kandy. This event is included in the documented historical-events chronology for this calendar date.",Signing of the Kandyan Convention treaty by British invaders and the leaders of the Kingdom of Kandy.,1815 CE,https://en.wikipedia.org/wiki/March_2,March 2,"March 2, 1815","Wikipedia, March 2",documented date,politics and governance,,Gregorian date-page convention,target met,regional,secondary reference; single-source date-page verification,20,verified against cited historical-events date page,20,57
2,CE,1836,March,Selection limited to 1–2009 CE; original historical calendar is not specified by the cited date page.,Americas,EVT-MAR-02-05-1836,political event,"On March 2, 1836, Texas Revolution: The Declaration of independence of the Republic of Texas from Mexico is adopted. This event is included in the documented historical-events chronology for this calendar date.",Texas Revolution,1836 CE,https://en.wikipedia.org/wiki/March_2,March 2,"March 2, 1836","Wikipedia, March 2",documented date,politics and governance,Mexico,Gregorian date-page convention,target met,international,secondary reference; single-source date-page verification,20,verified against cited historical-events date page,20,66
2,CE,1882,March,Selection limited to 1–2009 CE; original historical calendar is not specified by the cited date page.,,EVT-MAR-02-15-1882,historical event,"On March 2, 1882, Queen Victoria narrowly escapes an assassination attempt by Roderick Maclean in Windsor. This event is included in the documented historical-events chronology for this calendar date. The cited date-page entry records this occurrence.",Queen Victoria narrowly escapes an assassination attempt by Roderick Maclean in Windsor.,1882 CE,https://en.wikipedia.org/wiki/March_2,March 2,"March 2, 1882","Wikipedia, March 2",documented date,general history,,Gregorian date-page convention,target met,regional,secondary reference; single-source date-page verification,20,verified against cited historical-events date page,20,51
2,CE,1901,March,Selection limited to 1–2009 CE; original historical calendar is not specified by the cited date page.,Americas,EVT-MAR-02-14-1901,political event,United States Steel Corporation is founded as a result of a merger between Carnegie Steel Company and Federal Steel Company which became the first corporation in the world with a market capital over $1 billion.,United States Steel Corporation is founded as a result of a merger between Carnegie Steel Company and Federal Steel Company which became the first corporation in the world with a m,1901 CE,https://en.wikipedia.org/wiki/March_2,March 2,"March 2, 1901","Wikipedia, March 2",documented date,politics and governance,United States,Gregorian date-page convention,target met,regional,secondary reference; single-source date-page verification,20,verified against cited historical-events date page,20,53
2,CE,1941,March,Selection limited to 1–2009 CE; original historical calendar is not specified by the cited date page.,Europe,EVT-MAR-02-08-1941,conflict,"On March 2, 1941, World War II: First German military units enter Bulgaria after it joins the Axis Pact. This event is included in the documented historical-events chronology for this calendar date.",World War II,1941 CE,https://en.wikipedia.org/wiki/March_2,March 2,"March 2, 1941","Wikipedia, March 2",documented date,military,Bulgaria,Gregorian date-page convention,target met,regional,secondary reference; single-source date-page verification,20,verified against cited historical-events date page,20,56
2,CE,1943,March,Selection limited to 1–2009 CE; original historical calendar is not specified by the cited date page.,,EVT-MAR-02-04-1943,conflict,"On March 2, 1943, World War II: During the Battle of the Bismarck Sea Allied aircraft defeat a Japanese attempt to ship troops to New Guinea. This event is included in the documented historical-events chronology for this calendar date.",World War II,1943 CE,https://en.wikipedia.org/wiki/March_2,March 2,"March 2, 1943","Wikipedia, March 2",documented date,military,,Gregorian date-page convention,target met,international,secondary reference; single-source date-page verification,20,verified against cited historical-events date page,20,71
2,CE,1949,March,Selection limited to 1–2009 CE; original historical calendar is not specified by the cited date page.,,EVT-MAR-02-13-1949,historical event,"On March 2, 1949, Captain James Gallagher lands his B-50 Superfortress Lucky Lady II in Fort Worth, Texas, after completing the first non-stop around-the-world airplane flight in 94 hours and one minute. This event is included in the documented historical-events chronology for this calendar date.",Captain James Gallagher lands his B-50 Superfortress Lucky Lady II in Fort Worth,1949 CE,https://en.wikipedia.org/wiki/March_2,March 2,"March 2, 1949","Wikipedia, March 2",documented date,general history,,Gregorian date-page convention,target met,regional,secondary reference; single-source date-page verification,20,verified against cited historical-events date page,20,54
2,CE,1978,March,Selection limited to 1–2009 CE; original historical calendar is not specified by the cited date page.,,EVT-MAR-02-09-1978,discovery,"On March 2, 1978, Czech Vladimír Remek becomes the first non-Soviet or non-American to go into space, when he is launched aboard Soyuz 28. This event is included in the documented historical-events chronology for this calendar date.",Czech Vladimír Remek becomes the first non-Soviet or non-American to go into space,1978 CE,https://en.wikipedia.org/wiki/March_2,March 2,"March 2, 1978","Wikipedia, March 2",documented date,science and technology,,Gregorian date-page convention,target met,regional,secondary reference; single-source date-page verification,20,verified against cited historical-events date page,20,56
2,CE,1991,March,Selection limited to 1–2009 CE; original historical calendar is not specified by the cited date page.,,EVT-MAR-02-11-1991,conflict,"On March 2, 1991, Battle at Rumaila oil field brings an end to the 1991 Gulf War. This event is included in the documented historical-events chronology for this calendar date.",Battle at Rumaila oil field brings an end to the 1991 Gulf War.,1991 CE,https://en.wikipedia.org/wiki/March_2,March 2,"March 2, 1991","Wikipedia, March 2",documented date,military,,Gregorian date-page convention,target met,regional,secondary reference; single-source date-page verification,20,verified against cited historical-events date page,20,55
2,CE,2004,March,Selection limited to 1–2009 CE; original historical calendar is not specified by the cited date page.,Asia,EVT-MAR-02-12-2004,conflict,"On March 2, 2004, War in Iraq: Al-Qaeda carries out the Ashoura Massacre in Iraq, killing 170 and wounding over 500. This event is included in the documented historical-events chronology for this calendar date.",War in Iraq,2004 CE,https://en.wikipedia.org/wiki/March_2,March 2,"March 2, 2004","Wikipedia, March 2",documented date,military,Iraq,Gregorian date-page convention,target met,regional,secondary reference; single-source date-page verification,20,verified against cited historical-events date page,20,55
3,CE,473,March,Selection limited to 1–2009 CE; original historical calendar is not specified by the cited date page.,,EVT-MAR-03-11-0473,political event,"On March 3, 473, Gundobad (nephew of Ricimer) nominates Glycerius as emperor of the Western Roman Empire. This event is included in the documented historical-events chronology for this calendar date.",Gundobad (nephew of Ricimer) nominates Glycerius as emperor of the Western Roman Empire.,473 CE,https://en.wikipedia.org/wiki/March_3,March 3,"March 3, 473","Wikipedia, March 3",documented date,politics and governance,,Gregorian date-page convention,target met,regional,secondary reference; single-source date-page verification,20,verified against cited historical-events date page,20,56
3,CE,532,March,Selection limited to 1–2009 CE; original historical calendar is not specified by the cited date page.,,EVT-MAR-03-15-0532,historical event,"On March 3, 532, Winwaloe, founder of Landévennec Abbey (born c. 460) This event is included in the documented historical-events chronology for this calendar date. The cited date-page entry records this occurrence.",Winwaloe,532 CE,https://en.wikipedia.org/wiki/March_3,March 3,"March 3, 532","Wikipedia, March 3",documented date,general history,,Gregorian date-page convention,target met,regional,secondary reference; single-source date-page verification,20,verified against cited historical-events date page,20,50
3,CE,724,March,Selection limited to 1–2009 CE; original historical calendar is not specified by the cited date page.,Asia,EVT-MAR-03-16-0724,political event,"On March 3, 724, Empress Genshō abdicates the throne in favor of her nephew Shōmu who becomes emperor of Japan. This event is included in the documented historical-events chronology for this calendar date.",Empress Genshō abdicates the throne in favor of her nephew Shōmu who becomes emperor of Japan.,724 CE,https://en.wikipedia.org/wiki/March_3,March 3,"March 3, 724","Wikipedia, March 3",documented date,politics and governance,Japan,Gregorian date-page convention,target met,regional,secondary reference; single-source date-page verification,20,verified against cited historical-events date page,20,50
3,CE,880,March,Selection limited to 1–2009 CE; original historical calendar is not specified by the cited date page.,,EVT-MAR-03-17-0880,political event,"On March 3, 880, Emperor Basil I ratifies the decrees of the Fourth Council of Constantinople, confirming the reinstatement of patriarch Photios I of Constantinople. This event is included in the documented historical-events chronology for this calendar date.",Emperor Basil I ratifies the decrees of the Fourth Council of Constantinople,880 CE,https://en.wikipedia.org/wiki/March_3,March 3,"March 3, 880","Wikipedia, March 3",documented date,politics and governance,,Gregorian date-page convention,target met,regional,secondary reference; single-source date-page verification,20,verified against cited historical-events date page,20,50
3,CE,1009,March,Selection limited to 1–2009 CE; original historical calendar is not specified by the cited date page.,,EVT-MAR-03-18-1009,historical event,"On March 3, 1009, Abd al-Rahman Sanchuelo, Umayyad chief minister (born 983) This event is included in the documented historical-events chronology for this calendar date. The cited date-page entry records this occurrence.",Abd al-Rahman Sanchuelo,1009 CE,https://en.wikipedia.org/wiki/March_3,March 3,"March 3, 1009","Wikipedia, March 3",documented date,general history,,Gregorian date-page convention,target met,regional,secondary reference; single-source date-page verification,20,verified against cited historical-events date page,20,50
3,CE,1195,March,Selection limited to 1–2009 CE; original historical calendar is not specified by the cited date page.,,EVT-MAR-03-19-1195,historical event,"On March 3, 1195, Hugh de Puiset, bishop of Durham (born c. 1125) This event is included in the documented historical-events chronology for this calendar date. The cited date-page entry records this occurrence.",Hugh de Puiset,1195 CE,https://en.wikipedia.org/wiki/March_3,March 3,"March 3, 1195","Wikipedia, March 3",documented date,general history,,Gregorian date-page convention,target met,regional,secondary reference; single-source date-page verification,20,verified against cited historical-events date page,20,50
3,CE,1239,March,Selection limited to 1–2009 CE; original historical calendar is not specified by the cited date page.,,EVT-MAR-03-20-1239,historical event,"On March 3, 1239, Vladimir IV Rurikovich, Grand Prince of Kiev (born 1187) This event is included in the documented historical-events chronology for this calendar date. The cited date-page entry records this occurrence.",Vladimir IV Rurikovich,1239 CE,https://en.wikipedia.org/wiki/March_3,March 3,"March 3, 1239","Wikipedia, March 3",documented date,general history,,Gregorian date-page convention,target met,regional,secondary reference; single-source date-page verification,20,verified against cited historical-events date page,20,50
3,CE,1542,March,Selection limited to 1–2009 CE; original historical calendar is not specified by the cited date page.,,EVT-MAR-03-07-1542,conflict,"On March 3, 1542, Arthur Plantagenet, 1st Viscount Lisle, illegitimate son of Edward IV This event is included in the documented historical-events chronology for this calendar date. The cited date-page entry records this occurrence.",Arthur Plantagenet,1542 CE,https://en.wikipedia.org/wiki/March_3,March 3,"March 3, 1542","Wikipedia, March 3",documented date,military,,Gregorian date-page convention,target met,regional,secondary reference; single-source date-page verification,20,verified against cited historical-events date page,20,60
3,CE,1575,March,Selection limited to 1–2009 CE; original historical calendar is not specified by the cited date page.,,EVT-MAR-03-05-1575,conflict,"On March 3, 1575, Mughal Emperor Akbar defeats Sultan of Bengal Daud Khan Karrani's army at the Battle of Tukaroi. This event is included in the documented historical-events chronology for this calendar date.",Mughal Emperor Akbar defeats Sultan of Bengal Daud Khan Karrani's army at the Battle of Tukaroi.,1575 CE,https://en.wikipedia.org/wiki/March_3,March 3,"March 3, 1575","Wikipedia, March 3",documented date,military,,Gregorian date-page convention,target met,international,secondary reference; single-source date-page verification,20,verified against cited historical-events date page,20,67
3,CE,1583,March,Selection limited to 1–2009 CE; original historical calendar is not specified by the cited date page.,,EVT-MAR-03-08-1583,conflict,"On March 3, 1583, Edward Herbert, 1st Baron Herbert of Cherbury, English-Welsh soldier, historian, and diplomat (died 1648) This event is included in the documented historical-events chronology for this calendar date.",Edward Herbert,1583 CE,https://en.wikipedia.org/wiki/March_3,March 3,"March 3, 1583","Wikipedia, March 3",documented date,military,,Gregorian date-page convention,target met,regional,secondary reference; single-source date-page verification,20,verified against cited historical-events date page,20,60
3,CE,1585,March,Selection limited to 1–2009 CE; original historical calendar is not specified by the cited date page.,,EVT-MAR-03-06-1585,cultural event,"On March 3, 1585, The Olympic Theatre, designed by Andrea Palladio, is inaugurated in Vicenza. This event is included in the documented historical-events chronology for this calendar date. The cited date-page entry records this occurrence.",The Olympic Theatre,1585 CE,https://en.wikipedia.org/wiki/March_3,March 3,"March 3, 1585","Wikipedia, March 3",documented date,culture and society,,Gregorian date-page convention,target met,regional,secondary reference; single-source date-page verification,20,verified against cited historical-events date page,20,61
3,CE,1776,March,Selection limited to 1–2009 CE; original historical calendar is not specified by the cited date page.,Americas,EVT-MAR-03-02-1776,conflict,"On March 3, 1776, American Revolutionary War: The first amphibious landing of the United States Marine Corps begins the Battle of Nassau. This event is included in the documented historical-events chronology for this calendar date.",American Revolutionary War,1776 CE,https://en.wikipedia.org/wiki/March_3,March 3,"March 3, 1776","Wikipedia, March 3",documented date,military,United States,Gregorian date-page convention,target met,international,secondary reference; single-source date-page verification,20,verified against cited historical-events date page,20,83
3,CE,1779,March,Selection limited to 1–2009 CE; original historical calendar is not specified by the cited date page.,,EVT-MAR-03-03-1779,conflict,"On March 3, 1779, American Revolutionary War: The Continental Army is routed at the Battle of Brier Creek near Savannah, Georgia. This event is included in the documented historical-events chronology for this calendar date.",American Revolutionary War,1779 CE,https://en.wikipedia.org/wiki/March_3,March 3,"March 3, 1779","Wikipedia, March 3",documented date,military,,Gregorian date-page convention,target met,international,secondary reference; single-source date-page verification,20,verified against cited historical-events date page,20,72
3,CE,1857,March,Selection limited to 1–2009 CE; original historical calendar is not specified by the cited date page.,Asia,EVT-MAR-03-13-1857,conflict,"On March 3, 1857, Second Opium War: France and the United Kingdom declare war on China. This event is included in the documented historical-events chronology for this calendar date. The cited date-page entry records this occurrence.",Second Opium War,1857 CE,https://en.wikipedia.org/wiki/March_3,March 3,"March 3, 1857","Wikipedia, March 3",documented date,military,China,Gregorian date-page convention,target met,regional,secondary reference; single-source date-page verification,20,verified against cited historical-events date page,20,55
3,CE,1878,March,Selection limited to 1–2009 CE; original historical calendar is not specified by the cited date page.,Europe,EVT-MAR-03-01-1878,conflict,"On March 3, 1878, The Russo-Turkish War ends with Bulgaria regaining its independence from the Ottoman Empire according to the Treaty of San Stefano. This event is included in the documented historical-events chronology for this calendar date.",The Russo-Turkish War ends with Bulgaria regaining its independence from the Ottoman Empire according to the Treaty of San Stefano.,1878 CE,https://en.wikipedia.org/wiki/March_3,March 3,"March 3, 1878","Wikipedia, March 3",documented date,military,Bulgaria,Gregorian date-page convention,target met,international,secondary reference; single-source date-page verification,20,verified against cited historical-events date page,20,88
3,CE,1891,March,Selection limited to 1–2009 CE; original historical calendar is not specified by the cited date page.,,EVT-MAR-03-09-1891,historical event,"On March 3, 1891, Shoshone National Forest is established as the first national forest in the US and world. This event is included in the documented historical-events chronology for this calendar date.",Shoshone National Forest is established as the first national forest in the US and world.,1891 CE,https://en.wikipedia.org/wiki/March_3,March 3,"March 3, 1891","Wikipedia, March 3",documented date,general history,,Gregorian date-page convention,target met,regional,secondary reference; single-source date-page verification,20,verified against cited historical-events date page,20,59
3,CE,1918,March,Selection limited to 1–2009 CE; original historical calendar is not specified by the cited date page.,Europe,EVT-MAR-03-04-1918,conflict,"Russia signs the Treaty of Brest-Litovsk, agreeing to withdraw from World War I, and conceding German control of the Baltic States, Belarus and Ukraine. It also conceded Turkish control of Ardahan, Kars and Batumi.",Russia signs the Treaty of Brest-Litovsk,1918 CE,https://en.wikipedia.org/wiki/March_3,March 3,"March 3, 1918","Wikipedia, March 3",documented date,military,Russia,Gregorian date-page convention,target met,international,secondary reference; single-source date-page verification,20,verified against cited historical-events date page,20,68
3,CE,1924,March,Selection limited to 1–2009 CE; original historical calendar is not specified by the cited date page.,Asia,EVT-MAR-03-14-1924,historical event,"The Ottoman Caliphate is abolished, when the Caliph Abdülmecid II of the Ottoman dynasty is deposed. The last remnant of the old monarchy gives way to the reformed Turkey of Kemal Atatürk.",The Ottoman Caliphate is abolished,1924 CE,https://en.wikipedia.org/wiki/March_3,March 3,"March 3, 1924","Wikipedia, March 3",documented date,general history,Turkey,Gregorian date-page convention,target met,regional,secondary reference; single-source date-page verification,20,verified against cited historical-events date page,20,53
3,CE,1943,March,Selection limited to 1–2009 CE; original historical calendar is not specified by the cited date page.,,EVT-MAR-03-12-1943,conflict,"On March 3, 1943, World War II: In London, 173 people are killed in a crush while trying to enter an air-raid shelter at Bethnal Green tube station. This event is included in the documented historical-events chronology for this calendar date.",World War II,1943 CE,https://en.wikipedia.org/wiki/March_3,March 3,"March 3, 1943","Wikipedia, March 3",documented date,military,,Gregorian date-page convention,target met,regional,secondary reference; single-source date-page verification,20,verified against cited historical-events date page,20,56
3,CE,1945,March,Selection limited to 1–2009 CE; original historical calendar is not specified by the cited date page.,Europe,EVT-MAR-03-10-1945,conflict,"On March 3, 1945, World War II: In poor visibility, the RAF mistakenly bombs the Bezuidenhout area of The Hague, Netherlands, killing 511 people. This event is included in the documented historical-events chronology for this calendar date.",World War II,1945 CE,https://en.wikipedia.org/wiki/March_3,March 3,"March 3, 1945","Wikipedia, March 3",documented date,military,Netherlands,Gregorian date-page convention,target met,regional,secondary reference; single-source date-page verification,20,verified against cited historical-events date page,20,58
4,CE,581,March,Selection limited to 1–2009 CE; original historical calendar is not specified by the cited date page.,,EVT-MAR-04-08-0581,political event,"On March 4, 581, Yang Jian declares himself Emperor Wen of Sui, ending the Northern Zhou and beginning the Sui dynasty. This event is included in the documented historical-events chronology for this calendar date.",Yang Jian declares himself Emperor Wen of Sui,581 CE,https://en.wikipedia.org/wiki/March_4,March 4,"March 4, 581","Wikipedia, March 4",documented date,politics and governance,,Gregorian date-page convention,target met,regional,secondary reference; single-source date-page verification,20,verified against cited historical-events date page,20,60
4,CE,852,March,Selection limited to 1–2009 CE; original historical calendar is not specified by the cited date page.,,EVT-MAR-04-14-0852,historical event,"On March 4, 852, Croatian Knez Trpimir I issues a statute, a document with the first known written mention of the Croats name in Croatian sources. This event is included in the documented historical-events chronology for this calendar date.",Croatian Knez Trpimir I issues a statute,852 CE,https://en.wikipedia.org/wiki/March_4,March 4,"March 4, 852","Wikipedia, March 4",documented date,general history,,Gregorian date-page convention,target met,regional,secondary reference; single-source date-page verification,20,verified against cited historical-events date page,20,56
4,CE,1152,March,Selection limited to 1–2009 CE; original historical calendar is not specified by the cited date page.,Europe,EVT-MAR-04-16-1152,political event,"On March 4, 1152, Frederick I Barbarossa is elected King of Germany. This event is included in the documented historical-events chronology for this calendar date. The cited date-page entry records this occurrence.",Frederick I Barbarossa is elected King of Germany.,1152 CE,https://en.wikipedia.org/wiki/March_4,March 4,"March 4, 1152","Wikipedia, March 4",documented date,politics and governance,Germany,Gregorian date-page convention,target met,regional,secondary reference; single-source date-page verification,20,verified against cited historical-events date page,20,55
4,CE,1238,March,Selection limited to 1–2009 CE; original historical calendar is not specified by the cited date page.,,EVT-MAR-04-05-1238,conflict,"On March 4, 1238, The Battle of the Sit River begins two centuries of Mongol horde domination of Rus. This event is included in the documented historical-events chronology for this calendar date.",The Battle of the Sit River begins two centuries of Mongol horde domination of Rus.,1238 CE,https://en.wikipedia.org/wiki/March_4,March 4,"March 4, 1238","Wikipedia, March 4",documented date,military,,Gregorian date-page convention,target met,international,secondary reference; single-source date-page verification,20,verified against cited historical-events date page,20,65
4,CE,1461,March,Selection limited to 1–2009 CE; original historical calendar is not specified by the cited date page.,,EVT-MAR-04-09-1461,conflict,"On March 4, 1461, Wars of the Roses in England: Lancastrian King Henry VI is deposed by his House of York cousin, who then becomes King Edward IV. This event is included in the documented historical-events chronology for this calendar date.",Wars of the Roses in England,1461 CE,https://en.wikipedia.org/wiki/March_4,March 4,"March 4, 1461","Wikipedia, March 4",documented date,military,,Gregorian date-page convention,target met,regional,secondary reference; single-source date-page verification,20,verified against cited historical-events date page,20,60
4,CE,1493,March,Selection limited to 1–2009 CE; original historical calendar is not specified by the cited date page.,Europe,EVT-MAR-04-12-1493,historical event,"On March 4, 1493, Explorer Christopher Columbus arrives back in Lisbon, Portugal, aboard his ship Niña from his voyage to what are now The Bahamas and other islands in the Caribbean. This event is included in the documented historical-events chronology for this calendar date.",Explorer Christopher Columbus arrives back in Lisbon,1493 CE,https://en.wikipedia.org/wiki/March_4,March 4,"March 4, 1493","Wikipedia, March 4",documented date,general history,Portugal,Gregorian date-page convention,target met,regional,secondary reference; single-source date-page verification,20,verified against cited historical-events date page,20,58
4,CE,1665,March,Selection limited to 1–2009 CE; original historical calendar is not specified by the cited date page.,Europe,EVT-MAR-04-03-1665,conflict,"On March 4, 1665, English King Charles II declares war on the Netherlands, marking the start of the Second Anglo-Dutch War. This event is included in the documented historical-events chronology for this calendar date.",English King Charles II declares war on the Netherlands,1665 CE,https://en.wikipedia.org/wiki/March_4,March 4,"March 4, 1665","Wikipedia, March 4",documented date,military,Netherlands,Gregorian date-page convention,target met,international,secondary reference; single-source date-page verification,20,verified against cited historical-events date page,20,68
4,CE,1686,March,Selection limited to 1–2009 CE; original historical calendar is not specified by the cited date page.,Asia,EVT-MAR-04-17-1686,historical event,"On March 4, 1686, After being unofficially established as a settlement in 1678, the Dominican mission of Ilagan is founded in the Philippines. This event is included in the documented historical-events chronology for this calendar date.",After being unofficially established as a settlement in 1678,1686 CE,https://en.wikipedia.org/wiki/March_4,March 4,"March 4, 1686","Wikipedia, March 4",documented date,general history,Philippines,Gregorian date-page convention,target met,regional,secondary reference; single-source date-page verification,20,verified against cited historical-events date page,20,55
4,CE,1776,March,Selection limited to 1–2009 CE; original historical calendar is not specified by the cited date page.,,EVT-MAR-04-07-1776,conflict,"On March 4, 1776, American Revolutionary War: The Continental Army fortifies Dorchester Heights with cannon, leading the British troops to abandon the Siege of Boston. This event is included in the documented historical-events chronology for this calendar date.",American Revolutionary War,1776 CE,https://en.wikipedia.org/wiki/March_4,March 4,"March 4, 1776","Wikipedia, March 4",documented date,military,,Gregorian date-page convention,target met,regional,secondary reference; single-source date-page verification,20,verified against cited historical-events date page,20,62
4,CE,1789,March,Selection limited to 1–2009 CE; original historical calendar is not specified by the cited date page.,Americas,EVT-MAR-04-13-1789,political event,"On March 4, 1789, In New York City, the first Congress of the United States meets, putting the United States Constitution into effect. This event is included in the documented historical-events chronology for this calendar date.",In New York City,1789 CE,https://en.wikipedia.org/wiki/March_4,March 4,"March 4, 1789","Wikipedia, March 4",documented date,politics and governance,United States,Gregorian date-page convention,target met,regional,secondary reference; single-source date-page verification,20,verified against cited historical-events date page,20,57
4,CE,1794,March,Selection limited to 1–2009 CE; original historical calendar is not specified by the cited date page.,,EVT-MAR-04-20-1794,political event,"On March 4, 1794, The 11th Amendment to the U.S. Constitution is passed by the U.S. Congress. This event is included in the documented historical-events chronology for this calendar date.",The 11th Amendment to the U.S. Constitution is passed by the U.S. Congress.,1794 CE,https://en.wikipedia.org/wiki/March_4,March 4,"March 4, 1794","Wikipedia, March 4",documented date,politics and governance,,Gregorian date-page convention,target met,regional,secondary reference; single-source date-page verification,20,verified against cited historical-events date page,20,51
4,CE,1814,March,Selection limited to 1–2009 CE; original historical calendar is not specified by the cited date page.,,EVT-MAR-04-04-1814,conflict,"On March 4, 1814, War of 1812: Americans defeat British forces at the Battle of Longwoods between London, Ontario and Thamesville, near present-day Wardsville, Ontario. This event is included in the documented historical-events chronology for this calendar date.",War of 1812,1814 CE,https://en.wikipedia.org/wiki/March_4,March 4,"March 4, 1814","Wikipedia, March 4",documented date,military,,Gregorian date-page convention,target met,international,secondary reference; single-source date-page verification,20,verified against cited historical-events date page,20,67
4,CE,1848,March,Selection limited to 1–2009 CE; original historical calendar is not specified by the cited date page.,,EVT-MAR-04-06-1848,political event,"On March 4, 1848, Carlo Alberto di Savoia signs the Statuto Albertino that will later represent the first constitution of the Regno d'Italia. This event is included in the documented historical-events chronology for this calendar date.",Carlo Alberto di Savoia signs the Statuto Albertino that will later represent the first constitution of the Regno d'Italia.,1848 CE,https://en.wikipedia.org/wiki/March_4,March 4,"March 4, 1848","Wikipedia, March 4",documented date,politics and governance,,Gregorian date-page convention,target met,regional,secondary reference; single-source date-page verification,20,verified against cited historical-events date page,20,63
4,CE,1909,March,Selection limited to 1–2009 CE; original historical calendar is not specified by the cited date page.,,EVT-MAR-04-15-1909,conflict,"U.S. President William Howard Taft uses what became known as a Saxbe fix, a mechanism to avoid the restriction of the U.S. Constitution's Ineligibility Clause, to appoint Philander C. Knox as U.S. Secretary of State.",U.S. President William Howard Taft uses what became known as a Saxbe fix,1909 CE,https://en.wikipedia.org/wiki/March_4,March 4,"March 4, 1909","Wikipedia, March 4",documented date,military,,Gregorian date-page convention,target met,regional,secondary reference; single-source date-page verification,20,verified against cited historical-events date page,20,56
4,CE,1913,March,Selection limited to 1–2009 CE; original historical calendar is not specified by the cited date page.,,EVT-MAR-04-11-1913,conflict,"On March 4, 1913, First Balkan War: The Greek army engages the Turks at Bizani, resulting in victory two days later. This event is included in the documented historical-events chronology for this calendar date.",First Balkan War,1913 CE,https://en.wikipedia.org/wiki/March_4,March 4,"March 4, 1913","Wikipedia, March 4",documented date,military,,Gregorian date-page convention,target met,regional,secondary reference; single-source date-page verification,20,verified against cited historical-events date page,20,59
4,CE,1941,March,Selection limited to 1–2009 CE; original historical calendar is not specified by the cited date page.,Europe,EVT-MAR-04-01-1941,conflict,"On March 4, 1941, World War II: The United Kingdom launches Operation Claymore on the Lofoten Islands, the first large-scale British Commando raid. This event is included in the documented historical-events chronology for this calendar date.",World War II,1941 CE,https://en.wikipedia.org/wiki/March_4,March 4,"March 4, 1941","Wikipedia, March 4",documented date,military,United Kingdom,Gregorian date-page convention,target met,international,secondary reference; single-source date-page verification,20,verified against cited historical-events date page,20,77
4,CE,1943,March,Selection limited to 1–2009 CE; original historical calendar is not specified by the cited date page.,,EVT-MAR-04-02-1943,conflict,"World War II: The Battle of Fardykambos, one of the first major battles between the Greek Resistance and the occupying Royal Italian Army, begins. It ends on 6 March with the surrender of an entire Italian battalion and the liberation of the town of Grevena.",World War II,1943 CE,https://en.wikipedia.org/wiki/March_4,March 4,"March 4, 1943","Wikipedia, March 4",documented date,military,,Gregorian date-page convention,target met,international,secondary reference; single-source date-page verification,20,verified against cited historical-events date page,20,77
4,CE,1943,March,Selection limited to 1–2009 CE; original historical calendar is not specified by the cited date page.,,EVT-MAR-04-10-1943,conflict,"On March 4, 1943, World War II: The Battle of the Bismarck Sea in the south-west Pacific comes to an end. This event is included in the documented historical-events chronology for this calendar date.",World War II,1943 CE,https://en.wikipedia.org/wiki/March_4,March 4,"March 4, 1943","Wikipedia, March 4",documented date,military,,Gregorian date-page convention,target met,regional,secondary reference; single-source date-page verification,20,verified against cited historical-events date page,20,60
4,CE,1944,March,Selection limited to 1–2009 CE; original historical calendar is not specified by the cited date page.,,EVT-MAR-04-18-1944,conflict,"On March 4, 1944, World War II: After the success of Big Week, the USAAF begins a daylight bombing campaign of Berlin. This event is included in the documented historical-events chronology for this calendar date.",World War II,1944 CE,https://en.wikipedia.org/wiki/March_4,March 4,"March 4, 1944","Wikipedia, March 4",documented date,military,,Gregorian date-page convention,target met,regional,secondary reference; single-source date-page verification,20,verified against cited historical-events date page,20,55
4,CE,1976,March,Selection limited to 1–2009 CE; original historical calendar is not specified by the cited date page.,Europe,EVT-MAR-04-19-1976,political event,"On March 4, 1976, The Northern Ireland Constitutional Convention is formally dissolved in Northern Ireland, resulting in direct rule of Northern Ireland from London by the British parliament. This event is included in the documented historical-events chronology for this calendar date.",The Northern Ireland Constitutional Convention is formally dissolved in Northern Ireland,1976 CE,https://en.wikipedia.org/wiki/March_4,March 4,"March 4, 1976","Wikipedia, March 4",documented date,politics and governance,Ireland,Gregorian date-page convention,target met,regional,secondary reference; single-source date-page verification,20,verified against cited historical-events date page,20,52
5,CE,254,March,Selection limited to 1–2009 CE; original historical calendar is not specified by the cited date page.,,EVT-MAR-05-17-0254,historical event,"On March 5, 254, Pope Lucius I This event is included in the documented historical-events chronology for this calendar date. The cited date-page entry records this occurrence. The cited date-page entry records this occurrence.",Pope Lucius I,254 CE,https://en.wikipedia.org/wiki/March_5,March 5,"March 5, 254","Wikipedia, March 5",documented date,general history,,Gregorian date-page convention,target met,regional,secondary reference; single-source date-page verification,20,verified against cited historical-events date page,20,50
5,CE,363,March,Selection limited to 1–2009 CE; original historical calendar is not specified by the cited date page.,,EVT-MAR-05-06-0363,conflict,"On March 5, 363, Roman emperor Julian leaves Antioch with an army of 90,000 to attack the Sasanian Empire, in a campaign which would bring about his own death. This event is included in the documented historical-events chronology for this calendar date.",Roman emperor Julian leaves Antioch with an army of 90,363 CE,https://en.wikipedia.org/wiki/March_5,March 5,"March 5, 363","Wikipedia, March 5",documented date,military,,Gregorian date-page convention,target met,regional,secondary reference; single-source date-page verification,20,verified against cited historical-events date page,20,56
5,CE,824,March,Selection limited to 1–2009 CE; original historical calendar is not specified by the cited date page.,,EVT-MAR-05-18-0824,historical event,"On March 5, 824, Suppo I, Frankish nobleman This event is included in the documented historical-events chronology for this calendar date. The cited date-page entry records this occurrence. The cited date-page entry records this occurrence.",Suppo I,824 CE,https://en.wikipedia.org/wiki/March_5,March 5,"March 5, 824","Wikipedia, March 5",documented date,general history,,Gregorian date-page convention,target met,regional,secondary reference; single-source date-page verification,20,verified against cited historical-events date page,20,50
5,CE,1046,March,Selection limited to 1–2009 CE; original historical calendar is not specified by the cited date page.,,EVT-MAR-05-09-1046,cultural event,"On March 5, 1046, Nasir Khusraw begins the seven-year Middle Eastern journey which he will later describe in his book Safarnama. This event is included in the documented historical-events chronology for this calendar date.",Nasir Khusraw begins the seven-year Middle Eastern journey which he will later describe in his book Safarnama.,1046 CE,https://en.wikipedia.org/wiki/March_5,March 5,"March 5, 1046","Wikipedia, March 5",documented date,culture and society,,Gregorian date-page convention,target met,regional,secondary reference; single-source date-page verification,20,verified against cited historical-events date page,20,55
5,CE,1133,March,Selection limited to 1–2009 CE; original historical calendar is not specified by the cited date page.,,EVT-MAR-05-19-1133,historical event,"On March 5, 1133, Henry II of England (died 1189) This event is included in the documented historical-events chronology for this calendar date. The cited date-page entry records this occurrence.",Henry II of England (died 1189),1133 CE,https://en.wikipedia.org/wiki/March_5,March 5,"March 5, 1133","Wikipedia, March 5",documented date,general history,,Gregorian date-page convention,target met,regional,secondary reference; single-source date-page verification,20,verified against cited historical-events date page,20,50
5,CE,1224,March,Selection limited to 1–2009 CE; original historical calendar is not specified by the cited date page.,Europe,EVT-MAR-05-20-1224,political event,"On March 5, 1224, Saint Kinga of Poland (died 1292) This event is included in the documented historical-events chronology for this calendar date. The cited date-page entry records this occurrence.",Saint Kinga of Poland (died 1292),1224 CE,https://en.wikipedia.org/wiki/March_5,March 5,"March 5, 1224","Wikipedia, March 5",documented date,politics and governance,Poland,Gregorian date-page convention,target met,regional,secondary reference; single-source date-page verification,20,verified against cited historical-events date page,20,50
5,CE,1279,March,Selection limited to 1–2009 CE; original historical calendar is not specified by the cited date page.,,EVT-MAR-05-02-1279,conflict,"On March 5, 1279, The Livonian Order is defeated in the Battle of Aizkraukle by the Grand Duchy of Lithuania. This event is included in the documented historical-events chronology for this calendar date.",The Livonian Order is defeated in the Battle of Aizkraukle by the Grand Duchy of Lithuania.,1279 CE,https://en.wikipedia.org/wiki/March_5,March 5,"March 5, 1279","Wikipedia, March 5",documented date,military,,Gregorian date-page convention,target met,international,secondary reference; single-source date-page verification,20,verified against cited historical-events date page,20,67
5,CE,1496,March,Selection limited to 1–2009 CE; original historical calendar is not specified by the cited date page.,,EVT-MAR-05-04-1496,political event,"On March 5, 1496, King Henry VII of England issues letters patent to John Cabot and his sons, authorising them to explore unknown lands. This event is included in the documented historical-events chronology for this calendar date.",King Henry VII of England issues letters patent to John Cabot and his sons,1496 CE,https://en.wikipedia.org/wiki/March_5,March 5,"March 5, 1496","Wikipedia, March 5",documented date,politics and governance,,Gregorian date-page convention,target met,regional,secondary reference; single-source date-page verification,20,verified against cited historical-events date page,20,58
5,CE,1616,March,Selection limited to 1–2009 CE; original historical calendar is not specified by the cited date page.,,EVT-MAR-05-05-1616,cultural event,"On March 5, 1616, Nicolaus Copernicus's book On the Revolutions of the Heavenly Spheres is added to the Index of Forbidden Books 73 years after it was first published. This event is included in the documented historical-events chronology for this calendar date.",Nicolaus Copernicus's book On the Revolutions of the Heavenly Spheres is added to the Index of Forbidden Books 73 years after it was first published.,1616 CE,https://en.wikipedia.org/wiki/March_5,March 5,"March 5, 1616","Wikipedia, March 5",documented date,culture and society,,Gregorian date-page convention,target met,regional,secondary reference; single-source date-page verification,20,verified against cited historical-events date page,20,58
5,CE,1770,March,Selection limited to 1–2009 CE; original historical calendar is not specified by the cited date page.,,EVT-MAR-05-01-1770,conflict,"Boston Massacre: Five Americans, including Crispus Attucks, are fatally shot by British troops in an event that would contribute to the outbreak of the American Revolutionary War (also known as the American War of Independence) five years later.",Boston Massacre,1770 CE,https://en.wikipedia.org/wiki/March_5,March 5,"March 5, 1770","Wikipedia, March 5",documented date,military,,Gregorian date-page convention,target met,international,secondary reference; single-source date-page verification,20,verified against cited historical-events date page,20,86
5,CE,1770,March,Selection limited to 1–2009 CE; original historical calendar is not specified by the cited date page.,,EVT-MAR-05-07-1770,conflict,"On March 5, 1770, Crispus Attucks, American slave, sailor, and stevedore, generally regarded as the first victim of the Boston Massacre (born 1723) This event is included in the documented historical-events chronology for this calendar date.",Crispus Attucks,1770 CE,https://en.wikipedia.org/wiki/March_5,March 5,"March 5, 1770","Wikipedia, March 5",documented date,military,,Gregorian date-page convention,target met,regional,secondary reference; single-source date-page verification,20,verified against cited historical-events date page,20,56
5,CE,1811,March,Selection limited to 1–2009 CE; original historical calendar is not specified by the cited date page.,,EVT-MAR-05-03-1811,conflict,Peninsular War: A French force under the command of Marshal Victor is routed while trying to prevent an Anglo-Spanish-Portuguese army from lifting the Siege of Cádiz in the Battle of Barrosa.,Peninsular War,1811 CE,https://en.wikipedia.org/wiki/March_5,March 5,"March 5, 1811","Wikipedia, March 5",documented date,military,,Gregorian date-page convention,target met,regional,secondary reference; single-source date-page verification,20,verified against cited historical-events date page,20,60
5,CE,1824,March,Selection limited to 1–2009 CE; original historical calendar is not specified by the cited date page.,,EVT-MAR-05-08-1824,conflict,"On March 5, 1824, First Anglo-Burmese War: The British officially declare war on Burma. This event is included in the documented historical-events chronology for this calendar date. The cited date-page entry records this occurrence.",First Anglo-Burmese War,1824 CE,https://en.wikipedia.org/wiki/March_5,March 5,"March 5, 1824","Wikipedia, March 5",documented date,military,,Gregorian date-page convention,target met,regional,secondary reference; single-source date-page verification,20,verified against cited historical-events date page,20,56
5,CE,1906,March,Selection limited to 1–2009 CE; original historical calendar is not specified by the cited date page.,Americas,EVT-MAR-05-14-1906,conflict,"On March 5, 1906, Moro Rebellion: United States Army troops bring overwhelming force against the native Moros in the First Battle of Bud Dajo, leaving only six survivors. This event is included in the documented historical-events chronology for this calendar date.",Moro Rebellion,1906 CE,https://en.wikipedia.org/wiki/March_5,March 5,"March 5, 1906","Wikipedia, March 5",documented date,military,United States,Gregorian date-page convention,target met,regional,secondary reference; single-source date-page verification,20,verified against cited historical-events date page,20,51
5,CE,1912,March,Selection limited to 1–2009 CE; original historical calendar is not specified by the cited date page.,,EVT-MAR-05-15-1912,conflict,"On March 5, 1912, Italo-Turkish War: Italian forces are the first to use airships for military purposes, employing them for reconnaissance behind Turkish lines. This event is included in the documented historical-events chronology for this calendar date.",Italo-Turkish War,1912 CE,https://en.wikipedia.org/wiki/March_5,March 5,"March 5, 1912","Wikipedia, March 5",documented date,military,,Gregorian date-page convention,target met,regional,secondary reference; single-source date-page verification,20,verified against cited historical-events date page,20,51
5,CE,1939,March,Selection limited to 1–2009 CE; original historical calendar is not specified by the cited date page.,,EVT-MAR-05-12-1939,conflict,"On March 5, 1939, Spanish Civil War: The National Defence Council seizes control of the republican government in a coup d'etat, with the intention of negotiating an end to the war. This event is included in the documented historical-events chronology for this calendar date.",Spanish Civil War,1939 CE,https://en.wikipedia.org/wiki/March_5,March 5,"March 5, 1939","Wikipedia, March 5",documented date,military,,Gregorian date-page convention,target met,regional,secondary reference; single-source date-page verification,20,verified against cited historical-events date page,20,54
5,CE,1942,March,Selection limited to 1–2009 CE; original historical calendar is not specified by the cited date page.,,EVT-MAR-05-13-1942,conflict,"World War II: Japanese forces capture Batavia, capital of Dutch East Indies, which is left undefended after the withdrawal of the KNIL garrison and Australian Blackforce battalion to Buitenzorg and Bandung.",World War II,1942 CE,https://en.wikipedia.org/wiki/March_5,March 5,"March 5, 1942","Wikipedia, March 5",documented date,military,,Gregorian date-page convention,target met,regional,secondary reference; single-source date-page verification,20,verified against cited historical-events date page,20,53
5,CE,1943,March,Selection limited to 1–2009 CE; original historical calendar is not specified by the cited date page.,Europe,EVT-MAR-05-10-1943,conflict,"World War II: General strike and protest march in Athens against rumours of forced mobilization of Greek workers for work in Germany, resulting in clashes with the Axis occupation forces and collaborationist police. The decree is withdrawn on the next day.",World War II,1943 CE,https://en.wikipedia.org/wiki/March_5,March 5,"March 5, 1943","Wikipedia, March 5",documented date,military,Germany,Gregorian date-page convention,target met,regional,secondary reference; single-source date-page verification,20,verified against cited historical-events date page,20,55
5,CE,1944,March,Selection limited to 1–2009 CE; original historical calendar is not specified by the cited date page.,,EVT-MAR-05-11-1944,conflict,"On March 5, 1944, World War II: The Red Army begins the Uman–Botoșani offensive in the western Ukrainian SSR. This event is included in the documented historical-events chronology for this calendar date.",World War II,1944 CE,https://en.wikipedia.org/wiki/March_5,March 5,"March 5, 1944","Wikipedia, March 5",documented date,military,,Gregorian date-page convention,target met,regional,secondary reference; single-source date-page verification,20,verified against cited historical-events date page,20,55
5,CE,1978,March,Selection limited to 1–2009 CE; original historical calendar is not specified by the cited date page.,,EVT-MAR-05-16-1978,discovery,"On March 5, 1978, The Landsat 3 is launched from Vandenberg Air Force Base in California. This event is included in the documented historical-events chronology for this calendar date. The cited date-page entry records this occurrence.",The Landsat 3 is launched from Vandenberg Air Force Base in California.,1978 CE,https://en.wikipedia.org/wiki/March_5,March 5,"March 5, 1978","Wikipedia, March 5",documented date,science and technology,,Gregorian date-page convention,target met,regional,secondary reference; single-source date-page verification,20,verified against cited historical-events date page,20,51
6,CE,190,March,Selection limited to 1–2009 CE; original historical calendar is not specified by the cited date page.,,EVT-MAR-06-11-0190,historical event,"On March 6, 190, Liu Bian (poisoned by Dong Zhuo) (born 176) This event is included in the documented historical-events chronology for this calendar date. The cited date-page entry records this occurrence.",Liu Bian (poisoned by Dong Zhuo) (born 176),190 CE,https://en.wikipedia.org/wiki/March_6,March 6,"March 6, 190","Wikipedia, March 6",documented date,general history,,Gregorian date-page convention,target met,regional,secondary reference; single-source date-page verification,20,verified against cited historical-events date page,20,50
6,CE,653,March,Selection limited to 1–2009 CE; original historical calendar is not specified by the cited date page.,,EVT-MAR-06-12-0653,historical event,"On March 6, 653, Li Ke, prince of the Tang Dynasty (born 619) This event is included in the documented historical-events chronology for this calendar date. The cited date-page entry records this occurrence.",Li Ke,653 CE,https://en.wikipedia.org/wiki/March_6,March 6,"March 6, 653","Wikipedia, March 6",documented date,general history,,Gregorian date-page convention,target met,regional,secondary reference; single-source date-page verification,20,verified against cited historical-events date page,20,50
6,CE,766,March,Selection limited to 1–2009 CE; original historical calendar is not specified by the cited date page.,,EVT-MAR-06-13-0766,historical event,"On March 6, 766, Chrodegang, Frankish bishop and saint This event is included in the documented historical-events chronology for this calendar date. The cited date-page entry records this occurrence. The cited date-page entry records this occurrence.",Chrodegang,766 CE,https://en.wikipedia.org/wiki/March_6,March 6,"March 6, 766","Wikipedia, March 6",documented date,general history,,Gregorian date-page convention,target met,regional,secondary reference; single-source date-page verification,20,verified against cited historical-events date page,20,50
6,CE,845,March,Selection limited to 1–2009 CE; original historical calendar is not specified by the cited date page.,,EVT-MAR-06-06-0845,cultural event,"On March 6, 845, The 42 Martyrs of Amorium are killed after refusing to convert to Islam. This event is included in the documented historical-events chronology for this calendar date.",The 42 Martyrs of Amorium are killed after refusing to convert to Islam.,845 CE,https://en.wikipedia.org/wiki/March_6,March 6,"March 6, 845","Wikipedia, March 6",documented date,culture and society,,Gregorian date-page convention,target met,regional,secondary reference; single-source date-page verification,20,verified against cited historical-events date page,20,56
6,CE,903,March,Selection limited to 1–2009 CE; original historical calendar is not specified by the cited date page.,,EVT-MAR-06-14-0903,historical event,"On March 6, 903, Lu Guangqi, Chinese official and chancellor This event is included in the documented historical-events chronology for this calendar date. The cited date-page entry records this occurrence.",Lu Guangqi,903 CE,https://en.wikipedia.org/wiki/March_6,March 6,"March 6, 903","Wikipedia, March 6",documented date,general history,,Gregorian date-page convention,target met,regional,secondary reference; single-source date-page verification,20,verified against cited historical-events date page,20,50
6,CE,903,March,Selection limited to 1–2009 CE; original historical calendar is not specified by the cited date page.,,EVT-MAR-06-15-0903,historical event,"On March 6, 903, Su Jian, Chinese official and chancellor This event is included in the documented historical-events chronology for this calendar date. The cited date-page entry records this occurrence.",Su Jian,903 CE,https://en.wikipedia.org/wiki/March_6,March 6,"March 6, 903","Wikipedia, March 6",documented date,general history,,Gregorian date-page convention,target met,regional,secondary reference; single-source date-page verification,20,verified against cited historical-events date page,20,50
6,CE,1070,March,Selection limited to 1–2009 CE; original historical calendar is not specified by the cited date page.,,EVT-MAR-06-16-1070,historical event,"On March 6, 1070, Ulric I, Margrave of Carniola This event is included in the documented historical-events chronology for this calendar date. The cited date-page entry records this occurrence. The cited date-page entry records this occurrence.",Ulric I,1070 CE,https://en.wikipedia.org/wiki/March_6,March 6,"March 6, 1070","Wikipedia, March 6",documented date,general history,,Gregorian date-page convention,target met,regional,secondary reference; single-source date-page verification,20,verified against cited historical-events date page,20,50
6,CE,1204,March,Selection limited to 1–2009 CE; original historical calendar is not specified by the cited date page.,,EVT-MAR-06-05-1204,conflict,"On March 6, 1204, The Siege of Château Gaillard ends in a French victory over King John of England, who loses control of Normandy to King Philip II Augustus. This event is included in the documented historical-events chronology for this calendar date.",The Siege of Château Gaillard ends in a French victory over King John of England,1204 CE,https://en.wikipedia.org/wiki/March_6,March 6,"March 6, 1204","Wikipedia, March 6",documented date,military,,Gregorian date-page convention,target met,regional,secondary reference; single-source date-page verification,20,verified against cited historical-events date page,20,64
6,CE,1251,March,Selection limited to 1–2009 CE; original historical calendar is not specified by the cited date page.,,EVT-MAR-06-17-1251,historical event,"On March 6, 1251, Rose of Viterbo, Italian saint (born 1235) This event is included in the documented historical-events chronology for this calendar date. The cited date-page entry records this occurrence.",Rose of Viterbo,1251 CE,https://en.wikipedia.org/wiki/March_6,March 6,"March 6, 1251","Wikipedia, March 6",documented date,general history,,Gregorian date-page convention,target met,regional,secondary reference; single-source date-page verification,20,verified against cited historical-events date page,20,50
6,CE,1323,March,Selection limited to 1–2009 CE; original historical calendar is not specified by the cited date page.,,EVT-MAR-06-02-1323,political event,"On March 6, 1323, Treaty of Paris of 1323 is signed. This event is included in the documented historical-events chronology for this calendar date. The cited date-page entry records this occurrence.",Treaty of Paris of 1323 is signed.,1323 CE,https://en.wikipedia.org/wiki/March_6,March 6,"March 6, 1323","Wikipedia, March 6",documented date,politics and governance,,Gregorian date-page convention,target met,international,secondary reference; single-source date-page verification,20,verified against cited historical-events date page,20,68
6,CE,1340,March,Selection limited to 1–2009 CE; original historical calendar is not specified by the cited date page.,,EVT-MAR-06-18-1340,historical event,"On March 6, 1340, John of Gaunt (probable; d. 1399) This event is included in the documented historical-events chronology for this calendar date. The cited date-page entry records this occurrence.",John of Gaunt (probable,1340 CE,https://en.wikipedia.org/wiki/March_6,March 6,"March 6, 1340","Wikipedia, March 6",documented date,general history,,Gregorian date-page convention,target met,regional,secondary reference; single-source date-page verification,20,verified against cited historical-events date page,20,50
6,CE,1353,March,Selection limited to 1–2009 CE; original historical calendar is not specified by the cited date page.,,EVT-MAR-06-19-1353,historical event,"On March 6, 1353, Roger Grey, 1st Baron Grey de Ruthyn This event is included in the documented historical-events chronology for this calendar date. The cited date-page entry records this occurrence.",Roger Grey,1353 CE,https://en.wikipedia.org/wiki/March_6,March 6,"March 6, 1353","Wikipedia, March 6",documented date,general history,,Gregorian date-page convention,target met,regional,secondary reference; single-source date-page verification,20,verified against cited historical-events date page,20,50
6,CE,1405,March,Selection limited to 1–2009 CE; original historical calendar is not specified by the cited date page.,,EVT-MAR-06-20-1405,historical event,"On March 6, 1405, John II of Castile (died 1454) This event is included in the documented historical-events chronology for this calendar date. The cited date-page entry records this occurrence.",John II of Castile (died 1454),1405 CE,https://en.wikipedia.org/wiki/March_6,March 6,"March 6, 1405","Wikipedia, March 6",documented date,general history,,Gregorian date-page convention,target met,regional,secondary reference; single-source date-page verification,20,verified against cited historical-events date page,20,50
6,CE,1836,March,Selection limited to 1–2009 CE; original historical calendar is not specified by the cited date page.,,EVT-MAR-06-03-1836,conflict,"Texas Revolution: Battle of the Alamo: After a thirteen-day siege by an army of over 1,800 Mexican troops, the 257 Texas volunteers, including frontiersman Davy Crockett and colonel Jim Bowie, defending the Alamo are killed and the fort is captured.",Texas Revolution,1836 CE,https://en.wikipedia.org/wiki/March_6,March 6,"March 6, 1836","Wikipedia, March 6",documented date,military,,Gregorian date-page convention,target met,international,secondary reference; single-source date-page verification,20,verified against cited historical-events date page,20,68
6,CE,1857,March,Selection limited to 1–2009 CE; original historical calendar is not specified by the cited date page.,Americas,EVT-MAR-06-10-1857,political event,"On March 6, 1857, The Supreme Court of the United States rules 7–2 in the Dred Scott v. Sandford case that the Constitution does not confer citizenship on black people. This event is included in the documented historical-events chronology for this calendar date.",The Supreme Court of the United States rules 7–2 in the Dred Scott v. Sandford case that the Constitution does not confer citizenship on black people.,1857 CE,https://en.wikipedia.org/wiki/March_6,March 6,"March 6, 1857","Wikipedia, March 6",documented date,politics and governance,United States,Gregorian date-page convention,target met,regional,secondary reference; single-source date-page verification,20,verified against cited historical-events date page,20,51
6,CE,1943,March,Selection limited to 1–2009 CE; original historical calendar is not specified by the cited date page.,,EVT-MAR-06-01-1943,conflict,"World War II: The Battle of Fardykambos, one of the first major battles between the Greek Resistance and the occupying Royal Italian Army, ends with the surrender of an entire Italian battalion, the bulk of the garrison of the town of Grevena, leading to its liberation a fortnight later.",World War II,1943 CE,https://en.wikipedia.org/wiki/March_6,March 6,"March 6, 1943","Wikipedia, March 6",documented date,military,,Gregorian date-page convention,target met,international,secondary reference; single-source date-page verification,20,verified against cited historical-events date page,20,72
6,CE,1943,March,Selection limited to 1–2009 CE; original historical calendar is not specified by the cited date page.,,EVT-MAR-06-04-1943,conflict,"World War II: Generalfeldmarschall Erwin Rommel launches the Battle of Medenine in an attempt to slow down the British Eighth Army. It fails, and he leaves Africa three days later.",World War II,1943 CE,https://en.wikipedia.org/wiki/March_6,March 6,"March 6, 1943","Wikipedia, March 6",documented date,military,,Gregorian date-page convention,target met,international,secondary reference; single-source date-page verification,20,verified against cited historical-events date page,20,68
6,CE,1945,March,Selection limited to 1–2009 CE; original historical calendar is not specified by the cited date page.,,EVT-MAR-06-07-1945,conflict,"On March 6, 1945, World War II: Cologne is captured by American troops. On the same day, Operation Spring Awakening, the last major German offensive of the war, begins. This event is included in the documented historical-events chronology for this calendar date.",World War II,1945 CE,https://en.wikipedia.org/wiki/March_6,March 6,"March 6, 1945","Wikipedia, March 6",documented date,military,,Gregorian date-page convention,target met,regional,secondary reference; single-source date-page verification,20,verified against cited historical-events date page,20,55
6,CE,1952,March,Selection limited to 1–2009 CE; original historical calendar is not specified by the cited date page.,,EVT-MAR-06-09-1952,conflict,"On March 6, 1952, Jürgen Stroop, German SS general, and executed war criminal (born 1895) This event is included in the documented historical-events chronology for this calendar date. The cited date-page entry records this occurrence.",Jürgen Stroop,1952 CE,https://en.wikipedia.org/wiki/March_6,March 6,"March 6, 1952","Wikipedia, March 6",documented date,military,,Gregorian date-page convention,target met,regional,secondary reference; single-source date-page verification,20,verified against cited historical-events date page,20,52
6,CE,1957,March,Selection limited to 1–2009 CE; original historical calendar is not specified by the cited date page.,Europe,EVT-MAR-06-08-1957,political event,"On March 6, 1957, the Ghana Independence Act 1957 is passed in the United Kingdom resulting in Ghana gaining independence from the British. This event is included in the documented historical-events chronology for this calendar date.",the Ghana Independence Act 1957 is passed in the United Kingdom resulting in Ghana gaining independence from the British.,1957 CE,https://en.wikipedia.org/wiki/March_6,March 6,"March 6, 1957","Wikipedia, March 6",documented date,politics and governance,United Kingdom,Gregorian date-page convention,target met,regional,secondary reference; single-source date-page verification,20,verified against cited historical-events date page,20,54
7,CE,161,March,Selection limited to 1–2009 CE; original historical calendar is not specified by the cited date page.,,EVT-MAR-07-07-0161,political event,"On March 7, 161, Marcus Aurelius and L. Commodus (who changes his name to Lucius Verus) become joint emperors of Rome on the death of Antoninus Pius. This event is included in the documented historical-events chronology for this calendar date.",Marcus Aurelius and L. Commodus (who changes his name to Lucius Verus) become joint emperors of Rome on the death of Antoninus Pius.,161 CE,https://en.wikipedia.org/wiki/March_7,March 7,"March 7, 161","Wikipedia, March 7",documented date,politics and governance,,Gregorian date-page convention,target met,regional,secondary reference; single-source date-page verification,20,verified against cited historical-events date page,20,50
7,CE,161,March,Selection limited to 1–2009 CE; original historical calendar is not specified by the cited date page.,,EVT-MAR-07-08-0161,political event,"On March 7, 161, Antoninus Pius, Roman emperor (born 86) This event is included in the documented historical-events chronology for this calendar date. The cited date-page entry records this occurrence.",Antoninus Pius,161 CE,https://en.wikipedia.org/wiki/March_7,March 7,"March 7, 161","Wikipedia, March 7",documented date,politics and governance,,Gregorian date-page convention,target met,regional,secondary reference; single-source date-page verification,20,verified against cited historical-events date page,20,50
7,CE,189,March,Selection limited to 1–2009 CE; original historical calendar is not specified by the cited date page.,,EVT-MAR-07-09-0189,political event,"On March 7, 189, Publius Septimius Geta, Roman emperor (died 211) This event is included in the documented historical-events chronology for this calendar date. The cited date-page entry records this occurrence.",Publius Septimius Geta,189 CE,https://en.wikipedia.org/wiki/March_7,March 7,"March 7, 189","Wikipedia, March 7",documented date,politics and governance,,Gregorian date-page convention,target met,regional,secondary reference; single-source date-page verification,20,verified against cited historical-events date page,20,50
7,CE,413,March,Selection limited to 1–2009 CE; original historical calendar is not specified by the cited date page.,,EVT-MAR-07-10-0413,historical event,"On March 7, 413, Heraclianus, Roman politician and failed usurper This event is included in the documented historical-events chronology for this calendar date. The cited date-page entry records this occurrence.",Heraclianus,413 CE,https://en.wikipedia.org/wiki/March_7,March 7,"March 7, 413","Wikipedia, March 7",documented date,general history,,Gregorian date-page convention,target met,regional,secondary reference; single-source date-page verification,20,verified against cited historical-events date page,20,50
7,CE,681,March,Selection limited to 1–2009 CE; original historical calendar is not specified by the cited date page.,,EVT-MAR-07-11-0681,historical event,"On March 7, 681, The Third Council of Constantinople deposes patriarch Macarius I of Antioch. This event is included in the documented historical-events chronology for this calendar date. The cited date-page entry records this occurrence.",The Third Council of Constantinople deposes patriarch Macarius I of Antioch.,681 CE,https://en.wikipedia.org/wiki/March_7,March 7,"March 7, 681","Wikipedia, March 7",documented date,general history,,Gregorian date-page convention,target met,regional,secondary reference; single-source date-page verification,20,verified against cited historical-events date page,20,50
7,CE,851,March,Selection limited to 1–2009 CE; original historical calendar is not specified by the cited date page.,,EVT-MAR-07-12-0851,historical event,"On March 7, 851, Nominoe, Duke of Brittany This event is included in the documented historical-events chronology for this calendar date. The cited date-page entry records this occurrence. The cited date-page entry records this occurrence.",Nominoe,851 CE,https://en.wikipedia.org/wiki/March_7,March 7,"March 7, 851","Wikipedia, March 7",documented date,general history,,Gregorian date-page convention,target met,regional,secondary reference; single-source date-page verification,20,verified against cited historical-events date page,20,50
7,CE,1138,March,Selection limited to 1–2009 CE; original historical calendar is not specified by the cited date page.,Europe,EVT-MAR-07-05-1138,political event,"On March 7, 1138, Konrad III von Hohenstaufen is elected king of Germany at Coblenz in the presence of the papal legate Theodwin. This event is included in the documented historical-events chronology for this calendar date.",Konrad III von Hohenstaufen is elected king of Germany at Coblenz in the presence of the papal legate Theodwin.,1138 CE,https://en.wikipedia.org/wiki/March_7,March 7,"March 7, 1138","Wikipedia, March 7",documented date,politics and governance,Germany,Gregorian date-page convention,target met,regional,secondary reference; single-source date-page verification,20,verified against cited historical-events date page,20,55
7,CE,1226,March,Selection limited to 1–2009 CE; original historical calendar is not specified by the cited date page.,,EVT-MAR-07-13-1226,historical event,"On March 7, 1226, William Longespée, 3rd Earl of Salisbury, English commander This event is included in the documented historical-events chronology for this calendar date. The cited date-page entry records this occurrence.",William Longespée,1226 CE,https://en.wikipedia.org/wiki/March_7,March 7,"March 7, 1226","Wikipedia, March 7",documented date,general history,,Gregorian date-page convention,target met,regional,secondary reference; single-source date-page verification,20,verified against cited historical-events date page,20,50
7,CE,1274,March,Selection limited to 1–2009 CE; original historical calendar is not specified by the cited date page.,,EVT-MAR-07-14-1274,historical event,"On March 7, 1274, Saint Thomas Aquinas, Italian priest and philosopher (born 1225) This event is included in the documented historical-events chronology for this calendar date. The cited date-page entry records this occurrence.",Saint Thomas Aquinas,1274 CE,https://en.wikipedia.org/wiki/March_7,March 7,"March 7, 1274","Wikipedia, March 7",documented date,general history,,Gregorian date-page convention,target met,regional,secondary reference; single-source date-page verification,20,verified against cited historical-events date page,20,50
7,CE,1277,March,Selection limited to 1–2009 CE; original historical calendar is not specified by the cited date page.,,EVT-MAR-07-06-1277,cultural event,"On March 7, 1277, The University of Paris issues the last in a series of condemnations of various philosophical and theological theses. This event is included in the documented historical-events chronology for this calendar date.",The University of Paris issues the last in a series of condemnations of various philosophical and theological theses.,1277 CE,https://en.wikipedia.org/wiki/March_7,March 7,"March 7, 1277","Wikipedia, March 7",documented date,culture and society,,Gregorian date-page convention,target met,regional,secondary reference; single-source date-page verification,20,verified against cited historical-events date page,20,55
7,CE,1407,March,Selection limited to 1–2009 CE; original historical calendar is not specified by the cited date page.,,EVT-MAR-07-15-1407,historical event,"On March 7, 1407, Francesco I Gonzaga, ruler of Mantua This event is included in the documented historical-events chronology for this calendar date. The cited date-page entry records this occurrence.",Francesco I Gonzaga,1407 CE,https://en.wikipedia.org/wiki/March_7,March 7,"March 7, 1407","Wikipedia, March 7",documented date,general history,,Gregorian date-page convention,target met,regional,secondary reference; single-source date-page verification,20,verified against cited historical-events date page,20,50
7,CE,1556,March,Selection limited to 1–2009 CE; original historical calendar is not specified by the cited date page.,,EVT-MAR-07-16-1556,historical event,"On March 7, 1556, Guillaume du Vair, French lawyer and author (died 1621) This event is included in the documented historical-events chronology for this calendar date. The cited date-page entry records this occurrence.",Guillaume du Vair,1556 CE,https://en.wikipedia.org/wiki/March_7,March 7,"March 7, 1556","Wikipedia, March 7",documented date,general history,,Gregorian date-page convention,target met,regional,secondary reference; single-source date-page verification,20,verified against cited historical-events date page,20,50
7,CE,1573,March,Selection limited to 1–2009 CE; original historical calendar is not specified by the cited date page.,,EVT-MAR-07-01-1573,conflict,"On March 7, 1573, A peace treaty is signed between the Ottoman Empire and the Republic of Venice, ending the Ottoman–Venetian War and leaving Cyprus in Ottoman hands. This event is included in the documented historical-events chronology for this calendar date.",A peace treaty is signed between the Ottoman Empire and the Republic of Venice,1573 CE,https://en.wikipedia.org/wiki/March_7,March 7,"March 7, 1573","Wikipedia, March 7",documented date,military,,Gregorian date-page convention,target met,international,secondary reference; single-source date-page verification,20,verified against cited historical-events date page,20,84
7,CE,1578,March,Selection limited to 1–2009 CE; original historical calendar is not specified by the cited date page.,,EVT-MAR-07-17-1578,historical event,"On March 7, 1578, Margaret Douglas, English noblewoman, daughter of Margaret Tudor and Archibald Douglas, 6th Earl of Angus (born 1515) This event is included in the documented historical-events chronology for this calendar date.",Margaret Douglas,1578 CE,https://en.wikipedia.org/wiki/March_7,March 7,"March 7, 1578","Wikipedia, March 7",documented date,general history,,Gregorian date-page convention,target met,regional,secondary reference; single-source date-page verification,20,verified against cited historical-events date page,20,50
7,CE,1814,March,Selection limited to 1–2009 CE; original historical calendar is not specified by the cited date page.,Europe,EVT-MAR-07-18-1814,conflict,"On March 7, 1814, Emperor Napoleon I of France wins the Battle of Craonne. This event is included in the documented historical-events chronology for this calendar date. The cited date-page entry records this occurrence.",Emperor Napoleon I of France wins the Battle of Craonne.,1814 CE,https://en.wikipedia.org/wiki/March_7,March 7,"March 7, 1814","Wikipedia, March 7",documented date,military,France,Gregorian date-page convention,target met,regional,secondary reference; single-source date-page verification,20,verified against cited historical-events date page,20,50
7,CE,1826,March,Selection limited to 1–2009 CE; original historical calendar is not specified by the cited date page.,Oceania,EVT-MAR-07-19-1826,conflict,"On March 7, 1826, Shrigley abduction: 15-year old Ellen Turner is abducted by Edward Gibbon Wakefield, a future figure in the establishment of colonies in South Australia and New Zealand. This event is included in the documented historical-events chronology for this calendar date.",Shrigley abduction,1826 CE,https://en.wikipedia.org/wiki/March_7,March 7,"March 7, 1826","Wikipedia, March 7",documented date,military,Australia,Gregorian date-page convention,target met,regional,secondary reference; single-source date-page verification,20,verified against cited historical-events date page,20,50
7,CE,1850,March,Selection limited to 1–2009 CE; original historical calendar is not specified by the cited date page.,,EVT-MAR-07-03-1850,conflict,"On March 7, 1850, Senator Daniel Webster gives his ""Seventh of March"" speech endorsing the Compromise of 1850 in order to prevent a possible civil war. This event is included in the documented historical-events chronology for this calendar date.","Senator Daniel Webster gives his ""Seventh of March"" speech endorsing the Compromise of 1850 in order to prevent a possible civil war.",1850 CE,https://en.wikipedia.org/wiki/March_7,March 7,"March 7, 1850","Wikipedia, March 7",documented date,military,,Gregorian date-page convention,target met,regional,secondary reference; single-source date-page verification,20,verified against cited historical-events date page,20,59
7,CE,1902,March,Selection limited to 1–2009 CE; original historical calendar is not specified by the cited date page.,,EVT-MAR-07-02-1902,conflict,"On March 7, 1902, Second Boer War: Boers, led by Koos de la Rey, defeat the British at the Battle of Tweebosch. This event is included in the documented historical-events chronology for this calendar date.",Second Boer War,1902 CE,https://en.wikipedia.org/wiki/March_7,March 7,"March 7, 1902","Wikipedia, March 7",documented date,military,,Gregorian date-page convention,target met,regional,secondary reference; single-source date-page verification,20,verified against cited historical-events date page,20,62
7,CE,1941,March,Selection limited to 1–2009 CE; original historical calendar is not specified by the cited date page.,,EVT-MAR-07-20-1941,conflict,"On March 7, 1941, World War II: Günther Prien and the crew of German submarine U-47, one of the most successful U-boats of World War II, disappear without a trace. This event is included in the documented historical-events chronology for this calendar date.",World War II,1941 CE,https://en.wikipedia.org/wiki/March_7,March 7,"March 7, 1941","Wikipedia, March 7",documented date,military,,Gregorian date-page convention,target met,regional,secondary reference; single-source date-page verification,20,verified against cited historical-events date page,20,50
7,CE,1951,March,Selection limited to 1–2009 CE; original historical calendar is not specified by the cited date page.,,EVT-MAR-07-04-1951,conflict,"On March 7, 1951, Korean War: Operation Ripper: United Nations troops led by General Matthew Ridgway begin an assault against Chinese forces. This event is included in the documented historical-events chronology for this calendar date.",Korean War,1951 CE,https://en.wikipedia.org/wiki/March_7,March 7,"March 7, 1951","Wikipedia, March 7",documented date,military,,Gregorian date-page convention,target met,regional,secondary reference; single-source date-page verification,20,verified against cited historical-events date page,20,56
8,CE,1010,March,Selection limited to 1–2009 CE; original historical calendar is not specified by the cited date page.,,EVT-MAR-08-15-1010,historical event,"On March 8, 1010, Ferdowsi completes his epic poem Shahnameh. This event is included in the documented historical-events chronology for this calendar date. The cited date-page entry records this occurrence.",Ferdowsi completes his epic poem Shahnameh.,1010 CE,https://en.wikipedia.org/wiki/March_8,March 8,"March 8, 1010","Wikipedia, March 8",documented date,general history,,Gregorian date-page convention,target met,regional,secondary reference; single-source date-page verification,20,verified against cited historical-events date page,20,50
8,CE,1126,March,Selection limited to 1–2009 CE; original historical calendar is not specified by the cited date page.,,EVT-MAR-08-07-1126,political event,"On March 8, 1126, Following the death of his mother, queen Urraca of León, Alfonso VII is proclaimed king of León. This event is included in the documented historical-events chronology for this calendar date.",Following the death of his mother,1126 CE,https://en.wikipedia.org/wiki/March_8,March 8,"March 8, 1126","Wikipedia, March 8",documented date,politics and governance,,Gregorian date-page convention,target met,regional,secondary reference; single-source date-page verification,20,verified against cited historical-events date page,20,58
8,CE,1126,March,Selection limited to 1–2009 CE; original historical calendar is not specified by the cited date page.,,EVT-MAR-08-16-1126,historical event,"On March 8, 1126, Urraca of León and Castile (born 1079) This event is included in the documented historical-events chronology for this calendar date. The cited date-page entry records this occurrence.",Urraca of León and Castile (born 1079),1126 CE,https://en.wikipedia.org/wiki/March_8,March 8,"March 8, 1126","Wikipedia, March 8",documented date,general history,,Gregorian date-page convention,target met,regional,secondary reference; single-source date-page verification,20,verified against cited historical-events date page,20,50
8,CE,1137,March,Selection limited to 1–2009 CE; original historical calendar is not specified by the cited date page.,,EVT-MAR-08-17-1137,historical event,"On March 8, 1137, Adela of Normandy, by marriage countess of Blois (born c. 1067) This event is included in the documented historical-events chronology for this calendar date. The cited date-page entry records this occurrence.",Adela of Normandy,1137 CE,https://en.wikipedia.org/wiki/March_8,March 8,"March 8, 1137","Wikipedia, March 8",documented date,general history,,Gregorian date-page convention,target met,regional,secondary reference; single-source date-page verification,20,verified against cited historical-events date page,20,50
8,CE,1144,March,Selection limited to 1–2009 CE; original historical calendar is not specified by the cited date page.,,EVT-MAR-08-18-1144,historical event,"On March 8, 1144, Pope Celestine II This event is included in the documented historical-events chronology for this calendar date. The cited date-page entry records this occurrence. The cited date-page entry records this occurrence.",Pope Celestine II,1144 CE,https://en.wikipedia.org/wiki/March_8,March 8,"March 8, 1144","Wikipedia, March 8",documented date,general history,,Gregorian date-page convention,target met,regional,secondary reference; single-source date-page verification,20,verified against cited historical-events date page,20,50
8,CE,1262,March,Selection limited to 1–2009 CE; original historical calendar is not specified by the cited date page.,,EVT-MAR-08-04-1262,conflict,"On March 8, 1262, Battle of Hausbergen between bourgeois militias and the army of the bishop of Strasbourg. This event is included in the documented historical-events chronology for this calendar date.",Battle of Hausbergen between bourgeois militias and the army of the bishop of Strasbourg.,1262 CE,https://en.wikipedia.org/wiki/March_8,March 8,"March 8, 1262","Wikipedia, March 8",documented date,military,,Gregorian date-page convention,target met,regional,secondary reference; single-source date-page verification,20,verified against cited historical-events date page,20,60
8,CE,1403,March,Selection limited to 1–2009 CE; original historical calendar is not specified by the cited date page.,,EVT-MAR-08-19-1403,historical event,"On March 8, 1403, Bayezid I, Ottoman sultan (born 1360) This event is included in the documented historical-events chronology for this calendar date. The cited date-page entry records this occurrence.",Bayezid I,1403 CE,https://en.wikipedia.org/wiki/March_8,March 8,"March 8, 1403","Wikipedia, March 8",documented date,general history,,Gregorian date-page convention,target met,regional,secondary reference; single-source date-page verification,20,verified against cited historical-events date page,20,50
8,CE,1466,March,Selection limited to 1–2009 CE; original historical calendar is not specified by the cited date page.,,EVT-MAR-08-20-1466,historical event,"On March 8, 1466, Francesco I Sforza, Duke of Milan (born 1401) This event is included in the documented historical-events chronology for this calendar date. The cited date-page entry records this occurrence.",Francesco I Sforza,1466 CE,https://en.wikipedia.org/wiki/March_8,March 8,"March 8, 1466","Wikipedia, March 8",documented date,general history,,Gregorian date-page convention,target met,regional,secondary reference; single-source date-page verification,20,verified against cited historical-events date page,20,50
8,CE,1558,March,Selection limited to 1–2009 CE; original historical calendar is not specified by the cited date page.,,EVT-MAR-08-09-1558,historical event,"On March 8, 1558, The city of Pori (Swedish: Björneborg) is founded by Duke John on the shores of the Gulf of Bothnia. This event is included in the documented historical-events chronology for this calendar date.",The city of Pori (Swedish,1558 CE,https://en.wikipedia.org/wiki/March_8,March 8,"March 8, 1558","Wikipedia, March 8",documented date,general history,,Gregorian date-page convention,target met,regional,secondary reference; single-source date-page verification,20,verified against cited historical-events date page,20,57
8,CE,1658,March,Selection limited to 1–2009 CE; original historical calendar is not specified by the cited date page.,Europe,EVT-MAR-08-01-1658,conflict,"On March 8, 1658, Treaty of Roskilde: After a devastating defeat in the Northern Wars (1655–1661), Frederick III, the King of Denmark–Norway is forced to give up nearly half his territory to Sweden. This event is included in the documented historical-events chronology for this calendar date.",Treaty of Roskilde,1658 CE,https://en.wikipedia.org/wiki/March_8,March 8,"March 8, 1658","Wikipedia, March 8",documented date,military,Denmark,Gregorian date-page convention,target met,international,secondary reference; single-source date-page verification,20,verified against cited historical-events date page,20,69
8,CE,1722,March,Selection limited to 1–2009 CE; original historical calendar is not specified by the cited date page.,Asia,EVT-MAR-08-03-1722,conflict,"On March 8, 1722, The Safavid Empire of Iran is defeated by an army from Afghanistan at the Battle of Gulnabad. This event is included in the documented historical-events chronology for this calendar date.",The Safavid Empire of Iran is defeated by an army from Afghanistan at the Battle of Gulnabad.,1722 CE,https://en.wikipedia.org/wiki/March_8,March 8,"March 8, 1722","Wikipedia, March 8",documented date,military,Afghanistan,Gregorian date-page convention,target met,regional,secondary reference; single-source date-page verification,20,verified against cited historical-events date page,20,63
8,CE,1782,March,Selection limited to 1–2009 CE; original historical calendar is not specified by the cited date page.,,EVT-MAR-08-10-1782,conflict,"On March 8, 1782, Gnadenhutten massacre: Ninety-six Native Americans in Gnadenhutten, Ohio, who had converted to Christianity, are killed by Pennsylvania militiamen in retaliation for raids carried out by other Indian tribes. This event is included in the documented historical-events chronology for this calendar date.",Gnadenhutten massacre,1782 CE,https://en.wikipedia.org/wiki/March_8,March 8,"March 8, 1782","Wikipedia, March 8",documented date,military,,Gregorian date-page convention,target met,regional,secondary reference; single-source date-page verification,20,verified against cited historical-events date page,20,56
8,CE,1801,March,Selection limited to 1–2009 CE; original historical calendar is not specified by the cited date page.,Africa,EVT-MAR-08-02-1801,conflict,"War of the Second Coalition: At the Battle of Abukir, a British force under Sir Ralph Abercromby lands in Egypt with the aim of ending the French campaign in Egypt and Syria.",War of the Second Coalition,1801 CE,https://en.wikipedia.org/wiki/March_8,March 8,"March 8, 1801","Wikipedia, March 8",documented date,military,Egypt,Gregorian date-page convention,target met,international,secondary reference; single-source date-page verification,20,verified against cited historical-events date page,20,68
8,CE,1916,March,Selection limited to 1–2009 CE; original historical calendar is not specified by the cited date page.,Asia,EVT-MAR-08-05-1916,conflict,"On March 8, 1916, World War I: A British force unsuccessfully attempts to relieve the siege of Kut (present-day Iraq) in the Battle of Dujaila. This event is included in the documented historical-events chronology for this calendar date.",World War I,1916 CE,https://en.wikipedia.org/wiki/March_8,March 8,"March 8, 1916","Wikipedia, March 8",documented date,military,Iraq,Gregorian date-page convention,target met,regional,secondary reference; single-source date-page verification,20,verified against cited historical-events date page,20,60
8,CE,1921,March,Selection limited to 1–2009 CE; original historical calendar is not specified by the cited date page.,,EVT-MAR-08-12-1921,political event,"On March 8, 1921, Spanish Prime Minister Eduardo Dato Iradier is assassinated while on his way home from the parliament building in Madrid. This event is included in the documented historical-events chronology for this calendar date.",Spanish Prime Minister Eduardo Dato Iradier is assassinated while on his way home from the parliament building in Madrid.,1921 CE,https://en.wikipedia.org/wiki/March_8,March 8,"March 8, 1921","Wikipedia, March 8",documented date,politics and governance,,Gregorian date-page convention,target met,regional,secondary reference; single-source date-page verification,20,verified against cited historical-events date page,20,52
8,CE,1937,March,Selection limited to 1–2009 CE; original historical calendar is not specified by the cited date page.,,EVT-MAR-08-06-1937,conflict,"On March 8, 1937, Spanish Civil War: The Battle of Guadalajara begins. This event is included in the documented historical-events chronology for this calendar date. The cited date-page entry records this occurrence.",Spanish Civil War,1937 CE,https://en.wikipedia.org/wiki/March_8,March 8,"March 8, 1937","Wikipedia, March 8",documented date,military,,Gregorian date-page convention,target met,regional,secondary reference; single-source date-page verification,20,verified against cited historical-events date page,20,60
8,CE,1942,March,Selection limited to 1–2009 CE; original historical calendar is not specified by the cited date page.,,EVT-MAR-08-11-1942,conflict,"On March 8, 1942, World War II: The Dutch East Indies surrender Java to the Imperial Japanese Army. This event is included in the documented historical-events chronology for this calendar date.",World War II,1942 CE,https://en.wikipedia.org/wiki/March_8,March 8,"March 8, 1942","Wikipedia, March 8",documented date,military,,Gregorian date-page convention,target met,regional,secondary reference; single-source date-page verification,20,verified against cited historical-events date page,20,53
8,CE,1983,March,Selection limited to 1–2009 CE; original historical calendar is not specified by the cited date page.,,EVT-MAR-08-14-1983,conflict,"On March 8, 1983, Cold War: While addressing a convention of Evangelicals, U.S. President Ronald Reagan labels the Soviet Union an "" evil empire"". This event is included in the documented historical-events chronology for this calendar date.",Cold War,1983 CE,https://en.wikipedia.org/wiki/March_8,March 8,"March 8, 1983","Wikipedia, March 8",documented date,military,,Gregorian date-page convention,target met,regional,secondary reference; single-source date-page verification,20,verified against cited historical-events date page,20,51
8,CE,2001,March,Selection limited to 1–2009 CE; original historical calendar is not specified by the cited date page.,,EVT-MAR-08-08-2001,discovery,"On March 8, 2001, Space Shuttle Discovery launches on STS-102, carrying the Expedition 2 crew to the International Space Station. This event is included in the documented historical-events chronology for this calendar date.",Space Shuttle Discovery launches on STS-102,2001 CE,https://en.wikipedia.org/wiki/March_8,March 8,"March 8, 2001","Wikipedia, March 8",documented date,science and technology,,Gregorian date-page convention,target met,regional,secondary reference; single-source date-page verification,20,verified against cited historical-events date page,20,58
8,CE,2004,March,Selection limited to 1–2009 CE; original historical calendar is not specified by the cited date page.,Asia,EVT-MAR-08-13-2004,political event,"On March 8, 2004, A new constitution is signed by Iraq's Governing Council. This event is included in the documented historical-events chronology for this calendar date. The cited date-page entry records this occurrence.",A new constitution is signed by Iraq's Governing Council.,2004 CE,https://en.wikipedia.org/wiki/March_8,March 8,"March 8, 2004","Wikipedia, March 8",documented date,politics and governance,Iraq,Gregorian date-page convention,target met,regional,secondary reference; single-source date-page verification,20,verified against cited historical-events date page,20,52
9,CE,886,March,Selection limited to 1–2009 CE; original historical calendar is not specified by the cited date page.,,EVT-MAR-09-14-0886,historical event,"On March 9, 886, Abu Ma'shar al-Balkhi, Muslim scholar and astrologer (born 787) This event is included in the documented historical-events chronology for this calendar date. The cited date-page entry records this occurrence.",Abu Ma'shar al-Balkhi,886 CE,https://en.wikipedia.org/wiki/March_9,March 9,"March 9, 886","Wikipedia, March 9",documented date,general history,,Gregorian date-page convention,target met,regional,secondary reference; single-source date-page verification,20,verified against cited historical-events date page,20,50
9,CE,1009,March,Selection limited to 1–2009 CE; original historical calendar is not specified by the cited date page.,,EVT-MAR-09-10-1009,historical event,"On March 9, 1009, First known mention of Lithuania, in the annals of the monastery of Quedlinburg. This event is included in the documented historical-events chronology for this calendar date.",First known mention of Lithuania,1009 CE,https://en.wikipedia.org/wiki/March_9,March 9,"March 9, 1009","Wikipedia, March 9",documented date,general history,,Gregorian date-page convention,target met,regional,secondary reference; single-source date-page verification,20,verified against cited historical-events date page,20,56
9,CE,1044,March,Selection limited to 1–2009 CE; original historical calendar is not specified by the cited date page.,,EVT-MAR-09-15-1044,political event,"On March 9, 1044, The people of Constantinople riot against emperor Constantine IX Monomachos, whose preference of his mistress Maria Skleraina over empress Zoe Porphyrogenita is seen as an insult. This event is included in the documented historical-events chronology for this calendar date.",The people of Constantinople riot against emperor Constantine IX Monomachos,1044 CE,https://en.wikipedia.org/wiki/March_9,March 9,"March 9, 1044","Wikipedia, March 9",documented date,politics and governance,,Gregorian date-page convention,target met,regional,secondary reference; single-source date-page verification,20,verified against cited historical-events date page,20,50
9,CE,1202,March,Selection limited to 1–2009 CE; original historical calendar is not specified by the cited date page.,Europe,EVT-MAR-09-16-1202,political event,"On March 9, 1202, Sverre of Norway, King of Norway and founder of the House of Sverre This event is included in the documented historical-events chronology for this calendar date.",Sverre of Norway,1202 CE,https://en.wikipedia.org/wiki/March_9,March 9,"March 9, 1202","Wikipedia, March 9",documented date,politics and governance,Norway,Gregorian date-page convention,target met,regional,secondary reference; single-source date-page verification,20,verified against cited historical-events date page,20,50
9,CE,1226,March,Selection limited to 1–2009 CE; original historical calendar is not specified by the cited date page.,,EVT-MAR-09-07-1226,conflict,"On March 9, 1226, Khwarazmian sultan Jalal ad-Din conquers the Georgian capital of Tbilisi. This event is included in the documented historical-events chronology for this calendar date. The cited date-page entry records this occurrence.",Khwarazmian sultan Jalal ad-Din conquers the Georgian capital of Tbilisi.,1226 CE,https://en.wikipedia.org/wiki/March_9,March 9,"March 9, 1226","Wikipedia, March 9",documented date,military,,Gregorian date-page convention,target met,regional,secondary reference; single-source date-page verification,20,verified against cited historical-events date page,20,60
9,CE,1230,March,Selection limited to 1–2009 CE; original historical calendar is not specified by the cited date page.,,EVT-MAR-09-01-1230,conflict,"On March 9, 1230, Bulgarian Tsar Ivan Asen II defeats Theodore of Epirus in the Battle of Klokotnitsa. This event is included in the documented historical-events chronology for this calendar date.",Bulgarian Tsar Ivan Asen II defeats Theodore of Epirus in the Battle of Klokotnitsa.,1230 CE,https://en.wikipedia.org/wiki/March_9,March 9,"March 9, 1230","Wikipedia, March 9",documented date,military,,Gregorian date-page convention,target met,international,secondary reference; single-source date-page verification,20,verified against cited historical-events date page,20,67
9,CE,1440,March,Selection limited to 1–2009 CE; original historical calendar is not specified by the cited date page.,,EVT-MAR-09-17-1440,historical event,"On March 9, 1440, Frances of Rome, Italian nun and saint (born 1384) This event is included in the documented historical-events chronology for this calendar date. The cited date-page entry records this occurrence.",Frances of Rome,1440 CE,https://en.wikipedia.org/wiki/March_9,March 9,"March 9, 1440","Wikipedia, March 9",documented date,general history,,Gregorian date-page convention,target met,regional,secondary reference; single-source date-page verification,20,verified against cited historical-events date page,20,50
9,CE,1444,March,Selection limited to 1–2009 CE; original historical calendar is not specified by the cited date page.,,EVT-MAR-09-18-1444,historical event,"On March 9, 1444, Leonardo Bruni, Italian humanist (born c. 1370) This event is included in the documented historical-events chronology for this calendar date. The cited date-page entry records this occurrence.",Leonardo Bruni,1444 CE,https://en.wikipedia.org/wiki/March_9,March 9,"March 9, 1444","Wikipedia, March 9",documented date,general history,,Gregorian date-page convention,target met,regional,secondary reference; single-source date-page verification,20,verified against cited historical-events date page,20,50
9,CE,1454,March,Selection limited to 1–2009 CE; original historical calendar is not specified by the cited date page.,,EVT-MAR-09-19-1454,cultural event,"On March 9, 1454, Amerigo Vespucci, Italian cartographer and explorer, namesake of the Americas (died 1512) This event is included in the documented historical-events chronology for this calendar date. The cited date-page entry records this occurrence.",Amerigo Vespucci,1454 CE,https://en.wikipedia.org/wiki/March_9,March 9,"March 9, 1454","Wikipedia, March 9",documented date,culture and society,,Gregorian date-page convention,target met,regional,secondary reference; single-source date-page verification,20,verified against cited historical-events date page,20,50
9,CE,1463,March,Selection limited to 1–2009 CE; original historical calendar is not specified by the cited date page.,,EVT-MAR-09-20-1463,historical event,"On March 9, 1463, Catherine of Bologna, Italian nun and saint (born 1463) This event is included in the documented historical-events chronology for this calendar date. The cited date-page entry records this occurrence.",Catherine of Bologna,1463 CE,https://en.wikipedia.org/wiki/March_9,March 9,"March 9, 1463","Wikipedia, March 9",documented date,general history,,Gregorian date-page convention,target met,regional,secondary reference; single-source date-page verification,20,verified against cited historical-events date page,20,50
9,CE,1500,March,Selection limited to 1–2009 CE; original historical calendar is not specified by the cited date page.,Americas,EVT-MAR-09-03-1500,political event,The fleet of Pedro Álvares Cabral leaves Lisbon for the Indies. The fleet will discover Brazil which lies within boundaries granted to Portugal in the Treaty of Tordesillas in 1494.,The fleet of Pedro Álvares Cabral leaves Lisbon for the Indies. The fleet will discover Brazil which lies within boundaries granted to Portugal in the Treaty of Tordesillas in 1494,1500 CE,https://en.wikipedia.org/wiki/March_9,March 9,"March 9, 1500","Wikipedia, March 9",documented date,politics and governance,Brazil,Gregorian date-page convention,target met,international,secondary reference; single-source date-page verification,20,verified against cited historical-events date page,20,65
9,CE,1568,March,Selection limited to 1–2009 CE; original historical calendar is not specified by the cited date page.,,EVT-MAR-09-11-1568,cultural event,"On March 9, 1568, Aloysius Gonzaga, Italian saint, namesake of Gonzaga University (died 1591) This event is included in the documented historical-events chronology for this calendar date. The cited date-page entry records this occurrence.",Aloysius Gonzaga,1568 CE,https://en.wikipedia.org/wiki/March_9,March 9,"March 9, 1568","Wikipedia, March 9",documented date,culture and society,,Gregorian date-page convention,target met,regional,secondary reference; single-source date-page verification,20,verified against cited historical-events date page,20,55
9,CE,1811,March,Selection limited to 1–2009 CE; original historical calendar is not specified by the cited date page.,,EVT-MAR-09-09-1811,conflict,"On March 9, 1811, Paraguayan forces defeat Manuel Belgrano at the Battle of Tacuarí. This event is included in the documented historical-events chronology for this calendar date. The cited date-page entry records this occurrence.",Paraguayan forces defeat Manuel Belgrano at the Battle of Tacuarí.,1811 CE,https://en.wikipedia.org/wiki/March_9,March 9,"March 9, 1811","Wikipedia, March 9",documented date,military,,Gregorian date-page convention,target met,regional,secondary reference; single-source date-page verification,20,verified against cited historical-events date page,20,57
9,CE,1824,March,Selection limited to 1–2009 CE; original historical calendar is not specified by the cited date page.,,EVT-MAR-09-13-1824,cultural event,"On March 9, 1824, Amasa Leland Stanford, American businessman and politician, founded Stanford University (died 1893) This event is included in the documented historical-events chronology for this calendar date. The cited date-page entry records this occurrence.",Amasa Leland Stanford,1824 CE,https://en.wikipedia.org/wiki/March_9,March 9,"March 9, 1824","Wikipedia, March 9",documented date,culture and society,,Gregorian date-page convention,target met,regional,secondary reference; single-source date-page verification,20,verified against cited historical-events date page,20,52
9,CE,1842,March,Selection limited to 1–2009 CE; original historical calendar is not specified by the cited date page.,,EVT-MAR-09-12-1842,discovery,"On March 9, 1842, The first documented discovery of gold in California occurs at Rancho San Francisco, six years before the California Gold Rush. This event is included in the documented historical-events chronology for this calendar date.",The first documented discovery of gold in California occurs at Rancho San Francisco,1842 CE,https://en.wikipedia.org/wiki/March_9,March 9,"March 9, 1842","Wikipedia, March 9",documented date,science and technology,,Gregorian date-page convention,target met,regional,secondary reference; single-source date-page verification,20,verified against cited historical-events date page,20,54
9,CE,1847,March,Selection limited to 1–2009 CE; original historical calendar is not specified by the cited date page.,,EVT-MAR-09-04-1847,conflict,"On March 9, 1847, Mexican–American War: The first large-scale amphibious assault in U.S. history is launched in the Siege of Veracruz. This event is included in the documented historical-events chronology for this calendar date.",Mexican–American War,1847 CE,https://en.wikipedia.org/wiki/March_9,March 9,"March 9, 1847","Wikipedia, March 9",documented date,military,,Gregorian date-page convention,target met,regional,secondary reference; single-source date-page verification,20,verified against cited historical-events date page,20,64
9,CE,1862,March,Selection limited to 1–2009 CE; original historical calendar is not specified by the cited date page.,,EVT-MAR-09-02-1862,conflict,"American Civil War: USS Monitor and CSS Virginia (rebuilt from the engines and lower hull of the USS Merrimack) fight to a draw in the Battle of Hampton Roads, the first battle between two ironclad warships.",American Civil War,1862 CE,https://en.wikipedia.org/wiki/March_9,March 9,"March 9, 1862","Wikipedia, March 9",documented date,military,,Gregorian date-page convention,target met,international,secondary reference; single-source date-page verification,20,verified against cited historical-events date page,20,66
9,CE,1942,March,Selection limited to 1–2009 CE; original historical calendar is not specified by the cited date page.,,EVT-MAR-09-05-1942,conflict,"On March 9, 1942, World War II: Dutch East Indies unconditionally surrenders to the Japanese forces in Kalijati, Subang, West Java, and the Japanese complete their Dutch East Indies campaign. This event is included in the documented historical-events chronology for this calendar date.",World War II,1942 CE,https://en.wikipedia.org/wiki/March_9,March 9,"March 9, 1942","Wikipedia, March 9",documented date,military,,Gregorian date-page convention,target met,regional,secondary reference; single-source date-page verification,20,verified against cited historical-events date page,20,63
9,CE,1945,March,Selection limited to 1–2009 CE; original historical calendar is not specified by the cited date page.,,EVT-MAR-09-08-1945,conflict,"On March 9, 1945, World War II: A coup d'état by Japanese forces in French Indochina removes the French from power. This event is included in the documented historical-events chronology for this calendar date.",World War II,1945 CE,https://en.wikipedia.org/wiki/March_9,March 9,"March 9, 1945","Wikipedia, March 9",documented date,military,,Gregorian date-page convention,target met,regional,secondary reference; single-source date-page verification,20,verified against cited historical-events date page,20,59
9,CE,1957,March,Selection limited to 1–2009 CE; original historical calendar is not specified by the cited date page.,,EVT-MAR-09-06-1957,disaster,"On March 9, 1957, The 8.6 M w Andreanof Islands earthquake shakes the Aleutian Islands, causing over $5 million in damage from ground movement and a destructive tsunami. This event is included in the documented historical-events chronology for this calendar date.",The 8.6 M w Andreanof Islands earthquake shakes the Aleutian Islands,1957 CE,https://en.wikipedia.org/wiki/March_9,March 9,"March 9, 1957","Wikipedia, March 9",documented date,natural disaster,,Gregorian date-page convention,target met,regional,secondary reference; single-source date-page verification,20,verified against cited historical-events date page,20,62
10,CE,298,March,Selection limited to 1–2009 CE; original historical calendar is not specified by the cited date page.,,EVT-MAR-10-10-0298,political event,"On March 10, 298, Roman Emperor Maximian concludes his campaign in North Africa and makes a triumphal entry into Carthage. This event is included in the documented historical-events chronology for this calendar date.",Roman Emperor Maximian concludes his campaign in North Africa and makes a triumphal entry into Carthage.,298 CE,https://en.wikipedia.org/wiki/March_10,March 10,"March 10, 298","Wikipedia, March 10",documented date,politics and governance,,Gregorian date-page convention,target met,regional,secondary reference; single-source date-page verification,20,verified against cited historical-events date page,20,50
10,CE,483,March,Selection limited to 1–2009 CE; original historical calendar is not specified by the cited date page.,,EVT-MAR-10-11-0483,historical event,"On March 10, 483, Pope Simplicius This event is included in the documented historical-events chronology for this calendar date. The cited date-page entry records this occurrence. The cited date-page entry records this occurrence.",Pope Simplicius,483 CE,https://en.wikipedia.org/wiki/March_10,March 10,"March 10, 483","Wikipedia, March 10",documented date,general history,,Gregorian date-page convention,target met,regional,secondary reference; single-source date-page verification,20,verified against cited historical-events date page,20,50
10,CE,947,March,Selection limited to 1–2009 CE; original historical calendar is not specified by the cited date page.,,EVT-MAR-10-02-0947,political event,"On March 10, 947, The Later Han is founded by Liu Zhiyuan. He declares himself emperor. This event is included in the documented historical-events chronology for this calendar date. The cited date-page entry records this occurrence.",The Later Han is founded by Liu Zhiyuan. He declares himself emperor.,947 CE,https://en.wikipedia.org/wiki/March_10,March 10,"March 10, 947","Wikipedia, March 10",documented date,politics and governance,,Gregorian date-page convention,target met,international,secondary reference; single-source date-page verification,20,verified against cited historical-events date page,20,67
10,CE,948,March,Selection limited to 1–2009 CE; original historical calendar is not specified by the cited date page.,,EVT-MAR-10-12-0948,historical event,"On March 10, 948, Liu Zhiyuan, Shatuo founder of the Later Han dynasty (born 895) This event is included in the documented historical-events chronology for this calendar date. The cited date-page entry records this occurrence.",Liu Zhiyuan,948 CE,https://en.wikipedia.org/wiki/March_10,March 10,"March 10, 948","Wikipedia, March 10",documented date,general history,,Gregorian date-page convention,target met,regional,secondary reference; single-source date-page verification,20,verified against cited historical-events date page,20,50
10,CE,1291,March,Selection limited to 1–2009 CE; original historical calendar is not specified by the cited date page.,,EVT-MAR-10-13-1291,historical event,"On March 10, 1291, Arghun, Mongol ruler in Persia (born c. 1258) This event is included in the documented historical-events chronology for this calendar date. The cited date-page entry records this occurrence.",Arghun,1291 CE,https://en.wikipedia.org/wiki/March_10,March 10,"March 10, 1291","Wikipedia, March 10",documented date,general history,,Gregorian date-page convention,target met,regional,secondary reference; single-source date-page verification,20,verified against cited historical-events date page,20,50
10,CE,1315,March,Selection limited to 1–2009 CE; original historical calendar is not specified by the cited date page.,,EVT-MAR-10-14-1315,historical event,"On March 10, 1315, Agnes Blannbekin, Austrian mystic This event is included in the documented historical-events chronology for this calendar date. The cited date-page entry records this occurrence. The cited date-page entry records this occurrence.",Agnes Blannbekin,1315 CE,https://en.wikipedia.org/wiki/March_10,March 10,"March 10, 1315","Wikipedia, March 10",documented date,general history,,Gregorian date-page convention,target met,regional,secondary reference; single-source date-page verification,20,verified against cited historical-events date page,20,50
10,CE,1452,March,Selection limited to 1–2009 CE; original historical calendar is not specified by the cited date page.,,EVT-MAR-10-15-1452,political event,"On March 10, 1452, Ferdinand II, King of Castile and León (died 1516) This event is included in the documented historical-events chronology for this calendar date. The cited date-page entry records this occurrence.",Ferdinand II,1452 CE,https://en.wikipedia.org/wiki/March_10,March 10,"March 10, 1452","Wikipedia, March 10",documented date,politics and governance,,Gregorian date-page convention,target met,regional,secondary reference; single-source date-page verification,20,verified against cited historical-events date page,20,50
10,CE,1496,March,Selection limited to 1–2009 CE; original historical calendar is not specified by the cited date page.,Europe,EVT-MAR-10-16-1496,cultural event,"On March 10, 1496, After establishing the city of Santo Domingo, Christopher Columbus departs for Spain, leaving his brother in command. This event is included in the documented historical-events chronology for this calendar date.",After establishing the city of Santo Domingo,1496 CE,https://en.wikipedia.org/wiki/March_10,March 10,"March 10, 1496","Wikipedia, March 10",documented date,culture and society,Spain,Gregorian date-page convention,target met,regional,secondary reference; single-source date-page verification,20,verified against cited historical-events date page,20,50
10,CE,1503,March,Selection limited to 1–2009 CE; original historical calendar is not specified by the cited date page.,,EVT-MAR-10-17-1503,political event,"On March 10, 1503, Ferdinand I, Holy Roman Emperor (died 1564) This event is included in the documented historical-events chronology for this calendar date. The cited date-page entry records this occurrence.",Ferdinand I,1503 CE,https://en.wikipedia.org/wiki/March_10,March 10,"March 10, 1503","Wikipedia, March 10",documented date,politics and governance,,Gregorian date-page convention,target met,regional,secondary reference; single-source date-page verification,20,verified against cited historical-events date page,20,50
10,CE,1513,March,Selection limited to 1–2009 CE; original historical calendar is not specified by the cited date page.,,EVT-MAR-10-18-1513,historical event,"On March 10, 1513, John de Vere, 13th Earl of Oxford, English commander and politician, Lord High Constable of England (born 1442) This event is included in the documented historical-events chronology for this calendar date.",John de Vere,1513 CE,https://en.wikipedia.org/wiki/March_10,March 10,"March 10, 1513","Wikipedia, March 10",documented date,general history,,Gregorian date-page convention,target met,regional,secondary reference; single-source date-page verification,20,verified against cited historical-events date page,20,50
10,CE,1528,March,Selection limited to 1–2009 CE; original historical calendar is not specified by the cited date page.,,EVT-MAR-10-19-1528,historical event,"On March 10, 1528, Balthasar Hübmaier, German/Moravian Anabaptist leader This event is included in the documented historical-events chronology for this calendar date. The cited date-page entry records this occurrence. The cited date-page entry records this occurrence.",Balthasar Hübmaier,1528 CE,https://en.wikipedia.org/wiki/March_10,March 10,"March 10, 1528","Wikipedia, March 10",documented date,general history,,Gregorian date-page convention,target met,regional,secondary reference; single-source date-page verification,20,verified against cited historical-events date page,20,50
10,CE,1535,March,Selection limited to 1–2009 CE; original historical calendar is not specified by the cited date page.,Americas,EVT-MAR-10-04-1535,discovery,"On March 10, 1535, Spaniard Fray Tomás de Berlanga, the fourth Bishop of Panama, discovers the Galápagos Islands by chance on his way to Peru. This event is included in the documented historical-events chronology for this calendar date.",Spaniard Fray Tomás de Berlanga,1535 CE,https://en.wikipedia.org/wiki/March_10,March 10,"March 10, 1535","Wikipedia, March 10",documented date,science and technology,Panama,Gregorian date-page convention,target met,regional,secondary reference; single-source date-page verification,20,verified against cited historical-events date page,20,58
10,CE,1536,March,Selection limited to 1–2009 CE; original historical calendar is not specified by the cited date page.,Europe,EVT-MAR-10-03-1536,conflict,"On March 10, 1536, Thomas Howard, 4th Duke of Norfolk, English politician, Earl Marshal of the United Kingdom (died 1572) This event is included in the documented historical-events chronology for this calendar date.",Thomas Howard,1536 CE,https://en.wikipedia.org/wiki/March_10,March 10,"March 10, 1536","Wikipedia, March 10",documented date,military,United Kingdom,Gregorian date-page convention,target met,international,secondary reference; single-source date-page verification,20,verified against cited historical-events date page,20,65
10,CE,1572,March,Selection limited to 1–2009 CE; original historical calendar is not specified by the cited date page.,,EVT-MAR-10-20-1572,historical event,"On March 10, 1572, William Paulet, 1st Marquess of Winchester This event is included in the documented historical-events chronology for this calendar date. The cited date-page entry records this occurrence.",William Paulet,1572 CE,https://en.wikipedia.org/wiki/March_10,March 10,"March 10, 1572","Wikipedia, March 10",documented date,general history,,Gregorian date-page convention,target met,regional,secondary reference; single-source date-page verification,20,verified against cited historical-events date page,20,50
10,CE,1607,March,Selection limited to 1–2009 CE; original historical calendar is not specified by the cited date page.,Africa,EVT-MAR-10-05-1607,conflict,"On March 10, 1607, Susenyos I defeats the combined armies of Yaqob and Abuna Petros II at the Battle of Gol in Gojjam, making him Emperor of Ethiopia. This event is included in the documented historical-events chronology for this calendar date.",Susenyos I defeats the combined armies of Yaqob and Abuna Petros II at the Battle of Gol in Gojjam,1607 CE,https://en.wikipedia.org/wiki/March_10,March 10,"March 10, 1607","Wikipedia, March 10",documented date,military,Ethiopia,Gregorian date-page convention,target met,regional,secondary reference; single-source date-page verification,20,verified against cited historical-events date page,20,57
10,CE,1814,March,Selection limited to 1–2009 CE; original historical calendar is not specified by the cited date page.,Europe,EVT-MAR-10-06-1814,conflict,"On March 10, 1814, Emperor Napoleon I is defeated at the Battle of Laon in France. This event is included in the documented historical-events chronology for this calendar date. The cited date-page entry records this occurrence.",Emperor Napoleon I is defeated at the Battle of Laon in France.,1814 CE,https://en.wikipedia.org/wiki/March_10,March 10,"March 10, 1814","Wikipedia, March 10",documented date,military,France,Gregorian date-page convention,target met,regional,secondary reference; single-source date-page verification,20,verified against cited historical-events date page,20,57
10,CE,1830,March,Selection limited to 1–2009 CE; original historical calendar is not specified by the cited date page.,Europe,EVT-MAR-10-09-1830,conflict,"On March 10, 1830, The Royal Netherlands East Indies Army is created. This event is included in the documented historical-events chronology for this calendar date. The cited date-page entry records this occurrence.",The Royal Netherlands East Indies Army is created.,1830 CE,https://en.wikipedia.org/wiki/March_10,March 10,"March 10, 1830","Wikipedia, March 10",documented date,military,Netherlands,Gregorian date-page convention,target met,regional,secondary reference; single-source date-page verification,20,verified against cited historical-events date page,20,51
10,CE,1848,March,Selection limited to 1–2009 CE; original historical calendar is not specified by the cited date page.,Americas,EVT-MAR-10-01-1848,conflict,"On March 10, 1848, The Treaty of Guadalupe Hidalgo is ratified by the United States Senate, ending the Mexican–American War. This event is included in the documented historical-events chronology for this calendar date.",The Treaty of Guadalupe Hidalgo is ratified by the United States Senate,1848 CE,https://en.wikipedia.org/wiki/March_10,March 10,"March 10, 1848","Wikipedia, March 10",documented date,military,United States,Gregorian date-page convention,target met,international,secondary reference; single-source date-page verification,20,verified against cited historical-events date page,20,69
10,CE,1944,March,Selection limited to 1–2009 CE; original historical calendar is not specified by the cited date page.,Europe,EVT-MAR-10-07-1944,conflict,"On March 10, 1944, Greek Civil War: The Political Committee of National Liberation is established in Greece by the National Liberation Front. This event is included in the documented historical-events chronology for this calendar date.",Greek Civil War,1944 CE,https://en.wikipedia.org/wiki/March_10,March 10,"March 10, 1944","Wikipedia, March 10",documented date,military,Greece,Gregorian date-page convention,target met,regional,secondary reference; single-source date-page verification,20,verified against cited historical-events date page,20,53
10,CE,1975,March,Selection limited to 1–2009 CE; original historical calendar is not specified by the cited date page.,Asia,EVT-MAR-10-08-1975,conflict,Vietnam War: Ho Chi Minh Campaign: North Vietnamese troops attack Ban Mê Thuột in the South on their way to capturing Saigon in the final push for victory over South Vietnam.,Vietnam War,1975 CE,https://en.wikipedia.org/wiki/March_10,March 10,"March 10, 1975","Wikipedia, March 10",documented date,military,Vietnam,Gregorian date-page convention,target met,regional,secondary reference; single-source date-page verification,20,verified against cited historical-events date page,20,53
11,CE,222,March,Selection limited to 1–2009 CE; original historical calendar is not specified by the cited date page.,,EVT-MAR-11-16-0222,political event,"On March 11, 222, Elagabalus, Roman emperor (born 203) This event is included in the documented historical-events chronology for this calendar date. The cited date-page entry records this occurrence. The cited date-page entry records this occurrence.",Elagabalus,222 CE,https://en.wikipedia.org/wiki/March_11,March 11,"March 11, 222","Wikipedia, March 11",documented date,politics and governance,,Gregorian date-page convention,target met,regional,secondary reference; single-source date-page verification,20,verified against cited historical-events date page,20,50
11,CE,638,March,Selection limited to 1–2009 CE; original historical calendar is not specified by the cited date page.,,EVT-MAR-11-17-0638,historical event,"On March 11, 638, Sophronius of Jerusalem (born 560) This event is included in the documented historical-events chronology for this calendar date. The cited date-page entry records this occurrence. The cited date-page entry records this occurrence.",Sophronius of Jerusalem (born 560),638 CE,https://en.wikipedia.org/wiki/March_11,March 11,"March 11, 638","Wikipedia, March 11",documented date,general history,,Gregorian date-page convention,target met,regional,secondary reference; single-source date-page verification,20,verified against cited historical-events date page,20,50
11,CE,843,March,Selection limited to 1–2009 CE; original historical calendar is not specified by the cited date page.,,EVT-MAR-11-10-0843,cultural event,"On March 11, 843, Triumph of Orthodoxy: Empress Theodora II restores the veneration of icons in the Orthodox churches in the Byzantine Empire. This event is included in the documented historical-events chronology for this calendar date.",Triumph of Orthodoxy,843 CE,https://en.wikipedia.org/wiki/March_11,March 11,"March 11, 843","Wikipedia, March 11",documented date,culture and society,,Gregorian date-page convention,target met,regional,secondary reference; single-source date-page verification,20,verified against cited historical-events date page,20,56
11,CE,1198,March,Selection limited to 1–2009 CE; original historical calendar is not specified by the cited date page.,Europe,EVT-MAR-11-18-1198,historical event,"On March 11, 1198, Marie of France, Countess of Champagne (born 1145) This event is included in the documented historical-events chronology for this calendar date. The cited date-page entry records this occurrence.",Marie of France,1198 CE,https://en.wikipedia.org/wiki/March_11,March 11,"March 11, 1198","Wikipedia, March 11",documented date,general history,France,Gregorian date-page convention,target met,regional,secondary reference; single-source date-page verification,20,verified against cited historical-events date page,20,50
11,CE,1278,March,Selection limited to 1–2009 CE; original historical calendar is not specified by the cited date page.,,EVT-MAR-11-06-1278,conflict,"On March 11, 1278, Mary of Woodstock, daughter of Edward I of England (died c. 1332) This event is included in the documented historical-events chronology for this calendar date. The cited date-page entry records this occurrence.",Mary of Woodstock,1278 CE,https://en.wikipedia.org/wiki/March_11,March 11,"March 11, 1278","Wikipedia, March 11",documented date,military,,Gregorian date-page convention,target met,regional,secondary reference; single-source date-page verification,20,verified against cited historical-events date page,20,60
11,CE,1343,March,Selection limited to 1–2009 CE; original historical calendar is not specified by the cited date page.,,EVT-MAR-11-11-1343,historical event,"On March 11, 1343, Arnošt of Pardubice becomes the last Bishop of Prague (3 March 1343 O.S.), and, a year later, the first Archbishop of Prague. This event is included in the documented historical-events chronology for this calendar date.",Arnošt of Pardubice becomes the last Bishop of Prague (3 March 1343 O.S.),1343 CE,https://en.wikipedia.org/wiki/March_11,March 11,"March 11, 1343","Wikipedia, March 11",documented date,general history,,Gregorian date-page convention,target met,regional,secondary reference; single-source date-page verification,20,verified against cited historical-events date page,20,56
11,CE,1387,March,Selection limited to 1–2009 CE; original historical calendar is not specified by the cited date page.,,EVT-MAR-11-07-1387,conflict,"On March 11, 1387, Battle of Castagnaro: Padua, led by John Hawkwood, is victorious over Giovanni Ordelaffi of Verona. This event is included in the documented historical-events chronology for this calendar date.",Battle of Castagnaro,1387 CE,https://en.wikipedia.org/wiki/March_11,March 11,"March 11, 1387","Wikipedia, March 11",documented date,military,,Gregorian date-page convention,target met,regional,secondary reference; single-source date-page verification,20,verified against cited historical-events date page,20,60
11,CE,1486,March,Selection limited to 1–2009 CE; original historical calendar is not specified by the cited date page.,,EVT-MAR-11-19-1486,historical event,"On March 11, 1486, Albrecht III Achilles, Elector of Brandenburg (born 1414) This event is included in the documented historical-events chronology for this calendar date. The cited date-page entry records this occurrence.",Albrecht III Achilles,1486 CE,https://en.wikipedia.org/wiki/March_11,March 11,"March 11, 1486","Wikipedia, March 11",documented date,general history,,Gregorian date-page convention,target met,regional,secondary reference; single-source date-page verification,20,verified against cited historical-events date page,20,50
11,CE,1544,March,Selection limited to 1–2009 CE; original historical calendar is not specified by the cited date page.,,EVT-MAR-11-20-1544,historical event,"On March 11, 1544, Torquato Tasso, Italian poet and educator (died 1595) This event is included in the documented historical-events chronology for this calendar date. The cited date-page entry records this occurrence.",Torquato Tasso,1544 CE,https://en.wikipedia.org/wiki/March_11,March 11,"March 11, 1544","Wikipedia, March 11",documented date,general history,,Gregorian date-page convention,target met,regional,secondary reference; single-source date-page verification,20,verified against cited historical-events date page,20,50
11,CE,1641,March,Selection limited to 1–2009 CE; original historical calendar is not specified by the cited date page.,Americas,EVT-MAR-11-02-1641,conflict,"On March 11, 1641, Guaraní forces living in the Jesuit reductions defeat bandeirantes loyal to the Portuguese Empire at the Battle of Mbororé in present-day Panambí, Argentina. This event is included in the documented historical-events chronology for this calendar date.",Guaraní forces living in the Jesuit reductions defeat bandeirantes loyal to the Portuguese Empire at the Battle of Mbororé in present-day Panambí,1641 CE,https://en.wikipedia.org/wiki/March_11,March 11,"March 11, 1641","Wikipedia, March 11",documented date,military,Argentina,Gregorian date-page convention,target met,regional,secondary reference; single-source date-page verification,20,verified against cited historical-events date page,20,63
11,CE,1784,March,Selection limited to 1–2009 CE; original historical calendar is not specified by the cited date page.,,EVT-MAR-11-03-1784,conflict,"On March 11, 1784, The signing of the Treaty of Mangalore brings the Second Anglo-Mysore War to an end. This event is included in the documented historical-events chronology for this calendar date.",The signing of the Treaty of Mangalore brings the Second Anglo-Mysore War to an end.,1784 CE,https://en.wikipedia.org/wiki/March_11,March 11,"March 11, 1784","Wikipedia, March 11",documented date,military,,Gregorian date-page convention,target met,regional,secondary reference; single-source date-page verification,20,verified against cited historical-events date page,20,62
11,CE,1795,March,Selection limited to 1–2009 CE; original historical calendar is not specified by the cited date page.,,EVT-MAR-11-09-1795,conflict,"On March 11, 1795, The Battle of Kharda is fought between the Maratha Confederacy and the Nizam of Hyderabad, resulting in Maratha victory. This event is included in the documented historical-events chronology for this calendar date.",The Battle of Kharda is fought between the Maratha Confederacy and the Nizam of Hyderabad,1795 CE,https://en.wikipedia.org/wiki/March_11,March 11,"March 11, 1795","Wikipedia, March 11",documented date,military,,Gregorian date-page convention,target met,regional,secondary reference; single-source date-page verification,20,verified against cited historical-events date page,20,58
11,CE,1845,March,Selection limited to 1–2009 CE; original historical calendar is not specified by the cited date page.,Oceania,EVT-MAR-11-04-1845,conflict,"Flagstaff War: Unhappy with translational differences regarding the Treaty of Waitangi, chiefs Hōne Heke, Kawiti and Māori tribe members chop down the British flagpole for a fourth time and drive settlers out of Kororāreka, New Zealand.",Flagstaff War,1845 CE,https://en.wikipedia.org/wiki/March_11,March 11,"March 11, 1845","Wikipedia, March 11",documented date,military,New Zealand,Gregorian date-page convention,target met,regional,secondary reference; single-source date-page verification,20,verified against cited historical-events date page,20,62
11,CE,1848,March,Selection limited to 1–2009 CE; original historical calendar is not specified by the cited date page.,Americas,EVT-MAR-11-14-1848,political event,"On March 11, 1848, Louis-Hippolyte Lafontaine and Robert Baldwin become the first Prime Ministers of the Province of Canada to be democratically elected under a system of responsible government. This event is included in the documented historical-events chronology for this calendar date.",Louis-Hippolyte Lafontaine and Robert Baldwin become the first Prime Ministers of the Province of Canada to be democratically elected under a system of responsible government.,1848 CE,https://en.wikipedia.org/wiki/March_11,March 11,"March 11, 1848","Wikipedia, March 11",documented date,politics and governance,Canada,Gregorian date-page convention,target met,regional,secondary reference; single-source date-page verification,20,verified against cited historical-events date page,20,51
11,CE,1861,March,Selection limited to 1–2009 CE; original historical calendar is not specified by the cited date page.,,EVT-MAR-11-05-1861,conflict,"On March 11, 1861, American Civil War: The Constitution of the Confederate States of America is adopted. This event is included in the documented historical-events chronology for this calendar date.",American Civil War,1861 CE,https://en.wikipedia.org/wiki/March_11,March 11,"March 11, 1861","Wikipedia, March 11",documented date,military,,Gregorian date-page convention,target met,regional,secondary reference; single-source date-page verification,20,verified against cited historical-events date page,20,61
11,CE,1941,March,Selection limited to 1–2009 CE; original historical calendar is not specified by the cited date page.,Americas,EVT-MAR-11-12-1941,conflict,"On March 11, 1941, World War II: United States President Franklin D. Roosevelt signs the Lend-Lease Act into law, allowing American-built war supplies to be shipped to the Allies on loan. This event is included in the documented historical-events chronology for this calendar date.",World War II,1941 CE,https://en.wikipedia.org/wiki/March_11,March 11,"March 11, 1941","Wikipedia, March 11",documented date,military,United States,Gregorian date-page convention,target met,regional,secondary reference; single-source date-page verification,20,verified against cited historical-events date page,20,56
11,CE,1945,March,Selection limited to 1–2009 CE; original historical calendar is not specified by the cited date page.,Asia,EVT-MAR-11-01-1945,conflict,"On March 11, 1945, World War II: The Empire of Vietnam, a short-lived Japanese puppet state, is established. This event is included in the documented historical-events chronology for this calendar date.",World War II,1945 CE,https://en.wikipedia.org/wiki/March_11,March 11,"March 11, 1945","Wikipedia, March 11",documented date,military,Vietnam,Gregorian date-page convention,target met,regional,secondary reference; single-source date-page verification,20,verified against cited historical-events date page,20,64
11,CE,1978,March,Selection limited to 1–2009 CE; original historical calendar is not specified by the cited date page.,Asia,EVT-MAR-11-15-1978,conflict,"On March 11, 1978, Coastal Road massacre: At least 37 are killed and more than 70 are wounded when Fatah hijack an Israeli bus, prompting Israel's Operation Litani. This event is included in the documented historical-events chronology for this calendar date.",Coastal Road massacre,1978 CE,https://en.wikipedia.org/wiki/March_11,March 11,"March 11, 1978","Wikipedia, March 11",documented date,military,Israel,Gregorian date-page convention,target met,regional,secondary reference; single-source date-page verification,20,verified against cited historical-events date page,20,51
11,CE,1990,March,Selection limited to 1–2009 CE; original historical calendar is not specified by the cited date page.,,EVT-MAR-11-08-1990,political event,"On March 11, 1990, Lithuania declares independence from the Soviet Union. This event is included in the documented historical-events chronology for this calendar date. The cited date-page entry records this occurrence.",Lithuania declares independence from the Soviet Union.,1990 CE,https://en.wikipedia.org/wiki/March_11,March 11,"March 11, 1990","Wikipedia, March 11",documented date,politics and governance,,Gregorian date-page convention,target met,regional,secondary reference; single-source date-page verification,20,verified against cited historical-events date page,20,59
11,CE,2008,March,Selection limited to 1–2009 CE; original historical calendar is not specified by the cited date page.,,EVT-MAR-11-13-2008,discovery,"On March 11, 2008, Space Shuttle Endeavour launches on STS-123, carrying the first component of the Japanese Kibō module to the International Space Station. This event is included in the documented historical-events chronology for this calendar date.",Space Shuttle Endeavour launches on STS-123,2008 CE,https://en.wikipedia.org/wiki/March_11,March 11,"March 11, 2008","Wikipedia, March 11",documented date,science and technology,,Gregorian date-page convention,target met,regional,secondary reference; single-source date-page verification,20,verified against cited historical-events date page,20,56
12,CE,417,March,Selection limited to 1–2009 CE; original historical calendar is not specified by the cited date page.,,EVT-MAR-12-15-0417,cultural event,"On March 12, 417, Innocent I, pope of the Catholic Church This event is included in the documented historical-events chronology for this calendar date. The cited date-page entry records this occurrence.",Innocent I,417 CE,https://en.wikipedia.org/wiki/March_12,March 12,"March 12, 417","Wikipedia, March 12",documented date,culture and society,,Gregorian date-page convention,target met,regional,secondary reference; single-source date-page verification,20,verified against cited historical-events date page,20,50
12,CE,538,March,Selection limited to 1–2009 CE; original historical calendar is not specified by the cited date page.,,EVT-MAR-12-06-0538,conflict,"On March 12, 538, Vitiges, king of the Ostrogoths, ends his siege of Rome and retreats to Ravenna, leaving the city to the victorious Byzantine general, Belisarius. This event is included in the documented historical-events chronology for this calendar date.",Vitiges,538 CE,https://en.wikipedia.org/wiki/March_12,March 12,"March 12, 538","Wikipedia, March 12",documented date,military,,Gregorian date-page convention,target met,regional,secondary reference; single-source date-page verification,20,verified against cited historical-events date page,20,56
12,CE,604,March,Selection limited to 1–2009 CE; original historical calendar is not specified by the cited date page.,,EVT-MAR-12-16-0604,cultural event,"On March 12, 604, Gregory I, pope of the Catholic Church (born 540) This event is included in the documented historical-events chronology for this calendar date. The cited date-page entry records this occurrence.",Gregory I,604 CE,https://en.wikipedia.org/wiki/March_12,March 12,"March 12, 604","Wikipedia, March 12",documented date,culture and society,,Gregorian date-page convention,target met,regional,secondary reference; single-source date-page verification,20,verified against cited historical-events date page,20,50
12,CE,1022,March,Selection limited to 1–2009 CE; original historical calendar is not specified by the cited date page.,,EVT-MAR-12-17-1022,historical event,"On March 12, 1022, Symeon the New Theologian (born 949) This event is included in the documented historical-events chronology for this calendar date. The cited date-page entry records this occurrence.",Symeon the New Theologian (born 949),1022 CE,https://en.wikipedia.org/wiki/March_12,March 12,"March 12, 1022","Wikipedia, March 12",documented date,general history,,Gregorian date-page convention,target met,regional,secondary reference; single-source date-page verification,20,verified against cited historical-events date page,20,50
12,CE,1088,March,Selection limited to 1–2009 CE; original historical calendar is not specified by the cited date page.,,EVT-MAR-12-18-1088,political event,"On March 12, 1088, Election of Urban II as the 159th Pope of the Catholic Church. He is best known for initiating the Crusades. This event is included in the documented historical-events chronology for this calendar date.",Election of Urban II as the 159th Pope of the Catholic Church. He is best known for initiating the Crusades.,1088 CE,https://en.wikipedia.org/wiki/March_12,March 12,"March 12, 1088","Wikipedia, March 12",documented date,politics and governance,,Gregorian date-page convention,target met,regional,secondary reference; single-source date-page verification,20,verified against cited historical-events date page,20,50
12,CE,1158,March,Selection limited to 1–2009 CE; original historical calendar is not specified by the cited date page.,,EVT-MAR-12-07-1158,political event,"On March 12, 1158, German city Munich (München) is first mentioned as forum apud Munichen in the Augsburg arbitration by Holy Roman Emperor Friedrich I. This event is included in the documented historical-events chronology for this calendar date.",German city Munich (München) is first mentioned as forum apud Munichen in the Augsburg arbitration by Holy Roman Emperor Friedrich I.,1158 CE,https://en.wikipedia.org/wiki/March_12,March 12,"March 12, 1158","Wikipedia, March 12",documented date,politics and governance,,Gregorian date-page convention,target met,regional,secondary reference; single-source date-page verification,20,verified against cited historical-events date page,20,56
12,CE,1160,March,Selection limited to 1–2009 CE; original historical calendar is not specified by the cited date page.,,EVT-MAR-12-19-1160,historical event,"On March 12, 1160, Al-Muqtafi, caliph of the Abbasid Caliphate (born 1096) This event is included in the documented historical-events chronology for this calendar date. The cited date-page entry records this occurrence.",Al-Muqtafi,1160 CE,https://en.wikipedia.org/wiki/March_12,March 12,"March 12, 1160","Wikipedia, March 12",documented date,general history,,Gregorian date-page convention,target met,regional,secondary reference; single-source date-page verification,20,verified against cited historical-events date page,20,50
12,CE,1270,March,Selection limited to 1–2009 CE; original historical calendar is not specified by the cited date page.,,EVT-MAR-12-20-1270,historical event,"On March 12, 1270, Charles, Count of Valois (died 1325) This event is included in the documented historical-events chronology for this calendar date. The cited date-page entry records this occurrence.",Charles,1270 CE,https://en.wikipedia.org/wiki/March_12,March 12,"March 12, 1270","Wikipedia, March 12",documented date,general history,,Gregorian date-page convention,target met,regional,secondary reference; single-source date-page verification,20,verified against cited historical-events date page,20,50
12,CE,1391,March,Selection limited to 1–2009 CE; original historical calendar is not specified by the cited date page.,,EVT-MAR-12-09-1391,historical event,"On March 12, 1391, Konrad von Wallenrode is elected the 24th Grand Master of the Teutonic Order (date is O.S.). This event is included in the documented historical-events chronology for this calendar date.",Konrad von Wallenrode is elected the 24th Grand Master of the Teutonic Order (date is O.S.).,1391 CE,https://en.wikipedia.org/wiki/March_12,March 12,"March 12, 1391","Wikipedia, March 12",documented date,general history,,Gregorian date-page convention,target met,regional,secondary reference; single-source date-page verification,20,verified against cited historical-events date page,20,55
12,CE,1579,March,Selection limited to 1–2009 CE; original historical calendar is not specified by the cited date page.,,EVT-MAR-12-02-1579,conflict,"On March 12, 1579, Start of the Siege of Maastricht, part of the Eighty Years' War. This event is included in the documented historical-events chronology for this calendar date. The cited date-page entry records this occurrence.",Start of the Siege of Maastricht,1579 CE,https://en.wikipedia.org/wiki/March_12,March 12,"March 12, 1579","Wikipedia, March 12",documented date,military,,Gregorian date-page convention,target met,regional,secondary reference; single-source date-page verification,20,verified against cited historical-events date page,20,60
12,CE,1689,March,Selection limited to 1–2009 CE; original historical calendar is not specified by the cited date page.,Europe,EVT-MAR-12-05-1689,conflict,"On March 12, 1689, James II of England lands at Kinsale, starting the Williamite War in Ireland. This event is included in the documented historical-events chronology for this calendar date.",James II of England lands at Kinsale,1689 CE,https://en.wikipedia.org/wiki/March_12,March 12,"March 12, 1689","Wikipedia, March 12",documented date,military,Ireland,Gregorian date-page convention,target met,regional,secondary reference; single-source date-page verification,20,verified against cited historical-events date page,20,58
12,CE,1811,March,Selection limited to 1–2009 CE; original historical calendar is not specified by the cited date page.,,EVT-MAR-12-03-1811,conflict,"On March 12, 1811, Peninsular War: A day after a successful rearguard action, French Marshal Michel Ney once again successfully delays the pursuing Anglo- Portuguese force at the Battle of Redinha. This event is included in the documented historical-events chronology for this calendar date.",Peninsular War,1811 CE,https://en.wikipedia.org/wiki/March_12,March 12,"March 12, 1811","Wikipedia, March 12",documented date,military,,Gregorian date-page convention,target met,regional,secondary reference; single-source date-page verification,20,verified against cited historical-events date page,20,60
12,CE,1862,March,Selection limited to 1–2009 CE; original historical calendar is not specified by the cited date page.,,EVT-MAR-12-13-1862,historical event,"Paddle steamer Brother Jonathan docks in Fort Victoria (now Victoria, British Columbia), carrying smallpox-infected passengers from San Francisco. The ensuing epidemic killed an estimated two-thirds of First Nations in the province of British Columbia.",Paddle steamer Brother Jonathan docks in Fort Victoria (now Victoria,1862 CE,https://en.wikipedia.org/wiki/March_12,March 12,"March 12, 1862","Wikipedia, March 12",documented date,general history,,Gregorian date-page convention,target met,regional,secondary reference; single-source date-page verification,20,verified against cited historical-events date page,20,52
12,CE,1932,March,Selection limited to 1–2009 CE; original historical calendar is not specified by the cited date page.,Americas,EVT-MAR-12-08-1932,political event,"On March 12, 1932, Andrew Young, American pastor, civil rights movement activist, politician, and 14th United States Ambassador to the United Nations This event is included in the documented historical-events chronology for this calendar date.",Andrew Young,1932 CE,https://en.wikipedia.org/wiki/March_12,March 12,"March 12, 1932","Wikipedia, March 12",documented date,politics and governance,United States,Gregorian date-page convention,target met,regional,secondary reference; single-source date-page verification,20,verified against cited historical-events date page,20,56
12,CE,1940,March,Selection limited to 1–2009 CE; original historical calendar is not specified by the cited date page.,Europe,EVT-MAR-12-01-1940,conflict,"On March 12, 1940, Winter War: Finland signs the Moscow Peace Treaty with the Soviet Union, ceding almost all of Finnish Karelia. This event is included in the documented historical-events chronology for this calendar date.",Winter War,1940 CE,https://en.wikipedia.org/wiki/March_12,March 12,"March 12, 1940","Wikipedia, March 12",documented date,military,Finland,Gregorian date-page convention,target met,regional,secondary reference; single-source date-page verification,20,verified against cited historical-events date page,20,63
12,CE,1942,March,Selection limited to 1–2009 CE; original historical calendar is not specified by the cited date page.,Asia,EVT-MAR-12-04-1942,conflict,"On March 12, 1942, The Battle of Java ends with the surrender of the American-British-Dutch-Australian Command to the Empire of Japan in Bandung, West Java, Dutch East Indies. This event is included in the documented historical-events chronology for this calendar date.",The Battle of Java ends with the surrender of the American-British-Dutch-Australian Command to the Empire of Japan in Bandung,1942 CE,https://en.wikipedia.org/wiki/March_12,March 12,"March 12, 1942","Wikipedia, March 12",documented date,military,Japan,Gregorian date-page convention,target met,regional,secondary reference; single-source date-page verification,20,verified against cited historical-events date page,20,60
12,CE,1947,March,Selection limited to 1–2009 CE; original historical calendar is not specified by the cited date page.,,EVT-MAR-12-12-1947,conflict,"On March 12, 1947, Cold War: The Truman Doctrine is proclaimed to help stem the spread of Communism. This event is included in the documented historical-events chronology for this calendar date.",Cold War,1947 CE,https://en.wikipedia.org/wiki/March_12,March 12,"March 12, 1947","Wikipedia, March 12",documented date,military,,Gregorian date-page convention,target met,regional,secondary reference; single-source date-page verification,20,verified against cited historical-events date page,20,53
12,CE,1950,March,Selection limited to 1–2009 CE; original historical calendar is not specified by the cited date page.,,EVT-MAR-12-14-1950,discovery,"On March 12, 1950, The Llandow air disaster kills 80 people when the aircraft they are travelling in crashes near Sigingstone, Wales. At the time this was the world's deadliest air disaster. This event is included in the documented historical-events chronology for this calendar date.",The Llandow air disaster kills 80 people when the aircraft they are travelling in crashes near Sigingstone,1950 CE,https://en.wikipedia.org/wiki/March_12,March 12,"March 12, 1950","Wikipedia, March 12",documented date,science and technology,,Gregorian date-page convention,target met,regional,secondary reference; single-source date-page verification,20,verified against cited historical-events date page,20,51
12,CE,1968,March,Selection limited to 1–2009 CE; original historical calendar is not specified by the cited date page.,Europe,EVT-MAR-12-10-1968,political event,"On March 12, 1968, Mauritius gains independence from the United Kingdom. This event is included in the documented historical-events chronology for this calendar date. The cited date-page entry records this occurrence.",Mauritius gains independence from the United Kingdom.,1968 CE,https://en.wikipedia.org/wiki/March_12,March 12,"March 12, 1968","Wikipedia, March 12",documented date,politics and governance,United Kingdom,Gregorian date-page convention,target met,regional,secondary reference; single-source date-page verification,20,verified against cited historical-events date page,20,54
12,CE,1999,March,Selection limited to 1–2009 CE; original historical calendar is not specified by the cited date page.,Europe,EVT-MAR-12-11-1999,conflict,"On March 12, 1999, Former Warsaw Pact members the Czech Republic, Hungary and Poland join NATO. This event is included in the documented historical-events chronology for this calendar date. The cited date-page entry records this occurrence.",Former Warsaw Pact members the Czech Republic,1999 CE,https://en.wikipedia.org/wiki/March_12,March 12,"March 12, 1999","Wikipedia, March 12",documented date,military,Czech Republic,Gregorian date-page convention,target met,regional,secondary reference; single-source date-page verification,20,verified against cited historical-events date page,20,54
13,CE,222,March,Selection limited to 1–2009 CE; original historical calendar is not specified by the cited date page.,,EVT-MAR-13-14-0222,political event,"On March 13, 222, Roman emperor Elagabalus is murdered alongside his mother, Julia Soaemias. He is replaced by his 14-year old cousin, Severus Alexander. This event is included in the documented historical-events chronology for this calendar date.",Roman emperor Elagabalus is murdered alongside his mother,222 CE,https://en.wikipedia.org/wiki/March_13,March 13,"March 13, 222","Wikipedia, March 13",documented date,politics and governance,,Gregorian date-page convention,target met,regional,secondary reference; single-source date-page verification,20,verified against cited historical-events date page,20,50
13,CE,483,March,Selection limited to 1–2009 CE; original historical calendar is not specified by the cited date page.,,EVT-MAR-13-15-0483,political event,"On March 13, 483, Election of Pope Felix III following the death of Pope Simplicius earlier that month. This event is included in the documented historical-events chronology for this calendar date.",Election of Pope Felix III following the death of Pope Simplicius earlier that month.,483 CE,https://en.wikipedia.org/wiki/March_13,March 13,"March 13, 483","Wikipedia, March 13",documented date,politics and governance,,Gregorian date-page convention,target met,regional,secondary reference; single-source date-page verification,20,verified against cited historical-events date page,20,50
13,CE,624,March,Selection limited to 1–2009 CE; original historical calendar is not specified by the cited date page.,,EVT-MAR-13-07-0624,conflict,"On March 13, 624, The Battle of Badr, the first major battle between the Muslims and Quraysh. This event is included in the documented historical-events chronology for this calendar date.",The Battle of Badr,624 CE,https://en.wikipedia.org/wiki/March_13,March 13,"March 13, 624","Wikipedia, March 13",documented date,military,,Gregorian date-page convention,target met,international,secondary reference; single-source date-page verification,20,verified against cited historical-events date page,20,66
13,CE,1202,March,Selection limited to 1–2009 CE; original historical calendar is not specified by the cited date page.,Europe,EVT-MAR-13-16-1202,political event,"On March 13, 1202, Mieszko III the Old, king of Poland (born c. 1121) This event is included in the documented historical-events chronology for this calendar date. The cited date-page entry records this occurrence.",Mieszko III the Old,1202 CE,https://en.wikipedia.org/wiki/March_13,March 13,"March 13, 1202","Wikipedia, March 13",documented date,politics and governance,Poland,Gregorian date-page convention,target met,regional,secondary reference; single-source date-page verification,20,verified against cited historical-events date page,20,50
13,CE,1261,March,Selection limited to 1–2009 CE; original historical calendar is not specified by the cited date page.,,EVT-MAR-13-05-1261,political event,"On March 13, 1261, The Byzantine Empire and the Republic of Genoa sign a permanent treaty against the Venetians at Nymphaeum. This event is included in the documented historical-events chronology for this calendar date.",The Byzantine Empire and the Republic of Genoa sign a permanent treaty against the Venetians at Nymphaeum.,1261 CE,https://en.wikipedia.org/wiki/March_13,March 13,"March 13, 1261","Wikipedia, March 13",documented date,politics and governance,,Gregorian date-page convention,target met,international,secondary reference; single-source date-page verification,20,verified against cited historical-events date page,20,68
13,CE,1271,March,Selection limited to 1–2009 CE; original historical calendar is not specified by the cited date page.,,EVT-MAR-13-17-1271,historical event,"On March 13, 1271, Henry of Almain, English knight (born 1235) This event is included in the documented historical-events chronology for this calendar date. The cited date-page entry records this occurrence.",Henry of Almain,1271 CE,https://en.wikipedia.org/wiki/March_13,March 13,"March 13, 1271","Wikipedia, March 13",documented date,general history,,Gregorian date-page convention,target met,regional,secondary reference; single-source date-page verification,20,verified against cited historical-events date page,20,50
13,CE,1323,March,Selection limited to 1–2009 CE; original historical calendar is not specified by the cited date page.,,EVT-MAR-13-01-1323,conflict,"Siege of Warangal: Sultan Ghiyath al-Din Tughluq sends an expeditionary army led by his son, Muhammad bin Tughluq, to the Kakatiya capital Warangal – after ruler Prataparudra has refused to make tribute payments. He besieges the city and finally, after a campaign of 8 months, Prataparudra surrenders on November 9.",Siege of Warangal,1323 CE,https://en.wikipedia.org/wiki/March_13,March 13,"March 13, 1323","Wikipedia, March 13",documented date,military,,Gregorian date-page convention,target met,international,secondary reference; single-source date-page verification,20,verified against cited historical-events date page,20,76
13,CE,1372,March,Selection limited to 1–2009 CE; original historical calendar is not specified by the cited date page.,,EVT-MAR-13-18-1372,historical event,"On March 13, 1372, Louis I, Duke of Orléans (died 1407) This event is included in the documented historical-events chronology for this calendar date. The cited date-page entry records this occurrence.",Louis I,1372 CE,https://en.wikipedia.org/wiki/March_13,March 13,"March 13, 1372","Wikipedia, March 13",documented date,general history,,Gregorian date-page convention,target met,regional,secondary reference; single-source date-page verification,20,verified against cited historical-events date page,20,50
13,CE,1415,March,Selection limited to 1–2009 CE; original historical calendar is not specified by the cited date page.,,EVT-MAR-13-19-1415,historical event,"On March 13, 1415, Minye Kyawswa, Crown Prince of Ava (born 1391) This event is included in the documented historical-events chronology for this calendar date. The cited date-page entry records this occurrence.",Minye Kyawswa,1415 CE,https://en.wikipedia.org/wiki/March_13,March 13,"March 13, 1415","Wikipedia, March 13",documented date,general history,,Gregorian date-page convention,target met,regional,secondary reference; single-source date-page verification,20,verified against cited historical-events date page,20,50
13,CE,1447,March,Selection limited to 1–2009 CE; original historical calendar is not specified by the cited date page.,,EVT-MAR-13-20-1447,historical event,"On March 13, 1447, Shah Rukh, Timurid ruler of Persia and Transoxania (born 1377) This event is included in the documented historical-events chronology for this calendar date. The cited date-page entry records this occurrence.",Shah Rukh,1447 CE,https://en.wikipedia.org/wiki/March_13,March 13,"March 13, 1447","Wikipedia, March 13",documented date,general history,,Gregorian date-page convention,target met,regional,secondary reference; single-source date-page verification,20,verified against cited historical-events date page,20,50
13,CE,1567,March,Selection limited to 1–2009 CE; original historical calendar is not specified by the cited date page.,,EVT-MAR-13-04-1567,conflict,"On March 13, 1567, The Battle of Oosterweel, traditionally regarded as the start of the Eighty Years' War. This event is included in the documented historical-events chronology for this calendar date.",The Battle of Oosterweel,1567 CE,https://en.wikipedia.org/wiki/March_13,March 13,"March 13, 1567","Wikipedia, March 13",documented date,military,,Gregorian date-page convention,target met,international,secondary reference; single-source date-page verification,20,verified against cited historical-events date page,20,70
13,CE,1591,March,Selection limited to 1–2009 CE; original historical calendar is not specified by the cited date page.,,EVT-MAR-13-03-1591,conflict,"At the Battle of Tondibi in Mali, Moroccan forces of the Saadi dynasty, led by Judar Pasha, defeat the Songhai Empire, despite being outnumbered by at least five to one.",At the Battle of Tondibi in Mali,1591 CE,https://en.wikipedia.org/wiki/March_13,March 13,"March 13, 1591","Wikipedia, March 13",documented date,military,,Gregorian date-page convention,target met,international,secondary reference; single-source date-page verification,20,verified against cited historical-events date page,20,73
13,CE,1741,March,Selection limited to 1–2009 CE; original historical calendar is not specified by the cited date page.,,EVT-MAR-13-08-1741,conflict,"On March 13, 1741, The Battle of Cartagena de Indias (part of the War of Jenkins' Ear) begins. This event is included in the documented historical-events chronology for this calendar date.",The Battle of Cartagena de Indias (part of the War of Jenkins' Ear) begins.,1741 CE,https://en.wikipedia.org/wiki/March_13,March 13,"March 13, 1741","Wikipedia, March 13",documented date,military,,Gregorian date-page convention,target met,international,secondary reference; single-source date-page verification,20,verified against cited historical-events date page,20,65
13,CE,1811,March,Selection limited to 1–2009 CE; original historical calendar is not specified by the cited date page.,,EVT-MAR-13-11-1811,conflict,"On March 13, 1811, A French and Italian fleet is defeated by a British squadron off the island of Vis in the Adriatic during the Napoleonic Wars. This event is included in the documented historical-events chronology for this calendar date.",A French and Italian fleet is defeated by a British squadron off the island of Vis in the Adriatic during the Napoleonic Wars.,1811 CE,https://en.wikipedia.org/wiki/March_13,March 13,"March 13, 1811","Wikipedia, March 13",documented date,military,,Gregorian date-page convention,target met,regional,secondary reference; single-source date-page verification,20,verified against cited historical-events date page,20,57
13,CE,1825,March,Selection limited to 1–2009 CE; original historical calendar is not specified by the cited date page.,,EVT-MAR-13-13-1825,political event,"On March 13, 1825, Pope Leo XII publishes the apostolic constitution Quo Graviora in which he renewed the prohibition on Catholics joining freemasonry. This event is included in the documented historical-events chronology for this calendar date.",Pope Leo XII publishes the apostolic constitution Quo Graviora in which he renewed the prohibition on Catholics joining freemasonry.,1825 CE,https://en.wikipedia.org/wiki/March_13,March 13,"March 13, 1825","Wikipedia, March 13",documented date,politics and governance,,Gregorian date-page convention,target met,regional,secondary reference; single-source date-page verification,20,verified against cited historical-events date page,20,51
13,CE,1848,March,Selection limited to 1–2009 CE; original historical calendar is not specified by the cited date page.,,EVT-MAR-13-12-1848,historical event,"On March 13, 1848, The German revolutions of 1848–1849 begin in Vienna. This event is included in the documented historical-events chronology for this calendar date. The cited date-page entry records this occurrence.",The German revolutions of 1848–1849 begin in Vienna.,1848 CE,https://en.wikipedia.org/wiki/March_13,March 13,"March 13, 1848","Wikipedia, March 13",documented date,general history,,Gregorian date-page convention,target met,regional,secondary reference; single-source date-page verification,20,verified against cited historical-events date page,20,52
13,CE,1888,March,Selection limited to 1–2009 CE; original historical calendar is not specified by the cited date page.,,EVT-MAR-13-06-1888,disaster,"On March 13, 1888, The eruption of Ritter Island triggers tsunamis that kill up to 3,000 people on nearby islands. This event is included in the documented historical-events chronology for this calendar date.",The eruption of Ritter Island triggers tsunamis that kill up to 3,1888 CE,https://en.wikipedia.org/wiki/March_13,March 13,"March 13, 1888","Wikipedia, March 13",documented date,natural disaster,,Gregorian date-page convention,target met,international,secondary reference; single-source date-page verification,20,verified against cited historical-events date page,20,67
13,CE,1940,March,Selection limited to 1–2009 CE; original historical calendar is not specified by the cited date page.,Europe,EVT-MAR-13-09-1940,conflict,"On March 13, 1940, The Winter War between Finland and the Soviet Union officially ends after the signing of the Moscow Peace Treaty. This event is included in the documented historical-events chronology for this calendar date.",The Winter War between Finland and the Soviet Union officially ends after the signing of the Moscow Peace Treaty.,1940 CE,https://en.wikipedia.org/wiki/March_13,March 13,"March 13, 1940","Wikipedia, March 13",documented date,military,Finland,Gregorian date-page convention,target met,regional,secondary reference; single-source date-page verification,20,verified against cited historical-events date page,20,63
13,CE,1954,March,Selection limited to 1–2009 CE; original historical calendar is not specified by the cited date page.,Asia,EVT-MAR-13-02-1954,conflict,The Battle of Điện Biên Phủ begins with an artillery barrage by Viet Minh forces under Võ Nguyên Giáp; Viet Minh victory led to the end of the First Indochina War and French withdrawal from Vietnam.,The Battle of Điện Biên Phủ begins with an artillery barrage by Viet Minh forces under Võ Nguyên Giáp,1954 CE,https://en.wikipedia.org/wiki/March_13,March 13,"March 13, 1954","Wikipedia, March 13",documented date,military,Vietnam,Gregorian date-page convention,target met,international,secondary reference; single-source date-page verification,20,verified against cited historical-events date page,20,74
13,CE,1989,March,Selection limited to 1–2009 CE; original historical calendar is not specified by the cited date page.,,EVT-MAR-13-10-1989,discovery,"On March 13, 1989, Space Shuttle Discovery launches on STS-29 carrying the TDRS-4 satellite. This event is included in the documented historical-events chronology for this calendar date. The cited date-page entry records this occurrence.",Space Shuttle Discovery launches on STS-29 carrying the TDRS-4 satellite.,1989 CE,https://en.wikipedia.org/wiki/March_13,March 13,"March 13, 1989","Wikipedia, March 13",documented date,science and technology,,Gregorian date-page convention,target met,regional,secondary reference; single-source date-page verification,20,verified against cited historical-events date page,20,58
14,CE,840,March,Selection limited to 1–2009 CE; original historical calendar is not specified by the cited date page.,,EVT-MAR-14-11-0840,historical event,"On March 14, 840, Einhard, Frankish scholar This event is included in the documented historical-events chronology for this calendar date. The cited date-page entry records this occurrence. The cited date-page entry records this occurrence.",Einhard,840 CE,https://en.wikipedia.org/wiki/March_14,March 14,"March 14, 840","Wikipedia, March 14",documented date,general history,,Gregorian date-page convention,target met,regional,secondary reference; single-source date-page verification,20,verified against cited historical-events date page,20,50
14,CE,968,March,Selection limited to 1–2009 CE; original historical calendar is not specified by the cited date page.,,EVT-MAR-14-12-0968,historical event,"On March 14, 968, Matilda of Ringelheim, Saxon queen (born c. 896) This event is included in the documented historical-events chronology for this calendar date. The cited date-page entry records this occurrence.",Matilda of Ringelheim,968 CE,https://en.wikipedia.org/wiki/March_14,March 14,"March 14, 968","Wikipedia, March 14",documented date,general history,,Gregorian date-page convention,target met,regional,secondary reference; single-source date-page verification,20,verified against cited historical-events date page,20,50
14,CE,1074,March,Selection limited to 1–2009 CE; original historical calendar is not specified by the cited date page.,Europe,EVT-MAR-14-02-1074,conflict,"On March 14, 1074, Battle of Mogyoród: Dukes Géza and Ladislaus defeat their cousin Solomon, King of Hungary, forcing him to flee to Hungary's western borderland. This event is included in the documented historical-events chronology for this calendar date.",Battle of Mogyoród,1074 CE,https://en.wikipedia.org/wiki/March_14,March 14,"March 14, 1074","Wikipedia, March 14",documented date,military,Hungary,Gregorian date-page convention,target met,international,secondary reference; single-source date-page verification,20,verified against cited historical-events date page,20,67
14,CE,1297,March,Selection limited to 1–2009 CE; original historical calendar is not specified by the cited date page.,,EVT-MAR-14-13-1297,historical event,"On March 14, 1297, Uljay Qutlugh Khatun, Mongol empress consort of the Ilkhanate. This event is included in the documented historical-events chronology for this calendar date. The cited date-page entry records this occurrence.",Uljay Qutlugh Khatun,1297 CE,https://en.wikipedia.org/wiki/March_14,March 14,"March 14, 1297","Wikipedia, March 14",documented date,general history,,Gregorian date-page convention,target met,regional,secondary reference; single-source date-page verification,20,verified against cited historical-events date page,20,50
14,CE,1471,March,Selection limited to 1–2009 CE; original historical calendar is not specified by the cited date page.,,EVT-MAR-14-14-1471,cultural event,"On March 14, 1471, Thomas Malory, English writer, the author of Le Morte d'Arthur This event is included in the documented historical-events chronology for this calendar date. The cited date-page entry records this occurrence.",Thomas Malory,1471 CE,https://en.wikipedia.org/wiki/March_14,March 14,"March 14, 1471","Wikipedia, March 14",documented date,culture and society,,Gregorian date-page convention,target met,regional,secondary reference; single-source date-page verification,20,verified against cited historical-events date page,20,50
14,CE,1555,March,Selection limited to 1–2009 CE; original historical calendar is not specified by the cited date page.,,EVT-MAR-14-15-1555,historical event,"On March 14, 1555, John Russell, 1st Earl of Bedford (born 1485) This event is included in the documented historical-events chronology for this calendar date. The cited date-page entry records this occurrence.",John Russell,1555 CE,https://en.wikipedia.org/wiki/March_14,March 14,"March 14, 1555","Wikipedia, March 14",documented date,general history,,Gregorian date-page convention,target met,regional,secondary reference; single-source date-page verification,20,verified against cited historical-events date page,20,50
14,CE,1590,March,Selection limited to 1–2009 CE; original historical calendar is not specified by the cited date page.,,EVT-MAR-14-01-1590,conflict,"On March 14, 1590, Battle of Ivry: Henry of Navarre and the Huguenots defeat the forces of the Catholic League under Charles, Duke of Mayenne, during the French Wars of Religion. This event is included in the documented historical-events chronology for this calendar date.",Battle of Ivry,1590 CE,https://en.wikipedia.org/wiki/March_14,March 14,"March 14, 1590","Wikipedia, March 14",documented date,military,,Gregorian date-page convention,target met,international,secondary reference; single-source date-page verification,20,verified against cited historical-events date page,20,77
14,CE,1647,March,Selection limited to 1–2009 CE; original historical calendar is not specified by the cited date page.,Europe,EVT-MAR-14-16-1647,conflict,"On March 14, 1647, Thirty Years' War: Bavaria, Cologne, France and Sweden sign the Truce of Ulm. This event is included in the documented historical-events chronology for this calendar date.",Thirty Years' War,1647 CE,https://en.wikipedia.org/wiki/March_14,March 14,"March 14, 1647","Wikipedia, March 14",documented date,military,France,Gregorian date-page convention,target met,regional,secondary reference; single-source date-page verification,20,verified against cited historical-events date page,20,50
14,CE,1674,March,Selection limited to 1–2009 CE; original historical calendar is not specified by the cited date page.,Asia,EVT-MAR-14-04-1674,conflict,The Third Anglo-Dutch War: The Battle of Ronas Voe results in the Dutch East India Company ship Wapen van Rotterdam being captured with a death toll of up to 300 Dutch crew and soldiers.,The Third Anglo-Dutch War,1674 CE,https://en.wikipedia.org/wiki/March_14,March 14,"March 14, 1674","Wikipedia, March 14",documented date,military,India,Gregorian date-page convention,target met,regional,secondary reference; single-source date-page verification,20,verified against cited historical-events date page,20,60
14,CE,1757,March,Selection limited to 1–2009 CE; original historical calendar is not specified by the cited date page.,,EVT-MAR-14-06-1757,conflict,"On March 14, 1757, Admiral Sir John Byng is executed by firing squad aboard HMS Monarch for breach of the Articles of War. This event is included in the documented historical-events chronology for this calendar date.",Admiral Sir John Byng is executed by firing squad aboard HMS Monarch for breach of the Articles of War.,1757 CE,https://en.wikipedia.org/wiki/March_14,March 14,"March 14, 1757","Wikipedia, March 14",documented date,military,,Gregorian date-page convention,target met,regional,secondary reference; single-source date-page verification,20,verified against cited historical-events date page,20,57
14,CE,1772,March,Selection limited to 1–2009 CE; original historical calendar is not specified by the cited date page.,Europe,EVT-MAR-14-09-1772,political event,"On March 14, 1772, José Núñez de Cáceres, Dominican politician and writer. He was the leader of the Independence movement of the Dominican Republic against Spain in 1821 (died 1846) This event is included in the documented historical-events chronology for this calendar date.",José Núñez de Cáceres,1772 CE,https://en.wikipedia.org/wiki/March_14,March 14,"March 14, 1772","Wikipedia, March 14",documented date,politics and governance,Spain,Gregorian date-page convention,target met,regional,secondary reference; single-source date-page verification,20,verified against cited historical-events date page,20,54
14,CE,1780,March,Selection limited to 1–2009 CE; original historical calendar is not specified by the cited date page.,,EVT-MAR-14-03-1780,conflict,"On March 14, 1780, American Revolutionary War: Spanish forces capture Fort Charlotte in Mobile, Alabama, the last British frontier post capable of threatening New Orleans. This event is included in the documented historical-events chronology for this calendar date.",American Revolutionary War,1780 CE,https://en.wikipedia.org/wiki/March_14,March 14,"March 14, 1780","Wikipedia, March 14",documented date,military,,Gregorian date-page convention,target met,regional,secondary reference; single-source date-page verification,20,verified against cited historical-events date page,20,62
14,CE,1823,March,Selection limited to 1–2009 CE; original historical calendar is not specified by the cited date page.,,EVT-MAR-14-17-1823,conflict,"On March 14, 1823, Charles François Dumouriez, French general and politician, French Minister of War (born 1739) This event is included in the documented historical-events chronology for this calendar date.",Charles François Dumouriez,1823 CE,https://en.wikipedia.org/wiki/March_14,March 14,"March 14, 1823","Wikipedia, March 14",documented date,military,,Gregorian date-page convention,target met,regional,secondary reference; single-source date-page verification,20,verified against cited historical-events date page,20,50
14,CE,1903,March,Selection limited to 1–2009 CE; original historical calendar is not specified by the cited date page.,,EVT-MAR-14-20-1903,political event,"On March 14, 1903, Pelican Island National Wildlife Refuge, the first national wildlife refuge in the US, is established by President Theodore Roosevelt. This event is included in the documented historical-events chronology for this calendar date.",Pelican Island National Wildlife Refuge,1903 CE,https://en.wikipedia.org/wiki/March_14,March 14,"March 14, 1903","Wikipedia, March 14",documented date,politics and governance,,Gregorian date-page convention,target met,regional,secondary reference; single-source date-page verification,20,verified against cited historical-events date page,20,49
14,CE,1939,March,Selection limited to 1–2009 CE; original historical calendar is not specified by the cited date page.,,EVT-MAR-14-05-1939,political event,"On March 14, 1939, Slovakia declares independence under German pressure. This event is included in the documented historical-events chronology for this calendar date. The cited date-page entry records this occurrence.",Slovakia declares independence under German pressure.,1939 CE,https://en.wikipedia.org/wiki/March_14,March 14,"March 14, 1939","Wikipedia, March 14",documented date,politics and governance,,Gregorian date-page convention,target met,regional,secondary reference; single-source date-page verification,20,verified against cited historical-events date page,20,59
14,CE,1951,March,Selection limited to 1–2009 CE; original historical calendar is not specified by the cited date page.,,EVT-MAR-14-07-1951,conflict,"On March 14, 1951, Korean War: United Nations troops recapture Seoul for the second time. This event is included in the documented historical-events chronology for this calendar date. The cited date-page entry records this occurrence.",Korean War,1951 CE,https://en.wikipedia.org/wiki/March_14,March 14,"March 14, 1951","Wikipedia, March 14",documented date,military,,Gregorian date-page convention,target met,regional,secondary reference; single-source date-page verification,20,verified against cited historical-events date page,20,56
14,CE,1980,March,Selection limited to 1–2009 CE; original historical calendar is not specified by the cited date page.,Europe,EVT-MAR-14-10-1980,conflict,"On March 14, 1980, LOT Polish Airlines Flight 007 crashes during final approach near Warsaw, Poland, killing 87 people, including a 14-man American boxing team. This event is included in the documented historical-events chronology for this calendar date.",LOT Polish Airlines Flight 007 crashes during final approach near Warsaw,1980 CE,https://en.wikipedia.org/wiki/March_14,March 14,"March 14, 1980","Wikipedia, March 14",documented date,military,Poland,Gregorian date-page convention,target met,regional,secondary reference; single-source date-page verification,20,verified against cited historical-events date page,20,52
14,CE,1988,March,Selection limited to 1–2009 CE; original historical calendar is not specified by the cited date page.,,EVT-MAR-14-18-1988,historical event,"On March 14, 1988, In the Johnson South Reef Skirmish Chinese forces defeat Vietnamese forces in an altercation over control of one of the Spratly Islands. This event is included in the documented historical-events chronology for this calendar date.",In the Johnson South Reef Skirmish Chinese forces defeat Vietnamese forces in an altercation over control of one of the Spratly Islands.,1988 CE,https://en.wikipedia.org/wiki/March_14,March 14,"March 14, 1988","Wikipedia, March 14",documented date,general history,,Gregorian date-page convention,target met,regional,secondary reference; single-source date-page verification,20,verified against cited historical-events date page,20,50
14,CE,1995,March,Selection limited to 1–2009 CE; original historical calendar is not specified by the cited date page.,,EVT-MAR-14-08-1995,discovery,"On March 14, 1995, Norman Thagard becomes the first American astronaut to ride to space on board a Russian launch vehicle. This event is included in the documented historical-events chronology for this calendar date.",Norman Thagard becomes the first American astronaut to ride to space on board a Russian launch vehicle.,1995 CE,https://en.wikipedia.org/wiki/March_14,March 14,"March 14, 1995","Wikipedia, March 14",documented date,science and technology,,Gregorian date-page convention,target met,regional,secondary reference; single-source date-page verification,20,verified against cited historical-events date page,20,56
14,CE,2006,March,Selection limited to 1–2009 CE; original historical calendar is not specified by the cited date page.,,EVT-MAR-14-19-2006,historical event,"On March 14, 2006, The 2006 Chadian coup d'état attempt ends in failure. This event is included in the documented historical-events chronology for this calendar date. The cited date-page entry records this occurrence.",The 2006 Chadian coup d'état attempt ends in failure.,2006 CE,https://en.wikipedia.org/wiki/March_14,March 14,"March 14, 2006","Wikipedia, March 14",documented date,general history,,Gregorian date-page convention,target met,regional,secondary reference; single-source date-page verification,20,verified against cited historical-events date page,20,50
15,CE,220,March,Selection limited to 1–2009 CE; original historical calendar is not specified by the cited date page.,,EVT-MAR-15-08-0220,conflict,"On March 15, 220, Cao Cao, Chinese general, warlord and statesman This event is included in the documented historical-events chronology for this calendar date. The cited date-page entry records this occurrence.",Cao Cao,220 CE,https://en.wikipedia.org/wiki/March_15,March 15,"March 15, 220","Wikipedia, March 15",documented date,military,,Gregorian date-page convention,target met,regional,secondary reference; single-source date-page verification,20,verified against cited historical-events date page,20,60
15,CE,351,March,Selection limited to 1–2009 CE; original historical calendar is not specified by the cited date page.,,EVT-MAR-15-20-0351,historical event,"On March 15, 351, Constantius Gallus is elevated as Caesar and then sent to Antioch to govern the Roman East. This event is included in the documented historical-events chronology for this calendar date.",Constantius Gallus is elevated as Caesar and then sent to Antioch to govern the Roman East.,351 CE,https://en.wikipedia.org/wiki/March_15,March 15,"March 15, 351","Wikipedia, March 15",documented date,general history,,Gregorian date-page convention,target met,regional,secondary reference; single-source date-page verification,20,verified against cited historical-events date page,20,50
15,CE,493,March,Selection limited to 1–2009 CE; original historical calendar is not specified by the cited date page.,Europe,EVT-MAR-15-05-0493,political event,"Odoacer, the first barbarian King of Italy after the fall of the Western Roman Empire, is slain by Theoderic the Great, king of the Ostrogoths, while the two kings were feasting together.",Odoacer,493 CE,https://en.wikipedia.org/wiki/March_15,March 15,"March 15, 493","Wikipedia, March 15",documented date,politics and governance,Italy,Gregorian date-page convention,target met,regional,secondary reference; single-source date-page verification,20,verified against cited historical-events date page,20,62
15,CE,493,March,Selection limited to 1–2009 CE; original historical calendar is not specified by the cited date page.,Europe,EVT-MAR-15-06-0493,political event,"On March 15, 493, Odoacer, first king of Italy after the fall of the Western Roman Empire (born 433) This event is included in the documented historical-events chronology for this calendar date.",Odoacer,493 CE,https://en.wikipedia.org/wiki/March_15,March 15,"March 15, 493","Wikipedia, March 15",documented date,politics and governance,Italy,Gregorian date-page convention,target met,regional,secondary reference; single-source date-page verification,20,verified against cited historical-events date page,20,62
15,CE,856,March,Selection limited to 1–2009 CE; original historical calendar is not specified by the cited date page.,,EVT-MAR-15-14-0856,political event,"On March 15, 856, Michael III, emperor of the Byzantine Empire, overthrows the regency of his mother, empress Theodora (wife of Theophilos) with support of the Byzantine nobility. This event is included in the documented historical-events chronology for this calendar date.",Michael III,856 CE,https://en.wikipedia.org/wiki/March_15,March 15,"March 15, 856","Wikipedia, March 15",documented date,politics and governance,,Gregorian date-page convention,target met,regional,secondary reference; single-source date-page verification,20,verified against cited historical-events date page,20,56
15,CE,933,March,Selection limited to 1–2009 CE; original historical calendar is not specified by the cited date page.,,EVT-MAR-15-02-0933,conflict,"On March 15, 933, After a ten-year truce, German King Henry the Fowler defeats a Hungarian army at the Battle of Riade near the Unstrut river. This event is included in the documented historical-events chronology for this calendar date.",After a ten-year truce,933 CE,https://en.wikipedia.org/wiki/March_15,March 15,"March 15, 933","Wikipedia, March 15",documented date,military,,Gregorian date-page convention,target met,international,secondary reference; single-source date-page verification,20,verified against cited historical-events date page,20,67
15,CE,1311,March,Selection limited to 1–2009 CE; original historical calendar is not specified by the cited date page.,Europe,EVT-MAR-15-03-1311,conflict,"On March 15, 1311, Battle of Halmyros: The Catalan Company defeats Walter V, Count of Brienne to take control of the Duchy of Athens, a Crusader state in Greece. This event is included in the documented historical-events chronology for this calendar date.",Battle of Halmyros,1311 CE,https://en.wikipedia.org/wiki/March_15,March 15,"March 15, 1311","Wikipedia, March 15",documented date,military,Greece,Gregorian date-page convention,target met,international,secondary reference; single-source date-page verification,20,verified against cited historical-events date page,20,67
15,CE,1412,March,Selection limited to 1–2009 CE; original historical calendar is not specified by the cited date page.,Europe,EVT-MAR-15-07-1412,political event,"Treaty of Lublowa: After the Peace of Thorn, Grand Master Heinrich von Plauen asks Sigismund of Hungary for economic aid. Sigismund agrees to mediate reduction to the third installment, demarcation of the Samogitian border, and other matters with a grand tournament. Hunts and lavish feasts were also organized. Sigismund invited, among others, polish king Wladyslaw Jagiello, Heinrich von Plauen and bosnian king Tvrtko II. There were people from 17 countries and languages - 40.000 nobles and 2000 knights were present",Treaty of Lublowa,1412 CE,https://en.wikipedia.org/wiki/March_15,March 15,"March 15, 1412","Wikipedia, March 15",documented date,politics and governance,Hungary,Gregorian date-page convention,target met,regional,secondary reference; single-source date-page verification,20,verified against cited historical-events date page,20,62
15,CE,1536,March,Selection limited to 1–2009 CE; original historical calendar is not specified by the cited date page.,,EVT-MAR-15-15-1536,historical event,"On March 15, 1536, Pargalı Ibrahim Pasha, Ottoman politician, Grand Vizier of the Ottoman Empire (born 1493) This event is included in the documented historical-events chronology for this calendar date.",Pargalı Ibrahim Pasha,1536 CE,https://en.wikipedia.org/wiki/March_15,March 15,"March 15, 1536","Wikipedia, March 15",documented date,general history,,Gregorian date-page convention,target met,regional,secondary reference; single-source date-page verification,20,verified against cited historical-events date page,20,56
15,CE,1564,March,Selection limited to 1–2009 CE; original historical calendar is not specified by the cited date page.,,EVT-MAR-15-11-1564,political event,"On March 15, 1564, Mughal Emperor Akbar abolishes the jizya tax on non-Muslim subjects. This event is included in the documented historical-events chronology for this calendar date. The cited date-page entry records this occurrence.",Mughal Emperor Akbar abolishes the jizya tax on non-Muslim subjects.,1564 CE,https://en.wikipedia.org/wiki/March_15,March 15,"March 15, 1564","Wikipedia, March 15",documented date,politics and governance,,Gregorian date-page convention,target met,regional,secondary reference; single-source date-page verification,20,verified against cited historical-events date page,20,59
15,CE,1781,March,Selection limited to 1–2009 CE; original historical calendar is not specified by the cited date page.,,EVT-MAR-15-12-1781,conflict,"On March 15, 1781, The British under Charles Cornwallis defeat American forces under Nathanael Greene in the battle of Guilford Court House. This event is included in the documented historical-events chronology for this calendar date.",The British under Charles Cornwallis defeat American forces under Nathanael Greene in the battle of Guilford Court House.,1781 CE,https://en.wikipedia.org/wiki/March_15,March 15,"March 15, 1781","Wikipedia, March 15",documented date,military,,Gregorian date-page convention,target met,regional,secondary reference; single-source date-page verification,20,verified against cited historical-events date page,20,57
15,CE,1848,March,Selection limited to 1–2009 CE; original historical calendar is not specified by the cited date page.,Europe,EVT-MAR-15-18-1848,cultural event,"On March 15, 1848, A revolution breaks out in Hungary, and the Habsburg rulers are compelled to meet the demands of the reform party. This event is included in the documented historical-events chronology for this calendar date.",A revolution breaks out in Hungary,1848 CE,https://en.wikipedia.org/wiki/March_15,March 15,"March 15, 1848","Wikipedia, March 15",documented date,culture and society,Hungary,Gregorian date-page convention,target met,regional,secondary reference; single-source date-page verification,20,verified against cited historical-events date page,20,52
15,CE,1874,March,Selection limited to 1–2009 CE; original historical calendar is not specified by the cited date page.,Europe,EVT-MAR-15-19-1874,political event,"On March 15, 1874, France and Vietnam sign the Second Treaty of Saigon, further recognizing the full sovereignty of France over Cochinchina. This event is included in the documented historical-events chronology for this calendar date.",France and Vietnam sign the Second Treaty of Saigon,1874 CE,https://en.wikipedia.org/wiki/March_15,March 15,"March 15, 1874","Wikipedia, March 15",documented date,politics and governance,France,Gregorian date-page convention,target met,regional,secondary reference; single-source date-page verification,20,verified against cited historical-events date page,20,52
15,CE,1918,March,Selection limited to 1–2009 CE; original historical calendar is not specified by the cited date page.,,EVT-MAR-15-09-1918,conflict,"On March 15, 1918, Finnish Civil War: The battle of Tampere begins. This event is included in the documented historical-events chronology for this calendar date. The cited date-page entry records this occurrence.",Finnish Civil War,1918 CE,https://en.wikipedia.org/wiki/March_15,March 15,"March 15, 1918","Wikipedia, March 15",documented date,military,,Gregorian date-page convention,target met,regional,secondary reference; single-source date-page verification,20,verified against cited historical-events date page,20,60
15,CE,1919,March,Selection limited to 1–2009 CE; original historical calendar is not specified by the cited date page.,Europe,EVT-MAR-15-01-1919,conflict,"On March 15, 1919, Ukrainian War of Independence: The Kontrrazvedka is established as the counterintelligence division of the Revolutionary Insurgent Army of Ukraine. This event is included in the documented historical-events chronology for this calendar date.",Ukrainian War of Independence,1919 CE,https://en.wikipedia.org/wiki/March_15,March 15,"March 15, 1919","Wikipedia, March 15",documented date,military,Ukraine,Gregorian date-page convention,target met,international,secondary reference; single-source date-page verification,20,verified against cited historical-events date page,20,79
15,CE,1921,March,Selection limited to 1–2009 CE; original historical calendar is not specified by the cited date page.,,EVT-MAR-15-04-1921,historical event,"On March 15, 1921, Talaat Pasha, former Grand Vizir of the Ottoman Empire and chief architect of the Armenian genocide, is assassinated in Berlin by a 23-year-old Armenian, Soghomon Tehlirian. This event is included in the documented historical-events chronology for this calendar date.",Talaat Pasha,1921 CE,https://en.wikipedia.org/wiki/March_15,March 15,"March 15, 1921","Wikipedia, March 15",documented date,general history,,Gregorian date-page convention,target met,international,secondary reference; single-source date-page verification,20,verified against cited historical-events date page,20,65
15,CE,1922,March,Selection limited to 1–2009 CE; original historical calendar is not specified by the cited date page.,Africa,EVT-MAR-15-16-1922,political event,"On March 15, 1922, After Egypt gains nominal independence from the United Kingdom, Fuad I becomes King of Egypt. This event is included in the documented historical-events chronology for this calendar date.",After Egypt gains nominal independence from the United Kingdom,1922 CE,https://en.wikipedia.org/wiki/March_15,March 15,"March 15, 1922","Wikipedia, March 15",documented date,politics and governance,Egypt,Gregorian date-page convention,target met,regional,secondary reference; single-source date-page verification,20,verified against cited historical-events date page,20,54
15,CE,1939,March,Selection limited to 1–2009 CE; original historical calendar is not specified by the cited date page.,Europe,EVT-MAR-15-17-1939,political event,"On March 15, 1939, Carpatho-Ukraine declares itself an independent republic, but is annexed by Hungary the next day. This event is included in the documented historical-events chronology for this calendar date.",Carpatho-Ukraine declares itself an independent republic,1939 CE,https://en.wikipedia.org/wiki/March_15,March 15,"March 15, 1939","Wikipedia, March 15",documented date,politics and governance,Hungary,Gregorian date-page convention,target met,regional,secondary reference; single-source date-page verification,20,verified against cited historical-events date page,20,54
15,CE,1943,March,Selection limited to 1–2009 CE; original historical calendar is not specified by the cited date page.,,EVT-MAR-15-10-1943,conflict,"On March 15, 1943, World War II: Third Battle of Kharkiv: The Germans retake the city of Kharkiv from the Soviet armies. This event is included in the documented historical-events chronology for this calendar date.",World War II,1943 CE,https://en.wikipedia.org/wiki/March_15,March 15,"March 15, 1943","Wikipedia, March 15",documented date,military,,Gregorian date-page convention,target met,regional,secondary reference; single-source date-page verification,20,verified against cited historical-events date page,20,60
15,CE,1991,March,Selection limited to 1–2009 CE; original historical calendar is not specified by the cited date page.,Europe,EVT-MAR-15-13-1991,conflict,"On March 15, 1991, Cold War: The Treaty on the Final Settlement with Respect to Germany comes into effect, granting full sovereignty to the Federal Republic of Germany. This event is included in the documented historical-events chronology for this calendar date.",Cold War,1991 CE,https://en.wikipedia.org/wiki/March_15,March 15,"March 15, 1991","Wikipedia, March 15",documented date,military,Germany,Gregorian date-page convention,target met,regional,secondary reference; single-source date-page verification,20,verified against cited historical-events date page,20,57
16,CE,445,March,Selection limited to 1–2009 CE; original historical calendar is not specified by the cited date page.,,EVT-MAR-16-03-0445,political event,"On March 16, 445, Western Roman Emperor Valentinian III is assassinated while practising on the Campus Martius on behalf of Petronius Maximus. This event is included in the documented historical-events chronology for this calendar date.",Western Roman Emperor Valentinian III is assassinated while practising on the Campus Martius on behalf of Petronius Maximus.,445 CE,https://en.wikipedia.org/wiki/March_16,March 16,"March 16, 445","Wikipedia, March 16",documented date,politics and governance,,Gregorian date-page convention,target met,regional,secondary reference; single-source date-page verification,20,verified against cited historical-events date page,20,61
16,CE,455,March,Selection limited to 1–2009 CE; original historical calendar is not specified by the cited date page.,,EVT-MAR-16-04-0455,political event,"On March 16, 455, Valentinian III, Roman emperor (assassinated; b. 419) This event is included in the documented historical-events chronology for this calendar date. The cited date-page entry records this occurrence.",Valentinian III,455 CE,https://en.wikipedia.org/wiki/March_16,March 16,"March 16, 455","Wikipedia, March 16",documented date,politics and governance,,Gregorian date-page convention,target met,regional,secondary reference; single-source date-page verification,20,verified against cited historical-events date page,20,61
16,CE,455,March,Selection limited to 1–2009 CE; original historical calendar is not specified by the cited date page.,,EVT-MAR-16-17-0455,historical event,"On March 16, 455, Heraclius, Roman courtier (primicerius sacri cubiculi ) This event is included in the documented historical-events chronology for this calendar date. The cited date-page entry records this occurrence.",Heraclius,455 CE,https://en.wikipedia.org/wiki/March_16,March 16,"March 16, 455","Wikipedia, March 16",documented date,general history,,Gregorian date-page convention,target met,regional,secondary reference; single-source date-page verification,20,verified against cited historical-events date page,20,50
16,CE,842,March,Selection limited to 1–2009 CE; original historical calendar is not specified by the cited date page.,,EVT-MAR-16-18-0842,historical event,"On March 16, 842, Xiao Mian, chancellor of the Tang dynasty This event is included in the documented historical-events chronology for this calendar date. The cited date-page entry records this occurrence.",Xiao Mian,842 CE,https://en.wikipedia.org/wiki/March_16,March 16,"March 16, 842","Wikipedia, March 16",documented date,general history,,Gregorian date-page convention,target met,regional,secondary reference; single-source date-page verification,20,verified against cited historical-events date page,20,50
16,CE,933,March,Selection limited to 1–2009 CE; original historical calendar is not specified by the cited date page.,Africa,EVT-MAR-16-19-0933,historical event,"On March 16, 933, Takin al-Khazari, Egyptian commander and politician, Abbasid Governor of Egypt This event is included in the documented historical-events chronology for this calendar date. The cited date-page entry records this occurrence.",Takin al-Khazari,933 CE,https://en.wikipedia.org/wiki/March_16,March 16,"March 16, 933","Wikipedia, March 16",documented date,general history,Egypt,Gregorian date-page convention,target met,regional,secondary reference; single-source date-page verification,20,verified against cited historical-events date page,20,50
16,CE,943,March,Selection limited to 1–2009 CE; original historical calendar is not specified by the cited date page.,,EVT-MAR-16-20-0943,historical event,"On March 16, 943, Pi Guangye, Chinese official and chancellor (born 877) This event is included in the documented historical-events chronology for this calendar date. The cited date-page entry records this occurrence.",Pi Guangye,943 CE,https://en.wikipedia.org/wiki/March_16,March 16,"March 16, 943","Wikipedia, March 16",documented date,general history,,Gregorian date-page convention,target met,regional,secondary reference; single-source date-page verification,20,verified against cited historical-events date page,20,50
16,CE,1190,March,Selection limited to 1–2009 CE; original historical calendar is not specified by the cited date page.,,EVT-MAR-16-06-1190,conflict,"On March 16, 1190, Massacre of Jews at Clifford's Tower, York. This event is included in the documented historical-events chronology for this calendar date. The cited date-page entry records this occurrence.",Massacre of Jews at Clifford's Tower,1190 CE,https://en.wikipedia.org/wiki/March_16,March 16,"March 16, 1190","Wikipedia, March 16",documented date,military,,Gregorian date-page convention,target met,regional,secondary reference; single-source date-page verification,20,verified against cited historical-events date page,20,60
16,CE,1355,March,Selection limited to 1–2009 CE; original historical calendar is not specified by the cited date page.,,EVT-MAR-16-09-1355,political event,"On March 16, 1355, Amidst the Red Turban Rebellions, Han Lin'er, a claimed descendant of Emperor Huizong of Song, is proclaimed emperor of the restored Song dynasty in Bozhou. This event is included in the documented historical-events chronology for this calendar date.",Amidst the Red Turban Rebellions,1355 CE,https://en.wikipedia.org/wiki/March_16,March 16,"March 16, 1355","Wikipedia, March 16",documented date,politics and governance,,Gregorian date-page convention,target met,regional,secondary reference; single-source date-page verification,20,verified against cited historical-events date page,20,58
16,CE,1410,March,Selection limited to 1–2009 CE; original historical calendar is not specified by the cited date page.,,EVT-MAR-16-07-1410,conflict,"On March 16, 1410, John Beaufort, 1st Earl of Somerset, French-English admiral and politician, Lord Warden of the Cinque Ports (born 1373) This event is included in the documented historical-events chronology for this calendar date.",John Beaufort,1410 CE,https://en.wikipedia.org/wiki/March_16,March 16,"March 16, 1410","Wikipedia, March 16",documented date,military,,Gregorian date-page convention,target met,regional,secondary reference; single-source date-page verification,20,verified against cited historical-events date page,20,60
16,CE,1559,March,Selection limited to 1–2009 CE; original historical calendar is not specified by the cited date page.,,EVT-MAR-16-08-1559,conflict,"On March 16, 1559, Amar Singh I, successor of Maharana Pratap of Mewar (died 1620) This event is included in the documented historical-events chronology for this calendar date. The cited date-page entry records this occurrence.",Amar Singh I,1559 CE,https://en.wikipedia.org/wiki/March_16,March 16,"March 16, 1559","Wikipedia, March 16",documented date,military,,Gregorian date-page convention,target met,regional,secondary reference; single-source date-page verification,20,verified against cited historical-events date page,20,60
16,CE,1815,March,Selection limited to 1–2009 CE; original historical calendar is not specified by the cited date page.,Europe,EVT-MAR-16-01-1815,political event,"On March 16, 1815, Prince Willem proclaims himself King of the United Kingdom of the Netherlands, the first constitutional monarch in the Netherlands. This event is included in the documented historical-events chronology for this calendar date.",Prince Willem proclaims himself King of the United Kingdom of the Netherlands,1815 CE,https://en.wikipedia.org/wiki/March_16,March 16,"March 16, 1815","Wikipedia, March 16",documented date,politics and governance,Netherlands,Gregorian date-page convention,target met,international,secondary reference; single-source date-page verification,20,verified against cited historical-events date page,20,70
16,CE,1872,March,Selection limited to 1–2009 CE; original historical calendar is not specified by the cited date page.,,EVT-MAR-16-15-1872,historical event,"On March 16, 1872, The Wanderers F.C. win the first FA Cup, the oldest football competition in the world, beating Royal Engineers A.F.C. 1–0 at The Oval in Kennington, London. This event is included in the documented historical-events chronology for this calendar date.",The Wanderers F.C. win the first FA Cup,1872 CE,https://en.wikipedia.org/wiki/March_16,March 16,"March 16, 1872","Wikipedia, March 16",documented date,general history,,Gregorian date-page convention,target met,regional,secondary reference; single-source date-page verification,20,verified against cited historical-events date page,20,51
16,CE,1898,March,Selection limited to 1–2009 CE; original historical calendar is not specified by the cited date page.,Oceania,EVT-MAR-16-16-1898,political event,"On March 16, 1898, In Melbourne, the representatives of five colonies adopt a constitution, which would become the basis of the Commonwealth of Australia. [page needed] This event is included in the documented historical-events chronology for this calendar date.",In Melbourne,1898 CE,https://en.wikipedia.org/wiki/March_16,March 16,"March 16, 1898","Wikipedia, March 16",documented date,politics and governance,Australia,Gregorian date-page convention,target met,regional,secondary reference; single-source date-page verification,20,verified against cited historical-events date page,20,51
16,CE,1918,March,Selection limited to 1–2009 CE; original historical calendar is not specified by the cited date page.,,EVT-MAR-16-13-1918,conflict,"On March 16, 1918, Finnish Civil War: Battle of Länkipohja is infamous for its bloody aftermath as the Whites execute 70–100 capitulated Reds. This event is included in the documented historical-events chronology for this calendar date.",Finnish Civil War,1918 CE,https://en.wikipedia.org/wiki/March_16,March 16,"March 16, 1918","Wikipedia, March 16",documented date,military,,Gregorian date-page convention,target met,regional,secondary reference; single-source date-page verification,20,verified against cited historical-events date page,20,55
16,CE,1924,March,Selection limited to 1–2009 CE; original historical calendar is not specified by the cited date page.,Europe,EVT-MAR-16-10-1924,political event,"On March 16, 1924, In accordance with the Treaty of Rome, Fiume becomes annexed as part of Italy. This event is included in the documented historical-events chronology for this calendar date.",In accordance with the Treaty of Rome,1924 CE,https://en.wikipedia.org/wiki/March_16,March 16,"March 16, 1924","Wikipedia, March 16",documented date,politics and governance,Italy,Gregorian date-page convention,target met,regional,secondary reference; single-source date-page verification,20,verified against cited historical-events date page,20,56
16,CE,1945,March,Selection limited to 1–2009 CE; original historical calendar is not specified by the cited date page.,,EVT-MAR-16-02-1945,conflict,"On March 16, 1945, World War II: The Battle of Iwo Jima ends, but small pockets of Japanese resistance persist. This event is included in the documented historical-events chronology for this calendar date.",World War II,1945 CE,https://en.wikipedia.org/wiki/March_16,March 16,"March 16, 1945","Wikipedia, March 16",documented date,military,,Gregorian date-page convention,target met,international,secondary reference; single-source date-page verification,20,verified against cited historical-events date page,20,66
16,CE,1966,March,Selection limited to 1–2009 CE; original historical calendar is not specified by the cited date page.,,EVT-MAR-16-11-1966,discovery,"On March 16, 1966, Launch of Gemini 8 with astronauts Neil Armstrong and David Scott. It would perform the first docking of two spacecraft in orbit. This event is included in the documented historical-events chronology for this calendar date.",Launch of Gemini 8 with astronauts Neil Armstrong and David Scott. It would perform the first docking of two spacecraft in orbit.,1966 CE,https://en.wikipedia.org/wiki/March_16,March 16,"March 16, 1966","Wikipedia, March 16",documented date,science and technology,,Gregorian date-page convention,target met,regional,secondary reference; single-source date-page verification,20,verified against cited historical-events date page,20,56
16,CE,1968,March,Selection limited to 1–2009 CE; original historical calendar is not specified by the cited date page.,Asia,EVT-MAR-16-05-1968,conflict,"On March 16, 1968, Vietnam War: My Lai massacre occurs; between 347 and 500 Vietnamese villagers are killed by American troops. This event is included in the documented historical-events chronology for this calendar date.",Vietnam War,1968 CE,https://en.wikipedia.org/wiki/March_16,March 16,"March 16, 1968","Wikipedia, March 16",documented date,military,Vietnam,Gregorian date-page convention,target met,regional,secondary reference; single-source date-page verification,20,verified against cited historical-events date page,20,61
16,CE,1977,March,Selection limited to 1–2009 CE; original historical calendar is not specified by the cited date page.,,EVT-MAR-16-12-1977,conflict,"On March 16, 1977, Assassination of Kamal Jumblatt, the main leader of the anti-government forces in the Lebanese Civil War. This event is included in the documented historical-events chronology for this calendar date.",Assassination of Kamal Jumblatt,1977 CE,https://en.wikipedia.org/wiki/March_16,March 16,"March 16, 1977","Wikipedia, March 16",documented date,military,,Gregorian date-page convention,target met,regional,secondary reference; single-source date-page verification,20,verified against cited historical-events date page,20,56
16,CE,1995,March,Selection limited to 1–2009 CE; original historical calendar is not specified by the cited date page.,Americas,EVT-MAR-16-14-1995,political event,"On March 16, 1995, Mississippi formally ratifies the Thirteenth Amendment to the United States Constitution, becoming the last state to approve the abolition of slavery. The Thirteenth Amendment was officially ratified in 1865. This event is included in the documented historical-events chronology for this calendar date.",Mississippi formally ratifies the Thirteenth Amendment to the United States Constitution,1995 CE,https://en.wikipedia.org/wiki/March_16,March 16,"March 16, 1995","Wikipedia, March 16",documented date,politics and governance,United States,Gregorian date-page convention,target met,regional,secondary reference; single-source date-page verification,20,verified against cited historical-events date page,20,53
17,CE,180,March,Selection limited to 1–2009 CE; original historical calendar is not specified by the cited date page.,,EVT-MAR-17-07-0180,political event,"On March 17, 180, Commodus becomes sole emperor of the Roman Empire at the age of eighteen, following the death of his father, Marcus Aurelius. This event is included in the documented historical-events chronology for this calendar date.",Commodus becomes sole emperor of the Roman Empire at the age of eighteen,180 CE,https://en.wikipedia.org/wiki/March_17,March 17,"March 17, 180","Wikipedia, March 17",documented date,politics and governance,,Gregorian date-page convention,target met,regional,secondary reference; single-source date-page verification,20,verified against cited historical-events date page,20,56
17,CE,180,March,Selection limited to 1–2009 CE; original historical calendar is not specified by the cited date page.,,EVT-MAR-17-10-0180,political event,"On March 17, 180, Marcus Aurelius, Roman emperor (born 121) This event is included in the documented historical-events chronology for this calendar date. The cited date-page entry records this occurrence.",Marcus Aurelius,180 CE,https://en.wikipedia.org/wiki/March_17,March 17,"March 17, 180","Wikipedia, March 17",documented date,politics and governance,,Gregorian date-page convention,target met,regional,secondary reference; single-source date-page verification,20,verified against cited historical-events date page,20,50
17,CE,455,March,Selection limited to 1–2009 CE; original historical calendar is not specified by the cited date page.,,EVT-MAR-17-08-0455,political event,"On March 17, 455, Petronius Maximus becomes, with support of the Roman Senate, emperor of the Western Roman Empire; he forces Licinia Eudoxia, the widow of his predecessor, Valentinian III, to marry him. This event is included in the documented historical-events chronology for this calendar date.",Petronius Maximus becomes,455 CE,https://en.wikipedia.org/wiki/March_17,March 17,"March 17, 455","Wikipedia, March 17",documented date,politics and governance,,Gregorian date-page convention,target met,regional,secondary reference; single-source date-page verification,20,verified against cited historical-events date page,20,56
17,CE,659,March,Selection limited to 1–2009 CE; original historical calendar is not specified by the cited date page.,,EVT-MAR-17-11-0659,historical event,"On March 17, 659, Gertrude of Nivelles, Frankish abbess This event is included in the documented historical-events chronology for this calendar date. The cited date-page entry records this occurrence. The cited date-page entry records this occurrence.",Gertrude of Nivelles,659 CE,https://en.wikipedia.org/wiki/March_17,March 17,"March 17, 659","Wikipedia, March 17",documented date,general history,,Gregorian date-page convention,target met,regional,secondary reference; single-source date-page verification,20,verified against cited historical-events date page,20,50
17,CE,763,March,Selection limited to 1–2009 CE; original historical calendar is not specified by the cited date page.,,EVT-MAR-17-12-0763,historical event,"On March 17, 763, Harun al-Rashid, Abbasid caliph (died 809) This event is included in the documented historical-events chronology for this calendar date. The cited date-page entry records this occurrence.",Harun al-Rashid,763 CE,https://en.wikipedia.org/wiki/March_17,March 17,"March 17, 763","Wikipedia, March 17",documented date,general history,,Gregorian date-page convention,target met,regional,secondary reference; single-source date-page verification,20,verified against cited historical-events date page,20,50
17,CE,836,March,Selection limited to 1–2009 CE; original historical calendar is not specified by the cited date page.,,EVT-MAR-17-13-0836,historical event,"On March 17, 836, Haito, bishop of Basel This event is included in the documented historical-events chronology for this calendar date. The cited date-page entry records this occurrence. The cited date-page entry records this occurrence.",Haito,836 CE,https://en.wikipedia.org/wiki/March_17,March 17,"March 17, 836","Wikipedia, March 17",documented date,general history,,Gregorian date-page convention,target met,regional,secondary reference; single-source date-page verification,20,verified against cited historical-events date page,20,50
17,CE,905,March,Selection limited to 1–2009 CE; original historical calendar is not specified by the cited date page.,,EVT-MAR-17-14-0905,political event,"On March 17, 905, Li Yu, Prince of De, prince and emperor of the Tang Dynasty This event is included in the documented historical-events chronology for this calendar date. The cited date-page entry records this occurrence.",Li Yu,905 CE,https://en.wikipedia.org/wiki/March_17,March 17,"March 17, 905","Wikipedia, March 17",documented date,politics and governance,,Gregorian date-page convention,target met,regional,secondary reference; single-source date-page verification,20,verified against cited historical-events date page,20,50
17,CE,1008,March,Selection limited to 1–2009 CE; original historical calendar is not specified by the cited date page.,Asia,EVT-MAR-17-15-1008,political event,"On March 17, 1008, Kazan, emperor of Japan (born 968) This event is included in the documented historical-events chronology for this calendar date. The cited date-page entry records this occurrence.",Kazan,1008 CE,https://en.wikipedia.org/wiki/March_17,March 17,"March 17, 1008","Wikipedia, March 17",documented date,politics and governance,Japan,Gregorian date-page convention,target met,regional,secondary reference; single-source date-page verification,20,verified against cited historical-events date page,20,50
17,CE,1040,March,Selection limited to 1–2009 CE; original historical calendar is not specified by the cited date page.,,EVT-MAR-17-16-1040,political event,"On March 17, 1040, Harold Harefoot, king of England This event is included in the documented historical-events chronology for this calendar date. The cited date-page entry records this occurrence. The cited date-page entry records this occurrence.",Harold Harefoot,1040 CE,https://en.wikipedia.org/wiki/March_17,March 17,"March 17, 1040","Wikipedia, March 17",documented date,politics and governance,,Gregorian date-page convention,target met,regional,secondary reference; single-source date-page verification,20,verified against cited historical-events date page,20,50
17,CE,1058,March,Selection limited to 1–2009 CE; original historical calendar is not specified by the cited date page.,,EVT-MAR-17-17-1058,political event,"On March 17, 1058, Lulach, king of Scotland This event is included in the documented historical-events chronology for this calendar date. The cited date-page entry records this occurrence. The cited date-page entry records this occurrence.",Lulach,1058 CE,https://en.wikipedia.org/wiki/March_17,March 17,"March 17, 1058","Wikipedia, March 17",documented date,politics and governance,,Gregorian date-page convention,target met,regional,secondary reference; single-source date-page verification,20,verified against cited historical-events date page,20,50
17,CE,1199,March,Selection limited to 1–2009 CE; original historical calendar is not specified by the cited date page.,,EVT-MAR-17-18-1199,historical event,"On March 17, 1199, Jocelin of Glasgow, Scottish monk and bishop (born 1130) This event is included in the documented historical-events chronology for this calendar date. The cited date-page entry records this occurrence.",Jocelin of Glasgow,1199 CE,https://en.wikipedia.org/wiki/March_17,March 17,"March 17, 1199","Wikipedia, March 17",documented date,general history,,Gregorian date-page convention,target met,regional,secondary reference; single-source date-page verification,20,verified against cited historical-events date page,20,50
17,CE,1231,March,Selection limited to 1–2009 CE; original historical calendar is not specified by the cited date page.,Asia,EVT-MAR-17-19-1231,political event,"On March 17, 1231, Emperor Shijō of Japan (died 1242) This event is included in the documented historical-events chronology for this calendar date. The cited date-page entry records this occurrence.",Emperor Shijō of Japan (died 1242),1231 CE,https://en.wikipedia.org/wiki/March_17,March 17,"March 17, 1231","Wikipedia, March 17",documented date,politics and governance,Japan,Gregorian date-page convention,target met,regional,secondary reference; single-source date-page verification,20,verified against cited historical-events date page,20,50
17,CE,1267,March,Selection limited to 1–2009 CE; original historical calendar is not specified by the cited date page.,,EVT-MAR-17-20-1267,historical event,"On March 17, 1267, Pierre de Montreuil, French architect This event is included in the documented historical-events chronology for this calendar date. The cited date-page entry records this occurrence. The cited date-page entry records this occurrence.",Pierre de Montreuil,1267 CE,https://en.wikipedia.org/wiki/March_17,March 17,"March 17, 1267","Wikipedia, March 17",documented date,general history,,Gregorian date-page convention,target met,regional,secondary reference; single-source date-page verification,20,verified against cited historical-events date page,20,50
17,CE,1337,March,Selection limited to 1–2009 CE; original historical calendar is not specified by the cited date page.,,EVT-MAR-17-03-1337,conflict,"On March 17, 1337, Edward the Black Prince is made Duke of Cornwall, the first duchy in England. This event is included in the documented historical-events chronology for this calendar date.",Edward the Black Prince is made Duke of Cornwall,1337 CE,https://en.wikipedia.org/wiki/March_17,March 17,"March 17, 1337","Wikipedia, March 17",documented date,military,,Gregorian date-page convention,target met,international,secondary reference; single-source date-page verification,20,verified against cited historical-events date page,20,66
17,CE,1776,March,Selection limited to 1–2009 CE; original historical calendar is not specified by the cited date page.,,EVT-MAR-17-04-1776,conflict,"On March 17, 1776, American Revolutionary War: The British Army evacuates Boston, ending the Siege of Boston, after George Washington and Henry Knox place artillery in positions overlooking the city. This event is included in the documented historical-events chronology for this calendar date.",American Revolutionary War,1776 CE,https://en.wikipedia.org/wiki/March_17,March 17,"March 17, 1776","Wikipedia, March 17",documented date,military,,Gregorian date-page convention,target met,regional,secondary reference; single-source date-page verification,20,verified against cited historical-events date page,20,62
17,CE,1824,March,Selection limited to 1–2009 CE; original historical calendar is not specified by the cited date page.,,EVT-MAR-17-06-1824,political event,"The Anglo-Dutch Treaty is signed in London, dividing the Malay archipelago. As a result, the Malay Peninsula is dominated by the British, while Sumatra and Java and surrounding areas are dominated by the Dutch.",The Anglo-Dutch Treaty is signed in London,1824 CE,https://en.wikipedia.org/wiki/March_17,March 17,"March 17, 1824","Wikipedia, March 17",documented date,politics and governance,,Gregorian date-page convention,target met,regional,secondary reference; single-source date-page verification,20,verified against cited historical-events date page,20,58
17,CE,1860,March,Selection limited to 1–2009 CE; original historical calendar is not specified by the cited date page.,Oceania,EVT-MAR-17-05-1860,conflict,"On March 17, 1860, The First Taranaki War begins in Taranaki, New Zealand, a major phase of the New Zealand Wars. This event is included in the documented historical-events chronology for this calendar date.",The First Taranaki War begins in Taranaki,1860 CE,https://en.wikipedia.org/wiki/March_17,March 17,"March 17, 1860","Wikipedia, March 17",documented date,military,New Zealand,Gregorian date-page convention,target met,regional,secondary reference; single-source date-page verification,20,verified against cited historical-events date page,20,61
17,CE,1861,March,Selection limited to 1–2009 CE; original historical calendar is not specified by the cited date page.,Europe,EVT-MAR-17-09-1861,political event,"On March 17, 1861, The Kingdom of Italy is proclaimed. This event is included in the documented historical-events chronology for this calendar date. The cited date-page entry records this occurrence.",The Kingdom of Italy is proclaimed.,1861 CE,https://en.wikipedia.org/wiki/March_17,March 17,"March 17, 1861","Wikipedia, March 17",documented date,politics and governance,Italy,Gregorian date-page convention,target met,regional,secondary reference; single-source date-page verification,20,verified against cited historical-events date page,20,53
17,CE,1948,March,Selection limited to 1–2009 CE; original historical calendar is not specified by the cited date page.,Europe,EVT-MAR-17-01-1948,political event,"On March 17, 1948, Belgium, France, Luxembourg, the Netherlands and the United Kingdom sign the Treaty of Brussels, a precursor to the North Atlantic Treaty establishing NATO. This event is included in the documented historical-events chronology for this calendar date.",Belgium,1948 CE,https://en.wikipedia.org/wiki/March_17,March 17,"March 17, 1948","Wikipedia, March 17",documented date,politics and governance,Belgium,Gregorian date-page convention,target met,international,secondary reference; single-source date-page verification,20,verified against cited historical-events date page,20,69
17,CE,1988,March,Selection limited to 1–2009 CE; original historical calendar is not specified by the cited date page.,,EVT-MAR-17-02-1988,conflict,"Eritrean War of Independence: The Nadew Command, an Ethiopian army corps in Eritrea, is attacked on three sides by military units of the Eritrean People's Liberation Front in the opening action of the Battle of Afabet.",Eritrean War of Independence,1988 CE,https://en.wikipedia.org/wiki/March_17,March 17,"March 17, 1988","Wikipedia, March 17",documented date,military,,Gregorian date-page convention,target met,international,secondary reference; single-source date-page verification,20,verified against cited historical-events date page,20,69
18,CE,417,March,Selection limited to 1–2009 CE; original historical calendar is not specified by the cited date page.,,EVT-MAR-18-14-0417,historical event,"On March 18, 417, Pope Zosimus is elected following the death of Pope Innocent I. This event is included in the documented historical-events chronology for this calendar date. The cited date-page entry records this occurrence.",Pope Zosimus is elected following the death of Pope Innocent I.,417 CE,https://en.wikipedia.org/wiki/March_18,March 18,"March 18, 417","Wikipedia, March 18",documented date,general history,,Gregorian date-page convention,target met,regional,secondary reference; single-source date-page verification,20,verified against cited historical-events date page,20,55
18,CE,978,March,Selection limited to 1–2009 CE; original historical calendar is not specified by the cited date page.,,EVT-MAR-18-05-0978,conflict,"On March 18, 978, Edward the Martyr, English king (born 962) This event is included in the documented historical-events chronology for this calendar date. The cited date-page entry records this occurrence.",Edward the Martyr,978 CE,https://en.wikipedia.org/wiki/March_18,March 18,"March 18, 978","Wikipedia, March 18",documented date,military,,Gregorian date-page convention,target met,regional,secondary reference; single-source date-page verification,20,verified against cited historical-events date page,20,60
18,CE,1068,March,Selection limited to 1–2009 CE; original historical calendar is not specified by the cited date page.,,EVT-MAR-18-08-1068,disaster,"On March 18, 1068, An earthquake in the Levant and the Arabian Peninsula leaves up to 20,000 dead. This event is included in the documented historical-events chronology for this calendar date.",An earthquake in the Levant and the Arabian Peninsula leaves up to 20,1068 CE,https://en.wikipedia.org/wiki/March_18,March 18,"March 18, 1068","Wikipedia, March 18",documented date,natural disaster,,Gregorian date-page convention,target met,regional,secondary reference; single-source date-page verification,20,verified against cited historical-events date page,20,59
18,CE,1229,March,Selection limited to 1–2009 CE; original historical calendar is not specified by the cited date page.,,EVT-MAR-18-06-1229,political event,"On March 18, 1229, Frederick II, Holy Roman Emperor, declares himself King of Jerusalem in the Sixth Crusade. This event is included in the documented historical-events chronology for this calendar date.",Frederick II,1229 CE,https://en.wikipedia.org/wiki/March_18,March 18,"March 18, 1229","Wikipedia, March 18",documented date,politics and governance,,Gregorian date-page convention,target met,regional,secondary reference; single-source date-page verification,20,verified against cited historical-events date page,20,60
18,CE,1241,March,Selection limited to 1–2009 CE; original historical calendar is not specified by the cited date page.,Europe,EVT-MAR-18-01-1241,conflict,"On March 18, 1241, First Mongol invasion of Poland: Mongols overwhelm Polish armies in Kraków in the Battle of Chmielnik and plunder the city. This event is included in the documented historical-events chronology for this calendar date.",First Mongol invasion of Poland,1241 CE,https://en.wikipedia.org/wiki/March_18,March 18,"March 18, 1241","Wikipedia, March 18",documented date,military,Poland,Gregorian date-page convention,target met,international,secondary reference; single-source date-page verification,20,verified against cited historical-events date page,20,75
18,CE,1597,March,Selection limited to 1–2009 CE; original historical calendar is not specified by the cited date page.,,EVT-MAR-18-12-1597,historical event,"On March 18, 1597, Jérôme le Royer de la Dauversière, French religious leader, founded the Société Notre-Dame de Montréal (died 1659) This event is included in the documented historical-events chronology for this calendar date.",Jérôme le Royer de la Dauversière,1597 CE,https://en.wikipedia.org/wiki/March_18,March 18,"March 18, 1597","Wikipedia, March 18",documented date,general history,,Gregorian date-page convention,target met,regional,secondary reference; single-source date-page verification,20,verified against cited historical-events date page,20,57
18,CE,1644,March,Selection limited to 1–2009 CE; original historical calendar is not specified by the cited date page.,,EVT-MAR-18-15-1644,conflict,"On March 18, 1644, The Third Anglo-Powhatan War begins in the Colony of Virginia. This event is included in the documented historical-events chronology for this calendar date. The cited date-page entry records this occurrence.",The Third Anglo-Powhatan War begins in the Colony of Virginia.,1644 CE,https://en.wikipedia.org/wiki/March_18,March 18,"March 18, 1644","Wikipedia, March 18",documented date,military,,Gregorian date-page convention,target met,regional,secondary reference; single-source date-page verification,20,verified against cited historical-events date page,20,55
18,CE,1766,March,Selection limited to 1–2009 CE; original historical calendar is not specified by the cited date page.,,EVT-MAR-18-10-1766,political event,"On March 18, 1766, American Revolution: The British Parliament repeals the Stamp Act. This event is included in the documented historical-events chronology for this calendar date. The cited date-page entry records this occurrence.",American Revolution,1766 CE,https://en.wikipedia.org/wiki/March_18,March 18,"March 18, 1766","Wikipedia, March 18",documented date,politics and governance,,Gregorian date-page convention,target met,regional,secondary reference; single-source date-page verification,20,verified against cited historical-events date page,20,58
18,CE,1793,March,Selection limited to 1–2009 CE; original historical calendar is not specified by the cited date page.,,EVT-MAR-18-03-1793,conflict,"On March 18, 1793, Flanders Campaign of the French Revolution, Battle of Neerwinden. This event is included in the documented historical-events chronology for this calendar date. The cited date-page entry records this occurrence.",Flanders Campaign of the French Revolution,1793 CE,https://en.wikipedia.org/wiki/March_18,March 18,"March 18, 1793","Wikipedia, March 18",documented date,military,,Gregorian date-page convention,target met,regional,secondary reference; single-source date-page verification,20,verified against cited historical-events date page,20,62
18,CE,1793,March,Selection limited to 1–2009 CE; original historical calendar is not specified by the cited date page.,Europe,EVT-MAR-18-13-1793,political event,"On March 18, 1793, The first modern republic in Germany, the Republic of Mainz, is declared by Andreas Joseph Hofmann. This event is included in the documented historical-events chronology for this calendar date.",The first modern republic in Germany,1793 CE,https://en.wikipedia.org/wiki/March_18,March 18,"March 18, 1793","Wikipedia, March 18",documented date,politics and governance,Germany,Gregorian date-page convention,target met,regional,secondary reference; single-source date-page verification,20,verified against cited historical-events date page,20,56
18,CE,1848,March,Selection limited to 1–2009 CE; original historical calendar is not specified by the cited date page.,,EVT-MAR-18-19-1848,historical event,"On March 18, 1848, Revolutions of 1848: A rebellion arises in Milan which in five days of street fighting drove Marshal Radetzky and his Austrian soldiers from the city. This event is included in the documented historical-events chronology for this calendar date.",Revolutions of 1848,1848 CE,https://en.wikipedia.org/wiki/March_18,March 18,"March 18, 1848","Wikipedia, March 18",documented date,general history,,Gregorian date-page convention,target met,regional,secondary reference; single-source date-page verification,20,verified against cited historical-events date page,20,52
18,CE,1858,March,Selection limited to 1–2009 CE; original historical calendar is not specified by the cited date page.,,EVT-MAR-18-20-1858,historical event,"On March 18, 1858, Rudolf Diesel, German engineer, invented the Diesel engine (died 1913) This event is included in the documented historical-events chronology for this calendar date. The cited date-page entry records this occurrence.",Rudolf Diesel,1858 CE,https://en.wikipedia.org/wiki/March_18,March 18,"March 18, 1858","Wikipedia, March 18",documented date,general history,,Gregorian date-page convention,target met,regional,secondary reference; single-source date-page verification,20,verified against cited historical-events date page,20,51
18,CE,1899,March,Selection limited to 1–2009 CE; original historical calendar is not specified by the cited date page.,,EVT-MAR-18-17-1899,historical event,"On March 18, 1899, Phoebe, a satellite of Saturn, becomes the first to be discovered with photographs, taken in August 1898, by William Henry Pickering. This event is included in the documented historical-events chronology for this calendar date.",Phoebe,1899 CE,https://en.wikipedia.org/wiki/March_18,March 18,"March 18, 1899","Wikipedia, March 18",documented date,general history,,Gregorian date-page convention,target met,regional,secondary reference; single-source date-page verification,20,verified against cited historical-events date page,20,54
18,CE,1915,March,Selection limited to 1–2009 CE; original historical calendar is not specified by the cited date page.,,EVT-MAR-18-07-1915,conflict,"On March 18, 1915, World War I: During the Battle of Gallipoli, three battleships are sunk during a failed British and French naval attack on the Dardanelles. This event is included in the documented historical-events chronology for this calendar date.",World War I,1915 CE,https://en.wikipedia.org/wiki/March_18,March 18,"March 18, 1915","Wikipedia, March 18",documented date,military,,Gregorian date-page convention,target met,regional,secondary reference; single-source date-page verification,20,verified against cited historical-events date page,20,60
18,CE,1921,March,Selection limited to 1–2009 CE; original historical calendar is not specified by the cited date page.,,EVT-MAR-18-02-1921,conflict,"Mongolian Revolution of 1921: The Mongolian People's Army defeats local Chinese forces at Altanbulag, Selenge (then known as Maimachen). This battle was seen as the birthday of the People's Army and completed the expulsion of Chinese militants in Mongolia.",Mongolian Revolution of 1921,1921 CE,https://en.wikipedia.org/wiki/March_18,March 18,"March 18, 1921","Wikipedia, March 18",documented date,military,,Gregorian date-page convention,target met,regional,secondary reference; single-source date-page verification,20,verified against cited historical-events date page,20,64
18,CE,1937,March,Selection limited to 1–2009 CE; original historical calendar is not specified by the cited date page.,,EVT-MAR-18-04-1937,conflict,"On March 18, 1937, Spanish Civil War: Spanish Republican forces defeat the Italians at the Battle of Guadalajara. This event is included in the documented historical-events chronology for this calendar date.",Spanish Civil War,1937 CE,https://en.wikipedia.org/wiki/March_18,March 18,"March 18, 1937","Wikipedia, March 18",documented date,military,,Gregorian date-page convention,target met,regional,secondary reference; single-source date-page verification,20,verified against cited historical-events date page,20,62
18,CE,1940,March,Selection limited to 1–2009 CE; original historical calendar is not specified by the cited date page.,Europe,EVT-MAR-18-16-1940,conflict,"On March 18, 1940, World War II: Adolf Hitler and Benito Mussolini meet at the Brenner Pass in the Alps and agree to form an alliance against France and the United Kingdom. This event is included in the documented historical-events chronology for this calendar date.",World War II,1940 CE,https://en.wikipedia.org/wiki/March_18,March 18,"March 18, 1940","Wikipedia, March 18",documented date,military,France,Gregorian date-page convention,target met,regional,secondary reference; single-source date-page verification,20,verified against cited historical-events date page,20,55
18,CE,1942,March,Selection limited to 1–2009 CE; original historical calendar is not specified by the cited date page.,Americas,EVT-MAR-18-18-1942,conflict,"On March 18, 1942, The War Relocation Authority is established in the United States to take Japanese Americans into custody. This event is included in the documented historical-events chronology for this calendar date.",The War Relocation Authority is established in the United States to take Japanese Americans into custody.,1942 CE,https://en.wikipedia.org/wiki/March_18,March 18,"March 18, 1942","Wikipedia, March 18",documented date,military,United States,Gregorian date-page convention,target met,regional,secondary reference; single-source date-page verification,20,verified against cited historical-events date page,20,53
18,CE,1945,March,Selection limited to 1–2009 CE; original historical calendar is not specified by the cited date page.,,EVT-MAR-18-11-1945,conflict,"World War II: 40th Infantry Division, spearheaded by the 185th US Infantry Regiment, lands unopposed in Tigbauan, forcing the Japanese forces to surrender and General Macario Peralta and Gen. Gen. Eichelberger to declare the Liberation of Panay, Romblon and Guimaras.",World War II,1945 CE,https://en.wikipedia.org/wiki/March_18,March 18,"March 18, 1945","Wikipedia, March 18",documented date,military,,Gregorian date-page convention,target met,regional,secondary reference; single-source date-page verification,20,verified against cited historical-events date page,20,58
18,CE,1962,March,Selection limited to 1–2009 CE; original historical calendar is not specified by the cited date page.,,EVT-MAR-18-09-1962,conflict,"On March 18, 1962, The Évian Accords end the Algerian War of Independence, which had begun in 1954. This event is included in the documented historical-events chronology for this calendar date.",The Évian Accords end the Algerian War of Independence,1962 CE,https://en.wikipedia.org/wiki/March_18,March 18,"March 18, 1962","Wikipedia, March 18",documented date,military,,Gregorian date-page convention,target met,regional,secondary reference; single-source date-page verification,20,verified against cited historical-events date page,20,59
19,CE,235,March,Selection limited to 1–2009 CE; original historical calendar is not specified by the cited date page.,,EVT-MAR-19-17-0235,political event,"On March 19, 235, Severus Alexander, Roman emperor (born 208) This event is included in the documented historical-events chronology for this calendar date. The cited date-page entry records this occurrence.",Severus Alexander,235 CE,https://en.wikipedia.org/wiki/March_19,March 19,"March 19, 235","Wikipedia, March 19",documented date,politics and governance,,Gregorian date-page convention,target met,regional,secondary reference; single-source date-page verification,20,verified against cited historical-events date page,20,50
19,CE,953,March,Selection limited to 1–2009 CE; original historical calendar is not specified by the cited date page.,,EVT-MAR-19-18-0953,historical event,"On March 19, 953, al-Mansur bi-Nasr Allah, caliph of the Fatimid Caliphate (born 913) This event is included in the documented historical-events chronology for this calendar date. The cited date-page entry records this occurrence.",al-Mansur bi-Nasr Allah,953 CE,https://en.wikipedia.org/wiki/March_19,March 19,"March 19, 953","Wikipedia, March 19",documented date,general history,,Gregorian date-page convention,target met,regional,secondary reference; single-source date-page verification,20,verified against cited historical-events date page,20,50
19,CE,968,March,Selection limited to 1–2009 CE; original historical calendar is not specified by the cited date page.,,EVT-MAR-19-19-0968,historical event,"On March 19, 968, Emma of Paris, duchess of Normandy (born 943) This event is included in the documented historical-events chronology for this calendar date. The cited date-page entry records this occurrence.",Emma of Paris,968 CE,https://en.wikipedia.org/wiki/March_19,March 19,"March 19, 968","Wikipedia, March 19",documented date,general history,,Gregorian date-page convention,target met,regional,secondary reference; single-source date-page verification,20,verified against cited historical-events date page,20,50
19,CE,1205,March,Selection limited to 1–2009 CE; original historical calendar is not specified by the cited date page.,,EVT-MAR-19-04-1205,conflict,"On March 19, 1205, Latin forces under Henry of Flanders defeat a Nicaean army under Constantine Laskaris in the Battle of Adramyttion. This event is included in the documented historical-events chronology for this calendar date.",Latin forces under Henry of Flanders defeat a Nicaean army under Constantine Laskaris in the Battle of Adramyttion.,1205 CE,https://en.wikipedia.org/wiki/March_19,March 19,"March 19, 1205","Wikipedia, March 19",documented date,military,,Gregorian date-page convention,target met,international,secondary reference; single-source date-page verification,20,verified against cited historical-events date page,20,67
19,CE,1206,March,Selection limited to 1–2009 CE; original historical calendar is not specified by the cited date page.,,EVT-MAR-19-12-1206,historical event,"On March 19, 1206, Güyük Khan, Mongol ruler, 3rd Great Khan of the Mongol Empire (died 1248) This event is included in the documented historical-events chronology for this calendar date.",Güyük Khan,1206 CE,https://en.wikipedia.org/wiki/March_19,March 19,"March 19, 1206","Wikipedia, March 19",documented date,general history,,Gregorian date-page convention,target met,regional,secondary reference; single-source date-page verification,20,verified against cited historical-events date page,20,56
19,CE,1227,March,Selection limited to 1–2009 CE; original historical calendar is not specified by the cited date page.,,EVT-MAR-19-20-1227,political event,"On March 19, 1227, Election of Ugolino di Conti as Pope Gregory IX following the death of Pope Honorius III. This event is included in the documented historical-events chronology for this calendar date.",Election of Ugolino di Conti as Pope Gregory IX following the death of Pope Honorius III.,1227 CE,https://en.wikipedia.org/wiki/March_19,March 19,"March 19, 1227","Wikipedia, March 19",documented date,politics and governance,,Gregorian date-page convention,target met,regional,secondary reference; single-source date-page verification,20,verified against cited historical-events date page,20,50
19,CE,1277,March,Selection limited to 1–2009 CE; original historical calendar is not specified by the cited date page.,,EVT-MAR-19-03-1277,political event,"On March 19, 1277, The Byzantine–Venetian treaty of 1277 is concluded, stipulating a two-year truce and renewing Venetian commercial privileges in the Byzantine Empire. This event is included in the documented historical-events chronology for this calendar date.",The Byzantine–Venetian treaty of 1277 is concluded,1277 CE,https://en.wikipedia.org/wiki/March_19,March 19,"March 19, 1277","Wikipedia, March 19",documented date,politics and governance,,Gregorian date-page convention,target met,international,secondary reference; single-source date-page verification,20,verified against cited historical-events date page,20,68
19,CE,1279,March,Selection limited to 1–2009 CE; original historical calendar is not specified by the cited date page.,Asia,EVT-MAR-19-01-1279,conflict,"On March 19, 1279, A Mongol victory at the Battle of Yamen ends the Song dynasty in China. This event is included in the documented historical-events chronology for this calendar date.",A Mongol victory at the Battle of Yamen ends the Song dynasty in China.,1279 CE,https://en.wikipedia.org/wiki/March_19,March 19,"March 19, 1279","Wikipedia, March 19",documented date,military,China,Gregorian date-page convention,target met,international,secondary reference; single-source date-page verification,20,verified against cited historical-events date page,20,74
19,CE,1330,March,Selection limited to 1–2009 CE; original historical calendar is not specified by the cited date page.,,EVT-MAR-19-07-1330,conflict,"On March 19, 1330, Edmund of Woodstock, 1st Earl of Kent, English politician, Lord Warden of the Cinque Ports (born 1301) This event is included in the documented historical-events chronology for this calendar date.",Edmund of Woodstock,1330 CE,https://en.wikipedia.org/wiki/March_19,March 19,"March 19, 1330","Wikipedia, March 19",documented date,military,,Gregorian date-page convention,target met,regional,secondary reference; single-source date-page verification,20,verified against cited historical-events date page,20,60
19,CE,1539,March,Selection limited to 1–2009 CE; original historical calendar is not specified by the cited date page.,,EVT-MAR-19-08-1539,conflict,"On March 19, 1539, Lord Edmund Howard, English nobleman (born c. 1478) This event is included in the documented historical-events chronology for this calendar date. The cited date-page entry records this occurrence.",Lord Edmund Howard,1539 CE,https://en.wikipedia.org/wiki/March_19,March 19,"March 19, 1539","Wikipedia, March 19",documented date,military,,Gregorian date-page convention,target met,regional,secondary reference; single-source date-page verification,20,verified against cited historical-events date page,20,60
19,CE,1563,March,Selection limited to 1–2009 CE; original historical calendar is not specified by the cited date page.,,EVT-MAR-19-02-1563,conflict,"On March 19, 1563, The Edict of Amboise is signed, ending the first phase of the French Wars of Religion and granting certain freedoms to the Huguenots. This event is included in the documented historical-events chronology for this calendar date.",The Edict of Amboise is signed,1563 CE,https://en.wikipedia.org/wiki/March_19,March 19,"March 19, 1563","Wikipedia, March 19",documented date,military,,Gregorian date-page convention,target met,international,secondary reference; single-source date-page verification,20,verified against cited historical-events date page,20,72
19,CE,1812,March,Selection limited to 1–2009 CE; original historical calendar is not specified by the cited date page.,,EVT-MAR-19-16-1812,political event,"On March 19, 1812, The Cortes of Cádiz promulgates the Spanish Constitution of 1812. This event is included in the documented historical-events chronology for this calendar date. The cited date-page entry records this occurrence.",The Cortes of Cádiz promulgates the Spanish Constitution of 1812.,1812 CE,https://en.wikipedia.org/wiki/March_19,March 19,"March 19, 1812","Wikipedia, March 19",documented date,politics and governance,,Gregorian date-page convention,target met,regional,secondary reference; single-source date-page verification,20,verified against cited historical-events date page,20,51
19,CE,1865,March,Selection limited to 1–2009 CE; original historical calendar is not specified by the cited date page.,,EVT-MAR-19-05-1865,conflict,"On March 19, 1865, American Civil War: The Battle of Bentonville begins. By the end of the battle two days later, Confederate forces had retreated from Four Oaks, North Carolina. This event is included in the documented historical-events chronology for this calendar date.",American Civil War,1865 CE,https://en.wikipedia.org/wiki/March_19,March 19,"March 19, 1865","Wikipedia, March 19",documented date,military,,Gregorian date-page convention,target met,international,secondary reference; single-source date-page verification,20,verified against cited historical-events date page,20,65
19,CE,1920,March,Selection limited to 1–2009 CE; original historical calendar is not specified by the cited date page.,Americas,EVT-MAR-19-14-1920,political event,"On March 19, 1920, The United States Senate rejects the Treaty of Versailles for the second time (the first time was on November 19, 1919). This event is included in the documented historical-events chronology for this calendar date.",The United States Senate rejects the Treaty of Versailles for the second time (the first time was on November 19,1920 CE,https://en.wikipedia.org/wiki/March_19,March 19,"March 19, 1920","Wikipedia, March 19",documented date,politics and governance,United States,Gregorian date-page convention,target met,regional,secondary reference; single-source date-page verification,20,verified against cited historical-events date page,20,53
19,CE,1921,March,Selection limited to 1–2009 CE; original historical calendar is not specified by the cited date page.,,EVT-MAR-19-09-1921,conflict,"Irish War of Independence: One of the biggest engagements of the war takes place at Crossbarry, County Cork. About 100 Irish Republican Army (IRA) volunteers escape an attempt by over 1,300 British forces to encircle them.",Irish War of Independence,1921 CE,https://en.wikipedia.org/wiki/March_19,March 19,"March 19, 1921","Wikipedia, March 19",documented date,military,,Gregorian date-page convention,target met,regional,secondary reference; single-source date-page verification,20,verified against cited historical-events date page,20,59
19,CE,1945,March,Selection limited to 1–2009 CE; original historical calendar is not specified by the cited date page.,Asia,EVT-MAR-19-13-1945,conflict,"World War II: Off the coast of Japan, a dive bomber hits the aircraft carrier USS Franklin, killing 724 of her crew. Badly damaged, the ship is able to return to the US under her own power.",World War II,1945 CE,https://en.wikipedia.org/wiki/March_19,March 19,"March 19, 1945","Wikipedia, March 19",documented date,military,Japan,Gregorian date-page convention,target met,regional,secondary reference; single-source date-page verification,20,verified against cited historical-events date page,20,54
19,CE,1962,March,Selection limited to 1–2009 CE; original historical calendar is not specified by the cited date page.,,EVT-MAR-19-06-1962,conflict,"On March 19, 1962, The Algerian War of Independence ends. This event is included in the documented historical-events chronology for this calendar date. The cited date-page entry records this occurrence.",The Algerian War of Independence ends.,1962 CE,https://en.wikipedia.org/wiki/March_19,March 19,"March 19, 1962","Wikipedia, March 19",documented date,military,,Gregorian date-page convention,target met,international,secondary reference; single-source date-page verification,20,verified against cited historical-events date page,20,65
19,CE,1982,March,Selection limited to 1–2009 CE; original historical calendar is not specified by the cited date page.,Europe,EVT-MAR-19-10-1982,conflict,"On March 19, 1982, Falklands War: Argentinian forces land on South Georgia Island, precipitating war with the United Kingdom. This event is included in the documented historical-events chronology for this calendar date.",Falklands War,1982 CE,https://en.wikipedia.org/wiki/March_19,March 19,"March 19, 1982","Wikipedia, March 19",documented date,military,United Kingdom,Gregorian date-page convention,target met,regional,secondary reference; single-source date-page verification,20,verified against cited historical-events date page,20,58
19,CE,1989,March,Selection limited to 1–2009 CE; original historical calendar is not specified by the cited date page.,Africa,EVT-MAR-19-11-1989,conflict,"On March 19, 1989, The Egyptian flag is raised at Taba, marking the end of Israeli occupation since the Six Days War in 1967 and the Egypt–Israel peace treaty in 1979. This event is included in the documented historical-events chronology for this calendar date.",The Egyptian flag is raised at Taba,1989 CE,https://en.wikipedia.org/wiki/March_19,March 19,"March 19, 1989","Wikipedia, March 19",documented date,military,Egypt,Gregorian date-page convention,target met,regional,secondary reference; single-source date-page verification,20,verified against cited historical-events date page,20,57
19,CE,1990,March,Selection limited to 1–2009 CE; original historical calendar is not specified by the cited date page.,,EVT-MAR-19-15-1990,historical event,"On March 19, 1990, The ethnic clashes of Târgu Mureș begin four days after the anniversary of the Revolutions of 1848 in the Austrian Empire. This event is included in the documented historical-events chronology for this calendar date.",The ethnic clashes of Târgu Mureș begin four days after the anniversary of the Revolutions of 1848 in the Austrian Empire.,1990 CE,https://en.wikipedia.org/wiki/March_19,March 19,"March 19, 1990","Wikipedia, March 19",documented date,general history,,Gregorian date-page convention,target met,regional,secondary reference; single-source date-page verification,20,verified against cited historical-events date page,20,53
20,CE,1206,March,Selection limited to 1–2009 CE; original historical calendar is not specified by the cited date page.,,EVT-MAR-20-05-1206,historical event,"On March 20, 1206, Michael IV Autoreianos is appointed Ecumenical Patriarch of Constantinople. This event is included in the documented historical-events chronology for this calendar date. The cited date-page entry records this occurrence.",Michael IV Autoreianos is appointed Ecumenical Patriarch of Constantinople.,1206 CE,https://en.wikipedia.org/wiki/March_20,March 20,"March 20, 1206","Wikipedia, March 20",documented date,general history,,Gregorian date-page convention,target met,regional,secondary reference; single-source date-page verification,20,verified against cited historical-events date page,20,50
20,CE,1600,March,Selection limited to 1–2009 CE; original historical calendar is not specified by the cited date page.,Europe,EVT-MAR-20-06-1600,conflict,"On March 20, 1600, The Linköping Bloodbath takes place on Maundy Thursday in Linköping, Sweden: five Swedish noblemen are publicly beheaded in the aftermath of the War against Sigismund (1598–1599). This event is included in the documented historical-events chronology for this calendar date.",The Linköping Bloodbath takes place on Maundy Thursday in Linköping,1600 CE,https://en.wikipedia.org/wiki/March_20,March 20,"March 20, 1600","Wikipedia, March 20",documented date,military,Sweden,Gregorian date-page convention,target met,regional,secondary reference; single-source date-page verification,20,verified against cited historical-events date page,20,50
20,CE,1602,March,Selection limited to 1–2009 CE; original historical calendar is not specified by the cited date page.,Asia,EVT-MAR-20-12-1602,historical event,"On March 20, 1602, The Dutch East India Company is established. This event is included in the documented historical-events chronology for this calendar date. The cited date-page entry records this occurrence.",The Dutch East India Company is established.,1602 CE,https://en.wikipedia.org/wiki/March_20,March 20,"March 20, 1602","Wikipedia, March 20",documented date,general history,India,Gregorian date-page convention,target met,regional,secondary reference; single-source date-page verification,20,verified against cited historical-events date page,20,48
20,CE,1848,March,Selection limited to 1–2009 CE; original historical calendar is not specified by the cited date page.,,EVT-MAR-20-04-1848,political event,"On March 20, 1848, German revolutions of 1848–49: King Ludwig I of Bavaria abdicates. This event is included in the documented historical-events chronology for this calendar date. The cited date-page entry records this occurrence.",German revolutions of 1848–49,1848 CE,https://en.wikipedia.org/wiki/March_20,March 20,"March 20, 1848","Wikipedia, March 20",documented date,politics and governance,,Gregorian date-page convention,target met,regional,secondary reference; single-source date-page verification,20,verified against cited historical-events date page,20,52
20,CE,1861,March,Selection limited to 1–2009 CE; original historical calendar is not specified by the cited date page.,Americas,EVT-MAR-20-08-1861,disaster,"On March 20, 1861, An earthquake destroys Mendoza, Argentina. This event is included in the documented historical-events chronology for this calendar date. The cited date-page entry records this occurrence. The cited date-page entry records this occurrence.",An earthquake destroys Mendoza,1861 CE,https://en.wikipedia.org/wiki/March_20,March 20,"March 20, 1861","Wikipedia, March 20",documented date,natural disaster,Argentina,Gregorian date-page convention,target met,regional,secondary reference; single-source date-page verification,20,verified against cited historical-events date page,20,49
20,CE,1883,March,Selection limited to 1–2009 CE; original historical calendar is not specified by the cited date page.,,EVT-MAR-20-17-1883,historical event,"On March 20, 1883, The Paris Convention for the Protection of Industrial Property is signed. This event is included in the documented historical-events chronology for this calendar date. The cited date-page entry records this occurrence.",The Paris Convention for the Protection of Industrial Property is signed.,1883 CE,https://en.wikipedia.org/wiki/March_20,March 20,"March 20, 1883","Wikipedia, March 20",documented date,general history,,Gregorian date-page convention,target met,regional,secondary reference; single-source date-page verification,20,verified against cited historical-events date page,20,46
20,CE,1888,March,Selection limited to 1–2009 CE; original historical calendar is not specified by the cited date page.,Europe,EVT-MAR-20-18-1888,historical event,"On March 20, 1888, The premiere of the very first Romani language operetta is staged in Moscow, Russia. This event is included in the documented historical-events chronology for this calendar date.",The premiere of the very first Romani language operetta is staged in Moscow,1888 CE,https://en.wikipedia.org/wiki/March_20,March 20,"March 20, 1888","Wikipedia, March 20",documented date,general history,Russia,Gregorian date-page convention,target met,regional,secondary reference; single-source date-page verification,20,verified against cited historical-events date page,20,46
20,CE,1890,March,Selection limited to 1–2009 CE; original historical calendar is not specified by the cited date page.,,EVT-MAR-20-19-1890,political event,"On March 20, 1890, Chancellor of the German Empire Otto von Bismarck is dismissed by Emperor Wilhelm II. This event is included in the documented historical-events chronology for this calendar date.",Chancellor of the German Empire Otto von Bismarck is dismissed by Emperor Wilhelm II.,1890 CE,https://en.wikipedia.org/wiki/March_20,March 20,"March 20, 1890","Wikipedia, March 20",documented date,politics and governance,,Gregorian date-page convention,target met,regional,secondary reference; single-source date-page verification,20,verified against cited historical-events date page,20,46
20,CE,1903,March,Selection limited to 1–2009 CE; original historical calendar is not specified by the cited date page.,,EVT-MAR-20-09-1903,historical event,"On March 20, 1903, The first of a series of auctions of sheep farming land in southern Patagonia takes place impacting established settlers. This event is included in the documented historical-events chronology for this calendar date.",The first of a series of auctions of sheep farming land in southern Patagonia takes place impacting established settlers.,1903 CE,https://en.wikipedia.org/wiki/March_20,March 20,"March 20, 1903","Wikipedia, March 20",documented date,general history,,Gregorian date-page convention,target met,regional,secondary reference; single-source date-page verification,20,verified against cited historical-events date page,20,49
20,CE,1913,March,Selection limited to 1–2009 CE; original historical calendar is not specified by the cited date page.,,EVT-MAR-20-10-1913,cultural event,"On March 20, 1913, Sung Chiao-jen, a founder of the Chinese Nationalist Party, is wounded in an assassination attempt and dies 2 days later. This event is included in the documented historical-events chronology for this calendar date.",Sung Chiao-jen,1913 CE,https://en.wikipedia.org/wiki/March_20,March 20,"March 20, 1913","Wikipedia, March 20",documented date,culture and society,,Gregorian date-page convention,target met,regional,secondary reference; single-source date-page verification,20,verified against cited historical-events date page,20,49
20,CE,1921,March,Selection limited to 1–2009 CE; original historical calendar is not specified by the cited date page.,Europe,EVT-MAR-20-13-1921,political event,"On March 20, 1921, The Upper Silesia plebiscite, mandated by the Versailles Treaty to determine a section of the border between Weimar Germany and Poland, is held. This event is included in the documented historical-events chronology for this calendar date.",The Upper Silesia plebiscite,1921 CE,https://en.wikipedia.org/wiki/March_20,March 20,"March 20, 1921","Wikipedia, March 20",documented date,politics and governance,Germany,Gregorian date-page convention,target met,regional,secondary reference; single-source date-page verification,20,verified against cited historical-events date page,20,47
20,CE,1922,March,Selection limited to 1–2009 CE; original historical calendar is not specified by the cited date page.,Americas,EVT-MAR-20-20-1922,discovery,"On March 20, 1922, The USS *Langley* is commissioned as the first United States Navy aircraft carrier. This event is included in the documented historical-events chronology for this calendar date.",The USS *Langley* is commissioned as the first United States Navy aircraft carrier.,1922 CE,https://en.wikipedia.org/wiki/March_20,March 20,"March 20, 1922","Wikipedia, March 20",documented date,science and technology,United States,Gregorian date-page convention,target met,regional,secondary reference; single-source date-page verification,20,verified against cited historical-events date page,20,45
20,CE,1926,March,Selection limited to 1–2009 CE; original historical calendar is not specified by the cited date page.,,EVT-MAR-20-14-1926,conflict,"On March 20, 1926, Chiang Kai-shek initiates a purge of communist elements within the National Revolutionary Army in Guangzhou. This event is included in the documented historical-events chronology for this calendar date.",Chiang Kai-shek initiates a purge of communist elements within the National Revolutionary Army in Guangzhou.,1926 CE,https://en.wikipedia.org/wiki/March_20,March 20,"March 20, 1926","Wikipedia, March 20",documented date,military,,Gregorian date-page convention,target met,regional,secondary reference; single-source date-page verification,20,verified against cited historical-events date page,20,47
20,CE,1942,March,Selection limited to 1–2009 CE; original historical calendar is not specified by the cited date page.,Oceania,EVT-MAR-20-07-1942,conflict,"World War II: General Douglas MacArthur, at Terowie, South Australia, makes his famous speech regarding the fall of the Philippines, in which he says: ""I came out of Bataan and I shall return"".",World War II,1942 CE,https://en.wikipedia.org/wiki/March_20,March 20,"March 20, 1942","Wikipedia, March 20",documented date,military,Australia,Gregorian date-page convention,target met,regional,secondary reference; single-source date-page verification,20,verified against cited historical-events date page,20,50
20,CE,1952,March,Selection limited to 1–2009 CE; original historical calendar is not specified by the cited date page.,Asia,EVT-MAR-20-15-1952,political event,"On March 20, 1952, The US Senate ratifies the Security Treaty between the United States and Japan. This event is included in the documented historical-events chronology for this calendar date.",The US Senate ratifies the Security Treaty between the United States and Japan.,1952 CE,https://en.wikipedia.org/wiki/March_20,March 20,"March 20, 1952","Wikipedia, March 20",documented date,politics and governance,Japan,Gregorian date-page convention,target met,regional,secondary reference; single-source date-page verification,20,verified against cited historical-events date page,20,47
20,CE,1956,March,Selection limited to 1–2009 CE; original historical calendar is not specified by the cited date page.,Europe,EVT-MAR-20-11-1956,political event,"On March 20, 1956, Tunisia gains independence from France. This event is included in the documented historical-events chronology for this calendar date. The cited date-page entry records this occurrence. The cited date-page entry records this occurrence.",Tunisia gains independence from France.,1956 CE,https://en.wikipedia.org/wiki/March_20,March 20,"March 20, 1956","Wikipedia, March 20",documented date,politics and governance,France,Gregorian date-page convention,target met,regional,secondary reference; single-source date-page verification,20,verified against cited historical-events date page,20,49
20,CE,1964,March,Selection limited to 1–2009 CE; original historical calendar is not specified by the cited date page.,,EVT-MAR-20-03-1964,discovery,"On March 20, 1964, The precursor of the European Space Agency, ESRO (European Space Research Organisation) is established per an agreement signed on June 14, 1962. This event is included in the documented historical-events chronology for this calendar date.",The precursor of the European Space Agency,1964 CE,https://en.wikipedia.org/wiki/March_20,March 20,"March 20, 1964","Wikipedia, March 20",documented date,science and technology,,Gregorian date-page convention,target met,regional,secondary reference; single-source date-page verification,20,verified against cited historical-events date page,20,56
20,CE,1988,March,Selection limited to 1–2009 CE; original historical calendar is not specified by the cited date page.,,EVT-MAR-20-01-1988,conflict,"On March 20, 1988, Eritrean War of Independence: Having defeated the Nadew Command, the Eritrean People's Liberation Front enters the town of Afabet, victoriously concluding the Battle of Afabet. This event is included in the documented historical-events chronology for this calendar date.",Eritrean War of Independence,1988 CE,https://en.wikipedia.org/wiki/March_20,March 20,"March 20, 1988","Wikipedia, March 20",documented date,military,,Gregorian date-page convention,target met,international,secondary reference; single-source date-page verification,20,verified against cited historical-events date page,20,76
20,CE,1999,March,Selection limited to 1–2009 CE; original historical calendar is not specified by the cited date page.,,EVT-MAR-20-16-1999,historical event,"On March 20, 1999, Legoland California, the first Legoland outside of Europe, opens in Carlsbad, California, US. This event is included in the documented historical-events chronology for this calendar date.",Legoland California,1999 CE,https://en.wikipedia.org/wiki/March_20,March 20,"March 20, 1999","Wikipedia, March 20",documented date,general history,,Gregorian date-page convention,target met,regional,secondary reference; single-source date-page verification,20,verified against cited historical-events date page,20,47
20,CE,2003,March,Selection limited to 1–2009 CE; original historical calendar is not specified by the cited date page.,Oceania,EVT-MAR-20-02-2003,conflict,"On March 20, 2003, Iraq War: The United States, the United Kingdom, Australia, and Poland begin an invasion of Iraq. This event is included in the documented historical-events chronology for this calendar date.",Iraq War,2003 CE,https://en.wikipedia.org/wiki/March_20,March 20,"March 20, 2003","Wikipedia, March 20",documented date,military,Australia,Gregorian date-page convention,target met,regional,secondary reference; single-source date-page verification,20,verified against cited historical-events date page,20,59
21,CE,537,March,Selection limited to 1–2009 CE; original historical calendar is not specified by the cited date page.,,EVT-MAR-21-12-0537,conflict,"Siege of Rome: King Vitiges attempts to assault the northern and eastern city walls, but is repulsed at the Praenestine Gate, known as the Vivarium, by the defenders under the Byzantine generals Bessas and Peranius.",Siege of Rome,537 CE,https://en.wikipedia.org/wiki/March_21,March 21,"March 21, 537","Wikipedia, March 21",documented date,military,,Gregorian date-page convention,target met,regional,secondary reference; single-source date-page verification,20,verified against cited historical-events date page,20,50
21,CE,630,March,Selection limited to 1–2009 CE; original historical calendar is not specified by the cited date page.,,EVT-MAR-21-13-0630,political event,"On March 21, 630, Emperor Heraclius returns the True Cross, one of the holiest Christian relics, to Jerusalem. This event is included in the documented historical-events chronology for this calendar date.",Emperor Heraclius returns the True Cross,630 CE,https://en.wikipedia.org/wiki/March_21,March 21,"March 21, 630","Wikipedia, March 21",documented date,politics and governance,,Gregorian date-page convention,target met,regional,secondary reference; single-source date-page verification,20,verified against cited historical-events date page,20,50
21,CE,717,March,Selection limited to 1–2009 CE; original historical calendar is not specified by the cited date page.,,EVT-MAR-21-06-0717,conflict,"On March 21, 717, Battle of Vincy between Charles Martel and Ragenfrid. This event is included in the documented historical-events chronology for this calendar date. The cited date-page entry records this occurrence.",Battle of Vincy between Charles Martel and Ragenfrid.,717 CE,https://en.wikipedia.org/wiki/March_21,March 21,"March 21, 717","Wikipedia, March 21",documented date,military,,Gregorian date-page convention,target met,regional,secondary reference; single-source date-page verification,20,verified against cited historical-events date page,20,60
21,CE,867,March,Selection limited to 1–2009 CE; original historical calendar is not specified by the cited date page.,,EVT-MAR-21-02-0867,conflict,"On March 21, 867, An army of the Kingdom of Northumbria attempts to recapture York from the Great Heathen Army but is defeated in the battle of York. This event is included in the documented historical-events chronology for this calendar date.",An army of the Kingdom of Northumbria attempts to recapture York from the Great Heathen Army but is defeated in the battle of York.,867 CE,https://en.wikipedia.org/wiki/March_21,March 21,"March 21, 867","Wikipedia, March 21",documented date,military,,Gregorian date-page convention,target met,international,secondary reference; single-source date-page verification,20,verified against cited historical-events date page,20,72
21,CE,867,March,Selection limited to 1–2009 CE; original historical calendar is not specified by the cited date page.,,EVT-MAR-21-14-0867,political event,"On March 21, 867, Ælla, king of Northumbria This event is included in the documented historical-events chronology for this calendar date. The cited date-page entry records this occurrence. The cited date-page entry records this occurrence.",Ælla,867 CE,https://en.wikipedia.org/wiki/March_21,March 21,"March 21, 867","Wikipedia, March 21",documented date,politics and governance,,Gregorian date-page convention,target met,regional,secondary reference; single-source date-page verification,20,verified against cited historical-events date page,20,50
21,CE,867,March,Selection limited to 1–2009 CE; original historical calendar is not specified by the cited date page.,,EVT-MAR-21-15-0867,political event,"On March 21, 867, Osberht, king of Northumbria This event is included in the documented historical-events chronology for this calendar date. The cited date-page entry records this occurrence. The cited date-page entry records this occurrence.",Osberht,867 CE,https://en.wikipedia.org/wiki/March_21,March 21,"March 21, 867","Wikipedia, March 21",documented date,politics and governance,,Gregorian date-page convention,target met,regional,secondary reference; single-source date-page verification,20,verified against cited historical-events date page,20,50
21,CE,927,March,Selection limited to 1–2009 CE; original historical calendar is not specified by the cited date page.,,EVT-MAR-21-16-0927,political event,"On March 21, 927, Emperor Taizu of Song (died 976) This event is included in the documented historical-events chronology for this calendar date. The cited date-page entry records this occurrence.",Emperor Taizu of Song (died 976),927 CE,https://en.wikipedia.org/wiki/March_21,March 21,"March 21, 927","Wikipedia, March 21",documented date,politics and governance,,Gregorian date-page convention,target met,regional,secondary reference; single-source date-page verification,20,verified against cited historical-events date page,20,50
21,CE,1034,March,Selection limited to 1–2009 CE; original historical calendar is not specified by the cited date page.,,EVT-MAR-21-17-1034,historical event,"On March 21, 1034, Ezzo, Count Palatine of Lotharingia (born 955) This event is included in the documented historical-events chronology for this calendar date. The cited date-page entry records this occurrence.",Ezzo,1034 CE,https://en.wikipedia.org/wiki/March_21,March 21,"March 21, 1034","Wikipedia, March 21",documented date,general history,,Gregorian date-page convention,target met,regional,secondary reference; single-source date-page verification,20,verified against cited historical-events date page,20,50
21,CE,1063,March,Selection limited to 1–2009 CE; original historical calendar is not specified by the cited date page.,,EVT-MAR-21-18-1063,historical event,"On March 21, 1063, Richeza of Lotharingia (born 995) This event is included in the documented historical-events chronology for this calendar date. The cited date-page entry records this occurrence. The cited date-page entry records this occurrence.",Richeza of Lotharingia (born 995),1063 CE,https://en.wikipedia.org/wiki/March_21,March 21,"March 21, 1063","Wikipedia, March 21",documented date,general history,,Gregorian date-page convention,target met,regional,secondary reference; single-source date-page verification,20,verified against cited historical-events date page,20,50
21,CE,1076,March,Selection limited to 1–2009 CE; original historical calendar is not specified by the cited date page.,,EVT-MAR-21-19-1076,historical event,"On March 21, 1076, Robert I, Duke of Burgundy (born 1011) This event is included in the documented historical-events chronology for this calendar date. The cited date-page entry records this occurrence.",Robert I,1076 CE,https://en.wikipedia.org/wiki/March_21,March 21,"March 21, 1076","Wikipedia, March 21",documented date,general history,,Gregorian date-page convention,target met,regional,secondary reference; single-source date-page verification,20,verified against cited historical-events date page,20,50
21,CE,1152,March,Selection limited to 1–2009 CE; original historical calendar is not specified by the cited date page.,Europe,EVT-MAR-21-20-1152,political event,"On March 21, 1152, Annulment of the marriage of King Louis VII of France and Queen Eleanor of Aquitaine. This event is included in the documented historical-events chronology for this calendar date.",Annulment of the marriage of King Louis VII of France and Queen Eleanor of Aquitaine.,1152 CE,https://en.wikipedia.org/wiki/March_21,March 21,"March 21, 1152","Wikipedia, March 21",documented date,politics and governance,France,Gregorian date-page convention,target met,regional,secondary reference; single-source date-page verification,20,verified against cited historical-events date page,20,50
21,CE,1349,March,Selection limited to 1–2009 CE; original historical calendar is not specified by the cited date page.,Europe,EVT-MAR-21-03-1349,conflict,"Erfurt massacre: Outbreak of an antisemitic pogrom in Erfurt, Germany, during which between 100 and up to 3000 Jews were killed by Christians after being accused of causing the Black Death.",Erfurt massacre,1349 CE,https://en.wikipedia.org/wiki/March_21,March 21,"March 21, 1349","Wikipedia, March 21",documented date,military,Germany,Gregorian date-page convention,target met,international,secondary reference; single-source date-page verification,20,verified against cited historical-events date page,20,66
21,CE,1557,March,Selection limited to 1–2009 CE; original historical calendar is not specified by the cited date page.,,EVT-MAR-21-07-1557,conflict,"On March 21, 1557, Anne Howard, Countess of Arundel, English countess and poet (died 1630) This event is included in the documented historical-events chronology for this calendar date. The cited date-page entry records this occurrence.",Anne Howard,1557 CE,https://en.wikipedia.org/wiki/March_21,March 21,"March 21, 1557","Wikipedia, March 21",documented date,military,,Gregorian date-page convention,target met,regional,secondary reference; single-source date-page verification,20,verified against cited historical-events date page,20,60
21,CE,1814,March,Selection limited to 1–2009 CE; original historical calendar is not specified by the cited date page.,,EVT-MAR-21-08-1814,conflict,"On March 21, 1814, Napoleonic Wars: Austrian forces repel French troops in the Battle of Arcis-sur-Aube. This event is included in the documented historical-events chronology for this calendar date. The cited date-page entry records this occurrence.",Napoleonic Wars,1814 CE,https://en.wikipedia.org/wiki/March_21,March 21,"March 21, 1814","Wikipedia, March 21",documented date,military,,Gregorian date-page convention,target met,regional,secondary reference; single-source date-page verification,20,verified against cited historical-events date page,20,60
21,CE,1821,March,Selection limited to 1–2009 CE; original historical calendar is not specified by the cited date page.,,EVT-MAR-21-01-1821,conflict,"On March 21, 1821, Greek War of Independence: Greek revolutionaries seize Kalavryta. This event is included in the documented historical-events chronology for this calendar date. The cited date-page entry records this occurrence.",Greek War of Independence,1821 CE,https://en.wikipedia.org/wiki/March_21,March 21,"March 21, 1821","Wikipedia, March 21",documented date,military,,Gregorian date-page convention,target met,international,secondary reference; single-source date-page verification,20,verified against cited historical-events date page,20,76
21,CE,1844,March,Selection limited to 1–2009 CE; original historical calendar is not specified by the cited date page.,,EVT-MAR-21-11-1844,historical event,The Baháʼí calendar begins. This is the first day of the first year of the Baháʼí calendar. It is annually celebrated by members of the Baháʼí Faith as the Baháʼí New Year or Náw-Rúz.,The Baháʼí calendar begins. This is the first day of the first year of the Baháʼí calendar. It is annually celebrated by members of the Baháʼí Faith as the Baháʼí New Year or Náw-R,1844 CE,https://en.wikipedia.org/wiki/March_21,March 21,"March 21, 1844","Wikipedia, March 21",documented date,general history,,Gregorian date-page convention,target met,regional,secondary reference; single-source date-page verification,20,verified against cited historical-events date page,20,51
21,CE,1871,March,Selection limited to 1–2009 CE; original historical calendar is not specified by the cited date page.,,EVT-MAR-21-10-1871,historical event,"On March 21, 1871, Otto von Bismarck is appointed as the first Chancellor of the German Empire. This event is included in the documented historical-events chronology for this calendar date.",Otto von Bismarck is appointed as the first Chancellor of the German Empire.,1871 CE,https://en.wikipedia.org/wiki/March_21,March 21,"March 21, 1871","Wikipedia, March 21",documented date,general history,,Gregorian date-page convention,target met,regional,secondary reference; single-source date-page verification,20,verified against cited historical-events date page,20,52
21,CE,1918,March,Selection limited to 1–2009 CE; original historical calendar is not specified by the cited date page.,,EVT-MAR-21-04-1918,conflict,"On March 21, 1918, World War I: The first phase of the German spring offensive, Operation Michael, begins. This event is included in the documented historical-events chronology for this calendar date.",World War I,1918 CE,https://en.wikipedia.org/wiki/March_21,March 21,"March 21, 1918","Wikipedia, March 21",documented date,military,,Gregorian date-page convention,target met,regional,secondary reference; single-source date-page verification,20,verified against cited historical-events date page,20,61
21,CE,1919,March,Selection limited to 1–2009 CE; original historical calendar is not specified by the cited date page.,Europe,EVT-MAR-21-05-1919,political event,"On March 21, 1919, The Hungarian Soviet Republic is established becoming the first Communist government to be formed in Europe after the October Revolution in Russia. This event is included in the documented historical-events chronology for this calendar date.",The Hungarian Soviet Republic is established becoming the first Communist government to be formed in Europe after the October Revolution in Russia.,1919 CE,https://en.wikipedia.org/wiki/March_21,March 21,"March 21, 1919","Wikipedia, March 21",documented date,politics and governance,Russia,Gregorian date-page convention,target met,regional,secondary reference; single-source date-page verification,20,verified against cited historical-events date page,20,61
21,CE,1945,March,Selection limited to 1–2009 CE; original historical calendar is not specified by the cited date page.,Europe,EVT-MAR-21-09-1945,conflict,"On March 21, 1945, World War II: Bulgaria and the Soviet Union successfully complete their defense of the north bank of the Drava River as the Battle of the Transdanubian Hills concludes. This event is included in the documented historical-events chronology for this calendar date.",World War II,1945 CE,https://en.wikipedia.org/wiki/March_21,March 21,"March 21, 1945","Wikipedia, March 21",documented date,military,Bulgaria,Gregorian date-page convention,target met,regional,secondary reference; single-source date-page verification,20,verified against cited historical-events date page,20,60
22,CE,106,March,Selection limited to 1–2009 CE; original historical calendar is not specified by the cited date page.,,EVT-MAR-22-16-0106,cultural event,"On March 22, 106, Start of the Bostran era, the calendar of the province of Arabia Petraea. This event is included in the documented historical-events chronology for this calendar date.",Start of the Bostran era,106 CE,https://en.wikipedia.org/wiki/March_22,March 22,"March 22, 106","Wikipedia, March 22",documented date,culture and society,,Gregorian date-page convention,target met,regional,secondary reference; single-source date-page verification,20,verified against cited historical-events date page,20,50
22,CE,235,March,Selection limited to 1–2009 CE; original historical calendar is not specified by the cited date page.,,EVT-MAR-22-17-0235,political event,"On March 22, 235, Roman emperor Severus Alexander is murdered, marking the start of the Crisis of the Third Century. This event is included in the documented historical-events chronology for this calendar date.",Roman emperor Severus Alexander is murdered,235 CE,https://en.wikipedia.org/wiki/March_22,March 22,"March 22, 235","Wikipedia, March 22",documented date,politics and governance,,Gregorian date-page convention,target met,regional,secondary reference; single-source date-page verification,20,verified against cited historical-events date page,20,50
22,CE,235,March,Selection limited to 1–2009 CE; original historical calendar is not specified by the cited date page.,,EVT-MAR-22-18-0235,political event,"On March 22, 235, Severus Alexander, Roman emperor (born 208) This event is included in the documented historical-events chronology for this calendar date. The cited date-page entry records this occurrence.",Severus Alexander,235 CE,https://en.wikipedia.org/wiki/March_22,March 22,"March 22, 235","Wikipedia, March 22",documented date,politics and governance,,Gregorian date-page convention,target met,regional,secondary reference; single-source date-page verification,20,verified against cited historical-events date page,20,50
22,CE,841,March,Selection limited to 1–2009 CE; original historical calendar is not specified by the cited date page.,,EVT-MAR-22-19-0841,historical event,"On March 22, 841, Bernard Plantapilosa, Frankish son of Bernard of Septimania (died 885) This event is included in the documented historical-events chronology for this calendar date. The cited date-page entry records this occurrence.",Bernard Plantapilosa,841 CE,https://en.wikipedia.org/wiki/March_22,March 22,"March 22, 841","Wikipedia, March 22",documented date,general history,,Gregorian date-page convention,target met,regional,secondary reference; single-source date-page verification,20,verified against cited historical-events date page,20,50
22,CE,871,March,Selection limited to 1–2009 CE; original historical calendar is not specified by the cited date page.,,EVT-MAR-22-01-0871,conflict,"On March 22, 871, Æthelred of Wessex is defeated by a Danish invasion army at the Battle of Marton. This event is included in the documented historical-events chronology for this calendar date.",Æthelred of Wessex is defeated by a Danish invasion army at the Battle of Marton.,871 CE,https://en.wikipedia.org/wiki/March_22,March 22,"March 22, 871","Wikipedia, March 22",documented date,military,,Gregorian date-page convention,target met,international,secondary reference; single-source date-page verification,20,verified against cited historical-events date page,20,76
22,CE,875,March,Selection limited to 1–2009 CE; original historical calendar is not specified by the cited date page.,,EVT-MAR-22-20-0875,historical event,"On March 22, 875, William I, Duke of Aquitaine (died 918) This event is included in the documented historical-events chronology for this calendar date. The cited date-page entry records this occurrence.",William I,875 CE,https://en.wikipedia.org/wiki/March_22,March 22,"March 22, 875","Wikipedia, March 22",documented date,general history,,Gregorian date-page convention,target met,regional,secondary reference; single-source date-page verification,20,verified against cited historical-events date page,20,50
22,CE,1185,March,Selection limited to 1–2009 CE; original historical calendar is not specified by the cited date page.,,EVT-MAR-22-03-1185,conflict,"On March 22, 1185, Battle of Yashima: the Japanese forces of the Taira clan are defeated by the Minamoto clan. This event is included in the documented historical-events chronology for this calendar date.",Battle of Yashima,1185 CE,https://en.wikipedia.org/wiki/March_22,March 22,"March 22, 1185","Wikipedia, March 22",documented date,military,,Gregorian date-page convention,target met,international,secondary reference; single-source date-page verification,20,verified against cited historical-events date page,20,67
22,CE,1322,March,Selection limited to 1–2009 CE; original historical calendar is not specified by the cited date page.,,EVT-MAR-22-04-1322,conflict,"On March 22, 1322, Thomas, 2nd Earl of Lancaster, English politician, Lord High Steward of England (born 1278) This event is included in the documented historical-events chronology for this calendar date.",Thomas,1322 CE,https://en.wikipedia.org/wiki/March_22,March 22,"March 22, 1322","Wikipedia, March 22",documented date,military,,Gregorian date-page convention,target met,regional,secondary reference; single-source date-page verification,20,verified against cited historical-events date page,20,60
22,CE,1421,March,Selection limited to 1–2009 CE; original historical calendar is not specified by the cited date page.,,EVT-MAR-22-05-1421,conflict,"On March 22, 1421, Thomas of Lancaster, 1st Duke of Clarence, English soldier and politician, Lord High Steward of England (born 1388) This event is included in the documented historical-events chronology for this calendar date.",Thomas of Lancaster,1421 CE,https://en.wikipedia.org/wiki/March_22,March 22,"March 22, 1421","Wikipedia, March 22",documented date,military,,Gregorian date-page convention,target met,regional,secondary reference; single-source date-page verification,20,verified against cited historical-events date page,20,60
22,CE,1508,March,Selection limited to 1–2009 CE; original historical calendar is not specified by the cited date page.,,EVT-MAR-22-11-1508,historical event,"On March 22, 1508, Ferdinand II of Aragon commissions Amerigo Vespucci chief navigator of the Spanish Empire. This event is included in the documented historical-events chronology for this calendar date.",Ferdinand II of Aragon commissions Amerigo Vespucci chief navigator of the Spanish Empire.,1508 CE,https://en.wikipedia.org/wiki/March_22,March 22,"March 22, 1508","Wikipedia, March 22",documented date,general history,,Gregorian date-page convention,target met,regional,secondary reference; single-source date-page verification,20,verified against cited historical-events date page,20,56
22,CE,1621,March,Selection limited to 1–2009 CE; original historical calendar is not specified by the cited date page.,,EVT-MAR-22-13-1621,political event,"On March 22, 1621, The Pilgrims of Plymouth Colony, led by governor John Carver, sign a peace treaty with Massasoit, sachem of the Wampanoags; Squanto serves as an interpreter between the two sides. This event is included in the documented historical-events chronology for this calendar date.",The Pilgrims of Plymouth Colony,1621 CE,https://en.wikipedia.org/wiki/March_22,March 22,"March 22, 1621","Wikipedia, March 22",documented date,politics and governance,,Gregorian date-page convention,target met,regional,secondary reference; single-source date-page verification,20,verified against cited historical-events date page,20,52
22,CE,1622,March,Selection limited to 1–2009 CE; original historical calendar is not specified by the cited date page.,,EVT-MAR-22-06-1622,conflict,"On March 22, 1622, Jamestown massacre: Algonquians kill 347 English settlers around Jamestown, Virginia, a third of the colony's population, during the Second Anglo-Powhatan War. This event is included in the documented historical-events chronology for this calendar date.",Jamestown massacre,1622 CE,https://en.wikipedia.org/wiki/March_22,March 22,"March 22, 1622","Wikipedia, March 22",documented date,military,,Gregorian date-page convention,target met,regional,secondary reference; single-source date-page verification,20,verified against cited historical-events date page,20,60
22,CE,1668,March,Selection limited to 1–2009 CE; original historical calendar is not specified by the cited date page.,Americas,EVT-MAR-22-08-1668,conflict,"On March 22, 1668, Notable Privateer Henry Morgan lands in Cuba to raid and plunder the inland town of Puerto del Príncipe during the latter stages of the Anglo-Spanish War (1654–1660). This event is included in the documented historical-events chronology for this calendar date.",Notable Privateer Henry Morgan lands in Cuba to raid and plunder the inland town of Puerto del Príncipe during the latter stages of the Anglo-Spanish War (1654–1660).,1668 CE,https://en.wikipedia.org/wiki/March_22,March 22,"March 22, 1668","Wikipedia, March 22",documented date,military,Cuba,Gregorian date-page convention,target met,regional,secondary reference; single-source date-page verification,20,verified against cited historical-events date page,20,58
22,CE,1792,March,Selection limited to 1–2009 CE; original historical calendar is not specified by the cited date page.,,EVT-MAR-22-02-1792,conflict,"On March 22, 1792, Battle of Croix-des-Bouquets: Black slave insurgents gain a victory in the first major battle of the Haitian Revolution. This event is included in the documented historical-events chronology for this calendar date.",Battle of Croix-des-Bouquets,1792 CE,https://en.wikipedia.org/wiki/March_22,March 22,"March 22, 1792","Wikipedia, March 22",documented date,military,,Gregorian date-page convention,target met,international,secondary reference; single-source date-page verification,20,verified against cited historical-events date page,20,76
22,CE,1849,March,Selection limited to 1–2009 CE; original historical calendar is not specified by the cited date page.,,EVT-MAR-22-09-1849,conflict,"On March 22, 1849, The Austrians defeat the Piedmontese at the Battle of Novara. This event is included in the documented historical-events chronology for this calendar date. The cited date-page entry records this occurrence.",The Austrians defeat the Piedmontese at the Battle of Novara.,1849 CE,https://en.wikipedia.org/wiki/March_22,March 22,"March 22, 1849","Wikipedia, March 22",documented date,military,,Gregorian date-page convention,target met,regional,secondary reference; single-source date-page verification,20,verified against cited historical-events date page,20,57
22,CE,1864,March,Selection limited to 1–2009 CE; original historical calendar is not specified by the cited date page.,,EVT-MAR-22-14-1864,historical event,"On March 22, 1864, Konstanty Kalinowski, writer, journalist, lawyer and revolutionary (born 1838) This event is included in the documented historical-events chronology for this calendar date. The cited date-page entry records this occurrence.",Konstanty Kalinowski,1864 CE,https://en.wikipedia.org/wiki/March_22,March 22,"March 22, 1864","Wikipedia, March 22",documented date,general history,,Gregorian date-page convention,target met,regional,secondary reference; single-source date-page verification,20,verified against cited historical-events date page,20,52
22,CE,1896,March,Selection limited to 1–2009 CE; original historical calendar is not specified by the cited date page.,,EVT-MAR-22-15-1896,cultural event,"On March 22, 1896, Charilaos Vasilakos wins the first modern Olympic marathon race with a time of three hours and 18 minutes. This event is included in the documented historical-events chronology for this calendar date.",Charilaos Vasilakos wins the first modern Olympic marathon race with a time of three hours and 18 minutes.,1896 CE,https://en.wikipedia.org/wiki/March_22,March 22,"March 22, 1896","Wikipedia, March 22",documented date,culture and society,,Gregorian date-page convention,target met,regional,secondary reference; single-source date-page verification,20,verified against cited historical-events date page,20,51
22,CE,1942,March,Selection limited to 1–2009 CE; original historical calendar is not specified by the cited date page.,Europe,EVT-MAR-22-07-1942,conflict,"On March 22, 1942, World War II: In the Mediterranean Sea, the Royal Navy confronts Italy's Regia Marina in the Second Battle of Sirte. This event is included in the documented historical-events chronology for this calendar date.",World War II,1942 CE,https://en.wikipedia.org/wiki/March_22,March 22,"March 22, 1942","Wikipedia, March 22",documented date,military,Italy,Gregorian date-page convention,target met,regional,secondary reference; single-source date-page verification,20,verified against cited historical-events date page,20,60
22,CE,1945,March,Selection limited to 1–2009 CE; original historical calendar is not specified by the cited date page.,Europe,EVT-MAR-22-10-1945,conflict,"World War II: The city of Hildesheim, Germany, is heavily damaged in a British air raid, though it had little military significance and Germany was on the verge of final defeat.",World War II,1945 CE,https://en.wikipedia.org/wiki/March_22,March 22,"March 22, 1945","Wikipedia, March 22",documented date,military,Germany,Gregorian date-page convention,target met,regional,secondary reference; single-source date-page verification,20,verified against cited historical-events date page,20,57
22,CE,1946,March,Selection limited to 1–2009 CE; original historical calendar is not specified by the cited date page.,Europe,EVT-MAR-22-12-1946,political event,"On March 22, 1946, The United Kingdom grants full independence to Transjordan. This event is included in the documented historical-events chronology for this calendar date. The cited date-page entry records this occurrence.",The United Kingdom grants full independence to Transjordan.,1946 CE,https://en.wikipedia.org/wiki/March_22,March 22,"March 22, 1946","Wikipedia, March 22",documented date,politics and governance,United Kingdom,Gregorian date-page convention,target met,regional,secondary reference; single-source date-page verification,20,verified against cited historical-events date page,20,54
23,CE,59,March,Selection limited to 1–2009 CE; original historical calendar is not specified by the cited date page.,,EVT-MAR-23-18-0059,historical event,"On March 23, 59, Agrippina the Younger, Roman empress (born 15) This event is included in the documented historical-events chronology for this calendar date. The cited date-page entry records this occurrence.",Agrippina the Younger,59 CE,https://en.wikipedia.org/wiki/March_23,March 23,"March 23, 59","Wikipedia, March 23",documented date,general history,,Gregorian date-page convention,target met,regional,secondary reference; single-source date-page verification,20,verified against cited historical-events date page,20,50
23,CE,625,March,Selection limited to 1–2009 CE; original historical calendar is not specified by the cited date page.,,EVT-MAR-23-04-0625,conflict,"On March 23, 625, The Muslim army under Muhammad suffers a defeat against the Quraysh in the battle of Uhud. This event is included in the documented historical-events chronology for this calendar date.",The Muslim army under Muhammad suffers a defeat against the Quraysh in the battle of Uhud.,625 CE,https://en.wikipedia.org/wiki/March_23,March 23,"March 23, 625","Wikipedia, March 23",documented date,military,,Gregorian date-page convention,target met,international,secondary reference; single-source date-page verification,20,verified against cited historical-events date page,20,67
23,CE,851,March,Selection limited to 1–2009 CE; original historical calendar is not specified by the cited date page.,,EVT-MAR-23-19-0851,historical event,"On March 23, 851, Zhou Chi, Chinese historian and politician (born 793) This event is included in the documented historical-events chronology for this calendar date. The cited date-page entry records this occurrence.",Zhou Chi,851 CE,https://en.wikipedia.org/wiki/March_23,March 23,"March 23, 851","Wikipedia, March 23",documented date,general history,,Gregorian date-page convention,target met,regional,secondary reference; single-source date-page verification,20,verified against cited historical-events date page,20,50
23,CE,1022,March,Selection limited to 1–2009 CE; original historical calendar is not specified by the cited date page.,,EVT-MAR-23-20-1022,political event,"On March 23, 1022, Zhen Zong, Chinese emperor (born 968) This event is included in the documented historical-events chronology for this calendar date. The cited date-page entry records this occurrence.",Zhen Zong,1022 CE,https://en.wikipedia.org/wiki/March_23,March 23,"March 23, 1022","Wikipedia, March 23",documented date,politics and governance,,Gregorian date-page convention,target met,regional,secondary reference; single-source date-page verification,20,verified against cited historical-events date page,20,50
23,CE,1361,March,Selection limited to 1–2009 CE; original historical calendar is not specified by the cited date page.,,EVT-MAR-23-09-1361,conflict,"On March 23, 1361, Henry of Grosmont, 1st Duke of Lancaster, English politician, Lord High Steward of England (born 1310) This event is included in the documented historical-events chronology for this calendar date.",Henry of Grosmont,1361 CE,https://en.wikipedia.org/wiki/March_23,March 23,"March 23, 1361","Wikipedia, March 23",documented date,military,,Gregorian date-page convention,target met,regional,secondary reference; single-source date-page verification,20,verified against cited historical-events date page,20,60
23,CE,1568,March,Selection limited to 1–2009 CE; original historical calendar is not specified by the cited date page.,,EVT-MAR-23-05-1568,conflict,"On March 23, 1568, The Peace of Longjumeau is signed, ending the second phase of the French Wars of Religion. This event is included in the documented historical-events chronology for this calendar date.",The Peace of Longjumeau is signed,1568 CE,https://en.wikipedia.org/wiki/March_23,March 23,"March 23, 1568","Wikipedia, March 23",documented date,military,,Gregorian date-page convention,target met,international,secondary reference; single-source date-page verification,20,verified against cited historical-events date page,20,66
23,CE,1775,March,Selection limited to 1–2009 CE; original historical calendar is not specified by the cited date page.,,EVT-MAR-23-08-1775,conflict,"On March 23, 1775, American Revolutionary War: Patrick Henry delivers his speech – "" Give me liberty or give me death!"" – at St. John's Episcopal Church, Richmond, Virginia. This event is included in the documented historical-events chronology for this calendar date.",American Revolutionary War,1775 CE,https://en.wikipedia.org/wiki/March_23,March 23,"March 23, 1775","Wikipedia, March 23",documented date,military,,Gregorian date-page convention,target met,regional,secondary reference; single-source date-page verification,20,verified against cited historical-events date page,20,62
23,CE,1821,March,Selection limited to 1–2009 CE; original historical calendar is not specified by the cited date page.,,EVT-MAR-23-01-1821,conflict,"On March 23, 1821, Greek War of Independence: Battle and fall of city of Kalamata. This event is included in the documented historical-events chronology for this calendar date. The cited date-page entry records this occurrence.",Greek War of Independence,1821 CE,https://en.wikipedia.org/wiki/March_23,March 23,"March 23, 1821","Wikipedia, March 23",documented date,military,,Gregorian date-page convention,target met,international,secondary reference; single-source date-page verification,20,verified against cited historical-events date page,20,74
23,CE,1848,March,Selection limited to 1–2009 CE; original historical calendar is not specified by the cited date page.,Oceania,EVT-MAR-23-14-1848,historical event,"On March 23, 1848, The ship John Wickliffe arrives at Port Chalmers carrying the first Scottish settlers for Dunedin, New Zealand. Otago province is founded. This event is included in the documented historical-events chronology for this calendar date.",The ship John Wickliffe arrives at Port Chalmers carrying the first Scottish settlers for Dunedin,1848 CE,https://en.wikipedia.org/wiki/March_23,March 23,"March 23, 1848","Wikipedia, March 23",documented date,general history,New Zealand,Gregorian date-page convention,target met,regional,secondary reference; single-source date-page verification,20,verified against cited historical-events date page,20,53
23,CE,1862,March,Selection limited to 1–2009 CE; original historical calendar is not specified by the cited date page.,,EVT-MAR-23-02-1862,conflict,"On March 23, 1862, American Civil War: The First Battle of Kernstown, Virginia, marks the start of Stonewall Jackson's Valley Campaign. Although a Confederate defeat, the engagement distracts Federal efforts to capture Richmond. This event is included in the documented historical-events chronology for this calendar date.",American Civil War,1862 CE,https://en.wikipedia.org/wiki/March_23,March 23,"March 23, 1862","Wikipedia, March 23",documented date,military,,Gregorian date-page convention,target met,international,secondary reference; single-source date-page verification,20,verified against cited historical-events date page,20,73
23,CE,1862,March,Selection limited to 1–2009 CE; original historical calendar is not specified by the cited date page.,,EVT-MAR-23-16-1862,political event,"On March 23, 1862, Manuel Robles Pezuela, Unconstitutional Mexican interim president, 1858–1859 (born 1817) This event is included in the documented historical-events chronology for this calendar date. The cited date-page entry records this occurrence.",Manuel Robles Pezuela,1862 CE,https://en.wikipedia.org/wiki/March_23,March 23,"March 23, 1862","Wikipedia, March 23",documented date,politics and governance,,Gregorian date-page convention,target met,regional,secondary reference; single-source date-page verification,20,verified against cited historical-events date page,20,51
23,CE,1868,March,Selection limited to 1–2009 CE; original historical calendar is not specified by the cited date page.,,EVT-MAR-23-11-1868,cultural event,"On March 23, 1868, The University of California is founded in Oakland, California when the Organic Act is signed into law. This event is included in the documented historical-events chronology for this calendar date.",The University of California is founded in Oakland,1868 CE,https://en.wikipedia.org/wiki/March_23,March 23,"March 23, 1868","Wikipedia, March 23",documented date,culture and society,,Gregorian date-page convention,target met,regional,secondary reference; single-source date-page verification,20,verified against cited historical-events date page,20,58
23,CE,1879,March,Selection limited to 1–2009 CE; original historical calendar is not specified by the cited date page.,Americas,EVT-MAR-23-06-1879,conflict,"On March 23, 1879, War of the Pacific: The Battle of Topáter, the first battle of the war, is fought between Chile and the joint forces of Bolivia and Peru. This event is included in the documented historical-events chronology for this calendar date.",War of the Pacific,1879 CE,https://en.wikipedia.org/wiki/March_23,March 23,"March 23, 1879","Wikipedia, March 23",documented date,military,Bolivia,Gregorian date-page convention,target met,international,secondary reference; single-source date-page verification,20,verified against cited historical-events date page,20,66
23,CE,1885,March,Selection limited to 1–2009 CE; original historical calendar is not specified by the cited date page.,Asia,EVT-MAR-23-03-1885,conflict,"On March 23, 1885, Sino-French War: Chinese victory in the Battle of Phu Lam Tao near Hưng Hóa, northern Vietnam. This event is included in the documented historical-events chronology for this calendar date.",Sino-French War,1885 CE,https://en.wikipedia.org/wiki/March_23,March 23,"March 23, 1885","Wikipedia, March 23",documented date,military,Vietnam,Gregorian date-page convention,target met,international,secondary reference; single-source date-page verification,20,verified against cited historical-events date page,20,68
23,CE,1888,March,Selection limited to 1–2009 CE; original historical calendar is not specified by the cited date page.,,EVT-MAR-23-17-1888,historical event,"On March 23, 1888, In England, The Football League, the world's oldest professional association football league, meets for the first time. This event is included in the documented historical-events chronology for this calendar date.",In England,1888 CE,https://en.wikipedia.org/wiki/March_23,March 23,"March 23, 1888","Wikipedia, March 23",documented date,general history,,Gregorian date-page convention,target met,regional,secondary reference; single-source date-page verification,20,verified against cited historical-events date page,20,51
23,CE,1918,March,Selection limited to 1–2009 CE; original historical calendar is not specified by the cited date page.,,EVT-MAR-23-12-1918,conflict,"First World War: On the third day of the German Spring Offensive, the 10th Battalion of the Royal West Kent Regiment is annihilated with many of the men becoming prisoners of war.",First World War,1918 CE,https://en.wikipedia.org/wiki/March_23,March 23,"March 23, 1918","Wikipedia, March 23",documented date,military,,Gregorian date-page convention,target met,regional,secondary reference; single-source date-page verification,20,verified against cited historical-events date page,20,56
23,CE,1965,March,Selection limited to 1–2009 CE; original historical calendar is not specified by the cited date page.,Americas,EVT-MAR-23-13-1965,discovery,"On March 23, 1965, NASA launches Gemini 3, the United States' first two-man space flight (crew: Gus Grissom and John Young). This event is included in the documented historical-events chronology for this calendar date.",NASA launches Gemini 3,1965 CE,https://en.wikipedia.org/wiki/March_23,March 23,"March 23, 1965","Wikipedia, March 23",documented date,science and technology,United States,Gregorian date-page convention,target met,regional,secondary reference; single-source date-page verification,20,verified against cited historical-events date page,20,56
23,CE,1988,March,Selection limited to 1–2009 CE; original historical calendar is not specified by the cited date page.,,EVT-MAR-23-15-1988,conflict,"On March 23, 1988, Angolan and Cuban forces defeat South Africa in the Battle of Cuito Cuanavale. This event is included in the documented historical-events chronology for this calendar date.",Angolan and Cuban forces defeat South Africa in the Battle of Cuito Cuanavale.,1988 CE,https://en.wikipedia.org/wiki/March_23,March 23,"March 23, 1988","Wikipedia, March 23",documented date,military,,Gregorian date-page convention,target met,regional,secondary reference; single-source date-page verification,20,verified against cited historical-events date page,20,52
23,CE,1991,March,Selection limited to 1–2009 CE; original historical calendar is not specified by the cited date page.,,EVT-MAR-23-07-1991,conflict,"The Revolutionary United Front, with support from the special forces of Charles Taylor's National Patriotic Front of Liberia, invades Sierra Leone in an attempt to overthrow Joseph Saidu Momoh, sparking the 11-year Sierra Leone Civil War.",The Revolutionary United Front,1991 CE,https://en.wikipedia.org/wiki/March_23,March 23,"March 23, 1991","Wikipedia, March 23",documented date,military,,Gregorian date-page convention,target met,international,secondary reference; single-source date-page verification,20,verified against cited historical-events date page,20,66
23,CE,2003,March,Selection limited to 1–2009 CE; original historical calendar is not specified by the cited date page.,Asia,EVT-MAR-23-10-2003,conflict,"On March 23, 2003, Battle of Nasiriyah, first major conflict during the invasion of Iraq. This event is included in the documented historical-events chronology for this calendar date. The cited date-page entry records this occurrence.",Battle of Nasiriyah,2003 CE,https://en.wikipedia.org/wiki/March_23,March 23,"March 23, 2003","Wikipedia, March 23",documented date,military,Iraq,Gregorian date-page convention,target met,regional,secondary reference; single-source date-page verification,20,verified against cited historical-events date page,20,60
24,CE,809,March,Selection limited to 1–2009 CE; original historical calendar is not specified by the cited date page.,,EVT-MAR-24-09-0809,historical event,"On March 24, 809, Harun al-Rashid, Arab caliph (born 763) This event is included in the documented historical-events chronology for this calendar date. The cited date-page entry records this occurrence.",Harun al-Rashid,809 CE,https://en.wikipedia.org/wiki/March_24,March 24,"March 24, 809","Wikipedia, March 24",documented date,general history,,Gregorian date-page convention,target met,regional,secondary reference; single-source date-page verification,20,verified against cited historical-events date page,20,50
24,CE,832,March,Selection limited to 1–2009 CE; original historical calendar is not specified by the cited date page.,,EVT-MAR-24-10-0832,historical event,"On March 24, 832, Wulfred, archbishop of Canterbury This event is included in the documented historical-events chronology for this calendar date. The cited date-page entry records this occurrence. The cited date-page entry records this occurrence.",Wulfred,832 CE,https://en.wikipedia.org/wiki/March_24,March 24,"March 24, 832","Wikipedia, March 24",documented date,general history,,Gregorian date-page convention,target met,regional,secondary reference; single-source date-page verification,20,verified against cited historical-events date page,20,50
24,CE,1103,March,Selection limited to 1–2009 CE; original historical calendar is not specified by the cited date page.,,EVT-MAR-24-11-1103,conflict,"On March 24, 1103, Yue Fei, Chinese military general (died 1142) This event is included in the documented historical-events chronology for this calendar date. The cited date-page entry records this occurrence.",Yue Fei,1103 CE,https://en.wikipedia.org/wiki/March_24,March 24,"March 24, 1103","Wikipedia, March 24",documented date,military,,Gregorian date-page convention,target met,regional,secondary reference; single-source date-page verification,20,verified against cited historical-events date page,20,50
24,CE,1199,March,Selection limited to 1–2009 CE; original historical calendar is not specified by the cited date page.,Europe,EVT-MAR-24-12-1199,political event,"On March 24, 1199, King Richard I of England is wounded by a crossbow bolt while fighting in France, leading to his death on April 6. This event is included in the documented historical-events chronology for this calendar date.",King Richard I of England is wounded by a crossbow bolt while fighting in France,1199 CE,https://en.wikipedia.org/wiki/March_24,March 24,"March 24, 1199","Wikipedia, March 24",documented date,politics and governance,France,Gregorian date-page convention,target met,regional,secondary reference; single-source date-page verification,20,verified against cited historical-events date page,20,50
24,CE,1284,March,Selection limited to 1–2009 CE; original historical calendar is not specified by the cited date page.,,EVT-MAR-24-13-1284,historical event,"On March 24, 1284, Hugh III of Cyprus (born 1235) This event is included in the documented historical-events chronology for this calendar date. The cited date-page entry records this occurrence.",Hugh III of Cyprus (born 1235),1284 CE,https://en.wikipedia.org/wiki/March_24,March 24,"March 24, 1284","Wikipedia, March 24",documented date,general history,,Gregorian date-page convention,target met,regional,secondary reference; single-source date-page verification,20,verified against cited historical-events date page,20,50
24,CE,1296,March,Selection limited to 1–2009 CE; original historical calendar is not specified by the cited date page.,,EVT-MAR-24-14-1296,historical event,"On March 24, 1296, Odon de Pins, Grand Master of the Knights Hospitaller This event is included in the documented historical-events chronology for this calendar date. The cited date-page entry records this occurrence.",Odon de Pins,1296 CE,https://en.wikipedia.org/wiki/March_24,March 24,"March 24, 1296","Wikipedia, March 24",documented date,general history,,Gregorian date-page convention,target met,regional,secondary reference; single-source date-page verification,20,verified against cited historical-events date page,20,50
24,CE,1381,March,Selection limited to 1–2009 CE; original historical calendar is not specified by the cited date page.,,EVT-MAR-24-15-1381,historical event,"On March 24, 1381, Catherine of Vadstena, Swedish saint (born 1332) This event is included in the documented historical-events chronology for this calendar date. The cited date-page entry records this occurrence.",Catherine of Vadstena,1381 CE,https://en.wikipedia.org/wiki/March_24,March 24,"March 24, 1381","Wikipedia, March 24",documented date,general history,,Gregorian date-page convention,target met,regional,secondary reference; single-source date-page verification,20,verified against cited historical-events date page,20,50
24,CE,1387,March,Selection limited to 1–2009 CE; original historical calendar is not specified by the cited date page.,,EVT-MAR-24-02-1387,conflict,"On March 24, 1387, English victory over a Franco- Castilian- Flemish fleet in the Battle of Margate off the coast of Margate. This event is included in the documented historical-events chronology for this calendar date.",English victory over a Franco- Castilian- Flemish fleet in the Battle of Margate off the coast of Margate.,1387 CE,https://en.wikipedia.org/wiki/March_24,March 24,"March 24, 1387","Wikipedia, March 24",documented date,military,,Gregorian date-page convention,target met,international,secondary reference; single-source date-page verification,20,verified against cited historical-events date page,20,68
24,CE,1396,March,Selection limited to 1–2009 CE; original historical calendar is not specified by the cited date page.,,EVT-MAR-24-16-1396,historical event,"On March 24, 1396, Walter Hilton, English mystic and saint (born 1340) This event is included in the documented historical-events chronology for this calendar date. The cited date-page entry records this occurrence.",Walter Hilton,1396 CE,https://en.wikipedia.org/wiki/March_24,March 24,"March 24, 1396","Wikipedia, March 24",documented date,general history,,Gregorian date-page convention,target met,regional,secondary reference; single-source date-page verification,20,verified against cited historical-events date page,20,50
24,CE,1399,March,Selection limited to 1–2009 CE; original historical calendar is not specified by the cited date page.,,EVT-MAR-24-17-1399,historical event,"On March 24, 1399, Margaret, Duchess of Norfolk (bornc. 1320) This event is included in the documented historical-events chronology for this calendar date. The cited date-page entry records this occurrence.",Margaret,1399 CE,https://en.wikipedia.org/wiki/March_24,March 24,"March 24, 1399","Wikipedia, March 24",documented date,general history,,Gregorian date-page convention,target met,regional,secondary reference; single-source date-page verification,20,verified against cited historical-events date page,20,50
24,CE,1401,March,Selection limited to 1–2009 CE; original historical calendar is not specified by the cited date page.,,EVT-MAR-24-18-1401,political event,"On March 24, 1401, Turco-Mongol emperor Timur sacks Damascus. This event is included in the documented historical-events chronology for this calendar date. The cited date-page entry records this occurrence. The cited date-page entry records this occurrence.",Turco-Mongol emperor Timur sacks Damascus.,1401 CE,https://en.wikipedia.org/wiki/March_24,March 24,"March 24, 1401","Wikipedia, March 24",documented date,politics and governance,,Gregorian date-page convention,target met,regional,secondary reference; single-source date-page verification,20,verified against cited historical-events date page,20,50
24,CE,1441,March,Selection limited to 1–2009 CE; original historical calendar is not specified by the cited date page.,,EVT-MAR-24-19-1441,historical event,"On March 24, 1441, Ernest, Elector of Saxony, German ruler of Saxony (died 1486) This event is included in the documented historical-events chronology for this calendar date. The cited date-page entry records this occurrence.",Ernest,1441 CE,https://en.wikipedia.org/wiki/March_24,March 24,"March 24, 1441","Wikipedia, March 24",documented date,general history,,Gregorian date-page convention,target met,regional,secondary reference; single-source date-page verification,20,verified against cited historical-events date page,20,50
24,CE,1443,March,Selection limited to 1–2009 CE; original historical calendar is not specified by the cited date page.,,EVT-MAR-24-20-1443,historical event,"On March 24, 1443, James Douglas, 7th Earl of Douglas (born 1371) This event is included in the documented historical-events chronology for this calendar date. The cited date-page entry records this occurrence.",James Douglas,1443 CE,https://en.wikipedia.org/wiki/March_24,March 24,"March 24, 1443","Wikipedia, March 24",documented date,general history,,Gregorian date-page convention,target met,regional,secondary reference; single-source date-page verification,20,verified against cited historical-events date page,20,50
24,CE,1499,March,Selection limited to 1–2009 CE; original historical calendar is not specified by the cited date page.,,EVT-MAR-24-04-1499,conflict,"On March 24, 1499, Edward Stafford, 2nd Earl of Wiltshire, English nobleman (born 1470) This event is included in the documented historical-events chronology for this calendar date. The cited date-page entry records this occurrence.",Edward Stafford,1499 CE,https://en.wikipedia.org/wiki/March_24,March 24,"March 24, 1499","Wikipedia, March 24",documented date,military,,Gregorian date-page convention,target met,regional,secondary reference; single-source date-page verification,20,verified against cited historical-events date page,20,60
24,CE,1829,March,Selection limited to 1–2009 CE; original historical calendar is not specified by the cited date page.,Europe,EVT-MAR-24-06-1829,political event,"On March 24, 1829, The Parliament of the United Kingdom passes the Roman Catholic Relief Act 1829, allowing Catholics to serve in Parliament. This event is included in the documented historical-events chronology for this calendar date.",The Parliament of the United Kingdom passes the Roman Catholic Relief Act 1829,1829 CE,https://en.wikipedia.org/wiki/March_24,March 24,"March 24, 1829","Wikipedia, March 24",documented date,politics and governance,United Kingdom,Gregorian date-page convention,target met,regional,secondary reference; single-source date-page verification,20,verified against cited historical-events date page,20,51
24,CE,1860,March,Selection limited to 1–2009 CE; original historical calendar is not specified by the cited date page.,,EVT-MAR-24-07-1860,historical event,"On March 24, 1860, Sakuradamon Incident: Japanese chief minister (Tairō) Ii Naosuke is assassinated by rōnin samurai outside the Sakurada Gate of Edo Castle. This event is included in the documented historical-events chronology for this calendar date.",Sakuradamon Incident,1860 CE,https://en.wikipedia.org/wiki/March_24,March 24,"March 24, 1860","Wikipedia, March 24",documented date,general history,,Gregorian date-page convention,target met,regional,secondary reference; single-source date-page verification,20,verified against cited historical-events date page,20,51
24,CE,1939,March,Selection limited to 1–2009 CE; original historical calendar is not specified by the cited date page.,Europe,EVT-MAR-24-05-1939,conflict,The 1939 Liechtenstein putsch takes place; approximately 40 members of the VBDL starting from Nendeln march towards Vaduz with the intention of overthrowing the government and provoking Liechtenstein's annexation into Germany.,The 1939 Liechtenstein putsch takes place,1939 CE,https://en.wikipedia.org/wiki/March_24,March 24,"March 24, 1939","Wikipedia, March 24",documented date,military,Germany,Gregorian date-page convention,target met,regional,secondary reference; single-source date-page verification,20,verified against cited historical-events date page,20,54
24,CE,1982,March,Selection limited to 1–2009 CE; original historical calendar is not specified by the cited date page.,,EVT-MAR-24-03-1982,conflict,"On March 24, 1982, Bangladeshi President Abdus Sattar is deposed in a bloodless coup led by Army Chief Lieutenant general Hussain Muhammad Ershad, who suspends the Constitution and imposes martial law. This event is included in the documented historical-events chronology for this calendar date.",Bangladeshi President Abdus Sattar is deposed in a bloodless coup led by Army Chief Lieutenant general Hussain Muhammad Ershad,1982 CE,https://en.wikipedia.org/wiki/March_24,March 24,"March 24, 1982","Wikipedia, March 24",documented date,military,,Gregorian date-page convention,target met,regional,secondary reference; single-source date-page verification,20,verified against cited historical-events date page,20,61
24,CE,1990,March,Selection limited to 1–2009 CE; original historical calendar is not specified by the cited date page.,Asia,EVT-MAR-24-08-1990,conflict,"On March 24, 1990, Indian intervention in the Sri Lankan Civil War ends with the last ship of Indian Peace Keeping Force leaving Sri Lanka. This event is included in the documented historical-events chronology for this calendar date.",Indian intervention in the Sri Lankan Civil War ends with the last ship of Indian Peace Keeping Force leaving Sri Lanka.,1990 CE,https://en.wikipedia.org/wiki/March_24,March 24,"March 24, 1990","Wikipedia, March 24",documented date,military,Sri Lanka,Gregorian date-page convention,target met,regional,secondary reference; single-source date-page verification,20,verified against cited historical-events date page,20,51
24,CE,1999,March,Selection limited to 1–2009 CE; original historical calendar is not specified by the cited date page.,,EVT-MAR-24-01-1999,conflict,"On March 24, 1999, Kosovo War: NATO begins attacks on Yugoslavia without United Nations Security Council (UNSC) approval, marking the first time NATO has attacked a sovereign country. This event is included in the documented historical-events chronology for this calendar date.",Kosovo War,1999 CE,https://en.wikipedia.org/wiki/March_24,March 24,"March 24, 1999","Wikipedia, March 24",documented date,military,,Gregorian date-page convention,target met,international,secondary reference; single-source date-page verification,20,verified against cited historical-events date page,20,76
25,CE,410,March,Selection limited to 1–2009 CE; original historical calendar is not specified by the cited date page.,,EVT-MAR-25-15-0410,historical event,"On March 25, 410, The Southern Yan capital of Guanggu falls to the Jin dynasty general Liu Yu, ending the Southern Yan dynasty. This event is included in the documented historical-events chronology for this calendar date.",The Southern Yan capital of Guanggu falls to the Jin dynasty general Liu Yu,410 CE,https://en.wikipedia.org/wiki/March_25,March 25,"March 25, 410","Wikipedia, March 25",documented date,general history,,Gregorian date-page convention,target met,regional,secondary reference; single-source date-page verification,20,verified against cited historical-events date page,20,50
25,CE,421,March,Selection limited to 1–2009 CE; original historical calendar is not specified by the cited date page.,,EVT-MAR-25-03-0421,cultural event,"On March 25, 421, Italian city Venice is founded with the dedication of the first church, that of San Giacomo di Rialto on the islet of Rialto. This event is included in the documented historical-events chronology for this calendar date.",Italian city Venice is founded with the dedication of the first church,421 CE,https://en.wikipedia.org/wiki/March_25,March 25,"March 25, 421","Wikipedia, March 25",documented date,culture and society,,Gregorian date-page convention,target met,regional,secondary reference; single-source date-page verification,20,verified against cited historical-events date page,20,63
25,CE,708,March,Selection limited to 1–2009 CE; original historical calendar is not specified by the cited date page.,,EVT-MAR-25-16-0708,political event,"On March 25, 708, Election of Pope Constantine following the death of Pope Sisinnius. He would be the last pope to visit Constantinople until 1967. This event is included in the documented historical-events chronology for this calendar date.",Election of Pope Constantine following the death of Pope Sisinnius. He would be the last pope to visit Constantinople until 1967.,708 CE,https://en.wikipedia.org/wiki/March_25,March 25,"March 25, 708","Wikipedia, March 25",documented date,politics and governance,,Gregorian date-page convention,target met,regional,secondary reference; single-source date-page verification,20,verified against cited historical-events date page,20,50
25,CE,717,March,Selection limited to 1–2009 CE; original historical calendar is not specified by the cited date page.,,EVT-MAR-25-05-0717,historical event,"On March 25, 717, Theodosius III resigns the throne to the Byzantine Empire to enter a monastery, allowing Leo III to take the throne and begin the Isaurian dynasty. This event is included in the documented historical-events chronology for this calendar date.",Theodosius III resigns the throne to the Byzantine Empire to enter a monastery,717 CE,https://en.wikipedia.org/wiki/March_25,March 25,"March 25, 717","Wikipedia, March 25",documented date,general history,,Gregorian date-page convention,target met,regional,secondary reference; single-source date-page verification,20,verified against cited historical-events date page,20,62
25,CE,908,March,Selection limited to 1–2009 CE; original historical calendar is not specified by the cited date page.,,EVT-MAR-25-17-0908,historical event,"On March 25, 908, Li Kening, Chinese general This event is included in the documented historical-events chronology for this calendar date. The cited date-page entry records this occurrence. The cited date-page entry records this occurrence.",Li Kening,908 CE,https://en.wikipedia.org/wiki/March_25,March 25,"March 25, 908","Wikipedia, March 25",documented date,general history,,Gregorian date-page convention,target met,regional,secondary reference; single-source date-page verification,20,verified against cited historical-events date page,20,50
25,CE,919,March,Selection limited to 1–2009 CE; original historical calendar is not specified by the cited date page.,,EVT-MAR-25-18-0919,political event,"On March 25, 919, Romanos Lekapenos seizes the Boukoleon Palace in Constantinople and becomes regent of the Byzantine emperor Constantine VII. This event is included in the documented historical-events chronology for this calendar date.",Romanos Lekapenos seizes the Boukoleon Palace in Constantinople and becomes regent of the Byzantine emperor Constantine VII.,919 CE,https://en.wikipedia.org/wiki/March_25,March 25,"March 25, 919","Wikipedia, March 25",documented date,politics and governance,,Gregorian date-page convention,target met,regional,secondary reference; single-source date-page verification,20,verified against cited historical-events date page,20,50
25,CE,940,March,Selection limited to 1–2009 CE; original historical calendar is not specified by the cited date page.,,EVT-MAR-25-19-0940,historical event,"On March 25, 940, Taira no Masakado, Japanese samurai This event is included in the documented historical-events chronology for this calendar date. The cited date-page entry records this occurrence. The cited date-page entry records this occurrence.",Taira no Masakado,940 CE,https://en.wikipedia.org/wiki/March_25,March 25,"March 25, 940","Wikipedia, March 25",documented date,general history,,Gregorian date-page convention,target met,regional,secondary reference; single-source date-page verification,20,verified against cited historical-events date page,20,50
25,CE,990,March,Selection limited to 1–2009 CE; original historical calendar is not specified by the cited date page.,,EVT-MAR-25-20-0990,historical event,"On March 25, 990, Nicodemus of Mammola, Italian monk and saint This event is included in the documented historical-events chronology for this calendar date. The cited date-page entry records this occurrence.",Nicodemus of Mammola,990 CE,https://en.wikipedia.org/wiki/March_25,March 25,"March 25, 990","Wikipedia, March 25",documented date,general history,,Gregorian date-page convention,target met,regional,secondary reference; single-source date-page verification,20,verified against cited historical-events date page,20,50
25,CE,1221,March,Selection limited to 1–2009 CE; original historical calendar is not specified by the cited date page.,,EVT-MAR-25-06-1221,political event,"On March 25, 1221, Coronation of Robert of Courtenay as Emperor of the Latin Empire. This event is included in the documented historical-events chronology for this calendar date. The cited date-page entry records this occurrence.",Coronation of Robert of Courtenay as Emperor of the Latin Empire.,1221 CE,https://en.wikipedia.org/wiki/March_25,March 25,"March 25, 1221","Wikipedia, March 25",documented date,politics and governance,,Gregorian date-page convention,target met,regional,secondary reference; single-source date-page verification,20,verified against cited historical-events date page,20,62
25,CE,1297,March,Selection limited to 1–2009 CE; original historical calendar is not specified by the cited date page.,,EVT-MAR-25-10-1297,historical event,"On March 25, 1297, Arnošt of Pardubice, the first Bohemian archbishop (died 1364) This event is included in the documented historical-events chronology for this calendar date. The cited date-page entry records this occurrence.",Arnošt of Pardubice,1297 CE,https://en.wikipedia.org/wiki/March_25,March 25,"March 25, 1297","Wikipedia, March 25",documented date,general history,,Gregorian date-page convention,target met,regional,secondary reference; single-source date-page verification,20,verified against cited historical-events date page,20,56
25,CE,1410,March,Selection limited to 1–2009 CE; original historical calendar is not specified by the cited date page.,Asia,EVT-MAR-25-01-1410,conflict,"On March 25, 1410, The Yongle Emperor of Ming China launches the first of his military campaigns against the Mongols, resulting in the fall of the Mongol khan Bunyashiri. This event is included in the documented historical-events chronology for this calendar date.",The Yongle Emperor of Ming China launches the first of his military campaigns against the Mongols,1410 CE,https://en.wikipedia.org/wiki/March_25,March 25,"March 25, 1410","Wikipedia, March 25",documented date,military,China,Gregorian date-page convention,target met,regional,secondary reference; single-source date-page verification,20,verified against cited historical-events date page,20,64
25,CE,1519,March,Selection limited to 1–2009 CE; original historical calendar is not specified by the cited date page.,,EVT-MAR-25-08-1519,historical event,"On March 25, 1519, Hernán Cortés, entering province of Tabasco, defeats Tabascan Indians. This event is included in the documented historical-events chronology for this calendar date. The cited date-page entry records this occurrence.",Hernán Cortés,1519 CE,https://en.wikipedia.org/wiki/March_25,March 25,"March 25, 1519","Wikipedia, March 25",documented date,general history,,Gregorian date-page convention,target met,regional,secondary reference; single-source date-page verification,20,verified against cited historical-events date page,20,57
25,CE,1776,March,Selection limited to 1–2009 CE; original historical calendar is not specified by the cited date page.,,EVT-MAR-25-07-1776,conflict,"On March 25, 1776, American Revolutionary War: American Patriots conduct a Raid on Tybee Island, primarily seeking to capture runaway slaves who sought refuge with British forces stationed there. This event is included in the documented historical-events chronology for this calendar date.",American Revolutionary War,1776 CE,https://en.wikipedia.org/wiki/March_25,March 25,"March 25, 1776","Wikipedia, March 25",documented date,military,,Gregorian date-page convention,target met,regional,secondary reference; single-source date-page verification,20,verified against cited historical-events date page,20,62
25,CE,1802,March,Selection limited to 1–2009 CE; original historical calendar is not specified by the cited date page.,Europe,EVT-MAR-25-04-1802,political event,"On March 25, 1802, The Treaty of Amiens is signed as a ""Definitive Treaty of Peace"" between France and the United Kingdom. This event is included in the documented historical-events chronology for this calendar date.","The Treaty of Amiens is signed as a ""Definitive Treaty of Peace"" between France and the United Kingdom.",1802 CE,https://en.wikipedia.org/wiki/March_25,March 25,"March 25, 1802","Wikipedia, March 25",documented date,politics and governance,France,Gregorian date-page convention,target met,regional,secondary reference; single-source date-page verification,20,verified against cited historical-events date page,20,63
25,CE,1807,March,Selection limited to 1–2009 CE; original historical calendar is not specified by the cited date page.,,EVT-MAR-25-14-1807,historical event,"On March 25, 1807, The Swansea and Mumbles Railway, then known as the Oystermouth Railway, becomes the first passenger-carrying railway in the world. This event is included in the documented historical-events chronology for this calendar date.",The Swansea and Mumbles Railway,1807 CE,https://en.wikipedia.org/wiki/March_25,March 25,"March 25, 1807","Wikipedia, March 25",documented date,general history,,Gregorian date-page convention,target met,regional,secondary reference; single-source date-page verification,20,verified against cited historical-events date page,20,51
25,CE,1821,March,Selection limited to 1–2009 CE; original historical calendar is not specified by the cited date page.,,EVT-MAR-25-02-1821,conflict,"On March 25, 1821, Greek War of Independence: Traditional date of the start of the Greek War of Independence. The war had actually begun on 23 February 1821 (Julian calendar). This event is included in the documented historical-events chronology for this calendar date.",Greek War of Independence,1821 CE,https://en.wikipedia.org/wiki/March_25,March 25,"March 25, 1821","Wikipedia, March 25",documented date,military,,Gregorian date-page convention,target met,regional,secondary reference; single-source date-page verification,20,verified against cited historical-events date page,20,64
25,CE,1917,March,Selection limited to 1–2009 CE; original historical calendar is not specified by the cited date page.,Europe,EVT-MAR-25-13-1917,cultural event,"On March 25, 1917, The Georgian Orthodox Church restores its autocephaly abolished by Imperial Russia in 1811. This event is included in the documented historical-events chronology for this calendar date.",The Georgian Orthodox Church restores its autocephaly abolished by Imperial Russia in 1811.,1917 CE,https://en.wikipedia.org/wiki/March_25,March 25,"March 25, 1917","Wikipedia, March 25",documented date,culture and society,Russia,Gregorian date-page convention,target met,regional,secondary reference; single-source date-page verification,20,verified against cited historical-events date page,20,53
25,CE,1957,March,Selection limited to 1–2009 CE; original historical calendar is not specified by the cited date page.,Europe,EVT-MAR-25-09-1957,historical event,"On March 25, 1957, The European Economic Community is established with West Germany, France, Italy, Belgium, Netherlands and Luxembourg as the first members. This event is included in the documented historical-events chronology for this calendar date.",The European Economic Community is established with West Germany,1957 CE,https://en.wikipedia.org/wiki/March_25,March 25,"March 25, 1957","Wikipedia, March 25",documented date,general history,Belgium,Gregorian date-page convention,target met,regional,secondary reference; single-source date-page verification,20,verified against cited historical-events date page,20,57
25,CE,1979,March,Selection limited to 1–2009 CE; original historical calendar is not specified by the cited date page.,,EVT-MAR-25-11-1979,discovery,"On March 25, 1979, The first fully functional Space Shuttle orbiter, Columbia, is delivered to the John F. Kennedy Space Center to be prepared for its first launch. This event is included in the documented historical-events chronology for this calendar date.",The first fully functional Space Shuttle orbiter,1979 CE,https://en.wikipedia.org/wiki/March_25,March 25,"March 25, 1979","Wikipedia, March 25",documented date,science and technology,,Gregorian date-page convention,target met,regional,secondary reference; single-source date-page verification,20,verified against cited historical-events date page,20,56
25,CE,1995,March,Selection limited to 1–2009 CE; original historical calendar is not specified by the cited date page.,,EVT-MAR-25-12-1995,conflict,"On March 25, 1995, WikiWikiWeb, the world's first wiki, and part of the Portland Pattern Repository, is made public by Ward Cunningham. This event is included in the documented historical-events chronology for this calendar date.",WikiWikiWeb,1995 CE,https://en.wikipedia.org/wiki/March_25,March 25,"March 25, 1995","Wikipedia, March 25",documented date,military,,Gregorian date-page convention,target met,regional,secondary reference; single-source date-page verification,20,verified against cited historical-events date page,20,56
26,CE,590,March,Selection limited to 1–2009 CE; original historical calendar is not specified by the cited date page.,,EVT-MAR-26-15-0590,political event,"On March 26, 590, Emperor Maurice proclaims his son Theodosius as co-emperor of the Byzantine Empire. This event is included in the documented historical-events chronology for this calendar date. The cited date-page entry records this occurrence.",Emperor Maurice proclaims his son Theodosius as co-emperor of the Byzantine Empire.,590 CE,https://en.wikipedia.org/wiki/March_26,March 26,"March 26, 590","Wikipedia, March 26",documented date,politics and governance,,Gregorian date-page convention,target met,regional,secondary reference; single-source date-page verification,20,verified against cited historical-events date page,20,56
26,CE,624,March,Selection limited to 1–2009 CE; original historical calendar is not specified by the cited date page.,,EVT-MAR-26-16-0624,historical event,"On March 26, 624, First Eid al-Fitr celebration. This event is included in the documented historical-events chronology for this calendar date. The cited date-page entry records this occurrence. The cited date-page entry records this occurrence.",First Eid al-Fitr celebration.,624 CE,https://en.wikipedia.org/wiki/March_26,March 26,"March 26, 624","Wikipedia, March 26",documented date,general history,,Gregorian date-page convention,target met,regional,secondary reference; single-source date-page verification,20,verified against cited historical-events date page,20,56
26,CE,752,March,Selection limited to 1–2009 CE; original historical calendar is not specified by the cited date page.,,EVT-MAR-26-20-0752,political event,"On March 26, 752, Election of Pope Stephen II following the death of Pope Zachary. This event is included in the documented historical-events chronology for this calendar date. The cited date-page entry records this occurrence.",Election of Pope Stephen II following the death of Pope Zachary.,752 CE,https://en.wikipedia.org/wiki/March_26,March 26,"March 26, 752","Wikipedia, March 26",documented date,politics and governance,,Gregorian date-page convention,target met,regional,secondary reference; single-source date-page verification,20,verified against cited historical-events date page,20,50
26,CE,903,March,Selection limited to 1–2009 CE; original historical calendar is not specified by the cited date page.,,EVT-MAR-26-06-0903,conflict,"On March 26, 903, Sugawara no Michizane, Japanese poet This event is included in the documented historical-events chronology for this calendar date. The cited date-page entry records this occurrence. The cited date-page entry records this occurrence.",Sugawara no Michizane,903 CE,https://en.wikipedia.org/wiki/March_26,March 26,"March 26, 903","Wikipedia, March 26",documented date,military,,Gregorian date-page convention,target met,regional,secondary reference; single-source date-page verification,20,verified against cited historical-events date page,20,60
26,CE,929,March,Selection limited to 1–2009 CE; original historical calendar is not specified by the cited date page.,,EVT-MAR-26-07-0929,conflict,"On March 26, 929, Wang Du, Chinese warlord and governor (jiedushi) This event is included in the documented historical-events chronology for this calendar date. The cited date-page entry records this occurrence.",Wang Du,929 CE,https://en.wikipedia.org/wiki/March_26,March 26,"March 26, 929","Wikipedia, March 26",documented date,military,,Gregorian date-page convention,target met,regional,secondary reference; single-source date-page verification,20,verified against cited historical-events date page,20,60
26,CE,1244,March,Selection limited to 1–2009 CE; original historical calendar is not specified by the cited date page.,,EVT-MAR-26-04-1244,political event,"On March 26, 1244, The crown of Aragon and the crown of Castile agree in the Treaty of Almizra on the limits of their respective expansion into al-Andalus. This event is included in the documented historical-events chronology for this calendar date.",The crown of Aragon and the crown of Castile agree in the Treaty of Almizra on the limits of their respective expansion into al-Andalus.,1244 CE,https://en.wikipedia.org/wiki/March_26,March 26,"March 26, 1244","Wikipedia, March 26",documented date,politics and governance,,Gregorian date-page convention,target met,regional,secondary reference; single-source date-page verification,20,verified against cited historical-events date page,20,62
26,CE,1326,March,Selection limited to 1–2009 CE; original historical calendar is not specified by the cited date page.,,EVT-MAR-26-11-1326,historical event,"On March 26, 1326, Alessandra Giliani, anatomist (born c. 1307) This event is included in the documented historical-events chronology for this calendar date. The cited date-page entry records this occurrence.",Alessandra Giliani,1326 CE,https://en.wikipedia.org/wiki/March_26,March 26,"March 26, 1326","Wikipedia, March 26",documented date,general history,,Gregorian date-page convention,target met,regional,secondary reference; single-source date-page verification,20,verified against cited historical-events date page,20,59
26,CE,1344,March,Selection limited to 1–2009 CE; original historical calendar is not specified by the cited date page.,,EVT-MAR-26-17-1344,conflict,"On March 26, 1344, The Siege of Algeciras, one of the first European military engagements where gunpowder was used, comes to an end. This event is included in the documented historical-events chronology for this calendar date.",The Siege of Algeciras,1344 CE,https://en.wikipedia.org/wiki/March_26,March 26,"March 26, 1344","Wikipedia, March 26",documented date,military,,Gregorian date-page convention,target met,regional,secondary reference; single-source date-page verification,20,verified against cited historical-events date page,20,56
26,CE,1351,March,Selection limited to 1–2009 CE; original historical calendar is not specified by the cited date page.,,EVT-MAR-26-13-1351,historical event,"On March 26, 1351, Combat of the Thirty: Thirty Breton knights call out and defeat thirty English knights. This event is included in the documented historical-events chronology for this calendar date.",Combat of the Thirty,1351 CE,https://en.wikipedia.org/wiki/March_26,March 26,"March 26, 1351","Wikipedia, March 26",documented date,general history,,Gregorian date-page convention,target met,regional,secondary reference; single-source date-page verification,20,verified against cited historical-events date page,20,57
26,CE,1402,March,Selection limited to 1–2009 CE; original historical calendar is not specified by the cited date page.,,EVT-MAR-26-08-1402,conflict,"On March 26, 1402, David Stewart, Duke of Rothesay, heir to the throne of Scotland (born 1378) This event is included in the documented historical-events chronology for this calendar date.",David Stewart,1402 CE,https://en.wikipedia.org/wiki/March_26,March 26,"March 26, 1402","Wikipedia, March 26",documented date,military,,Gregorian date-page convention,target met,regional,secondary reference; single-source date-page verification,20,verified against cited historical-events date page,20,60
26,CE,1437,March,Selection limited to 1–2009 CE; original historical calendar is not specified by the cited date page.,,EVT-MAR-26-09-1437,conflict,"On March 26, 1437, Walter Stewart, Earl of Atholl, Scottish nobleman and regicide This event is included in the documented historical-events chronology for this calendar date. The cited date-page entry records this occurrence.",Walter Stewart,1437 CE,https://en.wikipedia.org/wiki/March_26,March 26,"March 26, 1437","Wikipedia, March 26",documented date,military,,Gregorian date-page convention,target met,regional,secondary reference; single-source date-page verification,20,verified against cited historical-events date page,20,60
26,CE,1636,March,Selection limited to 1–2009 CE; original historical calendar is not specified by the cited date page.,Europe,EVT-MAR-26-10-1636,cultural event,"On March 26, 1636, Utrecht University is founded in the Netherlands. This event is included in the documented historical-events chronology for this calendar date. The cited date-page entry records this occurrence.",Utrecht University is founded in the Netherlands.,1636 CE,https://en.wikipedia.org/wiki/March_26,March 26,"March 26, 1636","Wikipedia, March 26",documented date,culture and society,Netherlands,Gregorian date-page convention,target met,regional,secondary reference; single-source date-page verification,20,verified against cited historical-events date page,20,60
26,CE,1640,March,Selection limited to 1–2009 CE; original historical calendar is not specified by the cited date page.,Europe,EVT-MAR-26-12-1640,cultural event,"On March 26, 1640, The Royal Academy of Turku, the first university of Finland, is founded in the city of Turku by Queen Christina of Sweden at the proposal of Count Per Brahe. This event is included in the documented historical-events chronology for this calendar date.",The Royal Academy of Turku,1640 CE,https://en.wikipedia.org/wiki/March_26,March 26,"March 26, 1640","Wikipedia, March 26",documented date,culture and society,Finland,Gregorian date-page convention,target met,regional,secondary reference; single-source date-page verification,20,verified against cited historical-events date page,20,58
26,CE,1726,March,Selection limited to 1–2009 CE; original historical calendar is not specified by the cited date page.,,EVT-MAR-26-18-1726,conflict,"On March 26, 1726, John Vanbrugh, English playwright and architect, designed Blenheim Palace and Castle Howard (born 1664) This event is included in the documented historical-events chronology for this calendar date.",John Vanbrugh,1726 CE,https://en.wikipedia.org/wiki/March_26,March 26,"March 26, 1726","Wikipedia, March 26",documented date,military,,Gregorian date-page convention,target met,regional,secondary reference; single-source date-page verification,20,verified against cited historical-events date page,20,56
26,CE,1913,March,Selection limited to 1–2009 CE; original historical calendar is not specified by the cited date page.,,EVT-MAR-26-19-1913,conflict,"On March 26, 1913, First Balkan War: Bulgarian forces capture Adrianople. This event is included in the documented historical-events chronology for this calendar date. The cited date-page entry records this occurrence.",First Balkan War,1913 CE,https://en.wikipedia.org/wiki/March_26,March 26,"March 26, 1913","Wikipedia, March 26",documented date,military,,Gregorian date-page convention,target met,regional,secondary reference; single-source date-page verification,20,verified against cited historical-events date page,20,51
26,CE,1917,March,Selection limited to 1–2009 CE; original historical calendar is not specified by the cited date page.,,EVT-MAR-26-02-1917,conflict,"On March 26, 1917, World War I: First Battle of Gaza: British troops are halted after 17,000 Turks block their advance. This event is included in the documented historical-events chronology for this calendar date.",World War I,1917 CE,https://en.wikipedia.org/wiki/March_26,March 26,"March 26, 1917","Wikipedia, March 26",documented date,military,,Gregorian date-page convention,target met,international,secondary reference; single-source date-page verification,20,verified against cited historical-events date page,20,66
26,CE,1945,March,Selection limited to 1–2009 CE; original historical calendar is not specified by the cited date page.,,EVT-MAR-26-03-1945,conflict,"On March 26, 1945, World War II: The Battle of Iwo Jima ends as the island is officially secured by American forces. This event is included in the documented historical-events chronology for this calendar date.",World War II,1945 CE,https://en.wikipedia.org/wiki/March_26,March 26,"March 26, 1945","Wikipedia, March 26",documented date,military,,Gregorian date-page convention,target met,international,secondary reference; single-source date-page verification,20,verified against cited historical-events date page,20,66
26,CE,1971,March,Selection limited to 1–2009 CE; original historical calendar is not specified by the cited date page.,Asia,EVT-MAR-26-01-1971,conflict,"On March 26, 1971, East Pakistan, then a province of Pakistan, declares its independence from Pakistan to form Bangladesh; the Bangladesh War of Independence begins. This event is included in the documented historical-events chronology for this calendar date.",East Pakistan,1971 CE,https://en.wikipedia.org/wiki/March_26,March 26,"March 26, 1971","Wikipedia, March 26",documented date,military,Bangladesh,Gregorian date-page convention,target met,international,secondary reference; single-source date-page verification,20,verified against cited historical-events date page,20,74
26,CE,1979,March,Selection limited to 1–2009 CE; original historical calendar is not specified by the cited date page.,Africa,EVT-MAR-26-14-1979,conflict,"On March 26, 1979, Anwar al-Sadat, Menachem Begin and Jimmy Carter sign the Egypt–Israel peace treaty in Washington, D.C. This event is included in the documented historical-events chronology for this calendar date.",Anwar al-Sadat,1979 CE,https://en.wikipedia.org/wiki/March_26,March 26,"March 26, 1979","Wikipedia, March 26",documented date,military,Egypt,Gregorian date-page convention,target met,regional,secondary reference; single-source date-page verification,20,verified against cited historical-events date page,20,57
26,CE,1998,March,Selection limited to 1–2009 CE; original historical calendar is not specified by the cited date page.,,EVT-MAR-26-05-1998,conflict,"On March 26, 1998, During the Algerian Civil War, the Oued Bouaicha massacre sees fifty-two people, mostly infants, killed with axes and knives. This event is included in the documented historical-events chronology for this calendar date.",During the Algerian Civil War,1998 CE,https://en.wikipedia.org/wiki/March_26,March 26,"March 26, 1998","Wikipedia, March 26",documented date,military,,Gregorian date-page convention,target met,regional,secondary reference; single-source date-page verification,20,verified against cited historical-events date page,20,61
27,CE,710,March,Selection limited to 1–2009 CE; original historical calendar is not specified by the cited date page.,,EVT-MAR-27-19-0710,historical event,"On March 27, 710, Rupert of Salzburg, Austrian bishop and saint (born 660) This event is included in the documented historical-events chronology for this calendar date. The cited date-page entry records this occurrence.",Rupert of Salzburg,710 CE,https://en.wikipedia.org/wiki/March_27,March 27,"March 27, 710","Wikipedia, March 27",documented date,general history,,Gregorian date-page convention,target met,regional,secondary reference; single-source date-page verification,20,verified against cited historical-events date page,20,50
27,CE,853,March,Selection limited to 1–2009 CE; original historical calendar is not specified by the cited date page.,,EVT-MAR-27-20-0853,historical event,"On March 27, 853, Haymo of Halberstadt, German bishop and author (born 778) This event is included in the documented historical-events chronology for this calendar date. The cited date-page entry records this occurrence.",Haymo of Halberstadt,853 CE,https://en.wikipedia.org/wiki/March_27,March 27,"March 27, 853","Wikipedia, March 27",documented date,general history,,Gregorian date-page convention,target met,regional,secondary reference; single-source date-page verification,20,verified against cited historical-events date page,20,50
27,CE,1416,March,Selection limited to 1–2009 CE; original historical calendar is not specified by the cited date page.,,EVT-MAR-27-12-1416,historical event,"On March 27, 1416, Francis of Paola, Italian friar and saint, founded Order of the Minims (died 1507) This event is included in the documented historical-events chronology for this calendar date.",Francis of Paola,1416 CE,https://en.wikipedia.org/wiki/March_27,March 27,"March 27, 1416","Wikipedia, March 27",documented date,general history,,Gregorian date-page convention,target met,regional,secondary reference; single-source date-page verification,20,verified against cited historical-events date page,20,57
27,CE,1513,March,Selection limited to 1–2009 CE; original historical calendar is not specified by the cited date page.,,EVT-MAR-27-13-1513,historical event,"On March 27, 1513, Spanish explorer Juan Ponce de León reaches the northern end of The Bahamas on his first voyage to Florida. This event is included in the documented historical-events chronology for this calendar date.",Spanish explorer Juan Ponce de León reaches the northern end of The Bahamas on his first voyage to Florida.,1513 CE,https://en.wikipedia.org/wiki/March_27,March 27,"March 27, 1513","Wikipedia, March 27",documented date,general history,,Gregorian date-page convention,target met,regional,secondary reference; single-source date-page verification,20,verified against cited historical-events date page,20,56
27,CE,1564,March,Selection limited to 1–2009 CE; original historical calendar is not specified by the cited date page.,,EVT-MAR-27-14-1564,historical event,"On March 27, 1564, Lütfi Pasha, Turkish historian and politician, Grand Vizier of the Ottoman Empire (born 1488) This event is included in the documented historical-events chronology for this calendar date.",Lütfi Pasha,1564 CE,https://en.wikipedia.org/wiki/March_27,March 27,"March 27, 1564","Wikipedia, March 27",documented date,general history,,Gregorian date-page convention,target met,regional,secondary reference; single-source date-page verification,20,verified against cited historical-events date page,20,56
27,CE,1638,March,Selection limited to 1–2009 CE; original historical calendar is not specified by the cited date page.,Europe,EVT-MAR-27-06-1638,disaster,"On March 27, 1638, The first of four destructive Calabrian earthquakes strikes southern Italy. Measuring magnitude 6.8 and assigned a Mercalli intensity of XI, it kills 10,000–30,000 people. This event is included in the documented historical-events chronology for this calendar date.",The first of four destructive Calabrian earthquakes strikes southern Italy. Measuring magnitude 6.8 and assigned a Mercalli intensity of XI,1638 CE,https://en.wikipedia.org/wiki/March_27,March 27,"March 27, 1638","Wikipedia, March 27",documented date,natural disaster,Italy,Gregorian date-page convention,target met,international,secondary reference; single-source date-page verification,20,verified against cited historical-events date page,20,66
27,CE,1782,March,Selection limited to 1–2009 CE; original historical calendar is not specified by the cited date page.,,EVT-MAR-27-03-1782,conflict,"On March 27, 1782, The Second Rockingham ministry assumes office in Great Britain and begins negotiations to end the American War of Independence. This event is included in the documented historical-events chronology for this calendar date.",The Second Rockingham ministry assumes office in Great Britain and begins negotiations to end the American War of Independence.,1782 CE,https://en.wikipedia.org/wiki/March_27,March 27,"March 27, 1782","Wikipedia, March 27",documented date,military,,Gregorian date-page convention,target met,international,secondary reference; single-source date-page verification,20,verified against cited historical-events date page,20,69
27,CE,1809,March,Selection limited to 1–2009 CE; original historical calendar is not specified by the cited date page.,,EVT-MAR-27-04-1809,conflict,"On March 27, 1809, Peninsular War: A combined Franco- Polish force defeats the Spanish in the Battle of Ciudad Real. This event is included in the documented historical-events chronology for this calendar date.",Peninsular War,1809 CE,https://en.wikipedia.org/wiki/March_27,March 27,"March 27, 1809","Wikipedia, March 27",documented date,military,,Gregorian date-page convention,target met,international,secondary reference; single-source date-page verification,20,verified against cited historical-events date page,20,67
27,CE,1814,March,Selection limited to 1–2009 CE; original historical calendar is not specified by the cited date page.,,EVT-MAR-27-05-1814,conflict,"On March 27, 1814, War of 1812: In central Alabama, U.S. forces under General Andrew Jackson defeat the Creek at the Battle of Horseshoe Bend. This event is included in the documented historical-events chronology for this calendar date.",War of 1812,1814 CE,https://en.wikipedia.org/wiki/March_27,March 27,"March 27, 1814","Wikipedia, March 27",documented date,military,,Gregorian date-page convention,target met,international,secondary reference; single-source date-page verification,20,verified against cited historical-events date page,20,67
27,CE,1836,March,Selection limited to 1–2009 CE; original historical calendar is not specified by the cited date page.,,EVT-MAR-27-08-1836,conflict,"On March 27, 1836, Texas Revolution: On the orders of General Antonio López de Santa Anna, the Mexican Army massacres 342 Texian Army POWs at Goliad, Texas. This event is included in the documented historical-events chronology for this calendar date.",Texas Revolution,1836 CE,https://en.wikipedia.org/wiki/March_27,March 27,"March 27, 1836","Wikipedia, March 27",documented date,military,,Gregorian date-page convention,target met,regional,secondary reference; single-source date-page verification,20,verified against cited historical-events date page,20,62
27,CE,1871,March,Selection limited to 1–2009 CE; original historical calendar is not specified by the cited date page.,,EVT-MAR-27-15-1871,historical event,"On March 27, 1871, The first international rugby football match, when Scotland defeats England in Edinburgh at Raeburn Place. This event is included in the documented historical-events chronology for this calendar date.",The first international rugby football match,1871 CE,https://en.wikipedia.org/wiki/March_27,March 27,"March 27, 1871","Wikipedia, March 27",documented date,general history,,Gregorian date-page convention,target met,regional,secondary reference; single-source date-page verification,20,verified against cited historical-events date page,20,53
27,CE,1886,March,Selection limited to 1–2009 CE; original historical calendar is not specified by the cited date page.,,EVT-MAR-27-09-1886,conflict,"On March 27, 1886, Geronimo, Apache warrior, surrenders to the U.S. Army, ending the main phase of the Apache Wars. This event is included in the documented historical-events chronology for this calendar date.",Geronimo,1886 CE,https://en.wikipedia.org/wiki/March_27,March 27,"March 27, 1886","Wikipedia, March 27",documented date,military,,Gregorian date-page convention,target met,regional,secondary reference; single-source date-page verification,20,verified against cited historical-events date page,20,60
27,CE,1899,March,Selection limited to 1–2009 CE; original historical calendar is not specified by the cited date page.,,EVT-MAR-27-10-1899,conflict,"On March 27, 1899, Emilio Aguinaldo leads Filipino forces for the only time during the Philippine–American War at the Battle of Marilao River. This event is included in the documented historical-events chronology for this calendar date.",Emilio Aguinaldo leads Filipino forces for the only time during the Philippine–American War at the Battle of Marilao River.,1899 CE,https://en.wikipedia.org/wiki/March_27,March 27,"March 27, 1899","Wikipedia, March 27",documented date,military,,Gregorian date-page convention,target met,regional,secondary reference; single-source date-page verification,20,verified against cited historical-events date page,20,60
27,CE,1901,March,Selection limited to 1–2009 CE; original historical calendar is not specified by the cited date page.,,EVT-MAR-27-16-1901,conflict,"On March 27, 1901, Philippine–American War: Emilio Aguinaldo, leader of the First Philippine Republic, is captured by the Americans. This event is included in the documented historical-events chronology for this calendar date.",Philippine–American War,1901 CE,https://en.wikipedia.org/wiki/March_27,March 27,"March 27, 1901","Wikipedia, March 27",documented date,military,,Gregorian date-page convention,target met,regional,secondary reference; single-source date-page verification,20,verified against cited historical-events date page,20,51
27,CE,1938,March,Selection limited to 1–2009 CE; original historical calendar is not specified by the cited date page.,Asia,EVT-MAR-27-01-1938,conflict,"On March 27, 1938, Second Sino-Japanese War: The Battle of Taierzhuang begins, resulting several weeks later in the war's first major Chinese victory over Japan. This event is included in the documented historical-events chronology for this calendar date.",Second Sino-Japanese War,1938 CE,https://en.wikipedia.org/wiki/March_27,March 27,"March 27, 1938","Wikipedia, March 27",documented date,military,Japan,Gregorian date-page convention,target met,international,secondary reference; single-source date-page verification,20,verified against cited historical-events date page,20,74
27,CE,1941,March,Selection limited to 1–2009 CE; original historical calendar is not specified by the cited date page.,,EVT-MAR-27-11-1941,conflict,"On March 27, 1941, World War II: Yugoslav Air Force officers topple the pro-Axis government in a bloodless coup. This event is included in the documented historical-events chronology for this calendar date.",World War II,1941 CE,https://en.wikipedia.org/wiki/March_27,March 27,"March 27, 1941","Wikipedia, March 27",documented date,military,,Gregorian date-page convention,target met,regional,secondary reference; single-source date-page verification,20,verified against cited historical-events date page,20,59
27,CE,1943,March,Selection limited to 1–2009 CE; original historical calendar is not specified by the cited date page.,Americas,EVT-MAR-27-02-1943,conflict,"On March 27, 1943, World War II: Battle of the Komandorski Islands: In the Aleutian Islands the battle begins when United States Navy forces intercept Japanese attempting to reinforce a garrison at Kiska. This event is included in the documented historical-events chronology for this calendar date.",World War II,1943 CE,https://en.wikipedia.org/wiki/March_27,March 27,"March 27, 1943","Wikipedia, March 27",documented date,military,United States,Gregorian date-page convention,target met,international,secondary reference; single-source date-page verification,20,verified against cited historical-events date page,20,73
27,CE,1945,March,Selection limited to 1–2009 CE; original historical calendar is not specified by the cited date page.,Americas,EVT-MAR-27-07-1945,conflict,"On March 27, 1945, World War II: Operation Starvation, the aerial mining of Japan's ports and waterways begins. Argentina declares war on the Axis Powers. This event is included in the documented historical-events chronology for this calendar date.",World War II,1945 CE,https://en.wikipedia.org/wiki/March_27,March 27,"March 27, 1945","Wikipedia, March 27",documented date,military,Argentina,Gregorian date-page convention,target met,international,secondary reference; single-source date-page verification,20,verified against cited historical-events date page,20,65
27,CE,1999,March,Selection limited to 1–2009 CE; original historical calendar is not specified by the cited date page.,,EVT-MAR-27-17-1999,conflict,"On March 27, 1999, Kosovo War: An American Lockheed F-117A Nighthawk is shot down by a Yugoslav Army SAM, the first and only Nighthawk to be lost in combat. This event is included in the documented historical-events chronology for this calendar date.",Kosovo War,1999 CE,https://en.wikipedia.org/wiki/March_27,March 27,"March 27, 1999","Wikipedia, March 27",documented date,military,,Gregorian date-page convention,target met,regional,secondary reference; single-source date-page verification,20,verified against cited historical-events date page,20,51
27,CE,2002,March,Selection limited to 1–2009 CE; original historical calendar is not specified by the cited date page.,Europe,EVT-MAR-27-18-2002,conflict,"On March 27, 2002, Nanterre massacre: In Nanterre, France, a gunman opens fire at the end of a town council meeting, resulting in the deaths of eight councilors; 19 other people are injured. This event is included in the documented historical-events chronology for this calendar date.",Nanterre massacre,2002 CE,https://en.wikipedia.org/wiki/March_27,March 27,"March 27, 2002","Wikipedia, March 27",documented date,military,France,Gregorian date-page convention,target met,regional,secondary reference; single-source date-page verification,20,verified against cited historical-events date page,20,51
28,CE,193,March,Selection limited to 1–2009 CE; original historical calendar is not specified by the cited date page.,,EVT-MAR-28-12-0193,political event,"On March 28, 193, After assassinating the Roman Emperor Pertinax, his Praetorian Guards auction off the throne to Didius Julianus. This event is included in the documented historical-events chronology for this calendar date.",After assassinating the Roman Emperor Pertinax,193 CE,https://en.wikipedia.org/wiki/March_28,March 28,"March 28, 193","Wikipedia, March 28",documented date,politics and governance,,Gregorian date-page convention,target met,regional,secondary reference; single-source date-page verification,20,verified against cited historical-events date page,20,50
28,CE,193,March,Selection limited to 1–2009 CE; original historical calendar is not specified by the cited date page.,,EVT-MAR-28-13-0193,political event,"On March 28, 193, Pertinax, Roman emperor (born 126) This event is included in the documented historical-events chronology for this calendar date. The cited date-page entry records this occurrence. The cited date-page entry records this occurrence.",Pertinax,193 CE,https://en.wikipedia.org/wiki/March_28,March 28,"March 28, 193","Wikipedia, March 28",documented date,politics and governance,,Gregorian date-page convention,target met,regional,secondary reference; single-source date-page verification,20,verified against cited historical-events date page,20,50
28,CE,364,March,Selection limited to 1–2009 CE; original historical calendar is not specified by the cited date page.,,EVT-MAR-28-14-0364,political event,"On March 28, 364, Roman Emperor Valentinian I appoints his brother Flavius Valens co- emperor. This event is included in the documented historical-events chronology for this calendar date. The cited date-page entry records this occurrence.",Roman Emperor Valentinian I appoints his brother Flavius Valens co- emperor.,364 CE,https://en.wikipedia.org/wiki/March_28,March 28,"March 28, 364","Wikipedia, March 28",documented date,politics and governance,,Gregorian date-page convention,target met,regional,secondary reference; single-source date-page verification,20,verified against cited historical-events date page,20,50
28,CE,592,March,Selection limited to 1–2009 CE; original historical calendar is not specified by the cited date page.,,EVT-MAR-28-15-0592,political event,"On March 28, 592, Guntram, French king (born 532) This event is included in the documented historical-events chronology for this calendar date. The cited date-page entry records this occurrence. The cited date-page entry records this occurrence.",Guntram,592 CE,https://en.wikipedia.org/wiki/March_28,March 28,"March 28, 592","Wikipedia, March 28",documented date,politics and governance,,Gregorian date-page convention,target met,regional,secondary reference; single-source date-page verification,20,verified against cited historical-events date page,20,50
28,CE,966,March,Selection limited to 1–2009 CE; original historical calendar is not specified by the cited date page.,,EVT-MAR-28-16-0966,historical event,"On March 28, 966, Flodoard, Frankish canon and chronicler This event is included in the documented historical-events chronology for this calendar date. The cited date-page entry records this occurrence. The cited date-page entry records this occurrence.",Flodoard,966 CE,https://en.wikipedia.org/wiki/March_28,March 28,"March 28, 966","Wikipedia, March 28",documented date,general history,,Gregorian date-page convention,target met,regional,secondary reference; single-source date-page verification,20,verified against cited historical-events date page,20,50
28,CE,1065,March,Selection limited to 1–2009 CE; original historical calendar is not specified by the cited date page.,,EVT-MAR-28-17-1065,historical event,"On March 28, 1065, The Great German Pilgrimage, which had been under attack by Bedouin bandits for three days, is rescued by the Fatimid governor of Ramla. This event is included in the documented historical-events chronology for this calendar date.",The Great German Pilgrimage,1065 CE,https://en.wikipedia.org/wiki/March_28,March 28,"March 28, 1065","Wikipedia, March 28",documented date,general history,,Gregorian date-page convention,target met,regional,secondary reference; single-source date-page verification,20,verified against cited historical-events date page,20,50
28,CE,1072,March,Selection limited to 1–2009 CE; original historical calendar is not specified by the cited date page.,,EVT-MAR-28-18-1072,historical event,"On March 28, 1072, Ordulf, Duke of Saxony This event is included in the documented historical-events chronology for this calendar date. The cited date-page entry records this occurrence. The cited date-page entry records this occurrence.",Ordulf,1072 CE,https://en.wikipedia.org/wiki/March_28,March 28,"March 28, 1072","Wikipedia, March 28",documented date,general history,,Gregorian date-page convention,target met,regional,secondary reference; single-source date-page verification,20,verified against cited historical-events date page,20,50
28,CE,1134,March,Selection limited to 1–2009 CE; original historical calendar is not specified by the cited date page.,,EVT-MAR-28-19-1134,historical event,"On March 28, 1134, Stephen Harding, founder of the Cistercian order This event is included in the documented historical-events chronology for this calendar date. The cited date-page entry records this occurrence.",Stephen Harding,1134 CE,https://en.wikipedia.org/wiki/March_28,March 28,"March 28, 1134","Wikipedia, March 28",documented date,general history,,Gregorian date-page convention,target met,regional,secondary reference; single-source date-page verification,20,verified against cited historical-events date page,20,50
28,CE,1239,March,Selection limited to 1–2009 CE; original historical calendar is not specified by the cited date page.,Asia,EVT-MAR-28-20-1239,political event,"On March 28, 1239, Emperor Go-Toba of Japan (born 1180) This event is included in the documented historical-events chronology for this calendar date. The cited date-page entry records this occurrence.",Emperor Go-Toba of Japan (born 1180),1239 CE,https://en.wikipedia.org/wiki/March_28,March 28,"March 28, 1239","Wikipedia, March 28",documented date,politics and governance,Japan,Gregorian date-page convention,target met,regional,secondary reference; single-source date-page verification,20,verified against cited historical-events date page,20,50
28,CE,1745,March,Selection limited to 1–2009 CE; original historical calendar is not specified by the cited date page.,,EVT-MAR-28-05-1745,conflict,"On March 28, 1745, War of the Austrian Succession: In the Battle of Vilshofen, Austrian forces defeat French forces. This event is included in the documented historical-events chronology for this calendar date.",War of the Austrian Succession,1745 CE,https://en.wikipedia.org/wiki/March_28,March 28,"March 28, 1745","Wikipedia, March 28",documented date,military,,Gregorian date-page convention,target met,international,secondary reference; single-source date-page verification,20,verified against cited historical-events date page,20,67
28,CE,1801,March,Selection limited to 1–2009 CE; original historical calendar is not specified by the cited date page.,,EVT-MAR-28-01-1801,conflict,"On March 28, 1801, Treaty of Florence is signed, ending the war between the French Republic and the Kingdom of Naples. This event is included in the documented historical-events chronology for this calendar date.",Treaty of Florence is signed,1801 CE,https://en.wikipedia.org/wiki/March_28,March 28,"March 28, 1801","Wikipedia, March 28",documented date,military,,Gregorian date-page convention,target met,international,secondary reference; single-source date-page verification,20,verified against cited historical-events date page,20,73
28,CE,1809,March,Selection limited to 1–2009 CE; original historical calendar is not specified by the cited date page.,Europe,EVT-MAR-28-06-1809,conflict,"On March 28, 1809, Peninsular War: France defeats Spain in the Battle of Medellín. This event is included in the documented historical-events chronology for this calendar date. The cited date-page entry records this occurrence.",Peninsular War,1809 CE,https://en.wikipedia.org/wiki/March_28,March 28,"March 28, 1809","Wikipedia, March 28",documented date,military,France,Gregorian date-page convention,target met,international,secondary reference; single-source date-page verification,20,verified against cited historical-events date page,20,67
28,CE,1814,March,Selection limited to 1–2009 CE; original historical calendar is not specified by the cited date page.,,EVT-MAR-28-08-1814,conflict,"On March 28, 1814, War of 1812: In the Battle of Valparaíso, two American naval vessels are captured by two Royal Navy vessels. This event is included in the documented historical-events chronology for this calendar date.",War of 1812,1814 CE,https://en.wikipedia.org/wiki/March_28,March 28,"March 28, 1814","Wikipedia, March 28",documented date,military,,Gregorian date-page convention,target met,regional,secondary reference; single-source date-page verification,20,verified against cited historical-events date page,20,60
28,CE,1822,March,Selection limited to 1–2009 CE; original historical calendar is not specified by the cited date page.,,EVT-MAR-28-07-1822,conflict,"On March 28, 1822, Angelis Govios, leader of the Greek War of Independence (born 1780) This event is included in the documented historical-events chronology for this calendar date. The cited date-page entry records this occurrence.",Angelis Govios,1822 CE,https://en.wikipedia.org/wiki/March_28,March 28,"March 28, 1822","Wikipedia, March 28",documented date,military,,Gregorian date-page convention,target met,regional,secondary reference; single-source date-page verification,20,verified against cited historical-events date page,20,64
28,CE,1860,March,Selection limited to 1–2009 CE; original historical calendar is not specified by the cited date page.,,EVT-MAR-28-02-1860,conflict,"On March 28, 1860, First Taranaki War: The Battle of Waireka begins. This event is included in the documented historical-events chronology for this calendar date. The cited date-page entry records this occurrence.",First Taranaki War,1860 CE,https://en.wikipedia.org/wiki/March_28,March 28,"March 28, 1860","Wikipedia, March 28",documented date,military,,Gregorian date-page convention,target met,international,secondary reference; single-source date-page verification,20,verified against cited historical-events date page,20,71
28,CE,1862,March,Selection limited to 1–2009 CE; original historical calendar is not specified by the cited date page.,Americas,EVT-MAR-28-04-1862,conflict,"On March 28, 1862, American Civil War: In the Battle of Glorieta Pass, Union forces stop the Confederate invasion of the New Mexico Territory. The battle began on March 26. This event is included in the documented historical-events chronology for this calendar date.",American Civil War,1862 CE,https://en.wikipedia.org/wiki/March_28,March 28,"March 28, 1862","Wikipedia, March 28",documented date,military,Mexico,Gregorian date-page convention,target met,international,secondary reference; single-source date-page verification,20,verified against cited historical-events date page,20,69
28,CE,1918,March,Selection limited to 1–2009 CE; original historical calendar is not specified by the cited date page.,,EVT-MAR-28-10-1918,conflict,"General John J. Pershing, during World War I, cancels 42nd 'Rainbow' Division's orders to Rolampont for further training and diverted it to the occupy the Baccarat sector. Rainbow Division becomes ""the first American division to take over an entire sector on its own, which it held longer than any other American division-occupied sector alone for a period of three months"".",General John J. Pershing,1918 CE,https://en.wikipedia.org/wiki/March_28,March 28,"March 28, 1918","Wikipedia, March 28",documented date,military,,Gregorian date-page convention,target met,regional,secondary reference; single-source date-page verification,20,verified against cited historical-events date page,20,56
28,CE,1918,March,Selection limited to 1–2009 CE; original historical calendar is not specified by the cited date page.,,EVT-MAR-28-11-1918,conflict,"Finnish Civil War: On the so-called ""Bloody Maundy Thursday of Tampere"", the Whites force the Reds to attack the city center, where the city's fiercest battles being fought in Kalevankangas with large casualties on both sides. During the same day, an explosion at the Red headquarters of Tampere kills several commanders.",Finnish Civil War,1918 CE,https://en.wikipedia.org/wiki/March_28,March 28,"March 28, 1918","Wikipedia, March 28",documented date,military,,Gregorian date-page convention,target met,regional,secondary reference; single-source date-page verification,20,verified against cited historical-events date page,20,55
28,CE,1941,March,Selection limited to 1–2009 CE; original historical calendar is not specified by the cited date page.,Oceania,EVT-MAR-28-03-1941,conflict,"On March 28, 1941, World War II: First day of the Battle of Cape Matapan in Greece between the navies of the United Kingdom and Australia, and the Royal Italian navy. This event is included in the documented historical-events chronology for this calendar date.",World War II,1941 CE,https://en.wikipedia.org/wiki/March_28,March 28,"March 28, 1941","Wikipedia, March 28",documented date,military,Australia,Gregorian date-page convention,target met,international,secondary reference; single-source date-page verification,20,verified against cited historical-events date page,20,71
28,CE,1942,March,Selection limited to 1–2009 CE; original historical calendar is not specified by the cited date page.,,EVT-MAR-28-09-1942,conflict,"On March 28, 1942, World War II: A British combined force permanently disables the Louis Joubert Lock in Saint-Nazaire in order to keep the German battleship Tirpitz away from the mid-ocean convoy lanes. This event is included in the documented historical-events chronology for this calendar date.",World War II,1942 CE,https://en.wikipedia.org/wiki/March_28,March 28,"March 28, 1942","Wikipedia, March 28",documented date,military,,Gregorian date-page convention,target met,regional,secondary reference; single-source date-page verification,20,verified against cited historical-events date page,20,60
29,CE,500,March,Selection limited to 1–2009 CE; original historical calendar is not specified by the cited date page.,,EVT-MAR-29-15-0500,political event,"On March 29, 500, Gwynllyw, Welsh king and religious figure This event is included in the documented historical-events chronology for this calendar date. The cited date-page entry records this occurrence.",Gwynllyw,500 CE,https://en.wikipedia.org/wiki/March_29,March 29,"March 29, 500","Wikipedia, March 29",documented date,politics and governance,,Gregorian date-page convention,target met,regional,secondary reference; single-source date-page verification,20,verified against cited historical-events date page,20,50
29,CE,1058,March,Selection limited to 1–2009 CE; original historical calendar is not specified by the cited date page.,,EVT-MAR-29-16-1058,historical event,"On March 29, 1058, Pope Stephen IX (born 1020) This event is included in the documented historical-events chronology for this calendar date. The cited date-page entry records this occurrence. The cited date-page entry records this occurrence.",Pope Stephen IX (born 1020),1058 CE,https://en.wikipedia.org/wiki/March_29,March 29,"March 29, 1058","Wikipedia, March 29",documented date,general history,,Gregorian date-page convention,target met,regional,secondary reference; single-source date-page verification,20,verified against cited historical-events date page,20,50
29,CE,1139,March,Selection limited to 1–2009 CE; original historical calendar is not specified by the cited date page.,,EVT-MAR-29-17-1139,historical event,"On March 29, 1139, Pope Innocent II issues the bull Omne datum optimum in which he endorses the Knights Templar and approves the Templar Rule. This event is included in the documented historical-events chronology for this calendar date.",Pope Innocent II issues the bull Omne datum optimum in which he endorses the Knights Templar and approves the Templar Rule.,1139 CE,https://en.wikipedia.org/wiki/March_29,March 29,"March 29, 1139","Wikipedia, March 29",documented date,general history,,Gregorian date-page convention,target met,regional,secondary reference; single-source date-page verification,20,verified against cited historical-events date page,20,50
29,CE,1187,March,Selection limited to 1–2009 CE; original historical calendar is not specified by the cited date page.,,EVT-MAR-29-18-1187,political event,"On March 29, 1187, Arthur I, Duke of Brittany, grandson of King Henry II of England (died 1203) This event is included in the documented historical-events chronology for this calendar date.",Arthur I,1187 CE,https://en.wikipedia.org/wiki/March_29,March 29,"March 29, 1187","Wikipedia, March 29",documented date,politics and governance,,Gregorian date-page convention,target met,regional,secondary reference; single-source date-page verification,20,verified against cited historical-events date page,20,50
29,CE,1430,March,Selection limited to 1–2009 CE; original historical calendar is not specified by the cited date page.,,EVT-MAR-29-07-1430,political event,"On March 29, 1430, The Ottoman Empire under Murad II captures Thessalonica from the Republic of Venice. This event is included in the documented historical-events chronology for this calendar date.",The Ottoman Empire under Murad II captures Thessalonica from the Republic of Venice.,1430 CE,https://en.wikipedia.org/wiki/March_29,March 29,"March 29, 1430","Wikipedia, March 29",documented date,politics and governance,,Gregorian date-page convention,target met,regional,secondary reference; single-source date-page verification,20,verified against cited historical-events date page,20,56
29,CE,1461,March,Selection limited to 1–2009 CE; original historical calendar is not specified by the cited date page.,,EVT-MAR-29-01-1461,conflict,"On March 29, 1461, Battle of Towton: Edward of York defeats Queen Margaret to become King Edward IV of England, bringing a temporary stop to the Wars of the Roses. This event is included in the documented historical-events chronology for this calendar date.",Battle of Towton,1461 CE,https://en.wikipedia.org/wiki/March_29,March 29,"March 29, 1461","Wikipedia, March 29",documented date,military,,Gregorian date-page convention,target met,international,secondary reference; single-source date-page verification,20,verified against cited historical-events date page,20,77
29,CE,1461,March,Selection limited to 1–2009 CE; original historical calendar is not specified by the cited date page.,,EVT-MAR-29-19-1461,historical event,"On March 29, 1461, Henry Percy, 3rd Earl of Northumberland, English politician (born 1421) This event is included in the documented historical-events chronology for this calendar date. The cited date-page entry records this occurrence.",Henry Percy,1461 CE,https://en.wikipedia.org/wiki/March_29,March 29,"March 29, 1461","Wikipedia, March 29",documented date,general history,,Gregorian date-page convention,target met,regional,secondary reference; single-source date-page verification,20,verified against cited historical-events date page,20,50
29,CE,1461,March,Selection limited to 1–2009 CE; original historical calendar is not specified by the cited date page.,,EVT-MAR-29-20-1461,historical event,"On March 29, 1461, Lionel Welles, 6th Baron Welles (c. 1406) This event is included in the documented historical-events chronology for this calendar date. The cited date-page entry records this occurrence.",Lionel Welles,1461 CE,https://en.wikipedia.org/wiki/March_29,March 29,"March 29, 1461","Wikipedia, March 29",documented date,general history,,Gregorian date-page convention,target met,regional,secondary reference; single-source date-page verification,20,verified against cited historical-events date page,20,50
29,CE,1549,March,Selection limited to 1–2009 CE; original historical calendar is not specified by the cited date page.,Americas,EVT-MAR-29-04-1549,historical event,"On March 29, 1549, The city of Salvador, Bahia, the first capital of Brazil, is founded. This event is included in the documented historical-events chronology for this calendar date. The cited date-page entry records this occurrence.",The city of Salvador,1549 CE,https://en.wikipedia.org/wiki/March_29,March 29,"March 29, 1549","Wikipedia, March 29",documented date,general history,Brazil,Gregorian date-page convention,target met,regional,secondary reference; single-source date-page verification,20,verified against cited historical-events date page,20,63
29,CE,1632,March,Selection limited to 1–2009 CE; original historical calendar is not specified by the cited date page.,,EVT-MAR-29-06-1632,political event,"On March 29, 1632, Treaty of Saint-Germain is signed returning Quebec to French control after the English had seized it in 1629. This event is included in the documented historical-events chronology for this calendar date.",Treaty of Saint-Germain is signed returning Quebec to French control after the English had seized it in 1629.,1632 CE,https://en.wikipedia.org/wiki/March_29,March 29,"March 29, 1632","Wikipedia, March 29",documented date,politics and governance,,Gregorian date-page convention,target met,regional,secondary reference; single-source date-page verification,20,verified against cited historical-events date page,20,58
29,CE,1799,March,Selection limited to 1–2009 CE; original historical calendar is not specified by the cited date page.,Europe,EVT-MAR-29-09-1799,conflict,"On March 29, 1799, Edward Smith-Stanley, 14th Earl of Derby, English politician, Prime Minister of the United Kingdom (died 1869) This event is included in the documented historical-events chronology for this calendar date.",Edward Smith-Stanley,1799 CE,https://en.wikipedia.org/wiki/March_29,March 29,"March 29, 1799","Wikipedia, March 29",documented date,military,United Kingdom,Gregorian date-page convention,target met,regional,secondary reference; single-source date-page verification,20,verified against cited historical-events date page,20,55
29,CE,1849,March,Selection limited to 1–2009 CE; original historical calendar is not specified by the cited date page.,Europe,EVT-MAR-29-11-1849,political event,"On March 29, 1849, The United Kingdom annexes the Punjab. This event is included in the documented historical-events chronology for this calendar date. The cited date-page entry records this occurrence.",The United Kingdom annexes the Punjab.,1849 CE,https://en.wikipedia.org/wiki/March_29,March 29,"March 29, 1849","Wikipedia, March 29",documented date,politics and governance,United Kingdom,Gregorian date-page convention,target met,regional,secondary reference; single-source date-page verification,20,verified against cited historical-events date page,20,54
29,CE,1879,March,Selection limited to 1–2009 CE; original historical calendar is not specified by the cited date page.,,EVT-MAR-29-02-1879,conflict,"On March 29, 1879, Anglo-Zulu War: Battle of Kambula: British forces defeat 20,000 Zulus. This event is included in the documented historical-events chronology for this calendar date. The cited date-page entry records this occurrence.",Anglo-Zulu War,1879 CE,https://en.wikipedia.org/wiki/March_29,March 29,"March 29, 1879","Wikipedia, March 29",documented date,military,,Gregorian date-page convention,target met,international,secondary reference; single-source date-page verification,20,verified against cited historical-events date page,20,67
29,CE,1941,March,Selection limited to 1–2009 CE; original historical calendar is not specified by the cited date page.,Europe,EVT-MAR-29-03-1941,conflict,World War II: British Royal Navy and Royal Australian Navy forces defeat those of the Italian Regia Marina off the Peloponnesian coast of Greece in the Battle of Cape Matapan.,World War II,1941 CE,https://en.wikipedia.org/wiki/March_29,March 29,"March 29, 1941","Wikipedia, March 29",documented date,military,Greece,Gregorian date-page convention,target met,international,secondary reference; single-source date-page verification,20,verified against cited historical-events date page,20,67
29,CE,1942,March,Selection limited to 1–2009 CE; original historical calendar is not specified by the cited date page.,Europe,EVT-MAR-29-08-1942,conflict,"On March 29, 1942, The Bombing of Lübeck in World War II is the first major success for the RAF Bomber Command against Germany and a German city. This event is included in the documented historical-events chronology for this calendar date.",The Bombing of Lübeck in World War II is the first major success for the RAF Bomber Command against Germany and a German city.,1942 CE,https://en.wikipedia.org/wiki/March_29,March 29,"March 29, 1942","Wikipedia, March 29",documented date,military,Germany,Gregorian date-page convention,target met,regional,secondary reference; single-source date-page verification,20,verified against cited historical-events date page,20,56
29,CE,1961,March,Selection limited to 1–2009 CE; original historical calendar is not specified by the cited date page.,Americas,EVT-MAR-29-12-1961,political event,"On March 29, 1961, The Twenty-third Amendment to the United States Constitution is ratified, allowing residents of Washington, D.C., to vote in presidential elections. This event is included in the documented historical-events chronology for this calendar date.",The Twenty-third Amendment to the United States Constitution is ratified,1961 CE,https://en.wikipedia.org/wiki/March_29,March 29,"March 29, 1961","Wikipedia, March 29",documented date,politics and governance,United States,Gregorian date-page convention,target met,regional,secondary reference; single-source date-page verification,20,verified against cited historical-events date page,20,53
29,CE,1962,March,Selection limited to 1–2009 CE; original historical calendar is not specified by the cited date page.,Americas,EVT-MAR-29-10-1962,conflict,"On March 29, 1962, Arturo Frondizi, the president of Argentina, is overthrown in a military coup by Argentina's armed forces, ending an 11+ 1⁄ 2 day constitutional crisis. This event is included in the documented historical-events chronology for this calendar date.",Arturo Frondizi,1962 CE,https://en.wikipedia.org/wiki/March_29,March 29,"March 29, 1962","Wikipedia, March 29",documented date,military,Argentina,Gregorian date-page convention,target met,regional,secondary reference; single-source date-page verification,20,verified against cited historical-events date page,20,55
29,CE,1968,March,Selection limited to 1–2009 CE; original historical calendar is not specified by the cited date page.,,EVT-MAR-29-13-1968,discovery,"On March 29, 1968, The funeral of Yuri Gagarin, the first man in space, begins in Moscow, with thousands of people in attendance. This event is included in the documented historical-events chronology for this calendar date.",The funeral of Yuri Gagarin,1968 CE,https://en.wikipedia.org/wiki/March_29,March 29,"March 29, 1968","Wikipedia, March 29",documented date,science and technology,,Gregorian date-page convention,target met,regional,secondary reference; single-source date-page verification,20,verified against cited historical-events date page,20,53
29,CE,1990,March,Selection limited to 1–2009 CE; original historical calendar is not specified by the cited date page.,,EVT-MAR-29-14-1990,conflict,"On March 29, 1990, The Czechoslovak parliament is unable to reach an agreement on what to call the country after the fall of Communism, sparking the so-called Hyphen War. This event is included in the documented historical-events chronology for this calendar date.",The Czechoslovak parliament is unable to reach an agreement on what to call the country after the fall of Communism,1990 CE,https://en.wikipedia.org/wiki/March_29,March 29,"March 29, 1990","Wikipedia, March 29",documented date,military,,Gregorian date-page convention,target met,regional,secondary reference; single-source date-page verification,20,verified against cited historical-events date page,20,51
29,CE,2002,March,Selection limited to 1–2009 CE; original historical calendar is not specified by the cited date page.,Asia,EVT-MAR-29-05-2002,conflict,"In reaction to the Passover massacre two days prior, Israel launches Operation Defensive Shield against Palestinian militants, its largest military operation in the West Bank since the 1967 Six-Day War.",In reaction to the Passover massacre two days prior,2002 CE,https://en.wikipedia.org/wiki/March_29,March 29,"March 29, 2002","Wikipedia, March 29",documented date,military,Israel,Gregorian date-page convention,target met,regional,secondary reference; single-source date-page verification,20,verified against cited historical-events date page,20,63
30,CE,116,March,Selection limited to 1–2009 CE; original historical calendar is not specified by the cited date page.,,EVT-MAR-30-09-0116,cultural event,"On March 30, 116, Quirinus of Neuss, Roman martyr and saint This event is included in the documented historical-events chronology for this calendar date. The cited date-page entry records this occurrence.",Quirinus of Neuss,116 CE,https://en.wikipedia.org/wiki/March_30,March 30,"March 30, 116","Wikipedia, March 30",documented date,culture and society,,Gregorian date-page convention,target met,regional,secondary reference; single-source date-page verification,20,verified against cited historical-events date page,20,50
30,CE,365,March,Selection limited to 1–2009 CE; original historical calendar is not specified by the cited date page.,,EVT-MAR-30-10-0365,political event,"On March 30, 365, Ai of Jin, emperor of the Jin Dynasty (born 341) This event is included in the documented historical-events chronology for this calendar date. The cited date-page entry records this occurrence.",Ai of Jin,365 CE,https://en.wikipedia.org/wiki/March_30,March 30,"March 30, 365","Wikipedia, March 30",documented date,politics and governance,,Gregorian date-page convention,target met,regional,secondary reference; single-source date-page verification,20,verified against cited historical-events date page,20,50
30,CE,598,March,Selection limited to 1–2009 CE; original historical calendar is not specified by the cited date page.,,EVT-MAR-30-04-0598,conflict,Avar–Byzantine wars: The Avars lift the siege at the Byzantine stronghold of Tomis. Their leader Bayan I retreats north of the Danube River after the Avaro- Slavic army is decimated by the plague.,Avar–Byzantine wars,598 CE,https://en.wikipedia.org/wiki/March_30,March 30,"March 30, 598","Wikipedia, March 30",documented date,military,,Gregorian date-page convention,target met,regional,secondary reference; single-source date-page verification,20,verified against cited historical-events date page,20,60
30,CE,892,March,Selection limited to 1–2009 CE; original historical calendar is not specified by the cited date page.,,EVT-MAR-30-11-0892,historical event,"On March 30, 892, Shi Jingtang, founder of the Later Jin Dynasty (died 942) This event is included in the documented historical-events chronology for this calendar date. The cited date-page entry records this occurrence.",Shi Jingtang,892 CE,https://en.wikipedia.org/wiki/March_30,March 30,"March 30, 892","Wikipedia, March 30",documented date,general history,,Gregorian date-page convention,target met,regional,secondary reference; single-source date-page verification,20,verified against cited historical-events date page,20,50
30,CE,943,March,Selection limited to 1–2009 CE; original historical calendar is not specified by the cited date page.,,EVT-MAR-30-12-0943,political event,"On March 30, 943, Li Bian, emperor of Southern Tang (born 889) This event is included in the documented historical-events chronology for this calendar date. The cited date-page entry records this occurrence.",Li Bian,943 CE,https://en.wikipedia.org/wiki/March_30,March 30,"March 30, 943","Wikipedia, March 30",documented date,politics and governance,,Gregorian date-page convention,target met,regional,secondary reference; single-source date-page verification,20,verified against cited historical-events date page,20,50
30,CE,987,March,Selection limited to 1–2009 CE; original historical calendar is not specified by the cited date page.,,EVT-MAR-30-13-0987,historical event,"On March 30, 987, Arnulf II, Count of Flanders (born 960) This event is included in the documented historical-events chronology for this calendar date. The cited date-page entry records this occurrence.",Arnulf II,987 CE,https://en.wikipedia.org/wiki/March_30,March 30,"March 30, 987","Wikipedia, March 30",documented date,general history,,Gregorian date-page convention,target met,regional,secondary reference; single-source date-page verification,20,verified against cited historical-events date page,20,50
30,CE,1135,March,Selection limited to 1–2009 CE; original historical calendar is not specified by the cited date page.,,EVT-MAR-30-14-1135,historical event,"On March 30, 1135, Maimonides, Spanish rabbi and philosopher (April 6 also proposed, d. 1204) This event is included in the documented historical-events chronology for this calendar date. The cited date-page entry records this occurrence.",Maimonides,1135 CE,https://en.wikipedia.org/wiki/March_30,March 30,"March 30, 1135","Wikipedia, March 30",documented date,general history,,Gregorian date-page convention,target met,regional,secondary reference; single-source date-page verification,20,verified against cited historical-events date page,20,50
30,CE,1180,March,Selection limited to 1–2009 CE; original historical calendar is not specified by the cited date page.,,EVT-MAR-30-15-1180,historical event,"On March 30, 1180, Al-Mustadi, Caliph (born 1142) This event is included in the documented historical-events chronology for this calendar date. The cited date-page entry records this occurrence. The cited date-page entry records this occurrence.",Al-Mustadi,1180 CE,https://en.wikipedia.org/wiki/March_30,March 30,"March 30, 1180","Wikipedia, March 30",documented date,general history,,Gregorian date-page convention,target met,regional,secondary reference; single-source date-page verification,20,verified against cited historical-events date page,20,50
30,CE,1202,March,Selection limited to 1–2009 CE; original historical calendar is not specified by the cited date page.,,EVT-MAR-30-16-1202,historical event,"On March 30, 1202, Joachim of Fiore, Italian mystic and theologian (born 1135) This event is included in the documented historical-events chronology for this calendar date. The cited date-page entry records this occurrence.",Joachim of Fiore,1202 CE,https://en.wikipedia.org/wiki/March_30,March 30,"March 30, 1202","Wikipedia, March 30",documented date,general history,,Gregorian date-page convention,target met,regional,secondary reference; single-source date-page verification,20,verified against cited historical-events date page,20,50
30,CE,1282,March,Selection limited to 1–2009 CE; original historical calendar is not specified by the cited date page.,,EVT-MAR-30-17-1282,political event,"On March 30, 1282, The people of Sicily rebel against the Angevin king Charles I, in what becomes known as the Sicilian Vespers. This event is included in the documented historical-events chronology for this calendar date.",The people of Sicily rebel against the Angevin king Charles I,1282 CE,https://en.wikipedia.org/wiki/March_30,March 30,"March 30, 1282","Wikipedia, March 30",documented date,politics and governance,,Gregorian date-page convention,target met,regional,secondary reference; single-source date-page verification,20,verified against cited historical-events date page,20,50
30,CE,1296,March,Selection limited to 1–2009 CE; original historical calendar is not specified by the cited date page.,,EVT-MAR-30-05-1296,conflict,"On March 30, 1296, Edward I sacks Berwick-upon-Tweed, during armed conflict between Scotland and England. This event is included in the documented historical-events chronology for this calendar date. The cited date-page entry records this occurrence.",Edward I sacks Berwick-upon-Tweed,1296 CE,https://en.wikipedia.org/wiki/March_30,March 30,"March 30, 1296","Wikipedia, March 30",documented date,military,,Gregorian date-page convention,target met,regional,secondary reference; single-source date-page verification,20,verified against cited historical-events date page,20,60
30,CE,1326,March,Selection limited to 1–2009 CE; original historical calendar is not specified by the cited date page.,,EVT-MAR-30-18-1326,historical event,"On March 30, 1326, Ivan II of Moscow (died 1359) This event is included in the documented historical-events chronology for this calendar date. The cited date-page entry records this occurrence.",Ivan II of Moscow (died 1359),1326 CE,https://en.wikipedia.org/wiki/March_30,March 30,"March 30, 1326","Wikipedia, March 30",documented date,general history,,Gregorian date-page convention,target met,regional,secondary reference; single-source date-page verification,20,verified against cited historical-events date page,20,50
30,CE,1432,March,Selection limited to 1–2009 CE; original historical calendar is not specified by the cited date page.,,EVT-MAR-30-19-1432,historical event,"On March 30, 1432, Mehmed the Conqueror, Ottoman sultan (died 1481) This event is included in the documented historical-events chronology for this calendar date. The cited date-page entry records this occurrence.",Mehmed the Conqueror,1432 CE,https://en.wikipedia.org/wiki/March_30,March 30,"March 30, 1432","Wikipedia, March 30",documented date,general history,,Gregorian date-page convention,target met,regional,secondary reference; single-source date-page verification,20,verified against cited historical-events date page,20,50
30,CE,1465,March,Selection limited to 1–2009 CE; original historical calendar is not specified by the cited date page.,,EVT-MAR-30-20-1465,historical event,"On March 30, 1465, Isabella of Clermont, queen consort of Naples (born c. 1424) This event is included in the documented historical-events chronology for this calendar date. The cited date-page entry records this occurrence.",Isabella of Clermont,1465 CE,https://en.wikipedia.org/wiki/March_30,March 30,"March 30, 1465","Wikipedia, March 30",documented date,general history,,Gregorian date-page convention,target met,regional,secondary reference; single-source date-page verification,20,verified against cited historical-events date page,20,50
30,CE,1844,March,Selection limited to 1–2009 CE; original historical calendar is not specified by the cited date page.,Americas,EVT-MAR-30-01-1844,conflict,"On March 30, 1844, One of the most important battles of the Dominican War of Independence from Haiti takes place near the city of Santiago de los Caballeros. This event is included in the documented historical-events chronology for this calendar date.",One of the most important battles of the Dominican War of Independence from Haiti takes place near the city of Santiago de los Caballeros.,1844 CE,https://en.wikipedia.org/wiki/March_30,March 30,"March 30, 1844","Wikipedia, March 30",documented date,military,Haiti,Gregorian date-page convention,target met,international,secondary reference; single-source date-page verification,20,verified against cited historical-events date page,20,74
30,CE,1856,March,Selection limited to 1–2009 CE; original historical calendar is not specified by the cited date page.,,EVT-MAR-30-02-1856,conflict,"On March 30, 1856, The Treaty of Paris is signed, ending the Crimean War. This event is included in the documented historical-events chronology for this calendar date. The cited date-page entry records this occurrence.",The Treaty of Paris is signed,1856 CE,https://en.wikipedia.org/wiki/March_30,March 30,"March 30, 1856","Wikipedia, March 30",documented date,military,,Gregorian date-page convention,target met,international,secondary reference; single-source date-page verification,20,verified against cited historical-events date page,20,68
30,CE,1885,March,Selection limited to 1–2009 CE; original historical calendar is not specified by the cited date page.,,EVT-MAR-30-03-1885,conflict,"On March 30, 1885, The Battle for Kushka triggers the Panjdeh Incident which nearly gives rise to war between the Russian and British Empires. This event is included in the documented historical-events chronology for this calendar date.",The Battle for Kushka triggers the Panjdeh Incident which nearly gives rise to war between the Russian and British Empires.,1885 CE,https://en.wikipedia.org/wiki/March_30,March 30,"March 30, 1885","Wikipedia, March 30",documented date,military,,Gregorian date-page convention,target met,international,secondary reference; single-source date-page verification,20,verified against cited historical-events date page,20,66
30,CE,1912,March,Selection limited to 1–2009 CE; original historical calendar is not specified by the cited date page.,Africa,EVT-MAR-30-08-1912,political event,"On March 30, 1912, Sultan Abd al-Hafid signs the Treaty of Fez, making Morocco a French protectorate. This event is included in the documented historical-events chronology for this calendar date.",Sultan Abd al-Hafid signs the Treaty of Fez,1912 CE,https://en.wikipedia.org/wiki/March_30,March 30,"March 30, 1912","Wikipedia, March 30",documented date,politics and governance,Morocco,Gregorian date-page convention,target met,regional,secondary reference; single-source date-page verification,20,verified against cited historical-events date page,20,53
30,CE,1940,March,Selection limited to 1–2009 CE; original historical calendar is not specified by the cited date page.,Asia,EVT-MAR-30-06-1940,conflict,"On March 30, 1940, Second Sino-Japanese War: Japan declares Nanking capital of a new Chinese puppet government, nominally controlled by Wang Jingwei. This event is included in the documented historical-events chronology for this calendar date.",Second Sino-Japanese War,1940 CE,https://en.wikipedia.org/wiki/March_30,March 30,"March 30, 1940","Wikipedia, March 30",documented date,military,Japan,Gregorian date-page convention,target met,regional,secondary reference; single-source date-page verification,20,verified against cited historical-events date page,20,55
30,CE,1949,March,Selection limited to 1–2009 CE; original historical calendar is not specified by the cited date page.,,EVT-MAR-30-07-1949,conflict,"On March 30, 1949, Cold War: A riot breaks out in Austurvöllur square in Reykjavík, when Iceland joins NATO. This event is included in the documented historical-events chronology for this calendar date.",Cold War,1949 CE,https://en.wikipedia.org/wiki/March_30,March 30,"March 30, 1949","Wikipedia, March 30",documented date,military,,Gregorian date-page convention,target met,regional,secondary reference; single-source date-page verification,20,verified against cited historical-events date page,20,54
31,CE,307,March,Selection limited to 1–2009 CE; original historical calendar is not specified by the cited date page.,,EVT-MAR-31-20-0307,political event,"On March 31, 307, After divorcing his wife Minervina, Constantine marries Fausta, daughter of the retired Roman emperor Maximian. This event is included in the documented historical-events chronology for this calendar date.",After divorcing his wife Minervina,307 CE,https://en.wikipedia.org/wiki/March_31,March 31,"March 31, 307","Wikipedia, March 31",documented date,politics and governance,,Gregorian date-page convention,target met,regional,secondary reference; single-source date-page verification,20,verified against cited historical-events date page,20,50
31,CE,1174,March,Selection limited to 1–2009 CE; original historical calendar is not specified by the cited date page.,,EVT-MAR-31-07-1174,historical event,"A conspiracy against Saladin, aiming to restore the Fatimid Caliphate, is revealed in Cairo, involving senior figures of the former Fatimid regime and the poet Umara al-Yamani. Modern historians doubt the extent and danger of the conspiracy reported in official sources, but its ringleaders will be publicly executed over the following weeks.",A conspiracy against Saladin,1174 CE,https://en.wikipedia.org/wiki/March_31,March 31,"March 31, 1174","Wikipedia, March 31",documented date,general history,,Gregorian date-page convention,target met,regional,secondary reference; single-source date-page verification,20,verified against cited historical-events date page,20,57
31,CE,1492,March,Selection limited to 1–2009 CE; original historical calendar is not specified by the cited date page.,Europe,EVT-MAR-31-12-1492,political event,"Ferdinand II of Aragon and Isabella I of Castile sign the Edict of Expulsion of the Jews from Spain, ordering all Jews in their kingdoms to either convert to Christianity or leave the country.",Ferdinand II of Aragon and Isabella I of Castile sign the Edict of Expulsion of the Jews from Spain,1492 CE,https://en.wikipedia.org/wiki/March_31,March 31,"March 31, 1492","Wikipedia, March 31",documented date,politics and governance,Spain,Gregorian date-page convention,target met,regional,secondary reference; single-source date-page verification,20,verified against cited historical-events date page,20,55
31,CE,1521,March,Selection limited to 1–2009 CE; original historical calendar is not specified by the cited date page.,Asia,EVT-MAR-31-09-1521,cultural event,"On March 31, 1521, Ferdinand Magellan and fifty of his men came ashore to present-day Limasawa to participate in the first Catholic mass in the Philippines. This event is included in the documented historical-events chronology for this calendar date.",Ferdinand Magellan and fifty of his men came ashore to present-day Limasawa to participate in the first Catholic mass in the Philippines.,1521 CE,https://en.wikipedia.org/wiki/March_31,March 31,"March 31, 1521","Wikipedia, March 31",documented date,culture and society,Philippines,Gregorian date-page convention,target met,regional,secondary reference; single-source date-page verification,20,verified against cited historical-events date page,20,56
31,CE,1706,March,Selection limited to 1–2009 CE; original historical calendar is not specified by the cited date page.,,EVT-MAR-31-02-1706,political event,"The last session of history of the Catalan Courts, the parliament of the Principality of Catalonia, ends. Catalonia's constitutional modernisation passed by the Courts aims to improve the guarantee of individual, political and economic rights (such as the secrecy of correspondence).",The last session of history of the Catalan Courts,1706 CE,https://en.wikipedia.org/wiki/March_31,March 31,"March 31, 1706","Wikipedia, March 31",documented date,politics and governance,,Gregorian date-page convention,target met,regional,secondary reference; single-source date-page verification,20,verified against cited historical-events date page,20,63
31,CE,1761,March,Selection limited to 1–2009 CE; original historical calendar is not specified by the cited date page.,,EVT-MAR-31-13-1761,disaster,"On March 31, 1761, The 1761 Lisbon earthquake strikes off the Iberian Peninsula with an estimated magnitude of 8.5, six years after another quake destroyed the city. This event is included in the documented historical-events chronology for this calendar date.",The 1761 Lisbon earthquake strikes off the Iberian Peninsula with an estimated magnitude of 8.5,1761 CE,https://en.wikipedia.org/wiki/March_31,March 31,"March 31, 1761","Wikipedia, March 31",documented date,natural disaster,,Gregorian date-page convention,target met,regional,secondary reference; single-source date-page verification,20,verified against cited historical-events date page,20,54
31,CE,1774,March,Selection limited to 1–2009 CE; original historical calendar is not specified by the cited date page.,,EVT-MAR-31-08-1774,political event,"On March 31, 1774, American Revolution: The Kingdom of Great Britain orders the port of Boston, Massachusetts closed pursuant to the Boston Port Act. This event is included in the documented historical-events chronology for this calendar date.",American Revolution,1774 CE,https://en.wikipedia.org/wiki/March_31,March 31,"March 31, 1774","Wikipedia, March 31",documented date,politics and governance,,Gregorian date-page convention,target met,regional,secondary reference; single-source date-page verification,20,verified against cited historical-events date page,20,57
31,CE,1813,March,Selection limited to 1–2009 CE; original historical calendar is not specified by the cited date page.,,EVT-MAR-31-18-1813,political event,"On March 31, 1813, Félix María Zuloaga, Mexican general and unconstitutional interim president (1858 and 1860– 1862) (died 1898) This event is included in the documented historical-events chronology for this calendar date.",Félix María Zuloaga,1813 CE,https://en.wikipedia.org/wiki/March_31,March 31,"March 31, 1813","Wikipedia, March 31",documented date,politics and governance,,Gregorian date-page convention,target met,regional,secondary reference; single-source date-page verification,20,verified against cited historical-events date page,20,51
31,CE,1874,March,Selection limited to 1–2009 CE; original historical calendar is not specified by the cited date page.,,EVT-MAR-31-17-1874,historical event,"On March 31, 1874, Benjamín G. Hill, Mexican revolutionary general, governor of Sonora (died 1920) This event is included in the documented historical-events chronology for this calendar date. The cited date-page entry records this occurrence.",Benjamín G. Hill,1874 CE,https://en.wikipedia.org/wiki/March_31,March 31,"March 31, 1874","Wikipedia, March 31",documented date,general history,,Gregorian date-page convention,target met,regional,secondary reference; single-source date-page verification,20,verified against cited historical-events date page,20,52
31,CE,1899,March,Selection limited to 1–2009 CE; original historical calendar is not specified by the cited date page.,,EVT-MAR-31-10-1899,conflict,"On March 31, 1899, Philippine–American War: Malolos, capital of the First Philippine Republic, is captured by American forces. This event is included in the documented historical-events chronology for this calendar date.",Philippine–American War,1899 CE,https://en.wikipedia.org/wiki/March_31,March 31,"March 31, 1899","Wikipedia, March 31",documented date,military,,Gregorian date-page convention,target met,regional,secondary reference; single-source date-page verification,20,verified against cited historical-events date page,20,56
31,CE,1905,March,Selection limited to 1–2009 CE; original historical calendar is not specified by the cited date page.,Europe,EVT-MAR-31-01-1905,political event,"On March 31, 1905, Kaiser Wilhelm II of Germany declares his support for Moroccan independence in Tangier, beginning the First Moroccan Crisis. This event is included in the documented historical-events chronology for this calendar date.",Kaiser Wilhelm II of Germany declares his support for Moroccan independence in Tangier,1905 CE,https://en.wikipedia.org/wiki/March_31,March 31,"March 31, 1905","Wikipedia, March 31",documented date,politics and governance,Germany,Gregorian date-page convention,target met,international,secondary reference; single-source date-page verification,20,verified against cited historical-events date page,20,65
31,CE,1917,March,Selection limited to 1–2009 CE; original historical calendar is not specified by the cited date page.,,EVT-MAR-31-06-1917,political event,"On March 31, 1917, According to the terms of the Treaty of the Danish West Indies, the islands become American possessions. This event is included in the documented historical-events chronology for this calendar date.",According to the terms of the Treaty of the Danish West Indies,1917 CE,https://en.wikipedia.org/wiki/March_31,March 31,"March 31, 1917","Wikipedia, March 31",documented date,politics and governance,,Gregorian date-page convention,target met,regional,secondary reference; single-source date-page verification,20,verified against cited historical-events date page,20,58
31,CE,1918,March,Selection limited to 1–2009 CE; original historical calendar is not specified by the cited date page.,,EVT-MAR-31-03-1918,conflict,"On March 31, 1918, Massacre of ethnic Azerbaijanis is committed by allied armed groups of Armenian Revolutionary Federation and Bolsheviks. Nearly 12,000 Azerbaijani Muslims are killed. This event is included in the documented historical-events chronology for this calendar date.",Massacre of ethnic Azerbaijanis is committed by allied armed groups of Armenian Revolutionary Federation and Bolsheviks. Nearly 12,1918 CE,https://en.wikipedia.org/wiki/March_31,March 31,"March 31, 1918","Wikipedia, March 31",documented date,military,,Gregorian date-page convention,target met,regional,secondary reference; single-source date-page verification,20,verified against cited historical-events date page,20,63
31,CE,1939,March,Selection limited to 1–2009 CE; original historical calendar is not specified by the cited date page.,Europe,EVT-MAR-31-05-1939,conflict,"On March 31, 1939, Events preceding World War II in Europe: Prime Minister Neville Chamberlain pledges British military support to the Second Polish Republic in the event of an invasion by Nazi Germany. This event is included in the documented historical-events chronology for this calendar date.",Events preceding World War II in Europe,1939 CE,https://en.wikipedia.org/wiki/March_31,March 31,"March 31, 1939","Wikipedia, March 31",documented date,military,Germany,Gregorian date-page convention,target met,regional,secondary reference; single-source date-page verification,20,verified against cited historical-events date page,20,59
31,CE,1945,March,Selection limited to 1–2009 CE; original historical calendar is not specified by the cited date page.,,EVT-MAR-31-04-1945,conflict,"On March 31, 1945, World War II: A defecting German pilot delivers a Messerschmitt Me 262A-1, the world's first operational jet-powered fighter aircraft, to the Americans, the first to fall into Allied hands. This event is included in the documented historical-events chronology for this calendar date.",World War II,1945 CE,https://en.wikipedia.org/wiki/March_31,March 31,"March 31, 1945","Wikipedia, March 31",documented date,military,,Gregorian date-page convention,target met,regional,secondary reference; single-source date-page verification,20,verified against cited historical-events date page,20,60
31,CE,1964,March,Selection limited to 1–2009 CE; original historical calendar is not specified by the cited date page.,,EVT-MAR-31-14-1964,conflict,"On March 31, 1964, Brazilian General Olímpio Mourão Filho orders his troops to move towards Rio de Janeiro, beginning the coup d'état and 21 years of military dictatorship. This event is included in the documented historical-events chronology for this calendar date.",Brazilian General Olímpio Mourão Filho orders his troops to move towards Rio de Janeiro,1964 CE,https://en.wikipedia.org/wiki/March_31,March 31,"March 31, 1964","Wikipedia, March 31",documented date,military,,Gregorian date-page convention,target met,regional,secondary reference; single-source date-page verification,20,verified against cited historical-events date page,20,54
31,CE,1966,March,Selection limited to 1–2009 CE; original historical calendar is not specified by the cited date page.,,EVT-MAR-31-11-1966,discovery,"On March 31, 1966, The Soviet Union launches Luna 10 which later becomes the first space probe to enter orbit around the Moon. This event is included in the documented historical-events chronology for this calendar date.",The Soviet Union launches Luna 10 which later becomes the first space probe to enter orbit around the Moon.,1966 CE,https://en.wikipedia.org/wiki/March_31,March 31,"March 31, 1966","Wikipedia, March 31",documented date,science and technology,,Gregorian date-page convention,target met,regional,secondary reference; single-source date-page verification,20,verified against cited historical-events date page,20,56
31,CE,1992,March,Selection limited to 1–2009 CE; original historical calendar is not specified by the cited date page.,,EVT-MAR-31-15-1992,political event,"On March 31, 1992, The Treaty of Federation is signed in Moscow. This event is included in the documented historical-events chronology for this calendar date. The cited date-page entry records this occurrence.",The Treaty of Federation is signed in Moscow.,1992 CE,https://en.wikipedia.org/wiki/March_31,March 31,"March 31, 1992","Wikipedia, March 31",documented date,politics and governance,,Gregorian date-page convention,target met,regional,secondary reference; single-source date-page verification,20,verified against cited historical-events date page,20,53
31,CE,2004,March,Selection limited to 1–2009 CE; original historical calendar is not specified by the cited date page.,Asia,EVT-MAR-31-19-2004,conflict,"On March 31, 2004, Iraq War in Anbar Province: In Fallujah, Iraq, four American private military contractors working for Blackwater USA, are killed after being ambushed. This event is included in the documented historical-events chronology for this calendar date.",Iraq War in Anbar Province,2004 CE,https://en.wikipedia.org/wiki/March_31,March 31,"March 31, 2004","Wikipedia, March 31",documented date,military,Iraq,Gregorian date-page convention,target met,regional,secondary reference; single-source date-page verification,20,verified against cited historical-events date page,20,51
31,CE,2005,March,Selection limited to 1–2009 CE; original historical calendar is not specified by the cited date page.,,EVT-MAR-31-16-2005,conflict,"On March 31, 2005, The dwarf planet Makemake is discovered by a team led by astronomer Michael E. Brown at the Palomar Observatory. This event is included in the documented historical-events chronology for this calendar date.",The dwarf planet Makemake is discovered by a team led by astronomer Michael E. Brown at the Palomar Observatory.,2005 CE,https://en.wikipedia.org/wiki/March_31,March 31,"March 31, 2005","Wikipedia, March 31",documented date,military,,Gregorian date-page convention,target met,regional,secondary reference; single-source date-page verification,20,verified against cited historical-events date page,20,53