Day,Era,Year,Month,Notes,Region,Event ID,Event type,Description,Event title,Date display,Source 1 URL,Calendar date,City location,Original date,Source 1 name,Date certainty,Event category,Modern country,Calendar system,Coverage status,People involved,Historical entity,Significance scope,Source reliability,Target event count,Verification status,Verified event count,Historical significance score
1,CE,418,May,Historical date rendered in the date-page Gregorian convention; pre-Gregorian local-calendar conversion may differ.,Africa,GHCD-APR-2001,legal,A synod in Carthage condemns Pelagianism.,Synod condemns Pelagianism,"May 1, 418 CE",https://en.wikipedia.org/wiki/May_1,0418-05-01,Carthage,"May 1, 418",Wikipedia — May 1,exact,religious decision,Tunisia,Gregorian (date-page convention),complete,,Christian Church,International,"Secondary, community-edited reference",20,verified against date-page source,20,6
1,CE,1169,May,Historical date rendered in the date-page Gregorian convention; pre-Gregorian local-calendar conversion may differ.,Europe,GHCD-APR-2002,military,"Norman mercenaries land at Bannow Bay in Leinster, marking the beginning of the Norman invasion of Ireland.",Norman mercenaries land in Ireland,"May 1, 1169 CE",https://en.wikipedia.org/wiki/May_1,1169-05-01,Bannow Bay,"May 1, 1169",Wikipedia — May 1,exact,invasion,Ireland,Gregorian (date-page convention),complete,,Norman forces,National,"Secondary, community-edited reference",20,verified against date-page source,20,8
1,CE,1328,May,Historical date rendered in the date-page Gregorian convention; pre-Gregorian local-calendar conversion may differ.,Europe,GHCD-APR-2003,political,The Treaty of Edinburgh–Northampton ends the Wars of Scottish Independence and England recognizes Scotland as an independent state.,Treaty recognizes Scottish independence,"May 1, 1328 CE",https://en.wikipedia.org/wiki/May_1,1328-05-01,Edinburgh; Northampton,"May 1, 1328",Wikipedia — May 1,exact,peace treaty,United Kingdom,Gregorian (date-page convention),complete,,Kingdom of Scotland; Kingdom of England,National,"Secondary, community-edited reference",20,verified against date-page source,20,9
1,CE,1455,May,Historical date rendered in the date-page Gregorian convention; pre-Gregorian local-calendar conversion may differ.,Europe,GHCD-APR-2004,military,Scottish royal forces loyal to King James II defeat a rebel army of the Black Douglases at Arkinholm.,Battle of Arkinholm,"May 1, 1455 CE",https://en.wikipedia.org/wiki/May_1,1455-05-01,Arkinholm,"May 1, 1455",Wikipedia — May 1,exact,battle,United Kingdom,Gregorian (date-page convention),complete,James II,Scottish royal forces; Black Douglases,National,"Secondary, community-edited reference",20,verified against date-page source,20,6
1,CE,1492,May,Historical date rendered in the date-page Gregorian convention; pre-Gregorian local-calendar conversion may differ.,Europe,GHCD-APR-2005,legal,"The Edict of Expulsion is officially proclaimed in Castile, requiring Jewish residents to leave within three months.",Edict of Expulsion proclaimed,"May 1, 1492 CE",https://en.wikipedia.org/wiki/May_1,1492-05-01,Castile,"May 1, 1492",Wikipedia — May 1,exact,expulsion decree,Spain,Gregorian (date-page convention),complete,,Crown of Castile,National,"Secondary, community-edited reference",20,verified against date-page source,20,9
1,CE,1707,May,,Europe,GHCD-APR-2006,political,The Act of Union joining England and Scotland to form the Kingdom of Great Britain takes effect.,Act of Union takes effect,"May 1, 1707 CE",https://en.wikipedia.org/wiki/May_1,1707-05-01,,"May 1, 1707",Wikipedia — May 1,exact,political union,United Kingdom,Gregorian (date-page convention),complete,,Kingdom of Great Britain,National,"Secondary, community-edited reference",20,verified against date-page source,20,10
1,CE,1753,May,,Europe,GHCD-APR-2007,scientific,"Linnaeus publishes Species Plantarum, establishing the formal start date of plant taxonomy adopted by the International Code of Botanical Nomenclature.",Species Plantarum is published,"May 1, 1753 CE",https://en.wikipedia.org/wiki/May_1,1753-05-01,,"May 1, 1753",Wikipedia — May 1,exact,botanical taxonomy,Sweden,Gregorian (date-page convention),complete,Carl Linnaeus,,International,"Secondary, community-edited reference",20,verified against date-page source,20,8
1,CE,1807,May,,Global,GHCD-APR-2008,legal,"The Slave Trade Act 1807 takes effect, abolishing the slave trade within the British Empire.",Slave Trade Act takes effect,"May 1, 1807 CE",https://en.wikipedia.org/wiki/May_1,1807-05-01,,"May 1, 1807",Wikipedia — May 1,exact,abolition law,United Kingdom,Gregorian (date-page convention),complete,,British Empire,International,"Secondary, community-edited reference",20,verified against date-page source,20,10
1,CE,1851,May,,Europe,GHCD-APR-2009,cultural,Queen Victoria opens the Great Exhibition at the Crystal Palace in London.,Great Exhibition opens,"May 1, 1851 CE",https://en.wikipedia.org/wiki/May_1,1851-05-01,London,"May 1, 1851",Wikipedia — May 1,exact,international exhibition,United Kingdom,Gregorian (date-page convention),complete,Queen Victoria,British Empire,International,"Secondary, community-edited reference",20,verified against date-page source,20,8
1,CE,1863,May,,North America,GHCD-APR-2010,military,The Battle of Chancellorsville begins between Robert E. Lee's Confederate Army of Northern Virginia and the Union Army of the Potomac under Joseph Hooker.,Battle of Chancellorsville begins,"May 1, 1863 CE",https://en.wikipedia.org/wiki/May_1,1863-05-01,Chancellorsville,"May 1, 1863",Wikipedia — May 1,exact,battle,United States,Gregorian (date-page convention),complete,Robert E. Lee; Joseph Hooker,Confederate States of America; Union,National,"Secondary, community-edited reference",20,verified against date-page source,20,8
1,CE,1863,May,,North America,GHCD-APR-2011,military,Union forces under Ulysses S. Grant win the Battle of Port Gibson and establish a firm presence on the east side of the Mississippi River.,Battle of Port Gibson,"May 1, 1863 CE",https://en.wikipedia.org/wiki/May_1,1863-05-01,Port Gibson,"May 1, 1863",Wikipedia — May 1,exact,battle,United States,Gregorian (date-page convention),complete,Ulysses S. Grant,Union forces,National,"Secondary, community-edited reference",20,verified against date-page source,20,8
1,CE,1886,May,,North America,GHCD-APR-2012,social,"Rallies are held throughout the United States demanding the eight-hour workday, culminating in the Haymarket affair in Chicago.",Eight-hour workday rallies held,"May 1, 1886 CE",https://en.wikipedia.org/wiki/May_1,1886-05-01,Chicago,"May 1, 1886",Wikipedia — May 1,exact,labor movement,United States,Gregorian (date-page convention),complete,,United States labor movement,International,"Secondary, community-edited reference",20,verified against date-page source,20,9
1,CE,1891,May,,North America,GHCD-APR-2013,social,A mob in Louisiana lynches 11 Italian immigrants after the acquittal of several defendants in a murder case.,New Orleans lynchings,"May 1, 1891 CE",https://en.wikipedia.org/wiki/May_1,1891-05-01,New Orleans,"May 1, 1891",Wikipedia — May 1,exact,racial violence,United States,Gregorian (date-page convention),complete,,,National,"Secondary, community-edited reference",20,verified against date-page source,20,8
1,CE,1898,May,,Asia,GHCD-APR-2014,military,The United States Navy's Asiatic Squadron destroys the Spanish Pacific Squadron after a seven-hour battle.,Battle of Manila Bay,"May 1, 1898 CE",https://en.wikipedia.org/wiki/May_1,1898-05-01,Manila Bay,"May 1, 1898",Wikipedia — May 1,exact,naval battle,Philippines,Gregorian (date-page convention),complete,,United States Navy; Spanish Navy,International,"Secondary, community-edited reference",20,verified against date-page source,20,9
1,CE,1900,May,,North America,GHCD-APR-2015,disaster,"A mine disaster in Scofield, Utah, kills over 200 men.",Scofield Mine disaster,"May 1, 1900 CE",https://en.wikipedia.org/wiki/May_1,1900-05-01,Scofield,"May 1, 1900",Wikipedia — May 1,exact,mining disaster,United States,Gregorian (date-page convention),complete,,,National,"Secondary, community-edited reference",20,verified against date-page source,20,7
1,CE,1929,May,,Asia,GHCD-APR-2016,disaster,"A magnitude 7.2 earthquake shakes the Iran–Turkmenistan border region, killing up to 3,800 and injuring 1,121.",Kopet Dag earthquake,"May 1, 1929 CE",https://en.wikipedia.org/wiki/May_1,1929-05-01,Iran–Turkmenistan border region,"May 1, 1929",Wikipedia — May 1,exact,earthquake,Iran,Gregorian (date-page convention),complete,,,Regional,"Secondary, community-edited reference",20,verified against date-page source,20,8
1,CE,1946,May,,Oceania,GHCD-APR-2017,social,The three-year Pilbara strike of Indigenous Australians begins.,Pilbara strike begins,"May 1, 1946 CE",https://en.wikipedia.org/wiki/May_1,1946-05-01,Pilbara,"May 1, 1946",Wikipedia — May 1,exact,Indigenous labor action,Australia,Gregorian (date-page convention),complete,,,National,"Secondary, community-edited reference",20,verified against date-page source,20,8
1,CE,1960,May,,Europe,GHCD-APR-2018,political,"Francis Gary Powers is shot down over Sverdlovsk Oblast in a Lockheed U-2 spyplane, sparking a diplomatic crisis.",U-2 incident,"May 1, 1960 CE",https://en.wikipedia.org/wiki/May_1,1960-05-01,Sverdlovsk Oblast,"May 1, 1960",Wikipedia — May 1,exact,Cold War incident,Russia,Gregorian (date-page convention),complete,Francis Gary Powers,Soviet Union; United States,International,"Secondary, community-edited reference",20,verified against date-page source,20,9
1,CE,1993,May,,Asia,GHCD-APR-2019,political,Sri Lankan President Ranasinghe Premadasa is assassinated in Colombo in a suicide bombing carried out by the Liberation Tigers of Tamil Eelam.,Assassination of Ranasinghe Premadasa,"May 1, 1993 CE",https://en.wikipedia.org/wiki/May_1,1993-05-01,Colombo,"May 1, 1993",Wikipedia — May 1,exact,assassination,Sri Lanka,Gregorian (date-page convention),complete,Ranasinghe Premadasa,Liberation Tigers of Tamil Eelam,National,"Secondary, community-edited reference",20,verified against date-page source,20,9
1,CE,2004,May,,Europe,GHCD-APR-2020,political,"Cyprus, Czech Republic, Estonia, Hungary, Latvia, Lithuania, Malta, Poland, Slovakia, and Slovenia join the European Union.",Ten countries join the European Union,"May 1, 2004 CE",https://en.wikipedia.org/wiki/May_1,2004-05-01,Dublin,"May 1, 2004",Wikipedia — May 1,exact,supranational enlargement,,Gregorian (date-page convention),complete,,European Union,International,"Secondary, community-edited reference",20,verified against date-page source,20,10
2,CE,1194,May,Historical date rendered in the date-page Gregorian convention; pre-Gregorian local-calendar conversion may differ.,Europe,GHCD-APR-2021,legal,King Richard I of England gave Portsmouth its first royal charter.,Portsmouth receives royal charter,"May 2, 1194 CE",https://en.wikipedia.org/wiki/May_2,1194-05-02,Portsmouth,"May 2, 1194",Wikipedia — May 2,exact,Municipal charter,United Kingdom,Gregorian (date-page convention),complete,Richard I,Kingdom of England,National,"Secondary, community-edited reference",20,verified against date-page source,20,5
2,CE,1250,May,Historical date rendered in the date-page Gregorian convention; pre-Gregorian local-calendar conversion may differ.,Middle East,GHCD-APR-2022,political,Mamluks under Baybars murdered the Ayyubid sultan Turanshah over fears of losing their privileges.,Mamluks murder Turanshah,"May 2, 1250 CE",https://en.wikipedia.org/wiki/May_2,1250-05-02,,"May 2, 1250",Wikipedia — May 2,exact,Dynastic coup,Egypt,Gregorian (date-page convention),complete,Baybars; Turanshah,Ayyubid Sultanate; Mamluks,Regional,"Secondary, community-edited reference",20,verified against date-page source,20,7
2,CE,1388,May,Historical date rendered in the date-page Gregorian convention; pre-Gregorian local-calendar conversion may differ.,Europe,GHCD-APR-2023,military,The surrender of the Acropolis of Athens to Nerio Acciaioli ended the Catalan presence in the Duchy of Athens.,Acropolis of Athens surrendered,"May 2, 1388 CE",https://en.wikipedia.org/wiki/May_2,1388-05-02,Athens,"May 2, 1388",Wikipedia — May 2,exact,Territorial transfer,Greece,Gregorian (date-page convention),complete,Nerio Acciaioli,Duchy of Athens,Regional,"Secondary, community-edited reference",20,verified against date-page source,20,6
2,CE,1536,May,Historical date rendered in the date-page Gregorian convention; pre-Gregorian local-calendar conversion may differ.,Europe,GHCD-APR-2024,political,"Anne Boleyn was arrested and imprisoned on charges including adultery, incest, treason and witchcraft.",Anne Boleyn arrested,"May 2, 1536 CE",https://en.wikipedia.org/wiki/May_2,1536-05-02,,"May 2, 1536",Wikipedia — May 2,exact,Royal prosecution,United Kingdom,Gregorian (date-page convention),complete,Anne Boleyn,Kingdom of England,National,"Secondary, community-edited reference",20,verified against date-page source,20,7
2,CE,1611,May,,Europe,GHCD-APR-2025,cultural,The King James Version of the Bible was published for the first time in London by printer Robert Barker.,King James Bible first published,"May 2, 1611 CE",https://en.wikipedia.org/wiki/May_2,1611-05-02,London,"May 2, 1611",Wikipedia — May 2,exact,Religious publication,United Kingdom,Gregorian (date-page convention),complete,Robert Barker,Kingdom of England,International,"Secondary, community-edited reference",20,verified against date-page source,20,9
2,CE,1670,May,,North America,GHCD-APR-2026,economic,King Charles II of England granted a permanent charter to the Hudson's Bay Company to open the fur trade in North America.,Hudson's Bay Company chartered,"May 2, 1670 CE",https://en.wikipedia.org/wiki/May_2,1670-05-02,,"May 2, 1670",Wikipedia — May 2,exact,Chartered trade,Canada,Gregorian (date-page convention),complete,Charles II,Hudson's Bay Company; Kingdom of England,International,"Secondary, community-edited reference",20,verified against date-page source,20,8
2,CE,1808,May,,Europe,GHCD-APR-2027,military,"The people of Madrid rose in rebellion against French occupation, marking the outbreak of the Peninsular War.",Madrid uprising against French occupation,"May 2, 1808 CE",https://en.wikipedia.org/wiki/May_2,1808-05-02,Madrid,"May 2, 1808",Wikipedia — May 2,exact,Anti-occupation uprising,Spain,Gregorian (date-page convention),complete,Francisco de Goya,French Empire,International,"Secondary, community-edited reference",20,verified against date-page source,20,8
2,CE,1829,May,,Oceania,GHCD-APR-2028,exploration,Captain Charles Fremantle of HMS Challenger declared the Swan River Colony in Australia.,Swan River Colony declared,"May 2, 1829 CE",https://en.wikipedia.org/wiki/May_2,1829-05-02,Swan River,"May 2, 1829",Wikipedia — May 2,exact,Colonial declaration,Australia,Gregorian (date-page convention),complete,Charles Fremantle,Swan River Colony,International,"Secondary, community-edited reference",20,verified against date-page source,20,7
2,CE,1866,May,,South America,GHCD-APR-2029,military,Peruvian defenders fought off the Spanish fleet at the Battle of Callao.,Battle of Callao,"May 2, 1866 CE",https://en.wikipedia.org/wiki/May_2,1866-05-02,Callao,"May 2, 1866",Wikipedia — May 2,exact,Naval battle,Peru,Gregorian (date-page convention),complete,,Peru; Spain,International,"Secondary, community-edited reference",20,verified against date-page source,20,7
2,CE,1867,May,,Oceania,GHCD-APR-2030,scientific,Albert Günther published the first study recognizing that the New Zealand tuatara is not a lizard.,Tuatara recognized as distinct from lizards,"May 2, 1867 CE",https://en.wikipedia.org/wiki/May_2,1867-05-02,,"May 2, 1867",Wikipedia — May 2,exact,Biological classification,New Zealand,Gregorian (date-page convention),complete,Albert Günther,,International,"Secondary, community-edited reference",20,verified against date-page source,20,7
2,CE,1876,May,,Europe,GHCD-APR-2031,political,The April Uprising broke out in Ottoman Bulgaria.,April Uprising begins,"May 2, 1876 CE",https://en.wikipedia.org/wiki/May_2,1876-05-02,,"May 2, 1876",Wikipedia — May 2,exact,National uprising,Bulgaria,Gregorian (date-page convention),complete,,Ottoman Empire,International,"Secondary, community-edited reference",20,verified against date-page source,20,8
2,CE,1885,May,,North America,GHCD-APR-2032,military,"Cree and Assiniboine warriors won the Battle of Cut Knife, their largest victory over Canadian forces during the North-West Rebellion.",Battle of Cut Knife,"May 2, 1885 CE",https://en.wikipedia.org/wiki/May_2,1885-05-02,Cut Knife,"May 2, 1885",Wikipedia — May 2,exact,Indigenous resistance,Canada,Gregorian (date-page convention),complete,,Cree; Assiniboine; Canada,National,"Secondary, community-edited reference",20,verified against date-page source,20,7
2,CE,1889,May,,Africa,GHCD-APR-2033,political,"Menelik II signed the Treaty of Wuchale, giving Italy control over Eritrea.",Treaty of Wuchale signed,"May 2, 1889 CE",https://en.wikipedia.org/wiki/May_2,1889-05-02,Wuchale,"May 2, 1889",Wikipedia — May 2,exact,Treaty,Ethiopia,Gregorian (date-page convention),complete,Menelik II,Ethiopian Empire; Italy,International,"Secondary, community-edited reference",20,verified against date-page source,20,8
2,CE,1920,May,,North America,GHCD-APR-2034,social,The first game of the Negro National League baseball was played in Indianapolis.,Negro National League first game,"May 2, 1920 CE",https://en.wikipedia.org/wiki/May_2,1920-05-02,Indianapolis,"May 2, 1920",Wikipedia — May 2,exact,Organized sport,United States,Gregorian (date-page convention),complete,,Negro National League,National,"Secondary, community-edited reference",20,verified against date-page source,20,6
2,CE,1933,May,,Europe,GHCD-APR-2035,political,Germany's independent labor unions were replaced by the German Labour Front.,German labor unions replaced,"May 2, 1933 CE",https://en.wikipedia.org/wiki/May_2,1933-05-02,,"May 2, 1933",Wikipedia — May 2,exact,Labor organization,Germany,Gregorian (date-page convention),complete,,German Labour Front,National,"Secondary, community-edited reference",20,verified against date-page source,20,7
2,CE,1941,May,,Middle East,GHCD-APR-2036,military,The United Kingdom launched the Anglo-Iraqi War to restore Crown Prince 'Abd al-Ilah to power.,Anglo-Iraqi War launched,"May 2, 1941 CE",https://en.wikipedia.org/wiki/May_2,1941-05-02,,"May 2, 1941",Wikipedia — May 2,exact,Foreign intervention,Iraq,Gregorian (date-page convention),complete,'Abd al-Ilah,United Kingdom; Kingdom of Iraq,International,"Secondary, community-edited reference",20,verified against date-page source,20,8
2,CE,1952,May,,Global,GHCD-APR-2037,technology,"A De Havilland Comet made the first jetliner flight with fare-paying passengers, from London to Johannesburg.",First fare-paying jetliner flight,"May 2, 1952 CE",https://en.wikipedia.org/wiki/May_2,1952-05-02,London; Johannesburg,"May 2, 1952",Wikipedia — May 2,exact,Commercial aviation,United Kingdom,Gregorian (date-page convention),complete,,De Havilland,International,"Secondary, community-edited reference",20,verified against date-page source,20,9
2,CE,1963,May,,Europe,GHCD-APR-2038,scientific,Berthold Seliger launched a three-stage rocket near Cuxhaven that reached a maximum altitude of more than 100 kilometres.,Seliger three-stage rocket launched,"May 2, 1963 CE",https://en.wikipedia.org/wiki/May_2,1963-05-02,Cuxhaven,"May 2, 1963",Wikipedia — May 2,exact,Rocket development,Germany,Gregorian (date-page convention),complete,Berthold Seliger,,National,"Secondary, community-edited reference",20,verified against date-page source,20,6
2,CE,1986,May,,Europe,GHCD-APR-2039,disaster,The city of Chernobyl was evacuated six days after the Chernobyl disaster.,Chernobyl evacuated,"May 2, 1986 CE",https://en.wikipedia.org/wiki/May_2,1986-05-02,Chernobyl,"May 2, 1986",Wikipedia — May 2,exact,Nuclear accident,Ukraine,Gregorian (date-page convention),complete,,Soviet Union,Global,"Secondary, community-edited reference",20,verified against date-page source,20,10
2,CE,1998,May,,Europe,GHCD-APR-2040,economic,The European Central Bank was founded in Brussels to define and execute the European Union's monetary policy.,European Central Bank founded,"May 2, 1998 CE",https://en.wikipedia.org/wiki/May_2,1998-05-02,Brussels,"May 2, 1998",Wikipedia — May 2,exact,Central banking,Belgium,Gregorian (date-page convention),complete,,European Central Bank; European Union,International,"Secondary, community-edited reference",20,verified against date-page source,20,9
3,CE,752,May,Historical date rendered in the date-page Gregorian convention; pre-Gregorian local-calendar conversion may differ.,North America,GHCD-APR-2041,political,"Mayan king Bird Jaguar IV of Yaxchilan in modern-day Chiapas, Mexico, assumes the throne.",Bird Jaguar IV assumes the throne,"May 3, 752 CE",https://en.wikipedia.org/wiki/May_3,0752-05-03,Yaxchilan,"May 3, 752",Wikipedia — May 3,exact,Royal succession,Mexico,Gregorian (date-page convention),complete,Bird Jaguar IV,Yaxchilan,Regional,"Secondary, community-edited reference",20,verified against date-page source,20,6
3,CE,996,May,Historical date rendered in the date-page Gregorian convention; pre-Gregorian local-calendar conversion may differ.,Europe,GHCD-APR-2042,political,"German king Otto III chooses his cousin Bruno of Carinthia as pope, and Bruno becomes Gregory V.",Bruno of Carinthia becomes Pope Gregory V,"May 3, 996 CE",https://en.wikipedia.org/wiki/May_3,0996-05-03,Rome,"May 3, 996",Wikipedia — May 3,exact,Papacy,Italy,Gregorian (date-page convention),complete,Otto III; Bruno of Carinthia; Pope John XV,Holy Roman Empire; Catholic Church,International,"Secondary, community-edited reference",20,verified against date-page source,20,7
3,CE,1481,May,Historical date rendered in the date-page Gregorian convention; pre-Gregorian local-calendar conversion may differ.,Europe,GHCD-APR-2043,disaster,"The largest of three earthquakes strikes the island of Rhodes and causes an estimated 30,000 casualties.",Rhodes earthquake,"May 3, 1481 CE",https://en.wikipedia.org/wiki/May_3,1481-05-03,Rhodes,"May 3, 1481",Wikipedia — May 3,disputed,Earthquake,Greece,Gregorian (date-page convention),complete,,,Regional,"Secondary, community-edited reference",20,verified against date-page source,20,8
3,CE,1491,May,Historical date rendered in the date-page Gregorian convention; pre-Gregorian local-calendar conversion may differ.,Africa,GHCD-APR-2044,social,Kongo monarch Nkuwu Nzinga is baptised by Portuguese missionaries and adopts the name João I.,Nkuwu Nzinga is baptised,"May 3, 1491 CE",https://en.wikipedia.org/wiki/May_3,1491-05-03,,"May 3, 1491",Wikipedia — May 3,exact,Religious conversion,Angola,Gregorian (date-page convention),complete,Nkuwu Nzinga,Kingdom of Kongo,Regional,"Secondary, community-edited reference",20,verified against date-page source,20,6
3,CE,1568,May,Historical date rendered in the date-page Gregorian convention; pre-Gregorian local-calendar conversion may differ.,North America,GHCD-APR-2045,military,A French force burns the San Mateo fort and massacres hundreds of Spaniards after the Spanish attack on Fort Caroline.,French forces burn San Mateo fort,"May 3, 1568 CE",https://en.wikipedia.org/wiki/May_3,1568-05-03,Fort Caroline,"May 3, 1568",Wikipedia — May 3,exact,Colonial conflict,United States,Gregorian (date-page convention),complete,,France; Spain,International,"Secondary, community-edited reference",20,verified against date-page source,20,7
3,CE,1616,May,,Europe,GHCD-APR-2046,political,The Treaty of Loudun ends a French civil war.,Treaty of Loudun ends a French civil war,"May 3, 1616 CE",https://en.wikipedia.org/wiki/May_3,1616-05-03,Loudun,"May 3, 1616",Wikipedia — May 3,exact,Peace treaty,France,Gregorian (date-page convention),complete,,Kingdom of France,National,"Secondary, community-edited reference",20,verified against date-page source,20,6
3,CE,1715,May,,Global,GHCD-APR-2047,scientific,"A total solar eclipse is visible across northern Europe and northern Asia, as predicted by Edmond Halley to within four minutes accuracy.",Halley predicts a total solar eclipse,"May 3, 1715 CE",https://en.wikipedia.org/wiki/May_3,1715-05-03,,"May 3, 1715",Wikipedia — May 3,exact,Astronomy,,Gregorian (date-page convention),complete,Edmond Halley,,International,"Secondary, community-edited reference",20,verified against date-page source,20,7
3,CE,1791,May,,Europe,GHCD-APR-2048,legal,The Constitution of May 3 is proclaimed by the Sejm of the Polish–Lithuanian Commonwealth.,Constitution of May 3 is proclaimed,"May 3, 1791 CE",https://en.wikipedia.org/wiki/May_3,1791-05-03,Warsaw,"May 3, 1791",Wikipedia — May 3,exact,Constitution,Poland,Gregorian (date-page convention),complete,,Polish–Lithuanian Commonwealth,International,"Secondary, community-edited reference",20,verified against date-page source,20,9
3,CE,1802,May,,North America,GHCD-APR-2049,political,"Washington, D.C. is incorporated as a city after Congress abolishes the Board of Commissioners and establishes a mayor-council form of government.","Washington, D.C. is incorporated","May 3, 1802 CE",https://en.wikipedia.org/wiki/May_3,1802-05-03,"Washington, D.C.","May 3, 1802",Wikipedia — May 3,exact,Municipal government,United States,Gregorian (date-page convention),complete,,United States Congress,National,"Secondary, community-edited reference",20,verified against date-page source,20,6
3,CE,1808,May,,Europe,GHCD-APR-2050,military,Sweden loses the fortress of Sveaborg to Russia during the Finnish War.,Sveaborg falls to Russia,"May 3, 1808 CE",https://en.wikipedia.org/wiki/May_3,1808-05-03,Sveaborg,"May 3, 1808",Wikipedia — May 3,exact,Fortress capture,Finland,Gregorian (date-page convention),complete,,Sweden; Russian Empire,International,"Secondary, community-edited reference",20,verified against date-page source,20,7
3,CE,1811,May,,Europe,GHCD-APR-2051,military,The Anglo-Portuguese army under Lord Wellington repulses a larger French army under Marshal Masséna.,Battle of Fuentes de Oñoro,"May 3, 1811 CE",https://en.wikipedia.org/wiki/May_3,1811-05-03,Fuentes de Oñoro,"May 3, 1811",Wikipedia — May 3,exact,Battle,Spain,Gregorian (date-page convention),complete,Arthur Wellesley; André Masséna,United Kingdom; Portugal; France,International,"Secondary, community-edited reference",20,verified against date-page source,20,8
3,CE,1830,May,,Europe,GHCD-APR-2052,technology,The Canterbury and Whitstable Railway opens as the first steam-hauled passenger railway to issue season tickets and include a tunnel.,Canterbury and Whitstable Railway opens,"May 3, 1830 CE",https://en.wikipedia.org/wiki/May_3,1830-05-03,Canterbury,"May 3, 1830",Wikipedia — May 3,exact,Railway,United Kingdom,Gregorian (date-page convention),complete,,,Regional,"Secondary, community-edited reference",20,verified against date-page source,20,7
3,CE,1837,May,,Europe,GHCD-APR-2053,cultural,"The University of Athens is founded in Athens, Greece.",University of Athens is founded,"May 3, 1837 CE",https://en.wikipedia.org/wiki/May_3,1837-05-03,Athens,"May 3, 1837",Wikipedia — May 3,exact,Higher education,Greece,Gregorian (date-page convention),complete,,University of Athens,National,"Secondary, community-edited reference",20,verified against date-page source,20,6
3,CE,1849,May,,Europe,GHCD-APR-2054,political,The May Uprising in Dresden begins as the last of the German revolutions of 1848–49.,May Uprising in Dresden begins,"May 3, 1849 CE",https://en.wikipedia.org/wiki/May_3,1849-05-03,Dresden,"May 3, 1849",Wikipedia — May 3,exact,Revolution,Germany,Gregorian (date-page convention),complete,,Kingdom of Saxony,National,"Secondary, community-edited reference",20,verified against date-page source,20,7
3,CE,1913,May,,Asia,GHCD-APR-2055,cultural,"Raja Harishchandra, the first full-length Indian feature film, is released, marking the beginning of the Indian film industry.",Raja Harishchandra is released,"May 3, 1913 CE",https://en.wikipedia.org/wiki/May_3,1913-05-03,,"May 3, 1913",Wikipedia — May 3,exact,Film,India,Gregorian (date-page convention),complete,,,National,"Secondary, community-edited reference",20,verified against date-page source,20,8
3,CE,1921,May,,Europe,GHCD-APR-2056,political,"Ireland is partitioned under British law by the Government of Ireland Act 1920, creating Northern Ireland and Southern Ireland.",Ireland is partitioned,"May 3, 1921 CE",https://en.wikipedia.org/wiki/May_3,1921-05-03,,"May 3, 1921",Wikipedia — May 3,exact,Partition,Ireland,Gregorian (date-page convention),complete,,United Kingdom,International,"Secondary, community-edited reference",20,verified against date-page source,20,9
3,CE,1942,May,,Oceania,GHCD-APR-2057,military,Japanese naval troops invade Tulagi Island in the Solomon Islands during the first part of Operation Mo.,Japanese forces invade Tulagi,"May 3, 1942 CE",https://en.wikipedia.org/wiki/May_3,1942-05-03,Tulagi,"May 3, 1942",Wikipedia — May 3,exact,World War II invasion,Solomon Islands,Gregorian (date-page convention),complete,,Empire of Japan,International,"Secondary, community-edited reference",20,verified against date-page source,20,8
3,CE,1947,May,,Asia,GHCD-APR-2058,legal,The new post-war Japanese constitution goes into effect.,Post-war Japanese constitution takes effect,"May 3, 1947 CE",https://en.wikipedia.org/wiki/May_3,1947-05-03,Tokyo,"May 3, 1947",Wikipedia — May 3,exact,Constitution,Japan,Gregorian (date-page convention),complete,,Japan,National,"Secondary, community-edited reference",20,verified against date-page source,20,9
3,CE,1948,May,,North America,GHCD-APR-2059,legal,The U.S. Supreme Court rules that covenants prohibiting the sale of real estate to Black people and other minorities are legally unenforceable.,Shelley v. Kraemer ruling,"May 3, 1948 CE",https://en.wikipedia.org/wiki/May_3,1948-05-03,"Washington, D.C.","May 3, 1948",Wikipedia — May 3,exact,Civil rights,United States,Gregorian (date-page convention),complete,,United States Supreme Court,National,"Secondary, community-edited reference",20,verified against date-page source,20,9
3,CE,1978,May,,North America,GHCD-APR-2060,technology,A Digital Equipment Corporation marketing representative sends the first unsolicited bulk commercial email to every ARPANET address on the western United States.,First unsolicited bulk commercial email is sent,"May 3, 1978 CE",https://en.wikipedia.org/wiki/May_3,1978-05-03,,"May 3, 1978",Wikipedia — May 3,exact,Electronic messaging,United States,Gregorian (date-page convention),complete,,Digital Equipment Corporation; ARPANET,Global,"Secondary, community-edited reference",20,verified against date-page source,20,8
4,CE,1256,May,Historical date rendered in the date-page Gregorian convention; pre-Gregorian local-calendar conversion may differ.,Europe,GHCD-APR-2061,social,The Augustinian monastic order was constituted at Lecceto Monastery when Pope Alexander IV issued the papal bull Licet ecclesiae catholicae.,Augustinian Order Constituted,"May 4, 1256 CE",https://en.wikipedia.org/wiki/May_4,1256-05-04,Lecceto Monastery,"May 4, 1256",Wikipedia — May 4,exact,Religious organization,Italy,Gregorian (date-page convention),complete,Pope Alexander IV,Augustinian monastic order,International,"Secondary, community-edited reference",20,verified against date-page source,20,6
4,CE,1415,May,Historical date rendered in the date-page Gregorian convention; pre-Gregorian local-calendar conversion may differ.,Europe,GHCD-APR-2062,legal,John Wycliffe was condemned as a heretic at the Council of Constance.,John Wycliffe Condemned as Heretic,"May 4, 1415 CE",https://en.wikipedia.org/wiki/May_4,1415-05-04,Constance,"May 4, 1415",Wikipedia — May 4,exact,Religious condemnation,Germany,Gregorian (date-page convention),complete,John Wycliffe,Council of Constance,International,"Secondary, community-edited reference",20,verified against date-page source,20,7
4,CE,1471,May,Historical date rendered in the date-page Gregorian convention; pre-Gregorian local-calendar conversion may differ.,Europe,GHCD-APR-2063,military,"Edward IV defeated a Lancastrian army and Edward of Westminster, Prince of Wales, was killed.",Battle of Tewkesbury,"May 4, 1471 CE",https://en.wikipedia.org/wiki/May_4,1471-05-04,Tewkesbury,"May 4, 1471",Wikipedia — May 4,exact,Wars of the Roses,United Kingdom,Gregorian (date-page convention),complete,Edward IV; Edward of Westminster,Kingdom of England,National,"Secondary, community-edited reference",20,verified against date-page source,20,8
4,CE,1493,May,Historical date rendered in the date-page Gregorian convention; pre-Gregorian local-calendar conversion may differ.,Global,GHCD-APR-2064,political,"Pope Alexander VI issued Inter caetera, dividing the New World between Spain and Portugal along the Line of Demarcation.",Inter caetera Divides the New World,"May 4, 1493 CE",https://en.wikipedia.org/wiki/May_4,1493-05-04,,"May 4, 1493",Wikipedia — May 4,exact,Colonial diplomacy,,Gregorian (date-page convention),complete,Pope Alexander VI,Papacy; Spain; Portugal,International,"Secondary, community-edited reference",20,verified against date-page source,20,9
4,CE,1626,May,,North America,GHCD-APR-2065,exploration,Peter Minuit arrived at present-day Manhattan Island aboard the See Meeuw after being appointed director-general of New Netherland.,Peter Minuit Arrives in Manhattan,"May 4, 1626 CE",https://en.wikipedia.org/wiki/May_4,1626-05-04,Manhattan Island,"May 4, 1626",Wikipedia — May 4,exact,Colonial administration,United States,Gregorian (date-page convention),complete,Peter Minuit,New Netherland,Regional,"Secondary, community-edited reference",20,verified against date-page source,20,7
4,CE,1738,May,,Europe,GHCD-APR-2066,cultural,"The Imperial Theatrical School, described as Russia's first ballet school, was founded.",Imperial Theatrical School Founded,"May 4, 1738 CE",https://en.wikipedia.org/wiki/May_4,1738-05-04,,"May 4, 1738",Wikipedia — May 4,exact,Ballet education,Russia,Gregorian (date-page convention),complete,,Imperial Theatrical School,National,"Secondary, community-edited reference",20,verified against date-page source,20,7
4,CE,1776,May,,North America,GHCD-APR-2067,political,Rhode Island became the first American colony to renounce allegiance to King George III.,Rhode Island Renounces Allegiance,"May 4, 1776 CE",https://en.wikipedia.org/wiki/May_4,1776-05-04,Rhode Island,"May 4, 1776",Wikipedia — May 4,exact,American Revolution,United States,Gregorian (date-page convention),complete,King George III,Colony of Rhode Island and Providence Plantations,National,"Secondary, community-edited reference",20,verified against date-page source,20,8
4,CE,1799,May,,Asia,GHCD-APR-2068,military,The siege of Seringapatam ended when British forces invaded the city and Tipu Sultan was killed.,Battle of Seringapatam,"May 4, 1799 CE",https://en.wikipedia.org/wiki/May_4,1799-05-04,Seringapatam,"May 4, 1799",Wikipedia — May 4,exact,Anglo-Mysore War,India,Gregorian (date-page convention),complete,Tipu Sultan; George Harris,Kingdom of Mysore; British Empire,International,"Secondary, community-edited reference",20,verified against date-page source,20,9
4,CE,1814,May,,Europe,GHCD-APR-2069,political,Emperor Napoleon arrived at Portoferraio on Elba to begin his exile.,Napoleon Begins Exile on Elba,"May 4, 1814 CE",https://en.wikipedia.org/wiki/May_4,1814-05-04,Portoferraio,"May 4, 1814",Wikipedia — May 4,exact,Napoleonic exile,Italy,Gregorian (date-page convention),complete,Napoleon,First French Empire,International,"Secondary, community-edited reference",20,verified against date-page source,20,8
4,CE,1814,May,,Europe,GHCD-APR-2070,political,King Ferdinand VII abolished the Spanish Constitution of 1812 and returned Spain to absolutism.,Spanish Constitution of 1812 Abolished,"May 4, 1814 CE",https://en.wikipedia.org/wiki/May_4,1814-05-04,,"May 4, 1814",Wikipedia — May 4,exact,Constitutional reversal,Spain,Gregorian (date-page convention),complete,Ferdinand VII,Spanish monarchy,National,"Secondary, community-edited reference",20,verified against date-page source,20,8
4,CE,1859,May,,Europe,GHCD-APR-2071,technology,"The Cornwall Railway opened across the Royal Albert Bridge, linking Devon and Cornwall.",Royal Albert Bridge Opens,"May 4, 1859 CE",https://en.wikipedia.org/wiki/May_4,1859-05-04,Royal Albert Bridge,"May 4, 1859",Wikipedia — May 4,exact,Railway infrastructure,United Kingdom,Gregorian (date-page convention),complete,,Cornwall Railway,National,"Secondary, community-edited reference",20,verified against date-page source,20,7
4,CE,1869,May,,Asia,GHCD-APR-2072,military,The newly formed Imperial Japanese Navy began a four-day battle against remnants of the Tokugawa shogunate navy off Hakodate.,Naval Battle of Hakodate Begins,"May 4, 1869 CE",https://en.wikipedia.org/wiki/May_4,1869-05-04,Hakodate,"May 4, 1869",Wikipedia — May 4,exact,Naval battle,Japan,Gregorian (date-page convention),complete,,Imperial Japanese Navy; Tokugawa shogunate,National,"Secondary, community-edited reference",20,verified against date-page source,20,8
4,CE,1886,May,,North America,GHCD-APR-2073,social,"A bomb was thrown at police breaking up a labor rally in Chicago, followed by gunfire that killed police officers and civilians.",Haymarket Affair,"May 4, 1886 CE",https://en.wikipedia.org/wiki/May_4,1886-05-04,Chicago,"May 4, 1886",Wikipedia — May 4,exact,Labor unrest,United States,Gregorian (date-page convention),complete,,,International,"Secondary, community-edited reference",20,verified against date-page source,20,9
4,CE,1904,May,,North America,GHCD-APR-2074,technology,The United States began construction of the Panama Canal.,Panama Canal Construction Begins,"May 4, 1904 CE",https://en.wikipedia.org/wiki/May_4,1904-05-04,Panama,"May 4, 1904",Wikipedia — May 4,exact,Canal construction,Panama,Gregorian (date-page convention),complete,,United States,International,"Secondary, community-edited reference",20,verified against date-page source,20,9
4,CE,1919,May,,Asia,GHCD-APR-2075,social,Student demonstrations took place in Tiananmen Square protesting the Treaty of Versailles and the transfer of Chinese territory to Japan.,May Fourth Movement Demonstrations,"May 4, 1919 CE",https://en.wikipedia.org/wiki/May_4,1919-05-04,"Tiananmen Square, Beijing","May 4, 1919",Wikipedia — May 4,exact,Student movement,China,Gregorian (date-page convention),complete,,,International,"Secondary, community-edited reference",20,verified against date-page source,20,10
4,CE,1926,May,,Europe,GHCD-APR-2076,social,The United Kingdom general strike began.,United Kingdom General Strike Begins,"May 4, 1926 CE",https://en.wikipedia.org/wiki/May_4,1926-05-04,,"May 4, 1926",Wikipedia — May 4,exact,General strike,United Kingdom,Gregorian (date-page convention),complete,,,National,"Secondary, community-edited reference",20,verified against date-page source,20,8
4,CE,1942,May,,Oceania,GHCD-APR-2077,military,"Aircraft from the USS Yorktown attacked Japanese naval forces at Tulagi, beginning the Battle of the Coral Sea.",Battle of the Coral Sea Begins,"May 4, 1942 CE",https://en.wikipedia.org/wiki/May_4,1942-05-04,Tulagi,"May 4, 1942",Wikipedia — May 4,exact,World War II naval battle,Solomon Islands,Gregorian (date-page convention),complete,,United States; Japan,International,"Secondary, community-edited reference",20,verified against date-page source,20,9
4,CE,1945,May,,Europe,GHCD-APR-2078,military,The British Army liberated the Neuengamme concentration camp near Hamburg.,Neuengamme Concentration Camp Liberated,"May 4, 1945 CE",https://en.wikipedia.org/wiki/May_4,1945-05-04,Neuengamme,"May 4, 1945",Wikipedia — May 4,exact,World War II liberation,Germany,Gregorian (date-page convention),complete,,British Army; Nazi Germany,International,"Secondary, community-edited reference",20,verified against date-page source,20,9
4,CE,1961,May,,North America,GHCD-APR-2079,social,Freedom Riders began a bus trip through the southern United States.,Freedom Riders Begin Southern Bus Trip,"May 4, 1961 CE",https://en.wikipedia.org/wiki/May_4,1961-05-04,,"May 4, 1961",Wikipedia — May 4,exact,Civil rights protest,United States,Gregorian (date-page convention),complete,Freedom Riders,,National,"Secondary, community-edited reference",20,verified against date-page source,20,9
4,CE,1970,May,,North America,GHCD-APR-2080,social,"The Ohio National Guard opened fire at Kent State University, killing four unarmed students and wounding nine others during protests against the Cambodian Campaign.",Kent State Shootings,"May 4, 1970 CE",https://en.wikipedia.org/wiki/May_4,1970-05-04,Kent State University,"May 4, 1970",Wikipedia — May 4,exact,Antiwar protest,United States,Gregorian (date-page convention),complete,,Ohio National Guard,International,"Secondary, community-edited reference",20,verified against date-page source,20,9
5,CE,553,May,Historical date rendered in the date-page Gregorian convention; pre-Gregorian local-calendar conversion may differ.,Europe,GHCD-APR-2081,legal,The Second Council of Constantinople begins.,Second Council of Constantinople begins,"May 5, 553 CE",https://en.wikipedia.org/wiki/May_5,0553-05-05,Constantinople,"May 5, 553",Wikipedia — May 5,exact,religious council,Turkey,Gregorian (date-page convention),complete,,Byzantine Empire,International,"Secondary, community-edited reference",20,verified against date-page source,20,7
5,CE,1260,May,Historical date rendered in the date-page Gregorian convention; pre-Gregorian local-calendar conversion may differ.,Asia,GHCD-APR-2082,political,Kublai Khan becomes ruler of the Mongol Empire.,Kublai Khan becomes ruler of the Mongol Empire,"May 5, 1260 CE",https://en.wikipedia.org/wiki/May_5,1260-05-05,,"May 5, 1260",Wikipedia — May 5,exact,succession,China,Gregorian (date-page convention),complete,Kublai Khan,Mongol Empire,International,"Secondary, community-edited reference",20,verified against date-page source,20,9
5,CE,1494,May,Historical date rendered in the date-page Gregorian convention; pre-Gregorian local-calendar conversion may differ.,North America,GHCD-APR-2083,exploration,"Christopher Columbus sights Jamaica, lands at Discovery Bay, and declares the island property of the Spanish crown.",Columbus sights Jamaica,"May 5, 1494 CE",https://en.wikipedia.org/wiki/May_5,1494-05-05,Discovery Bay,"May 5, 1494",Wikipedia — May 5,exact,colonial expansion,Jamaica,Gregorian (date-page convention),complete,Christopher Columbus,Spanish crown,International,"Secondary, community-edited reference",20,verified against date-page source,20,8
5,CE,1609,May,,Asia,GHCD-APR-2084,military,Shimazu Tadatsune completes the successful invasion of the Ryūkyū Kingdom in Okinawa.,Satsuma completes invasion of the Ryūkyū Kingdom,"May 5, 1609 CE",https://en.wikipedia.org/wiki/May_5,1609-05-05,Okinawa,"May 5, 1609",Wikipedia — May 5,exact,invasion,Japan,Gregorian (date-page convention),complete,Shimazu Tadatsune,Satsuma Domain,Regional,"Secondary, community-edited reference",20,verified against date-page source,20,7
5,CE,1640,May,,Europe,GHCD-APR-2085,political,King Charles I of England dissolves the Short Parliament.,Charles I dissolves the Short Parliament,"May 5, 1640 CE",https://en.wikipedia.org/wiki/May_5,1640-05-05,,"May 5, 1640",Wikipedia — May 5,exact,parliamentary crisis,United Kingdom,Gregorian (date-page convention),complete,Charles I,Kingdom of England,National,"Secondary, community-edited reference",20,verified against date-page source,20,7
5,CE,1789,May,,Europe,GHCD-APR-2086,political,The Estates-General convenes in France for the first time since 1614.,Estates-General convenes in France,"May 5, 1789 CE",https://en.wikipedia.org/wiki/May_5,1789-05-05,,"May 5, 1789",Wikipedia — May 5,exact,representative assembly,France,Gregorian (date-page convention),complete,,Kingdom of France,National,"Secondary, community-edited reference",20,verified against date-page source,20,9
5,CE,1809,May,,North America,GHCD-APR-2087,technology,Mary Kies becomes the first woman awarded a U.S. patent for weaving straw with silk and thread.,Mary Kies receives a U.S. patent,"May 5, 1809 CE",https://en.wikipedia.org/wiki/May_5,1809-05-05,,"May 5, 1809",Wikipedia — May 5,exact,patent,United States,Gregorian (date-page convention),complete,Mary Kies,United States,National,"Secondary, community-edited reference",20,verified against date-page source,20,7
5,CE,1835,May,,Europe,GHCD-APR-2088,technology,The first railway in continental Europe opens between Brussels and Mechelen.,First railway in continental Europe opens,"May 5, 1835 CE",https://en.wikipedia.org/wiki/May_5,1835-05-05,Brussels; Mechelen,"May 5, 1835",Wikipedia — May 5,exact,rail transport,Belgium,Gregorian (date-page convention),complete,,,International,"Secondary, community-edited reference",20,verified against date-page source,20,8
5,CE,1862,May,,North America,GHCD-APR-2089,military,Troops led by Ignacio Zaragoza halt a French invasion in the Battle of Puebla.,Battle of Puebla,"May 5, 1862 CE",https://en.wikipedia.org/wiki/May_5,1862-05-05,Puebla,"May 5, 1862",Wikipedia — May 5,exact,battle,Mexico,Gregorian (date-page convention),complete,Ignacio Zaragoza,Second Mexican Empire,National,"Secondary, community-edited reference",20,verified against date-page source,20,8
5,CE,1864,May,,North America,GHCD-APR-2090,military,The Battle of the Wilderness begins in Spotsylvania County during the American Civil War.,Battle of the Wilderness begins,"May 5, 1864 CE",https://en.wikipedia.org/wiki/May_5,1864-05-05,Spotsylvania County,"May 5, 1864",Wikipedia — May 5,exact,battle,United States,Gregorian (date-page convention),complete,,United States; Confederate States of America,National,"Secondary, community-edited reference",20,verified against date-page source,20,8
5,CE,1886,May,,North America,GHCD-APR-2091,social,Workers marching for the eight-hour day in Milwaukee are shot by Wisconsin National Guardsmen.,Bay View Massacre,"May 5, 1886 CE",https://en.wikipedia.org/wiki/May_5,1886-05-05,Milwaukee,"May 5, 1886",Wikipedia — May 5,exact,labor conflict,United States,Gregorian (date-page convention),complete,,Wisconsin National Guard,National,"Secondary, community-edited reference",20,verified against date-page source,20,7
5,CE,1891,May,,North America,GHCD-APR-2092,cultural,The Music Hall in New York City has its grand opening and first public performance with Tchaikovsky as guest conductor.,Carnegie Hall opens,"May 5, 1891 CE",https://en.wikipedia.org/wiki/May_5,1891-05-05,New York City,"May 5, 1891",Wikipedia — May 5,exact,music venue opening,United States,Gregorian (date-page convention),complete,Pyotr Ilyich Tchaikovsky,,International,"Secondary, community-edited reference",20,verified against date-page source,20,8
5,CE,1905,May,,Europe,GHCD-APR-2093,legal,"The trial in the Stratton Brothers case begins in London, marking the first use of fingerprint evidence to gain a murder conviction.",Fingerprint evidence used in murder conviction,"May 5, 1905 CE",https://en.wikipedia.org/wiki/May_5,1905-05-05,London,"May 5, 1905",Wikipedia — May 5,exact,forensic evidence,United Kingdom,Gregorian (date-page convention),complete,Stratton Brothers,,International,"Secondary, community-edited reference",20,verified against date-page source,20,8
5,CE,1912,May,,Europe,GHCD-APR-2094,cultural,The first issue of the Bolshevik newspaper Pravda is published.,First issue of Pravda published,"May 5, 1912 CE",https://en.wikipedia.org/wiki/May_5,1912-05-05,,"May 5, 1912",Wikipedia — May 5,exact,newspaper publication,Russia,Gregorian (date-page convention),complete,,Bolshevik Party,International,"Secondary, community-edited reference",20,verified against date-page source,20,7
5,CE,1930,May,,Asia,GHCD-APR-2095,disaster,"The 1930 Bago earthquake kills as many as 7,000 people in Yangon and Bago.",Bago earthquake,"May 5, 1930 CE",https://en.wikipedia.org/wiki/May_5,1930-05-05,Yangon; Bago,"May 5, 1930",Wikipedia — May 5,disputed,earthquake,Myanmar,Gregorian (date-page convention),complete,,,National,"Secondary, community-edited reference",20,verified against date-page source,20,8
5,CE,1936,May,,Africa,GHCD-APR-2096,military,Italian troops occupy Addis Ababa during the March of the Iron Will.,Italian troops occupy Addis Ababa,"May 5, 1936 CE",https://en.wikipedia.org/wiki/May_5,1936-05-05,Addis Ababa,"May 5, 1936",Wikipedia — May 5,exact,occupation,Ethiopia,Gregorian (date-page convention),complete,,Kingdom of Italy,International,"Secondary, community-edited reference",20,verified against date-page source,20,8
5,CE,1945,May,,Europe,GHCD-APR-2097,military,The Prague uprising begins as the Czech resistance attempts to free the city from German occupation.,Prague uprising begins,"May 5, 1945 CE",https://en.wikipedia.org/wiki/May_5,1945-05-05,Prague,"May 5, 1945",Wikipedia — May 5,exact,resistance uprising,Czech Republic,Gregorian (date-page convention),complete,,Nazi Germany,International,"Secondary, community-edited reference",20,verified against date-page source,20,8
5,CE,1946,May,,Asia,GHCD-APR-2098,legal,The International Military Tribunal for the Far East begins in Tokyo with twenty-eight Japanese military and government officials accused of war crimes and crimes against humanity.,International Military Tribunal for the Far East begins,"May 5, 1946 CE",https://en.wikipedia.org/wiki/May_5,1946-05-05,Tokyo,"May 5, 1946",Wikipedia — May 5,exact,war crimes tribunal,Japan,Gregorian (date-page convention),complete,,International Military Tribunal for the Far East,International,"Secondary, community-edited reference",20,verified against date-page source,20,9
5,CE,1961,May,,Global,GHCD-APR-2099,exploration,Alan Shepard becomes the first American to travel into outer space on a sub-orbital flight.,Alan Shepard travels into outer space,"May 5, 1961 CE",https://en.wikipedia.org/wiki/May_5,1961-05-05,,"May 5, 1961",Wikipedia — May 5,exact,human spaceflight,United States,Gregorian (date-page convention),complete,Alan Shepard,Project Mercury,Global,"Secondary, community-edited reference",20,verified against date-page source,20,9
5,CE,1980,May,,Europe,GHCD-APR-2100,military,The British Special Air Service storms the Iranian embassy in London after a six-day siege.,Operation Nimrod embassy assault,"May 5, 1980 CE",https://en.wikipedia.org/wiki/May_5,1980-05-05,London,"May 5, 1980",Wikipedia — May 5,exact,counterterrorism operation,United Kingdom,Gregorian (date-page convention),complete,,British Special Air Service,International,"Secondary, community-edited reference",20,verified against date-page source,20,8
6,CE,1104,May,Historical date rendered in the date-page Gregorian convention; pre-Gregorian local-calendar conversion may differ.,Middle East,GHCD-APR-2101,military,"King Baldwin I of Jerusalem begins the siege of Acre, then held by the Fatimids.",Siege of Acre begins,"May 6, 1104 CE",https://en.wikipedia.org/wiki/May_6,1104-05-06,Acre,"May 6, 1104",Wikipedia — May 6,exact,Siege,Israel,Gregorian (date-page convention),complete,Baldwin I,Kingdom of Jerusalem,Regional,"Secondary, community-edited reference",20,verified against date-page source,20,7
6,CE,1527,May,Historical date rendered in the date-page Gregorian convention; pre-Gregorian local-calendar conversion may differ.,Europe,GHCD-APR-2102,military,"Spanish and German troops sack Rome, an event many scholars consider the end of the Renaissance.",Sack of Rome,"May 6, 1527 CE",https://en.wikipedia.org/wiki/May_6,1527-05-06,Rome,"May 6, 1527",Wikipedia — May 6,exact,Sack,Italy,Gregorian (date-page convention),complete,,Holy Roman Empire,International,"Secondary, community-edited reference",20,verified against date-page source,20,9
6,CE,1536,May,Historical date rendered in the date-page Gregorian convention; pre-Gregorian local-calendar conversion may differ.,South America,GHCD-APR-2103,military,Incan forces attempt to retake Cuzco from the Spanish.,Siege of Cuzco commences,"May 6, 1536 CE",https://en.wikipedia.org/wiki/May_6,1536-05-06,Cuzco,"May 6, 1536",Wikipedia — May 6,exact,Siege,Peru,Gregorian (date-page convention),complete,,Inca Empire,Regional,"Secondary, community-edited reference",20,verified against date-page source,20,8
6,CE,1541,May,Historical date rendered in the date-page Gregorian convention; pre-Gregorian local-calendar conversion may differ.,Europe,GHCD-APR-2104,legal,King Henry VIII orders English-language Bibles to be placed in every church.,English-language Bibles ordered for churches,"May 6, 1541 CE",https://en.wikipedia.org/wiki/May_6,1541-05-06,,"May 6, 1541",Wikipedia — May 6,exact,Religious policy,United Kingdom,Gregorian (date-page convention),complete,Henry VIII,Kingdom of England,National,"Secondary, community-edited reference",20,verified against date-page source,20,7
6,CE,1542,May,Historical date rendered in the date-page Gregorian convention; pre-Gregorian local-calendar conversion may differ.,Asia,GHCD-APR-2105,exploration,"Francis Xavier reaches Old Goa, then the capital of Portuguese India.",Francis Xavier reaches Old Goa,"May 6, 1542 CE",https://en.wikipedia.org/wiki/May_6,1542-05-06,Old Goa,"May 6, 1542",Wikipedia — May 6,exact,Missionary arrival,India,Gregorian (date-page convention),complete,Francis Xavier,Portuguese India,International,"Secondary, community-edited reference",20,verified against date-page source,20,7
6,CE,1659,May,,Europe,GHCD-APR-2106,political,A faction of the British Army removes Richard Cromwell as Lord Protector and reinstalls the Rump Parliament.,Rump Parliament reinstated,"May 6, 1659 CE",https://en.wikipedia.org/wiki/May_6,1659-05-06,London,"May 6, 1659",Wikipedia — May 6,exact,Government change,United Kingdom,Gregorian (date-page convention),complete,Richard Cromwell,Commonwealth of England,National,"Secondary, community-edited reference",20,verified against date-page source,20,8
6,CE,1682,May,,Europe,GHCD-APR-2107,political,Louis XIV of France moves his court to the Palace of Versailles.,French court moves to Versailles,"May 6, 1682 CE",https://en.wikipedia.org/wiki/May_6,1682-05-06,Versailles,"May 6, 1682",Wikipedia — May 6,exact,Royal court,France,Gregorian (date-page convention),complete,Louis XIV,Kingdom of France,National,"Secondary, community-edited reference",20,verified against date-page source,20,8
6,CE,1757,May,,Europe,GHCD-APR-2108,military,A Prussian army fights an Austrian army in Prague during the Seven Years' War.,Battle of Prague,"May 6, 1757 CE",https://en.wikipedia.org/wiki/May_6,1757-05-06,Prague,"May 6, 1757",Wikipedia — May 6,exact,Battle,Czech Republic,Gregorian (date-page convention),complete,Kurt Christoph Graf von Schwerin,Kingdom of Prussia; Habsburg monarchy,International,"Secondary, community-edited reference",20,verified against date-page source,20,8
6,CE,1782,May,,Asia,GHCD-APR-2109,cultural,"Construction begins on the Grand Palace, the royal residence of the King of Siam in Bangkok.",Construction of Bangkok's Grand Palace begins,"May 6, 1782 CE",https://en.wikipedia.org/wiki/May_6,1782-05-06,Bangkok,"May 6, 1782",Wikipedia — May 6,exact,Royal architecture,Thailand,Gregorian (date-page convention),complete,Buddha Yodfa Chulaloke,Kingdom of Siam,National,"Secondary, community-edited reference",20,verified against date-page source,20,7
6,CE,1840,May,,Europe,GHCD-APR-2110,economic,The Penny Black postage stamp becomes valid for use in the United Kingdom of Great Britain and Ireland.,Penny Black becomes valid,"May 6, 1840 CE",https://en.wikipedia.org/wiki/May_6,1840-05-06,,"May 6, 1840",Wikipedia — May 6,exact,Postal system,United Kingdom,Gregorian (date-page convention),complete,,United Kingdom of Great Britain and Ireland,National,"Secondary, community-edited reference",20,verified against date-page source,20,8
6,CE,1861,May,,North America,GHCD-APR-2111,political,Arkansas secedes from the Union during the American Civil War.,Arkansas secedes from the Union,"May 6, 1861 CE",https://en.wikipedia.org/wiki/May_6,1861-05-06,Arkansas,"May 6, 1861",Wikipedia — May 6,exact,Secession,United States,Gregorian (date-page convention),complete,,Confederate States of America,National,"Secondary, community-edited reference",20,verified against date-page source,20,9
6,CE,1863,May,,North America,GHCD-APR-2112,military,The Battle of Chancellorsville ends with a major Union defeat by Robert E. Lee's Confederate army.,Battle of Chancellorsville ends,"May 6, 1863 CE",https://en.wikipedia.org/wiki/May_6,1863-05-06,Chancellorsville,"May 6, 1863",Wikipedia — May 6,exact,Battle,United States,Gregorian (date-page convention),complete,Joseph Hooker; Robert E. Lee,Confederate States of America; Union,National,"Secondary, community-edited reference",20,verified against date-page source,20,9
6,CE,1882,May,,North America,GHCD-APR-2113,legal,The United States Congress passes the Chinese Exclusion Act.,Chinese Exclusion Act passed,"May 6, 1882 CE",https://en.wikipedia.org/wiki/May_6,1882-05-06,"Washington, D.C.","May 6, 1882",Wikipedia — May 6,exact,Immigration law,United States,Gregorian (date-page convention),complete,,United States Congress,National,"Secondary, community-edited reference",20,verified against date-page source,20,9
6,CE,1889,May,,Europe,GHCD-APR-2114,technology,The Eiffel Tower is officially opened to the public at the Universal Exposition in Paris.,Eiffel Tower opens to the public,"May 6, 1889 CE",https://en.wikipedia.org/wiki/May_6,1889-05-06,Paris,"May 6, 1889",Wikipedia — May 6,exact,Engineering landmark,France,Gregorian (date-page convention),complete,,,International,"Secondary, community-edited reference",20,verified against date-page source,20,9
6,CE,1901,May,,Asia,GHCD-APR-2115,cultural,"The first issue of Gorkhapatra, the oldest still-running state-owned Nepali newspaper, is published.",First issue of Gorkhapatra published,"May 6, 1901 CE",https://en.wikipedia.org/wiki/May_6,1901-05-06,,"May 6, 1901",Wikipedia — May 6,exact,Newspaper,Nepal,Gregorian (date-page convention),complete,,,National,"Secondary, community-edited reference",20,verified against date-page source,20,7
6,CE,1910,May,,Europe,GHCD-APR-2116,political,"George V becomes King of Great Britain, Ireland, and many overseas territories after the death of Edward VII.",George V becomes king,"May 6, 1910 CE",https://en.wikipedia.org/wiki/May_6,1910-05-06,,"May 6, 1910",Wikipedia — May 6,exact,Succession,United Kingdom,Gregorian (date-page convention),complete,George V; Edward VII,British Empire,International,"Secondary, community-edited reference",20,verified against date-page source,20,8
6,CE,1937,May,,North America,GHCD-APR-2117,disaster,"The German zeppelin Hindenburg catches fire and is destroyed while attempting to dock at Lakehurst, New Jersey, killing thirty-six people.",Hindenburg disaster,"May 6, 1937 CE",https://en.wikipedia.org/wiki/May_6,1937-05-06,Lakehurst,"May 6, 1937",Wikipedia — May 6,exact,Airship disaster,United States,Gregorian (date-page convention),complete,,,International,"Secondary, community-edited reference",20,verified against date-page source,20,9
6,CE,1942,May,,Asia,GHCD-APR-2118,military,The last American forces in the Philippines surrender to the Japanese on Corregidor during World War II.,American forces surrender on Corregidor,"May 6, 1942 CE",https://en.wikipedia.org/wiki/May_6,1942-05-06,Corregidor,"May 6, 1942",Wikipedia — May 6,exact,Surrender,Philippines,Gregorian (date-page convention),complete,,United States; Empire of Japan,International,"Secondary, community-edited reference",20,verified against date-page source,20,9
6,CE,1949,May,,Europe,GHCD-APR-2119,technology,"EDSAC, the first practical electronic digital stored-program computer, runs its first operation.",EDSAC runs its first operation,"May 6, 1949 CE",https://en.wikipedia.org/wiki/May_6,1949-05-06,,"May 6, 1949",Wikipedia — May 6,exact,Computing,United Kingdom,Gregorian (date-page convention),complete,,,Global,"Secondary, community-edited reference",20,verified against date-page source,20,10
6,CE,1976,May,,Europe,GHCD-APR-2120,disaster,"A magnitude 6.5 earthquake affects northern Italy with a maximum Mercalli intensity of X, leaving 900–978 dead and 1,700–2,400 injured.",Friuli earthquake,"May 6, 1976 CE",https://en.wikipedia.org/wiki/May_6,1976-05-06,Friuli,"May 6, 1976",Wikipedia — May 6,exact,Earthquake,Italy,Gregorian (date-page convention),complete,,,Regional,"Secondary, community-edited reference",20,verified against date-page source,20,8
7,CE,351,May,Historical date rendered in the date-page Gregorian convention; pre-Gregorian local-calendar conversion may differ.,Middle East,GHCD-APR-2121,social,The Jewish revolt against Constantius Gallus broke out after his arrival at Antioch.,Jewish revolt against Constantius Gallus,"May 7, 351 CE",https://en.wikipedia.org/wiki/May_7,0351-05-07,Antioch,"May 7, 351",Wikipedia — May 7,exact,Revolt,Turkey,Gregorian (date-page convention),complete,Constantius Gallus,Roman Empire,Regional,"Secondary, community-edited reference",20,verified against date-page source,20,6
7,CE,558,May,Historical date rendered in the date-page Gregorian convention; pre-Gregorian local-calendar conversion may differ.,Europe,GHCD-APR-2122,disaster,"The dome of Hagia Sophia collapsed in Constantinople, and Justinian I ordered it rebuilt.",Hagia Sophia dome collapse,"May 7, 558 CE",https://en.wikipedia.org/wiki/May_7,0558-05-07,Constantinople,"May 7, 558",Wikipedia — May 7,exact,Structural collapse,Turkey,Gregorian (date-page convention),complete,Justinian I,Byzantine Empire,International,"Secondary, community-edited reference",20,verified against date-page source,20,7
7,CE,1104,May,Historical date rendered in the date-page Gregorian convention; pre-Gregorian local-calendar conversion may differ.,Middle East,GHCD-APR-2123,military,The Seljuk emirs of Mosul and Mardin defeated the Crusader States of Antioch and Edessa.,Battle of Harran,"May 7, 1104 CE",https://en.wikipedia.org/wiki/May_7,1104-05-07,Harran,"May 7, 1104",Wikipedia — May 7,exact,Battle,Turkey,Gregorian (date-page convention),complete,,Seljuk Empire,Regional,"Secondary, community-edited reference",20,verified against date-page source,20,7
7,CE,1190,May,Historical date rendered in the date-page Gregorian convention; pre-Gregorian local-calendar conversion may differ.,Middle East,GHCD-APR-2124,military,The Crusader army of Frederick Barbarossa defeated an army of the Rum Seljuks at Philomelion.,Battle of Philomelion,"May 7, 1190 CE",https://en.wikipedia.org/wiki/May_7,1190-05-07,Philomelion,"May 7, 1190",Wikipedia — May 7,exact,Battle,Turkey,Gregorian (date-page convention),complete,Frederick Barbarossa,Holy Roman Empire; Rum Sultanate,Regional,"Secondary, community-edited reference",20,verified against date-page source,20,6
7,CE,1274,May,Historical date rendered in the date-page Gregorian convention; pre-Gregorian local-calendar conversion may differ.,Europe,GHCD-APR-2125,legal,The Second Council of Lyon opened in France and ratified a decree regulating the election of the Pope.,Second Council of Lyon opens,"May 7, 1274 CE",https://en.wikipedia.org/wiki/May_7,1274-05-07,Lyon,"May 7, 1274",Wikipedia — May 7,exact,Church council,France,Gregorian (date-page convention),complete,,Catholic Church,International,"Secondary, community-edited reference",20,verified against date-page source,20,7
7,CE,1342,May,Historical date rendered in the date-page Gregorian convention; pre-Gregorian local-calendar conversion may differ.,Europe,GHCD-APR-2126,political,Cardinal Pierre Roger was elected Pope in Avignon and took the name Clement VI.,Election of Pope Clement VI,"May 7, 1342 CE",https://en.wikipedia.org/wiki/May_7,1342-05-07,Avignon,"May 7, 1342",Wikipedia — May 7,exact,Papal election,France,Gregorian (date-page convention),complete,Pierre Roger; Clement VI,Catholic Church,International,"Secondary, community-edited reference",20,verified against date-page source,20,6
7,CE,1487,May,Historical date rendered in the date-page Gregorian convention; pre-Gregorian local-calendar conversion may differ.,Europe,GHCD-APR-2127,military,The Siege of Málaga commenced during the Spanish Reconquista.,Siege of Málaga begins,"May 7, 1487 CE",https://en.wikipedia.org/wiki/May_7,1487-05-07,Málaga,"May 7, 1487",Wikipedia — May 7,exact,Siege,Spain,Gregorian (date-page convention),complete,,Kingdom of Castile,Regional,"Secondary, community-edited reference",20,verified against date-page source,20,7
7,CE,1544,May,Historical date rendered in the date-page Gregorian convention; pre-Gregorian local-calendar conversion may differ.,Europe,GHCD-APR-2128,military,An English army burned Edinburgh in the first action of the Rough Wooing.,Burning of Edinburgh,"May 7, 1544 CE",https://en.wikipedia.org/wiki/May_7,1544-05-07,Edinburgh,"May 7, 1544",Wikipedia — May 7,exact,Raid,United Kingdom,Gregorian (date-page convention),complete,,Kingdom of England,Regional,"Secondary, community-edited reference",20,verified against date-page source,20,7
7,CE,1718,May,,North America,GHCD-APR-2129,political,"Jean-Baptiste Le Moyne, Sieur de Bienville, founded the city of New Orleans.",Founding of New Orleans,"May 7, 1718 CE",https://en.wikipedia.org/wiki/May_7,1718-05-07,New Orleans,"May 7, 1718",Wikipedia — May 7,exact,City founding,United States,Gregorian (date-page convention),complete,Jean-Baptiste Le Moyne de Bienville,French Louisiana,National,"Secondary, community-edited reference",20,verified against date-page source,20,7
7,CE,1763,May,,North America,GHCD-APR-2130,military,Pontiac's War began with Pontiac's attempt to seize Fort Detroit from the British.,Pontiac's War begins,"May 7, 1763 CE",https://en.wikipedia.org/wiki/May_7,1763-05-07,Fort Detroit,"May 7, 1763",Wikipedia — May 7,exact,Indigenous resistance,United States,Gregorian (date-page convention),complete,Pontiac,British Empire,Regional,"Secondary, community-edited reference",20,verified against date-page source,20,7
7,CE,1775,May,,Europe,GHCD-APR-2131,political,The Ottoman Empire ceded Bukovina to the Habsburg monarchy.,Ottoman cession of Bukovina,"May 7, 1775 CE",https://en.wikipedia.org/wiki/May_7,1775-05-07,Bukovina,"May 7, 1775",Wikipedia — May 7,exact,Territorial cession,Romania,Gregorian (date-page convention),complete,,Ottoman Empire; Habsburg monarchy,International,"Secondary, community-edited reference",20,verified against date-page source,20,7
7,CE,1824,May,,Europe,GHCD-APR-2132,cultural,Ludwig van Beethoven's Ninth Symphony received its world premiere in Vienna under Michael Umlauf's direction and Beethoven's supervision.,Premiere of Beethoven's Ninth Symphony,"May 7, 1824 CE",https://en.wikipedia.org/wiki/May_7,1824-05-07,Vienna,"May 7, 1824",Wikipedia — May 7,exact,Music premiere,Austria,Gregorian (date-page convention),complete,Ludwig van Beethoven; Michael Umlauf,,Global,"Secondary, community-edited reference",20,verified against date-page source,20,9
7,CE,1832,May,,Europe,GHCD-APR-2133,political,The Treaty of London recognized Greece's independence.,Recognition of Greek independence,"May 7, 1832 CE",https://en.wikipedia.org/wiki/May_7,1832-05-07,London,"May 7, 1832",Wikipedia — May 7,exact,Independence recognition,Greece,Gregorian (date-page convention),complete,,Kingdom of Greece,International,"Secondary, community-edited reference",20,verified against date-page source,20,8
7,CE,1840,May,,North America,GHCD-APR-2134,disaster,"The Great Natchez Tornado struck Natchez, Mississippi, killing 317 people.",Great Natchez Tornado,"May 7, 1840 CE",https://en.wikipedia.org/wiki/May_7,1840-05-07,Natchez,"May 7, 1840",Wikipedia — May 7,exact,Tornado,United States,Gregorian (date-page convention),complete,,,National,"Secondary, community-edited reference",20,verified against date-page source,20,8
7,CE,1895,May,,Europe,GHCD-APR-2135,technology,"Alexander Stepanovich Popov demonstrated his lightning detector, described as a primitive radio receiver, in Saint Petersburg.",Popov demonstrates lightning detector,"May 7, 1895 CE",https://en.wikipedia.org/wiki/May_7,1895-05-07,Saint Petersburg,"May 7, 1895",Wikipedia — May 7,exact,Radio technology,Russia,Gregorian (date-page convention),complete,Alexander Stepanovich Popov,Russian Physical and Chemical Society,Global,"Secondary, community-edited reference",20,verified against date-page source,20,9
7,CE,1915,May,,Europe,GHCD-APR-2136,military,"German submarine U-20 sank RMS Lusitania, killing 1,199 people, including 128 Americans.",Sinking of RMS Lusitania,"May 7, 1915 CE",https://en.wikipedia.org/wiki/May_7,1915-05-07,,"May 7, 1915",Wikipedia — May 7,exact,Naval sinking,Ireland,Gregorian (date-page convention),complete,,German Empire,International,"Secondary, community-edited reference",20,verified against date-page source,20,10
7,CE,1920,May,,Europe,GHCD-APR-2137,military,"Polish troops led by Józef Piłsudski and Edward Rydz-Śmigły, assisted by a symbolic Ukrainian force, captured Kyiv during the Kyiv offensive.",Polish capture of Kyiv,"May 7, 1920 CE",https://en.wikipedia.org/wiki/May_7,1920-05-07,Kyiv,"May 7, 1920",Wikipedia — May 7,exact,Offensive,Ukraine,Gregorian (date-page convention),complete,Józef Piłsudski; Edward Rydz-Śmigły,Second Polish Republic; Ukrainian People's Republic,International,"Secondary, community-edited reference",20,verified against date-page source,20,8
7,CE,1930,May,,Middle East,GHCD-APR-2138,disaster,"A magnitude 7.1 earthquake struck northwestern Iran and southeastern Turkey, killing up to three thousand people.",Salmas earthquake,"May 7, 1930 CE",https://en.wikipedia.org/wiki/May_7,1930-05-07,Salmas,"May 7, 1930",Wikipedia — May 7,exact,Earthquake,Iran,Gregorian (date-page convention),complete,,,Regional,"Secondary, community-edited reference",20,verified against date-page source,20,8
7,CE,1942,May,,Oceania,GHCD-APR-2139,military,"During the Battle of the Coral Sea, United States Navy aircraft sank the Imperial Japanese Navy light aircraft carrier Shōhō.",Sinking of Shōhō,"May 7, 1942 CE",https://en.wikipedia.org/wiki/May_7,1942-05-07,Coral Sea,"May 7, 1942",Wikipedia — May 7,exact,Naval battle,Papua New Guinea,Gregorian (date-page convention),complete,,United States Navy; Imperial Japanese Navy,International,"Secondary, community-edited reference",20,verified against date-page source,20,9
7,CE,1954,May,,Asia,GHCD-APR-2140,military,The Battle of Dien Bien Phu ended in a French defeat and a Viet Minh victory.,Battle of Dien Bien Phu ends,"May 7, 1954 CE",https://en.wikipedia.org/wiki/May_7,1954-05-07,Dien Bien Phu,"May 7, 1954",Wikipedia — May 7,exact,Battle,Vietnam,Gregorian (date-page convention),complete,,France; Viet Minh,International,"Secondary, community-edited reference",20,verified against date-page source,20,10
8,CE,413,May,Historical date rendered in the date-page Gregorian convention; pre-Gregorian local-calendar conversion may differ.,Europe,GHCD-APR-2141,legal,Emperor Honorius signed an edict providing tax relief for Italian provinces plundered by the Visigoths.,Tax relief for plundered Italian provinces,"May 8, 413 CE",https://en.wikipedia.org/wiki/May_8,0413-05-08,,"May 8, 413",Wikipedia — May 8,exact,Taxation,Italy,Gregorian (date-page convention),complete,Honorius,Roman Empire,Regional,"Secondary, community-edited reference",20,verified against date-page source,20,6
8,CE,589,May,Historical date rendered in the date-page Gregorian convention; pre-Gregorian local-calendar conversion may differ.,Europe,GHCD-APR-2142,political,"Reccared I opened the Third Council of Toledo, marking Visigothic Spain's entry into the Catholic Church.",Third Council of Toledo opens,"May 8, 589 CE",https://en.wikipedia.org/wiki/May_8,0589-05-08,Toledo,"May 8, 589",Wikipedia — May 8,exact,Religious conversion,Spain,Gregorian (date-page convention),complete,Reccared I,Visigothic Kingdom,Regional,"Secondary, community-edited reference",20,verified against date-page source,20,7
8,CE,1360,May,Historical date rendered in the date-page Gregorian convention; pre-Gregorian local-calendar conversion may differ.,Europe,GHCD-APR-2143,political,The Treaty of Brétigny was drafted between King Edward III of England and King John II of France during the Hundred Years' War.,Treaty of Brétigny drafted,"May 8, 1360 CE",https://en.wikipedia.org/wiki/May_8,1360-05-08,Brétigny,"May 8, 1360",Wikipedia — May 8,exact,Peace treaty,France,Gregorian (date-page convention),complete,Edward III; John II,Kingdom of England; Kingdom of France,International,"Secondary, community-edited reference",20,verified against date-page source,20,8
8,CE,1429,May,Historical date rendered in the date-page Gregorian convention; pre-Gregorian local-calendar conversion may differ.,Europe,GHCD-APR-2144,military,"Joan of Arc lifted the Siege of Orléans, turning the tide of the Hundred Years' War.",Siege of Orléans lifted,"May 8, 1429 CE",https://en.wikipedia.org/wiki/May_8,1429-05-08,Orléans,"May 8, 1429",Wikipedia — May 8,exact,Siege,France,Gregorian (date-page convention),complete,Joan of Arc,Kingdom of France,International,"Secondary, community-edited reference",20,verified against date-page source,20,9
8,CE,1541,May,Historical date rendered in the date-page Gregorian convention; pre-Gregorian local-calendar conversion may differ.,North America,GHCD-APR-2145,exploration,"Hernando de Soto stopped near present-day Walls, Mississippi, and saw the Mississippi River.",Hernando de Soto sees the Mississippi River,"May 8, 1541 CE",https://en.wikipedia.org/wiki/May_8,1541-05-08,Walls,"May 8, 1541",Wikipedia — May 8,exact,European exploration,United States,Gregorian (date-page convention),complete,Hernando de Soto; Alonso Álvarez de Pineda,Spanish Empire,International,"Secondary, community-edited reference",20,verified against date-page source,20,7
8,CE,1639,May,,North America,GHCD-APR-2146,social,"William Coddington founded Newport, Rhode Island.",Newport founded,"May 8, 1639 CE",https://en.wikipedia.org/wiki/May_8,1639-05-08,Newport,"May 8, 1639",Wikipedia — May 8,exact,Settlement,United States,Gregorian (date-page convention),complete,William Coddington,Colony of Rhode Island and Providence Plantations,Regional,"Secondary, community-edited reference",20,verified against date-page source,20,6
8,CE,1721,May,,Europe,GHCD-APR-2147,political,Cardinal Michelangelo dei Conti was elected pope in the Papal States and took the name Innocent XIII.,Innocent XIII elected pope,"May 8, 1721 CE",https://en.wikipedia.org/wiki/May_8,1721-05-08,Rome,"May 8, 1721",Wikipedia — May 8,exact,Papal election,Vatican City,Gregorian (date-page convention),complete,Michelangelo dei Conti,Papal States,International,"Secondary, community-edited reference",20,verified against date-page source,20,7
8,CE,1794,May,,Europe,GHCD-APR-2148,legal,"Antoine Lavoisier was tried, convicted, and guillotined in Paris during the Reign of Terror.",Antoine Lavoisier executed,"May 8, 1794 CE",https://en.wikipedia.org/wiki/May_8,1794-05-08,Paris,"May 8, 1794",Wikipedia — May 8,exact,Political execution,France,Gregorian (date-page convention),complete,Antoine Lavoisier,French Republic,National,"Secondary, community-edited reference",20,verified against date-page source,20,8
8,CE,1821,May,,Europe,GHCD-APR-2149,military,"During the Greek War of Independence, Greek forces defeated Turkish forces at the Battle of Gravia Inn.",Battle of Gravia Inn,"May 8, 1821 CE",https://en.wikipedia.org/wiki/May_8,1821-05-08,Gravia,"May 8, 1821",Wikipedia — May 8,exact,Battle,Greece,Gregorian (date-page convention),complete,,Greek revolutionaries; Ottoman Empire,Regional,"Secondary, community-edited reference",20,verified against date-page source,20,7
8,CE,1842,May,,Europe,GHCD-APR-2150,disaster,"A train derailed and caught fire in Paris, killing between 52 and 200 people.",Paris train derailment,"May 8, 1842 CE",https://en.wikipedia.org/wiki/May_8,1842-05-08,Paris,"May 8, 1842",Wikipedia — May 8,disputed,Rail accident,France,Gregorian (date-page convention),complete,,,National,"Secondary, community-edited reference",20,verified against date-page source,20,7
8,CE,1846,May,,North America,GHCD-APR-2151,military,American forces led by Zachary Taylor defeated a Mexican force north of the Rio Grande in the first major battle of the Mexican–American War.,Battle north of the Rio Grande,"May 8, 1846 CE",https://en.wikipedia.org/wiki/May_8,1846-05-08,Rio Grande,"May 8, 1846",Wikipedia — May 8,exact,Battle,United States,Gregorian (date-page convention),complete,Zachary Taylor,United States; Mexico,International,"Secondary, community-edited reference",20,verified against date-page source,20,8
8,CE,1886,May,,North America,GHCD-APR-2152,economic,Pharmacist John Pemberton first sold a carbonated beverage named Coca-Cola as a patent medicine.,First sale of Coca-Cola,"May 8, 1886 CE",https://en.wikipedia.org/wiki/May_8,1886-05-08,,"May 8, 1886",Wikipedia — May 8,exact,Consumer product,United States,Gregorian (date-page convention),complete,John Pemberton,,International,"Secondary, community-edited reference",20,verified against date-page source,20,8
8,CE,1902,May,,North America,GHCD-APR-2153,disaster,"Mount Pelée erupted in Martinique, destroying Saint-Pierre and killing over 30,000 people.",Mount Pelée eruption,"May 8, 1902 CE",https://en.wikipedia.org/wiki/May_8,1902-05-08,Saint-Pierre,"May 8, 1902",Wikipedia — May 8,exact,Volcanic eruption,France,Gregorian (date-page convention),complete,,,International,"Secondary, community-edited reference",20,verified against date-page source,20,9
8,CE,1924,May,,Europe,GHCD-APR-2154,political,The Klaipėda Convention formally incorporated the Klaipėda Region into Lithuania.,Klaipėda Convention signed,"May 8, 1924 CE",https://en.wikipedia.org/wiki/May_8,1924-05-08,Klaipėda,"May 8, 1924",Wikipedia — May 8,exact,Territorial incorporation,Lithuania,Gregorian (date-page convention),complete,,Republic of Lithuania,International,"Secondary, community-edited reference",20,verified against date-page source,20,7
8,CE,1942,May,,Oceania,GHCD-APR-2155,military,The Battle of the Coral Sea ended with Imperial Japanese Navy aircraft attacking and sinking USS Lexington.,Battle of the Coral Sea ends,"May 8, 1942 CE",https://en.wikipedia.org/wiki/May_8,1942-05-08,Coral Sea,"May 8, 1942",Wikipedia — May 8,exact,Naval battle,Australia,Gregorian (date-page convention),complete,,Imperial Japanese Navy; United States Navy,International,"Secondary, community-edited reference",20,verified against date-page source,20,9
8,CE,1945,May,,Europe,GHCD-APR-2156,military,"The German Instrument of Surrender signed at Berlin-Karlshorst came into effect, commemorated as Victory in Europe Day.",German surrender takes effect,"May 8, 1945 CE",https://en.wikipedia.org/wiki/May_8,1945-05-08,Berlin,"May 8, 1945",Wikipedia — May 8,exact,Surrender,Germany,Gregorian (date-page convention),complete,,Nazi Germany; Allied powers,Global,"Secondary, community-edited reference",20,verified against date-page source,20,10
8,CE,1945,May,,Africa,GHCD-APR-2157,military,Hundreds of Algerian civilians were killed by French Army soldiers in the Sétif massacre.,Sétif massacre,"May 8, 1945 CE",https://en.wikipedia.org/wiki/May_8,1945-05-08,Sétif,"May 8, 1945",Wikipedia — May 8,exact,Massacre,Algeria,Gregorian (date-page convention),complete,,French colonial administration,International,"Secondary, community-edited reference",20,verified against date-page source,20,8
8,CE,1970,May,,Europe,GHCD-APR-2158,cultural,"The Beatles released their 12th and final studio album, Let It Be.",The Beatles release Let It Be,"May 8, 1970 CE",https://en.wikipedia.org/wiki/May_8,1970-05-08,,"May 8, 1970",Wikipedia — May 8,exact,Music release,United Kingdom,Gregorian (date-page convention),complete,John Lennon; Paul McCartney; George Harrison; Ringo Starr,The Beatles,Global,"Secondary, community-edited reference",20,verified against date-page source,20,8
8,CE,1978,May,,Asia,GHCD-APR-2159,exploration,Reinhold Messner and Peter Habeler made the first ascent of Mount Everest without supplemental oxygen.,First Everest ascent without supplemental oxygen,"May 8, 1978 CE",https://en.wikipedia.org/wiki/May_8,1978-05-08,Mount Everest,"May 8, 1978",Wikipedia — May 8,exact,Mountaineering,Nepal,Gregorian (date-page convention),complete,Reinhold Messner; Peter Habeler,,Global,"Secondary, community-edited reference",20,verified against date-page source,20,9
8,CE,1980,May,,Global,GHCD-APR-2160,scientific,The World Health Organization confirmed the eradication of smallpox.,Smallpox eradication confirmed,"May 8, 1980 CE",https://en.wikipedia.org/wiki/May_8,1980-05-08,,"May 8, 1980",Wikipedia — May 8,exact,Public health,,Gregorian (date-page convention),complete,,World Health Organization,Global,"Secondary, community-edited reference",20,verified against date-page source,20,10
9,CE,328,May,Historical date rendered in the date-page Gregorian convention; pre-Gregorian local-calendar conversion may differ.,Africa,GHCD-APR-2161,political,Athanasius was elected Patriarch of Alexandria.,Athanasius elected Patriarch of Alexandria,"May 9, 328 CE",https://en.wikipedia.org/wiki/May_9,0328-05-09,Alexandria,"May 9, 328",Wikipedia — May 9,exact,Religious leadership,Egypt,Gregorian (date-page convention),complete,Athanasius,Patriarchate of Alexandria,Regional,"Secondary, community-edited reference",20,verified against date-page source,20,6
9,CE,1009,May,Historical date rendered in the date-page Gregorian convention; pre-Gregorian local-calendar conversion may differ.,Europe,GHCD-APR-2162,military,Lombard forces led by Melus revolted in Bari against the Byzantine Catepanate of Italy.,Lombard Revolt in Bari,"May 9, 1009 CE",https://en.wikipedia.org/wiki/May_9,1009-05-09,Bari,"May 9, 1009",Wikipedia — May 9,exact,Revolt,Italy,Gregorian (date-page convention),complete,Melus,Byzantine Empire,Regional,"Secondary, community-edited reference",20,verified against date-page source,20,6
9,CE,1386,May,Historical date rendered in the date-page Gregorian convention; pre-Gregorian local-calendar conversion may differ.,Europe,GHCD-APR-2163,political,England and Portugal formally ratified their alliance with the signing of the Treaty of Windsor.,Treaty of Windsor ratified,"May 9, 1386 CE",https://en.wikipedia.org/wiki/May_9,1386-05-09,Windsor,"May 9, 1386",Wikipedia — May 9,exact,Diplomatic alliance,Portugal,Gregorian (date-page convention),complete,,Kingdom of England; Kingdom of Portugal,International,"Secondary, community-edited reference",20,verified against date-page source,20,8
9,CE,1502,May,Historical date rendered in the date-page Gregorian convention; pre-Gregorian local-calendar conversion may differ.,Europe,GHCD-APR-2164,exploration,Christopher Columbus set off from Cádiz for his fourth voyage.,Columbus begins fourth voyage,"May 9, 1502 CE",https://en.wikipedia.org/wiki/May_9,1502-05-09,Cádiz,"May 9, 1502",Wikipedia — May 9,exact,Voyage,Spain,Gregorian (date-page convention),complete,Christopher Columbus,Spanish Crown,International,"Secondary, community-edited reference",20,verified against date-page source,20,7
9,CE,1540,May,Historical date rendered in the date-page Gregorian convention; pre-Gregorian local-calendar conversion may differ.,North America,GHCD-APR-2165,exploration,Hernando de Alarcón set sail on an expedition to the Gulf of California.,Alarcón expedition to the Gulf of California,"May 9, 1540 CE",https://en.wikipedia.org/wiki/May_9,1540-05-09,Gulf of California,"May 9, 1540",Wikipedia — May 9,exact,Maritime expedition,Mexico,Gregorian (date-page convention),complete,Hernando de Alarcón,Spanish Empire,International,"Secondary, community-edited reference",20,verified against date-page source,20,6
9,CE,1671,May,,Europe,GHCD-APR-2166,political,"Thomas Blood, disguised as a clergyman, attempted to steal England's Crown Jewels from the Tower of London.",Attempted theft of the Crown Jewels,"May 9, 1671 CE",https://en.wikipedia.org/wiki/May_9,1671-05-09,Tower of London,"May 9, 1671",Wikipedia — May 9,exact,Royal regalia theft,United Kingdom,Gregorian (date-page convention),complete,Thomas Blood,Kingdom of England,National,"Secondary, community-edited reference",20,verified against date-page source,20,6
9,CE,1761,May,,Europe,GHCD-APR-2167,cultural,The inaugural exhibition of the Society of Artists of Great Britain opened at Spring Gardens in London.,First Society of Artists exhibition opens,"May 9, 1761 CE",https://en.wikipedia.org/wiki/May_9,1761-05-09,London,"May 9, 1761",Wikipedia — May 9,exact,Art exhibition,United Kingdom,Gregorian (date-page convention),complete,,Society of Artists of Great Britain,National,"Secondary, community-edited reference",20,verified against date-page source,20,6
9,CE,1873,May,,Europe,GHCD-APR-2168,economic,The Vienna stock exchange crash began the Panic of 1873 and heralded the Long Depression.,Vienna stock exchange crash begins,"May 9, 1873 CE",https://en.wikipedia.org/wiki/May_9,1873-05-09,Vienna,"May 9, 1873",Wikipedia — May 9,exact,Financial crash,Austria,Gregorian (date-page convention),complete,,Austro-Hungarian Empire,International,"Secondary, community-edited reference",20,verified against date-page source,20,9
9,CE,1877,May,,Europe,GHCD-APR-2169,political,Mihail Kogălniceanu read the Declaration of Independence of Romania in the Chamber of Deputies.,Romanian Declaration of Independence read,"May 9, 1877 CE",https://en.wikipedia.org/wiki/May_9,1877-05-09,Bucharest,"May 9, 1877",Wikipedia — May 9,exact,Independence declaration,Romania,Gregorian (date-page convention),complete,Mihail Kogălniceanu,Principality of Romania,National,"Secondary, community-edited reference",20,verified against date-page source,20,8
9,CE,1901,May,,Oceania,GHCD-APR-2170,political,Australia opened its first national parliament in Melbourne.,Australia opens first national parliament,"May 9, 1901 CE",https://en.wikipedia.org/wiki/May_9,1901-05-09,Melbourne,"May 9, 1901",Wikipedia — May 9,exact,Parliamentary opening,Australia,Gregorian (date-page convention),complete,,Commonwealth of Australia,National,"Secondary, community-edited reference",20,verified against date-page source,20,8
9,CE,1926,May,,Global,GHCD-APR-2171,exploration,"Admiral Richard E. Byrd and Floyd Bennett claimed to have flown over the North Pole, although Byrd's diary later cast doubt on the claim.",Claimed flight over the North Pole,"May 9, 1926 CE",https://en.wikipedia.org/wiki/May_9,1926-05-09,North Pole,"May 9, 1926",Wikipedia — May 9,disputed,Arctic aviation,United States,Gregorian (date-page convention),complete,Richard E. Byrd; Floyd Bennett,,International,"Secondary, community-edited reference",20,verified against date-page source,20,7
9,CE,1936,May,,Africa,GHCD-APR-2172,political,Italy formally annexed Ethiopia after taking Addis Ababa on May 5.,Italy annexes Ethiopia,"May 9, 1936 CE",https://en.wikipedia.org/wiki/May_9,1936-05-09,Addis Ababa,"May 9, 1936",Wikipedia — May 9,exact,Annexation,Ethiopia,Gregorian (date-page convention),complete,,Kingdom of Italy,International,"Secondary, community-edited reference",20,verified against date-page source,20,9
9,CE,1941,May,,Europe,GHCD-APR-2173,military,The Royal Navy captured the German submarine U-110 with a latest Enigma machine aboard.,Royal Navy captures U-110,"May 9, 1941 CE",https://en.wikipedia.org/wiki/May_9,1941-05-09,Atlantic Ocean,"May 9, 1941",Wikipedia — May 9,exact,Naval capture and cryptography,United Kingdom,Gregorian (date-page convention),complete,,Nazi Germany; Royal Navy,International,"Secondary, community-edited reference",20,verified against date-page source,20,9
9,CE,1945,May,,Europe,GHCD-APR-2174,military,The Channel Islands were liberated from Nazi occupation during World War II.,Liberation of the Channel Islands,"May 9, 1945 CE",https://en.wikipedia.org/wiki/May_9,1945-05-09,Channel Islands,"May 9, 1945",Wikipedia — May 9,exact,Liberation,United Kingdom,Gregorian (date-page convention),complete,,Nazi Germany; United Kingdom,International,"Secondary, community-edited reference",20,verified against date-page source,20,8
9,CE,1950,May,,Europe,GHCD-APR-2175,political,"Robert Schuman presented the Schuman Declaration, considered by some to mark the beginning of the creation of the European Union.",Schuman Declaration presented,"May 9, 1950 CE",https://en.wikipedia.org/wiki/May_9,1950-05-09,Paris,"May 9, 1950",Wikipedia — May 9,exact,European integration,France,Gregorian (date-page convention),complete,Robert Schuman,French Republic,International,"Secondary, community-edited reference",20,verified against date-page source,20,10
9,CE,1955,May,,Europe,GHCD-APR-2176,political,West Germany joined NATO during the Cold War.,West Germany joins NATO,"May 9, 1955 CE",https://en.wikipedia.org/wiki/May_9,1955-05-09,,"May 9, 1955",Wikipedia — May 9,exact,Military alliance,Germany,Gregorian (date-page convention),complete,,NATO; Federal Republic of Germany,International,"Secondary, community-edited reference",20,verified against date-page source,20,9
9,CE,1960,May,,North America,GHCD-APR-2177,scientific,"The Food and Drug Administration announced approval of Enovid as an additional indication, making it the world's first approved oral contraceptive pill.",FDA approves Enovid for contraception,"May 9, 1960 CE",https://en.wikipedia.org/wiki/May_9,1960-05-09,,"May 9, 1960",Wikipedia — May 9,exact,Medicine,United States,Gregorian (date-page convention),complete,,Food and Drug Administration,Global,"Secondary, community-edited reference",20,verified against date-page source,20,10
9,CE,1974,May,,North America,GHCD-APR-2178,legal,The United States House Committee on the Judiciary opened formal and public impeachment hearings against President Richard Nixon.,Watergate impeachment hearings open,"May 9, 1974 CE",https://en.wikipedia.org/wiki/May_9,1974-05-09,"Washington, D.C.","May 9, 1974",Wikipedia — May 9,exact,Impeachment proceedings,United States,Gregorian (date-page convention),complete,Richard Nixon,United States House Committee on the Judiciary,National,"Secondary, community-edited reference",20,verified against date-page source,20,9
9,CE,1980,May,,North America,GHCD-APR-2179,disaster,"The freighter MV Summit Venture collided with the Sunshine Skyway Bridge, causing a 430-meter section to collapse and killing 35 people.",Sunshine Skyway Bridge collapse,"May 9, 1980 CE",https://en.wikipedia.org/wiki/May_9,1980-05-09,Tampa Bay,"May 9, 1980",Wikipedia — May 9,exact,Bridge collapse,United States,Gregorian (date-page convention),complete,,,National,"Secondary, community-edited reference",20,verified against date-page source,20,8
9,CE,1992,May,,Asia,GHCD-APR-2180,military,"Armenian forces captured Shusha, marking a major turning point in the First Nagorno-Karabakh War.",Armenian forces capture Shusha,"May 9, 1992 CE",https://en.wikipedia.org/wiki/May_9,1992-05-09,Shusha,"May 9, 1992",Wikipedia — May 9,exact,Capture of city,Azerbaijan,Gregorian (date-page convention),complete,,Armenian forces,Regional,"Secondary, community-edited reference",20,verified against date-page source,20,8
10,CE,28,May,Historical date rendered in the date-page Gregorian convention; pre-Gregorian local-calendar conversion may differ.,Asia,GHCD-APR-2181,scientific,Han dynasty astronomers observed a sunspot during the reign of Emperor Cheng of Han.,Earliest dated Chinese sunspot observation,"May 10, 28 CE",https://en.wikipedia.org/wiki/May_10,0028-05-10,,"May 10, 28",Wikipedia — May 10,exact,Astronomical observation,China,Gregorian (date-page convention),complete,Emperor Cheng of Han,Han dynasty,International,"Secondary, community-edited reference",20,verified against date-page source,20,8
10,CE,1291,May,Historical date rendered in the date-page Gregorian convention; pre-Gregorian local-calendar conversion may differ.,Europe,GHCD-APR-2182,political,Scottish nobles recognized the authority of Edward I of England pending the selection of a king.,Scottish nobles recognize Edward I's authority,"May 10, 1291 CE",https://en.wikipedia.org/wiki/May_10,1291-05-10,,"May 10, 1291",Wikipedia — May 10,exact,Scottish succession,United Kingdom,Gregorian (date-page convention),complete,Edward I,Kingdom of Scotland,National,"Secondary, community-edited reference",20,verified against date-page source,20,7
10,CE,1294,May,Historical date rendered in the date-page Gregorian convention; pre-Gregorian local-calendar conversion may differ.,Asia,GHCD-APR-2183,political,"Temür, Khagan of the Mongols, was enthroned as Emperor of the Yuan dynasty.",Temür enthroned as Yuan emperor,"May 10, 1294 CE",https://en.wikipedia.org/wiki/May_10,1294-05-10,,"May 10, 1294",Wikipedia — May 10,exact,Imperial succession,China,Gregorian (date-page convention),complete,Temür,Yuan dynasty,International,"Secondary, community-edited reference",20,verified against date-page source,20,8
10,CE,1503,May,Historical date rendered in the date-page Gregorian convention; pre-Gregorian local-calendar conversion may differ.,North America,GHCD-APR-2184,exploration,Christopher Columbus visited the Cayman Islands and named them Las Tortugas after their numerous turtles.,Columbus visits the Cayman Islands,"May 10, 1503 CE",https://en.wikipedia.org/wiki/May_10,1503-05-10,Cayman Islands,"May 10, 1503",Wikipedia — May 10,exact,Caribbean exploration,Cayman Islands,Gregorian (date-page convention),complete,Christopher Columbus,Spanish crown,International,"Secondary, community-edited reference",20,verified against date-page source,20,7
10,CE,1534,May,Historical date rendered in the date-page Gregorian convention; pre-Gregorian local-calendar conversion may differ.,North America,GHCD-APR-2185,exploration,Jacques Cartier visited Newfoundland.,Jacques Cartier visits Newfoundland,"May 10, 1534 CE",https://en.wikipedia.org/wiki/May_10,1534-05-10,Newfoundland,"May 10, 1534",Wikipedia — May 10,exact,Atlantic exploration,Canada,Gregorian (date-page convention),complete,Jacques Cartier,Kingdom of France,International,"Secondary, community-edited reference",20,verified against date-page source,20,6
10,CE,1688,May,,Asia,GHCD-APR-2186,political,"King Narai nominated Phetracha as regent, leading to the revolution of 1688 in which Phetracha became king of Ayutthaya.",Phetracha nominated as regent,"May 10, 1688 CE",https://en.wikipedia.org/wiki/May_10,1688-05-10,,"May 10, 1688",Wikipedia — May 10,exact,Royal succession,Thailand,Gregorian (date-page convention),complete,King Narai; Phetracha,Ayutthaya Kingdom,National,"Secondary, community-edited reference",20,verified against date-page source,20,7
10,CE,1713,May,,Europe,GHCD-APR-2187,military,"During the Great Northern War, the Russian Navy led by Admiral Fyodor Apraksin landed at Katajanokka and Hietalahti.",Battle of Helsinki,"May 10, 1713 CE",https://en.wikipedia.org/wiki/May_10,1713-05-10,Helsinki,"May 10, 1713",Wikipedia — May 10,exact,Naval warfare,Finland,Gregorian (date-page convention),complete,Fyodor Apraksin,Russian Empire,International,"Secondary, community-edited reference",20,verified against date-page source,20,6
10,CE,1773,May,,North America,GHCD-APR-2188,economic,The Parliament of Great Britain passed the Tea Act to aid the British East India Company by reducing tea taxes and permitting direct sales to North America.,British Parliament passes the Tea Act,"May 10, 1773 CE",https://en.wikipedia.org/wiki/May_10,1773-05-10,London,"May 10, 1773",Wikipedia — May 10,exact,Colonial trade legislation,United Kingdom,Gregorian (date-page convention),complete,,Parliament of Great Britain; British East India Company,International,"Secondary, community-edited reference",20,verified against date-page source,20,9
10,CE,1775,May,,North America,GHCD-APR-2189,military,A small Colonial militia led by Ethan Allen and Benedict Arnold captured Fort Ticonderoga.,Capture of Fort Ticonderoga,"May 10, 1775 CE",https://en.wikipedia.org/wiki/May_10,1775-05-10,Fort Ticonderoga,"May 10, 1775",Wikipedia — May 10,exact,American Revolutionary War,United States,Gregorian (date-page convention),complete,Ethan Allen; Benedict Arnold,Thirteen Colonies,International,"Secondary, community-edited reference",20,verified against date-page source,20,8
10,CE,1775,May,,North America,GHCD-APR-2190,political,The Second Continental Congress took place in Philadelphia.,Second Continental Congress meets,"May 10, 1775 CE",https://en.wikipedia.org/wiki/May_10,1775-05-10,Philadelphia,"May 10, 1775",Wikipedia — May 10,exact,Revolutionary government,United States,Gregorian (date-page convention),complete,,Second Continental Congress,National,"Secondary, community-edited reference",20,verified against date-page source,20,8
10,CE,1796,May,,Europe,GHCD-APR-2191,military,"Napoleon defeated Austrian forces at the Lodi bridge over the Adda River in Italy, with the Austrians losing about 2,000 men.",Battle of Lodi,"May 10, 1796 CE",https://en.wikipedia.org/wiki/May_10,1796-05-10,Lodi,"May 10, 1796",Wikipedia — May 10,exact,French Revolutionary Wars,Italy,Gregorian (date-page convention),complete,Napoleon Bonaparte,First French Republic; Austrian forces,International,"Secondary, community-edited reference",20,verified against date-page source,20,8
10,CE,1824,May,,Europe,GHCD-APR-2192,cultural,The National Gallery in London opened to the public.,National Gallery opens,"May 10, 1824 CE",https://en.wikipedia.org/wiki/May_10,1824-05-10,London,"May 10, 1824",Wikipedia — May 10,exact,Museum opening,United Kingdom,Gregorian (date-page convention),complete,,National Gallery,International,"Secondary, community-edited reference",20,verified against date-page source,20,7
10,CE,1837,May,,North America,GHCD-APR-2193,economic,"New York City banks suspended payment of specie, triggering a national banking crisis and economic depression.",New York banks suspend specie payments,"May 10, 1837 CE",https://en.wikipedia.org/wiki/May_10,1837-05-10,New York City,"May 10, 1837",Wikipedia — May 10,exact,Banking crisis,United States,Gregorian (date-page convention),complete,,,National,"Secondary, community-edited reference",20,verified against date-page source,20,8
10,CE,1857,May,,Asia,GHCD-APR-2194,military,"Sepoys mutinied against their commanding officers at Meerut, beginning the first war of Independence in India.",Indian Rebellion begins at Meerut,"May 10, 1857 CE",https://en.wikipedia.org/wiki/May_10,1857-05-10,Meerut,"May 10, 1857",Wikipedia — May 10,exact,Anti-colonial rebellion,India,Gregorian (date-page convention),complete,,British East India Company,International,"Secondary, community-edited reference",20,verified against date-page source,20,9
10,CE,1869,May,,North America,GHCD-APR-2195,technology,The first transcontinental railroad linking the eastern and western United States was completed at Promontory Summit with the driving of the golden spike.,First transcontinental railroad completed,"May 10, 1869 CE",https://en.wikipedia.org/wiki/May_10,1869-05-10,Promontory Summit,"May 10, 1869",Wikipedia — May 10,exact,Rail transportation,United States,Gregorian (date-page convention),complete,,,National,"Secondary, community-edited reference",20,verified against date-page source,20,9
10,CE,1872,May,,North America,GHCD-APR-2196,social,Victoria Woodhull became the first woman nominated for President of the United States.,Victoria Woodhull nominated for president,"May 10, 1872 CE",https://en.wikipedia.org/wiki/May_10,1872-05-10,,"May 10, 1872",Wikipedia — May 10,exact,Women's political participation,United States,Gregorian (date-page convention),complete,Victoria Woodhull,,National,"Secondary, community-edited reference",20,verified against date-page source,20,8
10,CE,1904,May,,Europe,GHCD-APR-2197,economic,Horch & Cir. Motorwagenwerke AG was founded and eventually became the Audi company.,Horch motor company founded,"May 10, 1904 CE",https://en.wikipedia.org/wiki/May_10,1904-05-10,,"May 10, 1904",Wikipedia — May 10,exact,Automotive industry,Germany,Gregorian (date-page convention),complete,,Horch & Cir. Motorwagenwerke AG,International,"Secondary, community-edited reference",20,verified against date-page source,20,6
10,CE,1916,May,,Oceania,GHCD-APR-2198,exploration,Ernest Shackleton arrived at South Georgia in the lifeboat James Caird after an 800-nautical-mile journey from Elephant Island.,Shackleton reaches South Georgia,"May 10, 1916 CE",https://en.wikipedia.org/wiki/May_10,1916-05-10,South Georgia,"May 10, 1916",Wikipedia — May 10,exact,Polar expedition,United Kingdom,Gregorian (date-page convention),complete,Ernest Shackleton,,International,"Secondary, community-edited reference",20,verified against date-page source,20,8
10,CE,1933,May,,Europe,GHCD-APR-2199,cultural,The Nazis staged massive public book burnings in Germany.,Nazi book burnings in Germany,"May 10, 1933 CE",https://en.wikipedia.org/wiki/May_10,1933-05-10,,"May 10, 1933",Wikipedia — May 10,exact,Censorship,Germany,Gregorian (date-page convention),complete,,Nazi Germany,International,"Secondary, community-edited reference",20,verified against date-page source,20,9
10,CE,1940,May,,Europe,GHCD-APR-2200,political,Winston Churchill was appointed Prime Minister of the United Kingdom following Neville Chamberlain's resignation.,Churchill becomes British prime minister,"May 10, 1940 CE",https://en.wikipedia.org/wiki/May_10,1940-05-10,London,"May 10, 1940",Wikipedia — May 10,exact,Government leadership,United Kingdom,Gregorian (date-page convention),complete,Winston Churchill; Neville Chamberlain,United Kingdom,International,"Secondary, community-edited reference",20,verified against date-page source,20,10
11,CE,330,May,Historical date rendered in the date-page Gregorian convention; pre-Gregorian local-calendar conversion may differ.,Europe,GHCD-APR-2201,political,"Constantine the Great dedicated the expanded city of Byzantium, renamed it Constantinople, and declared it the new capital of the Roman Empire.",Constantinople becomes Roman capital,"May 11, 330 CE",https://en.wikipedia.org/wiki/May_11,0330-05-11,Constantinople,"May 11, 330",Wikipedia — May 11,exact,Imperial capital,Turkey,Gregorian (date-page convention),complete,Constantine the Great,Roman Empire,International,"Secondary, community-edited reference",20,verified against date-page source,20,10
11,CE,868,May,Historical date rendered in the date-page Gregorian convention; pre-Gregorian local-calendar conversion may differ.,Asia,GHCD-APR-2202,technology,A dated copy of the Diamond Sūtra was published and is identified as the earliest dated printed book known.,Diamond Sutra is printed,"May 11, 868 CE",https://en.wikipedia.org/wiki/May_11,0868-05-11,,"May 11, 868",Wikipedia — May 11,exact,Printing,China,Gregorian (date-page convention),complete,,Tang dynasty,Global,"Secondary, community-edited reference",20,verified against date-page source,20,10
11,CE,973,May,Historical date rendered in the date-page Gregorian convention; pre-Gregorian local-calendar conversion may differ.,Europe,GHCD-APR-2203,political,Edgar the Peaceful was crowned King of England in the first coronation ceremony recorded for an English monarch.,Edgar is crowned King of England,"May 11, 973 CE",https://en.wikipedia.org/wiki/May_11,0973-05-11,,"May 11, 973",Wikipedia — May 11,exact,Coronation,United Kingdom,Gregorian (date-page convention),complete,Edgar the Peaceful,Kingdom of England,National,"Secondary, community-edited reference",20,verified against date-page source,20,8
11,CE,1068,May,Historical date rendered in the date-page Gregorian convention; pre-Gregorian local-calendar conversion may differ.,Europe,GHCD-APR-2204,political,"Matilda of Flanders, wife of William the Conqueror, was crowned Queen of England.",Matilda of Flanders is crowned queen,"May 11, 1068 CE",https://en.wikipedia.org/wiki/May_11,1068-05-11,,"May 11, 1068",Wikipedia — May 11,exact,Coronation,United Kingdom,Gregorian (date-page convention),complete,Matilda of Flanders; William the Conqueror,Kingdom of England,National,"Secondary, community-edited reference",20,verified against date-page source,20,7
11,CE,1258,May,Historical date rendered in the date-page Gregorian convention; pre-Gregorian local-calendar conversion may differ.,Europe,GHCD-APR-2205,legal,"Louis IX of France and James I of Aragon signed the Treaty of Corbeil, renouncing feudal claims in one another's territories.",Treaty of Corbeil is signed,"May 11, 1258 CE",https://en.wikipedia.org/wiki/May_11,1258-05-11,Corbeil,"May 11, 1258",Wikipedia — May 11,exact,Treaty,France,Gregorian (date-page convention),complete,Louis IX; James I of Aragon,Kingdom of France; Crown of Aragon,International,"Secondary, community-edited reference",20,verified against date-page source,20,8
11,CE,1560,May,Historical date rendered in the date-page Gregorian convention; pre-Gregorian local-calendar conversion may differ.,Middle East,GHCD-APR-2206,military,Ottoman naval forces defeated a Spanish fleet in the Battle of Djerba.,Ottoman victory at Djerba,"May 11, 1560 CE",https://en.wikipedia.org/wiki/May_11,1560-05-11,Djerba,"May 11, 1560",Wikipedia — May 11,exact,Naval battle,Tunisia,Gregorian (date-page convention),complete,,Ottoman Empire; Spanish Empire,International,"Secondary, community-edited reference",20,verified against date-page source,20,8
11,CE,1713,May,,Europe,GHCD-APR-2207,military,"After losing the Battle of Helsinki to Russian forces, Swedish and Finnish troops burned the entire city.",Helsinki is burned during the Great Northern War,"May 11, 1713 CE",https://en.wikipedia.org/wiki/May_11,1713-05-11,Helsinki,"May 11, 1713",Wikipedia — May 11,exact,Scorched-earth action,Finland,Gregorian (date-page convention),complete,,Swedish Empire; Russian Empire,Regional,"Secondary, community-edited reference",20,verified against date-page source,20,7
11,CE,1812,May,,Europe,GHCD-APR-2208,political,Prime Minister Spencer Perceval was assassinated by John Bellingham in the lobby of the British House of Commons.,Spencer Perceval is assassinated,"May 11, 1812 CE",https://en.wikipedia.org/wiki/May_11,1812-05-11,London,"May 11, 1812",Wikipedia — May 11,exact,Assassination,United Kingdom,Gregorian (date-page convention),complete,Spencer Perceval; John Bellingham,United Kingdom,National,"Secondary, community-edited reference",20,verified against date-page source,20,9
11,CE,1813,May,,Oceania,GHCD-APR-2209,exploration,"William Lawson, Gregory Blaxland, and William Wentworth discovered a route across the Blue Mountains, opening inland Australia to settlement.",Route across the Blue Mountains is discovered,"May 11, 1813 CE",https://en.wikipedia.org/wiki/May_11,1813-05-11,Blue Mountains,"May 11, 1813",Wikipedia — May 11,exact,Overland route,Australia,Gregorian (date-page convention),complete,William Lawson; Gregory Blaxland; William Wentworth,Colony of New South Wales,National,"Secondary, community-edited reference",20,verified against date-page source,20,8
11,CE,1857,May,,Asia,GHCD-APR-2210,military,"During the Indian Rebellion of 1857, Indian rebels seized Delhi from the British.",Rebels seize Delhi,"May 11, 1857 CE",https://en.wikipedia.org/wiki/May_11,1857-05-11,Delhi,"May 11, 1857",Wikipedia — May 11,exact,Rebellion,India,Gregorian (date-page convention),complete,,British Empire,National,"Secondary, community-edited reference",20,verified against date-page source,20,9
11,CE,1858,May,,North America,GHCD-APR-2211,political,Minnesota became the 32nd state of the United States.,Minnesota becomes a U.S. state,"May 11, 1858 CE",https://en.wikipedia.org/wiki/May_11,1858-05-11,Minnesota,"May 11, 1858",Wikipedia — May 11,exact,Statehood,United States,Gregorian (date-page convention),complete,,United States,National,"Secondary, community-edited reference",20,verified against date-page source,20,7
11,CE,1878,May,,Europe,GHCD-APR-2212,political,Anarchist Max Hödel made an assassination attempt targeting German Kaiser Wilhelm I.,Hödel attempts to assassinate Wilhelm I,"May 11, 1878 CE",https://en.wikipedia.org/wiki/May_11,1878-05-11,,"May 11, 1878",Wikipedia — May 11,exact,Assassination attempt,Germany,Gregorian (date-page convention),complete,Max Hödel; Wilhelm I,German Empire,National,"Secondary, community-edited reference",20,verified against date-page source,20,7
11,CE,1880,May,,North America,GHCD-APR-2213,military,"Seven people were killed in the Mussel Slough Tragedy, a gun battle in California.",Mussel Slough Tragedy,"May 11, 1880 CE",https://en.wikipedia.org/wiki/May_11,1880-05-11,Mussel Slough,"May 11, 1880",Wikipedia — May 11,exact,Armed confrontation,United States,Gregorian (date-page convention),complete,,,Regional,"Secondary, community-edited reference",20,verified against date-page source,20,6
11,CE,1894,May,,North America,GHCD-APR-2214,economic,Four thousand Pullman Palace Car Company workers went on a wildcat strike.,Pullman workers begin a wildcat strike,"May 11, 1894 CE",https://en.wikipedia.org/wiki/May_11,1894-05-11,,"May 11, 1894",Wikipedia — May 11,exact,Labor strike,United States,Gregorian (date-page convention),complete,,Pullman Palace Car Company,National,"Secondary, community-edited reference",20,verified against date-page source,20,7
11,CE,1919,May,,South America,GHCD-APR-2215,legal,Uruguay became a signatory to the Buenos Aires copyright treaty.,Uruguay signs the Buenos Aires copyright treaty,"May 11, 1919 CE",https://en.wikipedia.org/wiki/May_11,1919-05-11,,"May 11, 1919",Wikipedia — May 11,exact,Copyright treaty,Uruguay,Gregorian (date-page convention),complete,,Uruguay,International,"Secondary, community-edited reference",20,verified against date-page source,20,6
11,CE,1953,May,,North America,GHCD-APR-2216,disaster,"An F5 tornado in Waco, Texas, killed 114 people.",Waco tornado kills 114,"May 11, 1953 CE",https://en.wikipedia.org/wiki/May_11,1953-05-11,Waco,"May 11, 1953",Wikipedia — May 11,exact,Tornado,United States,Gregorian (date-page convention),complete,,,National,"Secondary, community-edited reference",20,verified against date-page source,20,8
11,CE,1973,May,,North America,GHCD-APR-2217,legal,Charges against Daniel Ellsberg for releasing the Pentagon Papers to The New York Times were dismissed because of government misconduct.,Pentagon Papers charges are dismissed,"May 11, 1973 CE",https://en.wikipedia.org/wiki/May_11,1973-05-11,,"May 11, 1973",Wikipedia — May 11,exact,Criminal case,United States,Gregorian (date-page convention),complete,Daniel Ellsberg,United States government,National,"Secondary, community-edited reference",20,verified against date-page source,20,9
11,CE,1985,May,,Europe,GHCD-APR-2218,disaster,A fire at Bradford City stadium killed 56 spectators and injured more than 200.,Bradford City stadium fire,"May 11, 1985 CE",https://en.wikipedia.org/wiki/May_11,1985-05-11,Bradford,"May 11, 1985",Wikipedia — May 11,exact,Stadium fire,United Kingdom,Gregorian (date-page convention),complete,,,International,"Secondary, community-edited reference",20,verified against date-page source,20,8
11,CE,1997,May,,North America,GHCD-APR-2219,technology,The chess-playing supercomputer Deep Blue defeated Garry Kasparov in the final game of their rematch.,Deep Blue defeats Garry Kasparov,"May 11, 1997 CE",https://en.wikipedia.org/wiki/May_11,1997-05-11,,"May 11, 1997",Wikipedia — May 11,exact,Artificial intelligence,United States,Gregorian (date-page convention),complete,Deep Blue; Garry Kasparov,IBM,Global,"Secondary, community-edited reference",20,verified against date-page source,20,9
11,CE,1998,May,,Asia,GHCD-APR-2220,scientific,India conducted three underground atomic tests in Pokhran.,India conducts Pokhran nuclear tests,"May 11, 1998 CE",https://en.wikipedia.org/wiki/May_11,1998-05-11,Pokhran,"May 11, 1998",Wikipedia — May 11,exact,Nuclear testing,India,Gregorian (date-page convention),complete,,India,International,"Secondary, community-edited reference",20,verified against date-page source,20,9
12,CE,113,May,Historical date rendered in the date-page Gregorian convention; pre-Gregorian local-calendar conversion may differ.,Europe,GHCD-APR-2221,cultural,Roman emperor Trajan dedicates a column celebrating and depicting his victory over the Dacians.,Trajan dedicates Column,"May 12, 113 CE",https://en.wikipedia.org/wiki/May_12,0113-05-12,Rome,"May 12, 113",Wikipedia — May 12,exact,Monument,Italy,Gregorian (date-page convention),complete,Trajan,Roman Empire,International,"Secondary, community-edited reference",20,verified against date-page source,20,8
12,CE,907,May,Historical date rendered in the date-page Gregorian convention; pre-Gregorian local-calendar conversion may differ.,Asia,GHCD-APR-2222,political,"Zhu Wen forces Emperor Ai to abdicate, ending the Tang dynasty after nearly three hundred years of rule.",Tang dynasty ends,"May 12, 907 CE",https://en.wikipedia.org/wiki/May_12,0907-05-12,,"May 12, 907",Wikipedia — May 12,exact,Dynastic transition,China,Gregorian (date-page convention),complete,Zhu Wen; Emperor Ai,Tang dynasty,National,"Secondary, community-edited reference",20,verified against date-page source,20,9
12,CE,1191,May,Historical date rendered in the date-page Gregorian convention; pre-Gregorian local-calendar conversion may differ.,Europe,GHCD-APR-2223,political,"Richard I of England marries Berengaria of Navarre in Cyprus, and she is crowned Queen consort of England the same day.",Richard I marries Berengaria,"May 12, 1191 CE",https://en.wikipedia.org/wiki/May_12,1191-05-12,Cyprus,"May 12, 1191",Wikipedia — May 12,exact,Royal marriage,Cyprus,Gregorian (date-page convention),complete,Richard I of England; Berengaria of Navarre,Kingdom of England,International,"Secondary, community-edited reference",20,verified against date-page source,20,7
12,CE,1364,May,Historical date rendered in the date-page Gregorian convention; pre-Gregorian local-calendar conversion may differ.,Europe,GHCD-APR-2224,cultural,"Jagiellonian University, described as the oldest university in Poland, is founded in Kraków.",Jagiellonian University founded,"May 12, 1364 CE",https://en.wikipedia.org/wiki/May_12,1364-05-12,Kraków,"May 12, 1364",Wikipedia — May 12,exact,Higher education,Poland,Gregorian (date-page convention),complete,,,International,"Secondary, community-edited reference",20,verified against date-page source,20,8
12,CE,1551,May,Historical date rendered in the date-page Gregorian convention; pre-Gregorian local-calendar conversion may differ.,South America,GHCD-APR-2225,cultural,"National University of San Marcos, described as the oldest university in the Americas, is founded in Lima, Peru.",National University of San Marcos founded,"May 12, 1551 CE",https://en.wikipedia.org/wiki/May_12,1551-05-12,Lima,"May 12, 1551",Wikipedia — May 12,exact,Higher education,Peru,Gregorian (date-page convention),complete,,,International,"Secondary, community-edited reference",20,verified against date-page source,20,8
12,CE,1588,May,,Europe,GHCD-APR-2226,political,"During the French Wars of Religion, Henry III of France flees Paris after Henry I, Duke of Guise, enters the city and an uprising occurs.",Henry III flees Paris,"May 12, 1588 CE",https://en.wikipedia.org/wiki/May_12,1588-05-12,Paris,"May 12, 1588",Wikipedia — May 12,exact,Civil conflict,France,Gregorian (date-page convention),complete,"Henry III of France; Henry I, Duke of Guise",Kingdom of France,National,"Secondary, community-edited reference",20,verified against date-page source,20,7
12,CE,1780,May,,North America,GHCD-APR-2227,military,"During the American Revolutionary War, British forces take Charleston, South Carolina, in the largest defeat of the Continental Army.",Charleston captured by British forces,"May 12, 1780 CE",https://en.wikipedia.org/wiki/May_12,1780-05-12,Charleston,"May 12, 1780",Wikipedia — May 12,exact,Siege,United States,Gregorian (date-page convention),complete,,Kingdom of Great Britain,National,"Secondary, community-edited reference",20,verified against date-page source,20,8
12,CE,1797,May,,Europe,GHCD-APR-2228,military,"During the War of the First Coalition, Napoleon Bonaparte conquers Venice.",Napoleon conquers Venice,"May 12, 1797 CE",https://en.wikipedia.org/wiki/May_12,1797-05-12,Venice,"May 12, 1797",Wikipedia — May 12,exact,Conquest,Italy,Gregorian (date-page convention),complete,Napoleon Bonaparte,First French Republic,International,"Secondary, community-edited reference",20,verified against date-page source,20,8
12,CE,1821,May,,Europe,GHCD-APR-2229,military,The first major battle of the Greek War of Independence against the Turks is fought in Valtetsi.,Battle of Valtetsi,"May 12, 1821 CE",https://en.wikipedia.org/wiki/May_12,1821-05-12,Valtetsi,"May 12, 1821",Wikipedia — May 12,exact,War of independence,Greece,Gregorian (date-page convention),complete,,Ottoman Empire,National,"Secondary, community-edited reference",20,verified against date-page source,20,7
12,CE,1846,May,,North America,GHCD-APR-2230,exploration,"The Donner Party departs Independence, Missouri, for California on a journey that becomes a year-long ordeal.",Donner Party departs,"May 12, 1846 CE",https://en.wikipedia.org/wiki/May_12,1846-05-12,Independence,"May 12, 1846",Wikipedia — May 12,exact,Pioneer migration,United States,Gregorian (date-page convention),complete,Donner Party,,National,"Secondary, community-edited reference",20,verified against date-page source,20,7
12,CE,1870,May,,North America,GHCD-APR-2231,legal,"The Manitoba Act receives Royal Assent, paving the way for Manitoba to become a province of Canada.",Manitoba Act receives Royal Assent,"May 12, 1870 CE",https://en.wikipedia.org/wiki/May_12,1870-05-12,Manitoba,"May 12, 1870",Wikipedia — May 12,exact,Provincial formation,Canada,Gregorian (date-page convention),complete,,Dominion of Canada,National,"Secondary, community-edited reference",20,verified against date-page source,20,7
12,CE,1881,May,,Africa,GHCD-APR-2232,political,Tunisia becomes a French protectorate.,Tunisia becomes French protectorate,"May 12, 1881 CE",https://en.wikipedia.org/wiki/May_12,1881-05-12,Tunisia,"May 12, 1881",Wikipedia — May 12,exact,Colonial rule,Tunisia,Gregorian (date-page convention),complete,,French colonial empire,International,"Secondary, community-edited reference",20,verified against date-page source,20,8
12,CE,1926,May,,Global,GHCD-APR-2233,exploration,The Italian-built airship Norge becomes the first vessel to fly over the North Pole.,Norge flies over North Pole,"May 12, 1926 CE",https://en.wikipedia.org/wiki/May_12,1926-05-12,North Pole,"May 12, 1926",Wikipedia — May 12,exact,Aerial exploration,Norway,Gregorian (date-page convention),complete,,,International,"Secondary, community-edited reference",20,verified against date-page source,20,9
12,CE,1926,May,,Europe,GHCD-APR-2234,social,The 1926 United Kingdom general strike ends.,United Kingdom general strike ends,"May 12, 1926 CE",https://en.wikipedia.org/wiki/May_12,1926-05-12,,"May 12, 1926",Wikipedia — May 12,exact,Labor strike,United Kingdom,Gregorian (date-page convention),complete,,United Kingdom,National,"Secondary, community-edited reference",20,verified against date-page source,20,8
12,CE,1933,May,,North America,GHCD-APR-2235,legal,President Franklin D. Roosevelt signs the Agricultural Adjustment Act into law to restrict agricultural production through government purchases and farmer subsidies.,Agricultural Adjustment Act signed,"May 12, 1933 CE",https://en.wikipedia.org/wiki/May_12,1933-05-12,"Washington, D.C.","May 12, 1933",Wikipedia — May 12,exact,Agricultural policy,United States,Gregorian (date-page convention),complete,Franklin D. Roosevelt,United States federal government,National,"Secondary, community-edited reference",20,verified against date-page source,20,7
12,CE,1941,May,,Europe,GHCD-APR-2236,technology,"Konrad Zuse presents the Z3 in Berlin, described as the world's first working programmable, fully automatic computer.",Z3 computer presented,"May 12, 1941 CE",https://en.wikipedia.org/wiki/May_12,1941-05-12,Berlin,"May 12, 1941",Wikipedia — May 12,exact,Computing,Germany,Gregorian (date-page convention),complete,Konrad Zuse,,Global,"Secondary, community-edited reference",20,verified against date-page source,20,10
12,CE,1949,May,,Europe,GHCD-APR-2237,political,The Soviet Union lifts its blockade of Berlin during the Cold War.,Soviet Berlin blockade lifted,"May 12, 1949 CE",https://en.wikipedia.org/wiki/May_12,1949-05-12,Berlin,"May 12, 1949",Wikipedia — May 12,exact,Cold War crisis,Germany,Gregorian (date-page convention),complete,,Soviet Union,International,"Secondary, community-edited reference",20,verified against date-page source,20,9
12,CE,1965,May,,Global,GHCD-APR-2238,exploration,The Soviet spacecraft Luna 5 crashes on the Moon.,Luna 5 crashes on Moon,"May 12, 1965 CE",https://en.wikipedia.org/wiki/May_12,1965-05-12,Moon,"May 12, 1965",Wikipedia — May 12,exact,Lunar mission,Russia,Gregorian (date-page convention),complete,,Soviet Union,Global,"Secondary, community-edited reference",20,verified against date-page source,20,8
12,CE,2003,May,,Middle East,GHCD-APR-2239,military,"Al-Qaeda carries out the Riyadh compound bombings in Saudi Arabia, killing 39 people.",Riyadh compound bombings,"May 12, 2003 CE",https://en.wikipedia.org/wiki/May_12,2003-05-12,Riyadh,"May 12, 2003",Wikipedia — May 12,exact,Terrorist attack,Saudi Arabia,Gregorian (date-page convention),complete,,al-Qaeda,International,"Secondary, community-edited reference",20,verified against date-page source,20,8
12,CE,2008,May,,Asia,GHCD-APR-2240,disaster,"An earthquake measuring around 8.0 magnitude occurs in Sichuan, China, killing over 69,000 people.",Sichuan earthquake,"May 12, 2008 CE",https://en.wikipedia.org/wiki/May_12,2008-05-12,Sichuan,"May 12, 2008",Wikipedia — May 12,exact,Earthquake,China,Gregorian (date-page convention),complete,,,International,"Secondary, community-edited reference",20,verified against date-page source,20,9
13,CE,535,May,Historical date rendered in the date-page Gregorian convention; pre-Gregorian local-calendar conversion may differ.,Europe,GHCD-APR-2241,political,Pope Agapetus I was elected following the death of Pope John II earlier that month.,Election of Pope Agapetus I,"May 13, 535 CE",https://en.wikipedia.org/wiki/May_13,0535-05-13,Rome,"May 13, 535",Wikipedia — May 13,exact,Papal succession,Italy,Gregorian (date-page convention),complete,Agapetus I; John II,Papacy,International,"Secondary, community-edited reference",20,verified against date-page source,20,6
13,CE,1110,May,Historical date rendered in the date-page Gregorian convention; pre-Gregorian local-calendar conversion may differ.,Middle East,GHCD-APR-2242,military,Baldwin I of Jerusalem captured Beirut from the Fatimid Caliphate with help from a Genoese fleet.,Capture of Beirut,"May 13, 1110 CE",https://en.wikipedia.org/wiki/May_13,1110-05-13,Beirut,"May 13, 1110",Wikipedia — May 13,exact,Crusades,Lebanon,Gregorian (date-page convention),complete,Baldwin I,Kingdom of Jerusalem; Fatimid Caliphate,Regional,"Secondary, community-edited reference",20,verified against date-page source,20,7
13,CE,1344,May,Historical date rendered in the date-page Gregorian convention; pre-Gregorian local-calendar conversion may differ.,Europe,GHCD-APR-2243,military,A Latin Christian fleet defeated a Turkish fleet in the Battle of Pallene during the Smyrniote crusades.,Battle of Pallene,"May 13, 1344 CE",https://en.wikipedia.org/wiki/May_13,1344-05-13,Pallene,"May 13, 1344",Wikipedia — May 13,exact,Naval battle,Greece,Gregorian (date-page convention),complete,,Latin Christian states; Turkish forces,Regional,"Secondary, community-edited reference",20,verified against date-page source,20,6
13,CE,1501,May,Historical date rendered in the date-page Gregorian convention; pre-Gregorian local-calendar conversion may differ.,South America,GHCD-APR-2244,exploration,Amerigo Vespucci set sail for western lands under the Portuguese flag.,Vespucci sails for western lands,"May 13, 1501 CE",https://en.wikipedia.org/wiki/May_13,1501-05-13,,"May 13, 1501",Wikipedia — May 13,exact,Voyage,Portugal,Gregorian (date-page convention),complete,Amerigo Vespucci,Portuguese Empire,International,"Secondary, community-edited reference",20,verified against date-page source,20,7
13,CE,1568,May,Historical date rendered in the date-page Gregorian convention; pre-Gregorian local-calendar conversion may differ.,Europe,GHCD-APR-2245,military,"Mary, Queen of Scots, was defeated at the Battle of Langside during the civil war between her supporters and those of her son James VI.",Battle of Langside,"May 13, 1568 CE",https://en.wikipedia.org/wiki/May_13,1568-05-13,Langside,"May 13, 1568",Wikipedia — May 13,exact,Civil war,United Kingdom,Gregorian (date-page convention),complete,"Mary, Queen of Scots; James VI",Kingdom of Scotland,National,"Secondary, community-edited reference",20,verified against date-page source,20,7
13,CE,1612,May,,Asia,GHCD-APR-2246,cultural,"Miyamoto Musashi fought Sasaki Kojiro in a sword duel on Ganryū Island, and Kojiro died at the end.",Duel on Ganryū Island,"May 13, 1612 CE",https://en.wikipedia.org/wiki/May_13,1612-05-13,Ganryū Island,"May 13, 1612",Wikipedia — May 13,exact,Duel,Japan,Gregorian (date-page convention),complete,Miyamoto Musashi; Sasaki Kojiro,,National,"Secondary, community-edited reference",20,verified against date-page source,20,7
13,CE,1619,May,,Europe,GHCD-APR-2247,legal,Johan van Oldenbarnevelt was executed in The Hague after being convicted of treason.,Execution of Johan van Oldenbarnevelt,"May 13, 1619 CE",https://en.wikipedia.org/wiki/May_13,1619-05-13,The Hague,"May 13, 1619",Wikipedia — May 13,exact,Execution,Netherlands,Gregorian (date-page convention),complete,Johan van Oldenbarnevelt,Dutch Republic,National,"Secondary, community-edited reference",20,verified against date-page source,20,7
13,CE,1779,May,,Europe,GHCD-APR-2248,political,"Russian and French mediators at the Congress of Teschen negotiated an end to the War of the Bavarian Succession, and Austria acquired the Innviertel.",Congress of Teschen ends the Bavarian Succession War,"May 13, 1779 CE",https://en.wikipedia.org/wiki/May_13,1779-05-13,Teschen,"May 13, 1779",Wikipedia — May 13,exact,Peace settlement,Austria,Gregorian (date-page convention),complete,,Austria; Bavaria; Russian Empire; France,International,"Secondary, community-edited reference",20,verified against date-page source,20,8
13,CE,1780,May,,North America,GHCD-APR-2249,legal,"Leaders of settlers in the Cumberland River area signed the Cumberland Compact, establishing democratic government and a formal system of justice.",Signing of the Cumberland Compact,"May 13, 1780 CE",https://en.wikipedia.org/wiki/May_13,1780-05-13,Cumberland River area,"May 13, 1780",Wikipedia — May 13,exact,Government founding,United States,Gregorian (date-page convention),complete,,Cumberland settlers,Regional,"Secondary, community-edited reference",20,verified against date-page source,20,6
13,CE,1791,May,,Asia,GHCD-APR-2250,military,British forces under Charles Cornwallis defeated a Mysorean army under Tipu Sultan at the Battle of Arakere.,Battle of Arakere,"May 13, 1791 CE",https://en.wikipedia.org/wiki/May_13,1791-05-13,Arakere,"May 13, 1791",Wikipedia — May 13,exact,Anglo-Mysore conflict,India,Gregorian (date-page convention),complete,Charles Cornwallis; Tipu Sultan,British forces; Kingdom of Mysore,Regional,"Secondary, community-edited reference",20,verified against date-page source,20,7
13,CE,1830,May,,South America,GHCD-APR-2251,political,Ecuador gained its independence from Gran Colombia.,Ecuador gains independence,"May 13, 1830 CE",https://en.wikipedia.org/wiki/May_13,1830-05-13,,"May 13, 1830",Wikipedia — May 13,exact,Independence,Ecuador,Gregorian (date-page convention),complete,,Gran Colombia,National,"Secondary, community-edited reference",20,verified against date-page source,20,8
13,CE,1846,May,,North America,GHCD-APR-2252,military,The United States declared war on the Federal Republic of Mexico following a dispute involving the annexation of Texas and a Mexican military incursion.,United States declares war on Mexico,"May 13, 1846 CE",https://en.wikipedia.org/wiki/May_13,1846-05-13,,"May 13, 1846",Wikipedia — May 13,exact,War declaration,United States,Gregorian (date-page convention),complete,,United States; Federal Republic of Mexico,International,"Secondary, community-edited reference",20,verified against date-page source,20,9
13,CE,1858,May,,Europe,GHCD-APR-2253,military,Montenegrin forces under Grand Duke Mirko Petrović-Njegoš defeated an Ottoman army under Hussein Pasha at the Battle of Grahovac.,Battle of Grahovac,"May 13, 1858 CE",https://en.wikipedia.org/wiki/May_13,1858-05-13,Grahovac,"May 13, 1858",Wikipedia — May 13,exact,National independence conflict,Montenegro,Gregorian (date-page convention),complete,Mirko Petrović-Njegoš; Hussein Pasha,Montenegro; Ottoman Empire,Regional,"Secondary, community-edited reference",20,verified against date-page source,20,7
13,CE,1861,May,,Oceania,GHCD-APR-2254,scientific,John Tebbutt discovered the Great Comet of 1861 at Windsor in New South Wales.,Discovery of the Great Comet of 1861,"May 13, 1861 CE",https://en.wikipedia.org/wiki/May_13,1861-05-13,Windsor,"May 13, 1861",Wikipedia — May 13,exact,Astronomical discovery,Australia,Gregorian (date-page convention),complete,John Tebbutt,,International,"Secondary, community-edited reference",20,verified against date-page source,20,7
13,CE,1861,May,,Asia,GHCD-APR-2255,technology,The first railway line in what is now Pakistan opened between Karachi and Kotri.,Opening of Pakistan's first railway line,"May 13, 1861 CE",https://en.wikipedia.org/wiki/May_13,1861-05-13,Karachi–Kotri,"May 13, 1861",Wikipedia — May 13,exact,Railway infrastructure,Pakistan,Gregorian (date-page convention),complete,,British India,National,"Secondary, community-edited reference",20,verified against date-page source,20,7
13,CE,1862,May,,North America,GHCD-APR-2256,military,"Robert Smalls stole the steamboat Planter, took it through Confederate lines, and handed it to the United States Navy, which commissioned it as USS Planter and appointed him captain.",Robert Smalls captures the Planter,"May 13, 1862 CE",https://en.wikipedia.org/wiki/May_13,1862-05-13,,"May 13, 1862",Wikipedia — May 13,exact,Civil War escape,United States,Gregorian (date-page convention),complete,Robert Smalls,United States Navy; Confederate States,National,"Secondary, community-edited reference",20,verified against date-page source,20,8
13,CE,1888,May,,South America,GHCD-APR-2257,legal,"The Empire of Brazil abolished slavery through the passage of the Lei Áurea, or Golden Law.",Abolition of slavery in Brazil,"May 13, 1888 CE",https://en.wikipedia.org/wiki/May_13,1888-05-13,,"May 13, 1888",Wikipedia — May 13,exact,Abolition of slavery,Brazil,Gregorian (date-page convention),complete,,Empire of Brazil,National,"Secondary, community-edited reference",20,verified against date-page source,20,9
13,CE,1912,May,,Europe,GHCD-APR-2258,military,"The Royal Flying Corps, forerunner of the Royal Air Force, was established in the United Kingdom.",Establishment of the Royal Flying Corps,"May 13, 1912 CE",https://en.wikipedia.org/wiki/May_13,1912-05-13,,"May 13, 1912",Wikipedia — May 13,exact,Air force establishment,United Kingdom,Gregorian (date-page convention),complete,,Royal Flying Corps,International,"Secondary, community-edited reference",20,verified against date-page source,20,8
13,CE,1940,May,,Europe,GHCD-APR-2259,military,"During World War II, the German army crossed the Meuse as Germany's conquest of France began, while Winston Churchill delivered his “blood, toil, tears, and sweat” speech to the House of Commons.",German crossing of the Meuse,"May 13, 1940 CE",https://en.wikipedia.org/wiki/May_13,1940-05-13,Meuse,"May 13, 1940",Wikipedia — May 13,exact,World War II offensive,France,Gregorian (date-page convention),complete,Winston Churchill,Nazi Germany; United Kingdom,International,"Secondary, community-edited reference",20,verified against date-page source,20,9
13,CE,1943,May,,Africa,GHCD-APR-2260,military,World War II operations Vulcan and Strike forced the surrender of the last Axis troops in Tunisia.,Axis surrender in Tunisia,"May 13, 1943 CE",https://en.wikipedia.org/wiki/May_13,1943-05-13,Tunisia,"May 13, 1943",Wikipedia — May 13,exact,World War II surrender,Tunisia,Gregorian (date-page convention),complete,,Axis powers; Allied powers,International,"Secondary, community-edited reference",20,verified against date-page source,20,9
14,CE,1097,May,Historical date rendered in the date-page Gregorian convention; pre-Gregorian local-calendar conversion may differ.,Middle East,GHCD-APR-2261,military,The Siege of Nicaea begins during the First Crusade.,Siege of Nicaea begins,"May 14, 1097 CE",https://en.wikipedia.org/wiki/May_14,1097-05-14,Nicaea,"May 14, 1097",Wikipedia — May 14,exact,First Crusade,Turkey,Gregorian (date-page convention),complete,,First Crusade,International,"Secondary, community-edited reference",20,verified against date-page source,20,8
14,CE,1264,May,Historical date rendered in the date-page Gregorian convention; pre-Gregorian local-calendar conversion may differ.,Europe,GHCD-APR-2262,military,"Henry III of England is captured and forced to sign the Mise of Lewes, making Simon de Montfort the effective ruler of England.",Battle of Lewes,"May 14, 1264 CE",https://en.wikipedia.org/wiki/May_14,1264-05-14,Lewes,"May 14, 1264",Wikipedia — May 14,exact,English civil conflict,United Kingdom,Gregorian (date-page convention),complete,Henry III of England; Simon de Montfort,Kingdom of England,National,"Secondary, community-edited reference",20,verified against date-page source,20,8
14,CE,1509,May,Historical date rendered in the date-page Gregorian convention; pre-Gregorian local-calendar conversion may differ.,Europe,GHCD-APR-2263,military,French forces defeat the Republic of Venice in northern Italy.,Battle of Agnadello,"May 14, 1509 CE",https://en.wikipedia.org/wiki/May_14,1509-05-14,Agnadello,"May 14, 1509",Wikipedia — May 14,exact,Italian Wars,Italy,Gregorian (date-page convention),complete,,Republic of Venice,International,"Secondary, community-edited reference",20,verified against date-page source,20,7
14,CE,1607,May,,North America,GHCD-APR-2264,exploration,"English colonists establish James Fort, which would become Jamestown, Virginia, the earliest permanent English settlement in the Americas.",Establishment of Jamestown,"May 14, 1607 CE",https://en.wikipedia.org/wiki/May_14,1607-05-14,Jamestown,"May 14, 1607",Wikipedia — May 14,exact,Colonial settlement,United States,Gregorian (date-page convention),complete,,English colonies,International,"Secondary, community-edited reference",20,verified against date-page source,20,9
14,CE,1610,May,,Europe,GHCD-APR-2265,political,"Henry IV of France is assassinated by François Ravaillac, and Louis XIII ascends the throne.",Assassination of Henry IV,"May 14, 1610 CE",https://en.wikipedia.org/wiki/May_14,1610-05-14,Paris,"May 14, 1610",Wikipedia — May 14,exact,Royal succession,France,Gregorian (date-page convention),complete,Henry IV of France; François Ravaillac; Louis XIII,Kingdom of France,National,"Secondary, community-edited reference",20,verified against date-page source,20,8
14,CE,1747,May,,Europe,GHCD-APR-2266,military,A British fleet under Admiral George Anson defeats the French at the First Battle of Cape Finisterre.,First Battle of Cape Finisterre,"May 14, 1747 CE",https://en.wikipedia.org/wiki/May_14,1747-05-14,Cape Finisterre,"May 14, 1747",Wikipedia — May 14,exact,War of the Austrian Succession,Spain,Gregorian (date-page convention),complete,George Anson,Kingdom of Great Britain,International,"Secondary, community-edited reference",20,verified against date-page source,20,7
14,CE,1796,May,,Europe,GHCD-APR-2267,scientific,Edward Jenner administers the first smallpox inoculation.,First smallpox inoculation,"May 14, 1796 CE",https://en.wikipedia.org/wiki/May_14,1796-05-14,,"May 14, 1796",Wikipedia — May 14,exact,Medicine,United Kingdom,Gregorian (date-page convention),complete,Edward Jenner,,Global,"Secondary, community-edited reference",20,verified against date-page source,20,10
14,CE,1804,May,,North America,GHCD-APR-2268,exploration,"William Clark and 42 men depart from Camp Dubois to join Meriwether Lewis at St Charles, Missouri, marking the beginning of the expedition's journey up the Missouri River.",Lewis and Clark Expedition begins,"May 14, 1804 CE",https://en.wikipedia.org/wiki/May_14,1804-05-14,Camp Dubois,"May 14, 1804",Wikipedia — May 14,exact,Overland expedition,United States,Gregorian (date-page convention),complete,William Clark; Meriwether Lewis,United States,National,"Secondary, community-edited reference",20,verified against date-page source,20,8
14,CE,1811,May,,South America,GHCD-APR-2269,political,"Pedro Juan Caballero, Fulgencio Yegros and José Gaspar Rodríguez de Francia start actions to depose the Spanish governor.",Paraguayan actions against Spanish rule,"May 14, 1811 CE",https://en.wikipedia.org/wiki/May_14,1811-05-14,,"May 14, 1811",Wikipedia — May 14,exact,Independence movement,Paraguay,Gregorian (date-page convention),complete,Pedro Juan Caballero; Fulgencio Yegros; José Gaspar Rodríguez de Francia,Spanish colonial government,National,"Secondary, community-edited reference",20,verified against date-page source,20,7
14,CE,1832,May,,North America,GHCD-APR-2270,military,"The Battle of Stillman's Run, the first battle of the Black Hawk War, is fought.",Battle of Stillman's Run,"May 14, 1832 CE",https://en.wikipedia.org/wiki/May_14,1832-05-14,Stillman's Run,"May 14, 1832",Wikipedia — May 14,exact,Black Hawk War,United States,Gregorian (date-page convention),complete,,United States,National,"Secondary, community-edited reference",20,verified against date-page source,20,7
14,CE,1842,May,,Europe,GHCD-APR-2271,cultural,"The first edition of The Illustrated London News, the world's first illustrated weekly news magazine, is published.",First edition of The Illustrated London News,"May 14, 1842 CE",https://en.wikipedia.org/wiki/May_14,1842-05-14,London,"May 14, 1842",Wikipedia — May 14,exact,Mass media,United Kingdom,Gregorian (date-page convention),complete,,,Global,"Secondary, community-edited reference",20,verified against date-page source,20,8
14,CE,1857,May,,Asia,GHCD-APR-2272,political,Mindon Min is crowned as King of Burma in Mandalay.,Mindon Min crowned king of Burma,"May 14, 1857 CE",https://en.wikipedia.org/wiki/May_14,1857-05-14,Mandalay,"May 14, 1857",Wikipedia — May 14,exact,Monarchy,Myanmar,Gregorian (date-page convention),complete,Mindon Min,Konbaung dynasty,National,"Secondary, community-edited reference",20,verified against date-page source,20,7
14,CE,1863,May,,North America,GHCD-APR-2273,military,"During the Vicksburg campaign, Union forces drive Confederates under Joseph E. Johnston out of Jackson, Mississippi.",Battle of Jackson,"May 14, 1863 CE",https://en.wikipedia.org/wiki/May_14,1863-05-14,Jackson,"May 14, 1863",Wikipedia — May 14,exact,American Civil War,United States,Gregorian (date-page convention),complete,Joseph E. Johnston,Confederate States of America,National,"Secondary, community-edited reference",20,verified against date-page source,20,8
14,CE,1879,May,,Oceania,GHCD-APR-2274,social,The first group of 463 Indian indentured laborers arrives in Fiji aboard the Leonidas.,Arrival of Indian indentured laborers in Fiji,"May 14, 1879 CE",https://en.wikipedia.org/wiki/May_14,1879-05-14,,"May 14, 1879",Wikipedia — May 14,exact,Indentured labor migration,Fiji,Gregorian (date-page convention),complete,,British colonial administration,Regional,"Secondary, community-edited reference",20,verified against date-page source,20,8
14,CE,1900,May,,Europe,GHCD-APR-2275,cultural,"The World Amateur championship opens at the Paris Exposition Universelle, also known as the Olympic Games.",Opening of the World Amateur championship,"May 14, 1900 CE",https://en.wikipedia.org/wiki/May_14,1900-05-14,Paris,"May 14, 1900",Wikipedia — May 14,exact,International sport,France,Gregorian (date-page convention),complete,,,International,"Secondary, community-edited reference",20,verified against date-page source,20,7
14,CE,1913,May,,North America,GHCD-APR-2276,economic,"Governor William Sulzer approves the charter for the Rockefeller Foundation, which begins operations with a $100 million donation from John D. Rockefeller.",Rockefeller Foundation charter approved,"May 14, 1913 CE",https://en.wikipedia.org/wiki/May_14,1913-05-14,New York,"May 14, 1913",Wikipedia — May 14,exact,Philanthropic foundation,United States,Gregorian (date-page convention),complete,William Sulzer; John D. Rockefeller,Rockefeller Foundation,International,"Secondary, community-edited reference",20,verified against date-page source,20,8
14,CE,1931,May,,Europe,GHCD-APR-2277,social,Five unarmed civilians are killed when the Swedish military is called in to deal with protesting workers.,Ådalen shootings,"May 14, 1931 CE",https://en.wikipedia.org/wiki/May_14,1931-05-14,Ådalen,"May 14, 1931",Wikipedia — May 14,exact,Labor protest,Sweden,Gregorian (date-page convention),complete,,Swedish military,National,"Secondary, community-edited reference",20,verified against date-page source,20,8
14,CE,1940,May,,Europe,GHCD-APR-2278,military,"The Luftwaffe of Nazi Germany bombs Rotterdam despite a ceasefire, killing about 900 people and destroying the historic city center.",Bombing of Rotterdam,"May 14, 1940 CE",https://en.wikipedia.org/wiki/May_14,1940-05-14,Rotterdam,"May 14, 1940",Wikipedia — May 14,exact,World War II bombing,Netherlands,Gregorian (date-page convention),complete,,Nazi Germany,International,"Secondary, community-edited reference",20,verified against date-page source,20,9
14,CE,1948,May,,Middle East,GHCD-APR-2279,political,"Israel is declared an independent state and a provisional government is established, after which neighboring Arab states attack it.",Declaration of Israeli independence,"May 14, 1948 CE",https://en.wikipedia.org/wiki/May_14,1948-05-14,,"May 14, 1948",Wikipedia — May 14,exact,State independence,Israel,Gregorian (date-page convention),complete,,State of Israel,International,"Secondary, community-edited reference",20,verified against date-page source,20,10
14,CE,1955,May,,Europe,GHCD-APR-2280,political,"Eight Communist bloc countries, including the Soviet Union, sign a mutual defense treaty called the Warsaw Pact.",Warsaw Pact signed,"May 14, 1955 CE",https://en.wikipedia.org/wiki/May_14,1955-05-14,Warsaw,"May 14, 1955",Wikipedia — May 14,exact,Military alliance,Poland,Gregorian (date-page convention),complete,,Warsaw Pact,International,"Secondary, community-edited reference",20,verified against date-page source,20,9
15,CE,221,May,Historical date rendered in the date-page Gregorian convention; pre-Gregorian local-calendar conversion may differ.,Asia,GHCD-APR-2281,political,"Chinese warlord Liu Bei proclaimed himself emperor of Shu Han, the successor to the Han dynasty.",Liu Bei proclaims emperor of Shu Han,"May 15, 221 CE",https://en.wikipedia.org/wiki/May_15,0221-05-15,,"May 15, 221",Wikipedia — May 15,exact,Imperial accession,China,Gregorian (date-page convention),complete,Liu Bei,Shu Han,National,"Secondary, community-edited reference",20,verified against date-page source,20,8
15,CE,392,May,Historical date rendered in the date-page Gregorian convention; pre-Gregorian local-calendar conversion may differ.,Europe,GHCD-APR-2282,political,Emperor Valentinian II was assassinated at Vienne while advancing into Gaul against the Frankish usurper Arbogast.,Assassination of Valentinian II,"May 15, 392 CE",https://en.wikipedia.org/wiki/May_15,0392-05-15,Vienne,"May 15, 392",Wikipedia — May 15,exact,Imperial assassination,France,Gregorian (date-page convention),complete,Valentinian II; Arbogast,Roman Empire,International,"Secondary, community-edited reference",20,verified against date-page source,20,8
15,CE,756,May,Historical date rendered in the date-page Gregorian convention; pre-Gregorian local-calendar conversion may differ.,Europe,GHCD-APR-2283,political,Abd al-Rahman I became emir of Cordova and founded the Arab dynasty that ruled much of Iberia for nearly three centuries.,Abd al-Rahman I becomes emir of Cordova,"May 15, 756 CE",https://en.wikipedia.org/wiki/May_15,0756-05-15,Cordova,"May 15, 756",Wikipedia — May 15,exact,Dynastic foundation,Spain,Gregorian (date-page convention),complete,Abd al-Rahman I,Emirate of Cordova,International,"Secondary, community-edited reference",20,verified against date-page source,20,9
15,CE,1252,May,Historical date rendered in the date-page Gregorian convention; pre-Gregorian local-calendar conversion may differ.,Europe,GHCD-APR-2284,legal,"Pope Innocent IV issued Ad extirpanda, authorizing but limiting the torture of heretics during the Medieval Inquisition.",Papal bull Ad extirpanda issued,"May 15, 1252 CE",https://en.wikipedia.org/wiki/May_15,1252-05-15,,"May 15, 1252",Wikipedia — May 15,exact,Ecclesiastical law,Italy,Gregorian (date-page convention),complete,Pope Innocent IV,Catholic Church,International,"Secondary, community-edited reference",20,verified against date-page source,20,8
15,CE,1525,May,Historical date rendered in the date-page Gregorian convention; pre-Gregorian local-calendar conversion may differ.,Europe,GHCD-APR-2285,military,"Insurgent peasants led by Thomas Müntzer were defeated at Frankenhausen, ending the German Peasants' War in the Holy Roman Empire.",Battle of Frankenhausen,"May 15, 1525 CE",https://en.wikipedia.org/wiki/May_15,1525-05-15,Frankenhausen,"May 15, 1525",Wikipedia — May 15,exact,Peasant revolt,Germany,Gregorian (date-page convention),complete,Thomas Müntzer,Holy Roman Empire,National,"Secondary, community-edited reference",20,verified against date-page source,20,8
15,CE,1571,May,Historical date rendered in the date-page Gregorian convention; pre-Gregorian local-calendar conversion may differ.,Europe,GHCD-APR-2286,military,"Venice, Spain, Naples, the Papal States, and other Italian states established the Holy League to fight the Ottomans.",Holy League established,"May 15, 1571 CE",https://en.wikipedia.org/wiki/May_15,1571-05-15,,"May 15, 1571",Wikipedia — May 15,exact,Military alliance,Italy,Gregorian (date-page convention),complete,,Holy League,International,"Secondary, community-edited reference",20,verified against date-page source,20,8
15,CE,1602,May,,North America,GHCD-APR-2287,exploration,English navigator Bartholomew Gosnold sighted Cape Cod.,Cape Cod sighted by Bartholomew Gosnold,"May 15, 1602 CE",https://en.wikipedia.org/wiki/May_15,1602-05-15,Cape Cod,"May 15, 1602",Wikipedia — May 15,exact,Maritime exploration,United States,Gregorian (date-page convention),complete,Bartholomew Gosnold,,International,"Secondary, community-edited reference",20,verified against date-page source,20,7
15,CE,1648,May,,Europe,GHCD-APR-2288,political,"The Peace of Münster was ratified, with Spain acknowledging Dutch sovereignty.",Peace of Münster ratified,"May 15, 1648 CE",https://en.wikipedia.org/wiki/May_15,1648-05-15,Münster,"May 15, 1648",Wikipedia — May 15,exact,Peace treaty,Netherlands,Gregorian (date-page convention),complete,,Dutch Republic,International,"Secondary, community-edited reference",20,verified against date-page source,20,9
15,CE,1836,May,,Global,GHCD-APR-2289,scientific,Francis Baily observed Baily's beads during an annular eclipse.,Baily's beads observed,"May 15, 1836 CE",https://en.wikipedia.org/wiki/May_15,1836-05-15,,"May 15, 1836",Wikipedia — May 15,exact,Astronomical observation,,Gregorian (date-page convention),complete,Francis Baily,,International,"Secondary, community-edited reference",20,verified against date-page source,20,7
15,CE,1851,May,,Oceania,GHCD-APR-2290,economic,"The first Australian gold rush was proclaimed, although the discovery had occurred three months earlier.",Australian gold rush proclaimed,"May 15, 1851 CE",https://en.wikipedia.org/wiki/May_15,1851-05-15,,"May 15, 1851",Wikipedia — May 15,exact,Gold rush,Australia,Gregorian (date-page convention),complete,,,National,"Secondary, community-edited reference",20,verified against date-page source,20,8
15,CE,1891,May,,Europe,GHCD-APR-2291,social,"Pope Leo XIII defended workers' rights and property rights in the encyclical Rerum novarum, beginning modern Catholic social teaching.",Rerum novarum published,"May 15, 1891 CE",https://en.wikipedia.org/wiki/May_15,1891-05-15,Rome,"May 15, 1891",Wikipedia — May 15,exact,Social doctrine,Vatican City,Gregorian (date-page convention),complete,Pope Leo XIII,Catholic Church,International,"Secondary, community-edited reference",20,verified against date-page source,20,9
15,CE,1911,May,,North America,GHCD-APR-2292,legal,The United States Supreme Court declared Standard Oil an unreasonable monopoly under the Sherman Antitrust Act and ordered its breakup.,Standard Oil ordered broken up,"May 15, 1911 CE",https://en.wikipedia.org/wiki/May_15,1911-05-15,"Washington, D.C.","May 15, 1911",Wikipedia — May 15,exact,Antitrust ruling,United States,Gregorian (date-page convention),complete,,United States Supreme Court; Standard Oil,National,"Secondary, community-edited reference",20,verified against date-page source,20,9
15,CE,1919,May,,North America,GHCD-APR-2293,social,"The Winnipeg general strike began, and almost the entire working population had walked off the job by 11:00.",Winnipeg general strike begins,"May 15, 1919 CE",https://en.wikipedia.org/wiki/May_15,1919-05-15,Winnipeg,"May 15, 1919",Wikipedia — May 15,exact,General strike,Canada,Gregorian (date-page convention),complete,,,National,"Secondary, community-edited reference",20,verified against date-page source,20,8
15,CE,1932,May,,Asia,GHCD-APR-2294,political,Japanese Prime Minister Inukai Tsuyoshi was assassinated during an attempted coup d'état.,Assassination of Inukai Tsuyoshi,"May 15, 1932 CE",https://en.wikipedia.org/wiki/May_15,1932-05-15,,"May 15, 1932",Wikipedia — May 15,exact,Political assassination,Japan,Gregorian (date-page convention),complete,Inukai Tsuyoshi,Empire of Japan,National,"Secondary, community-edited reference",20,verified against date-page source,20,8
15,CE,1940,May,,Europe,GHCD-APR-2295,military,"Dutch troops surrendered to Germany after fierce fighting, beginning five years of occupation.",Dutch surrender in World War II,"May 15, 1940 CE",https://en.wikipedia.org/wiki/May_15,1940-05-15,,"May 15, 1940",Wikipedia — May 15,exact,World War II surrender,Netherlands,Gregorian (date-page convention),complete,,Nazi Germany,International,"Secondary, community-edited reference",20,verified against date-page source,20,9
15,CE,1941,May,,Europe,GHCD-APR-2296,technology,The Gloster E.28/39 made its first flight as the first British and Allied jet aircraft.,First flight of the Gloster E.28/39,"May 15, 1941 CE",https://en.wikipedia.org/wiki/May_15,1941-05-15,,"May 15, 1941",Wikipedia — May 15,exact,Jet aviation,United Kingdom,Gregorian (date-page convention),complete,,,International,"Secondary, community-edited reference",20,verified against date-page source,20,9
15,CE,1942,May,,North America,GHCD-APR-2297,legal,A bill creating the Women's Army Auxiliary Corps was signed into law in the United States.,WAAC creation signed into law,"May 15, 1942 CE",https://en.wikipedia.org/wiki/May_15,1942-05-15,"Washington, D.C.","May 15, 1942",Wikipedia — May 15,exact,Military legislation,United States,Gregorian (date-page convention),complete,,United States Army,National,"Secondary, community-edited reference",20,verified against date-page source,20,8
15,CE,1948,May,,Middle East,GHCD-APR-2298,military,"Egypt, Transjordan, Lebanon, Syria, Iraq, and Saudi Arabia invaded Israel after the expiration of the British Mandate for Palestine, beginning the 1948 Arab–Israeli War.",Arab–Israeli War begins,"May 15, 1948 CE",https://en.wikipedia.org/wiki/May_15,1948-05-15,,"May 15, 1948",Wikipedia — May 15,exact,Regional war,Israel,Gregorian (date-page convention),complete,,State of Israel; Arab states,International,"Secondary, community-edited reference",20,verified against date-page source,20,10
15,CE,1963,May,,North America,GHCD-APR-2299,exploration,"Mercury-Atlas 9 launched with Gordon Cooper aboard, making him the first American to spend more than a day in space.",Mercury-Atlas 9 launched,"May 15, 1963 CE",https://en.wikipedia.org/wiki/May_15,1963-05-15,,"May 15, 1963",Wikipedia — May 15,exact,Human spaceflight,United States,Gregorian (date-page convention),complete,Gordon Cooper,Project Mercury; NASA,Global,"Secondary, community-edited reference",20,verified against date-page source,20,9
15,CE,1972,May,,Asia,GHCD-APR-2300,political,The Ryukyu Islands reverted to Japanese control after having been under United States military governance since 1945.,Ryukyu Islands return to Japan,"May 15, 1972 CE",https://en.wikipedia.org/wiki/May_15,1972-05-15,,"May 15, 1972",Wikipedia — May 15,exact,Transfer of administration,Japan,Gregorian (date-page convention),complete,,United States,International,"Secondary, community-edited reference",20,verified against date-page source,20,8
16,CE,946,May,Historical date rendered in the date-page Gregorian convention; pre-Gregorian local-calendar conversion may differ.,Asia,GHCD-APR-2301,political,"Emperor Suzaku abdicated in favor of his brother Murakami, who became the 62nd emperor of Japan.",Emperor Suzaku abdicates,"May 16, 946 CE",https://en.wikipedia.org/wiki/May_16,0946-05-16,,"May 16, 946",Wikipedia — May 16,exact,Imperial succession,Japan,Gregorian (date-page convention),complete,Emperor Suzaku; Murakami,Japan,National,"Secondary, community-edited reference",20,verified against date-page source,20,6
16,CE,999,May,Historical date rendered in the date-page Gregorian convention; pre-Gregorian local-calendar conversion may differ.,Asia,GHCD-APR-2302,military,Mahmud of Ghazni defeated Samanid Emir Mansur II in battle at Merv.,Battle of Merv,"May 16, 999 CE",https://en.wikipedia.org/wiki/May_16,0999-05-16,Merv,"May 16, 999",Wikipedia — May 16,exact,Battle,Turkmenistan,Gregorian (date-page convention),complete,Mahmud of Ghazni; Mansur II,Ghaznavid Empire; Samanid Empire,Regional,"Secondary, community-edited reference",20,verified against date-page source,20,6
16,CE,1204,May,Historical date rendered in the date-page Gregorian convention; pre-Gregorian local-calendar conversion may differ.,Europe,GHCD-APR-2303,political,"Baldwin IX, Count of Flanders, was crowned the first Emperor of the Latin Empire.",Baldwin IX crowned emperor,"May 16, 1204 CE",https://en.wikipedia.org/wiki/May_16,1204-05-16,Constantinople,"May 16, 1204",Wikipedia — May 16,exact,Imperial founding,Turkey,Gregorian (date-page convention),complete,Baldwin IX,Latin Empire,International,"Secondary, community-edited reference",20,verified against date-page source,20,7
16,CE,1364,May,Historical date rendered in the date-page Gregorian convention; pre-Gregorian local-calendar conversion may differ.,Europe,GHCD-APR-2304,military,Bertrand du Guesclin and a French army defeated the Anglo-Navarrese army of Charles the Bad at Cocherel.,Battle of Cocherel,"May 16, 1364 CE",https://en.wikipedia.org/wiki/May_16,1364-05-16,Cocherel,"May 16, 1364",Wikipedia — May 16,exact,Hundred Years' War battle,France,Gregorian (date-page convention),complete,Bertrand du Guesclin; Charles the Bad,Kingdom of France,Regional,"Secondary, community-edited reference",20,verified against date-page source,20,7
16,CE,1527,May,Historical date rendered in the date-page Gregorian convention; pre-Gregorian local-calendar conversion may differ.,Europe,GHCD-APR-2305,political,The Florentines drove out the Medici for a second time and re-established Florence as a republic.,Florence re-establishes its republic,"May 16, 1527 CE",https://en.wikipedia.org/wiki/May_16,1527-05-16,Florence,"May 16, 1527",Wikipedia — May 16,exact,Republican restoration,Italy,Gregorian (date-page convention),complete,Medici,Republic of Florence; Medici,National,"Secondary, community-edited reference",20,verified against date-page source,20,7
16,CE,1568,May,Historical date rendered in the date-page Gregorian convention; pre-Gregorian local-calendar conversion may differ.,Europe,GHCD-APR-2306,political,"Mary, Queen of Scots, fled to England.","Mary, Queen of Scots flees to England","May 16, 1568 CE",https://en.wikipedia.org/wiki/May_16,1568-05-16,,"May 16, 1568",Wikipedia — May 16,exact,Dynastic exile,United Kingdom,Gregorian (date-page convention),complete,"Mary, Queen of Scots",Kingdom of Scotland; Kingdom of England,International,"Secondary, community-edited reference",20,verified against date-page source,20,7
16,CE,1739,May,,Asia,GHCD-APR-2307,military,The Battle of Vasai concluded with the Marathas defeating the Portuguese army.,Battle of Vasai,"May 16, 1739 CE",https://en.wikipedia.org/wiki/May_16,1739-05-16,Vasai,"May 16, 1739",Wikipedia — May 16,exact,Colonial battle,India,Gregorian (date-page convention),complete,,Maratha Empire; Portuguese Empire,Regional,"Secondary, community-edited reference",20,verified against date-page source,20,7
16,CE,1812,May,,Europe,GHCD-APR-2308,legal,"Imperial Russia signed the Treaty of Bucharest, ending the Russo-Turkish War and transferring Bessarabia to Russia.",Treaty of Bucharest,"May 16, 1812 CE",https://en.wikipedia.org/wiki/May_16,1812-05-16,Bucharest,"May 16, 1812",Wikipedia — May 16,exact,Peace treaty,Romania,Gregorian (date-page convention),complete,,Russian Empire; Ottoman Empire,International,"Secondary, community-edited reference",20,verified against date-page source,20,8
16,CE,1832,May,,South America,GHCD-APR-2309,economic,"Juan Godoy discovered rich silver outcrops at Chañarcillo, sparking the Chilean silver rush.",Chañarcillo silver discovery,"May 16, 1832 CE",https://en.wikipedia.org/wiki/May_16,1832-05-16,Chañarcillo,"May 16, 1832",Wikipedia — May 16,exact,Mining discovery,Chile,Gregorian (date-page convention),complete,Juan Godoy,,National,"Secondary, community-edited reference",20,verified against date-page source,20,7
16,CE,1842,May,,North America,GHCD-APR-2310,exploration,"The first major wagon train heading for the Pacific Northwest set out from Elm Grove, Missouri, with 100 pioneers.",Oregon Trail wagon train departs,"May 16, 1842 CE",https://en.wikipedia.org/wiki/May_16,1842-05-16,"Elm Grove, Missouri","May 16, 1842",Wikipedia — May 16,exact,Westward migration,United States,Gregorian (date-page convention),complete,,,National,"Secondary, community-edited reference",20,verified against date-page source,20,7
16,CE,1863,May,,North America,GHCD-APR-2311,military,Ulysses S. Grant's Union forces defeated the Confederate army under John C. Pemberton during the Vicksburg campaign.,Battle of Champion Hill,"May 16, 1863 CE",https://en.wikipedia.org/wiki/May_16,1863-05-16,"Champion Hill, Mississippi","May 16, 1863",Wikipedia — May 16,exact,American Civil War battle,United States,Gregorian (date-page convention),complete,Ulysses S. Grant; John C. Pemberton,Union; Confederate States of America,National,"Secondary, community-edited reference",20,verified against date-page source,20,8
16,CE,1866,May,,North America,GHCD-APR-2312,economic,The United States Congress established the nickel.,United States Congress establishes the nickel,"May 16, 1866 CE",https://en.wikipedia.org/wiki/May_16,1866-05-16,"Washington, D.C.","May 16, 1866",Wikipedia — May 16,exact,Currency,United States,Gregorian (date-page convention),complete,,United States Congress,National,"Secondary, community-edited reference",20,verified against date-page source,20,5
16,CE,1874,May,,North America,GHCD-APR-2313,disaster,A flood on the Mill River in Massachusetts destroyed much of four villages and killed 139 people.,Mill River flood,"May 16, 1874 CE",https://en.wikipedia.org/wiki/May_16,1874-05-16,"Mill River, Massachusetts","May 16, 1874",Wikipedia — May 16,exact,Flood,United States,Gregorian (date-page convention),complete,,,Regional,"Secondary, community-edited reference",20,verified against date-page source,20,7
16,CE,1888,May,,North America,GHCD-APR-2314,technology,Nikola Tesla delivered a lecture describing equipment for efficiently generating and using alternating current to transmit electric power over long distances.,Tesla lectures on alternating current,"May 16, 1888 CE",https://en.wikipedia.org/wiki/May_16,1888-05-16,,"May 16, 1888",Wikipedia — May 16,exact,Electrical engineering,United States,Gregorian (date-page convention),complete,Nikola Tesla,,International,"Secondary, community-edited reference",20,verified against date-page source,20,8
16,CE,1916,May,,Middle East,GHCD-APR-2315,political,The United Kingdom and France signed the secret wartime Sykes-Picot Agreement partitioning former Ottoman territories such as Iraq and Syria.,Sykes-Picot Agreement signed,"May 16, 1916 CE",https://en.wikipedia.org/wiki/May_16,1916-05-16,,"May 16, 1916",Wikipedia — May 16,exact,Secret wartime agreement,United Kingdom,Gregorian (date-page convention),complete,,United Kingdom of Great Britain and Ireland; French Third Republic; Ottoman Empire,International,"Secondary, community-edited reference",20,verified against date-page source,20,9
16,CE,1918,May,,North America,GHCD-APR-2316,legal,"The United States Congress passed the Sedition Act of 1918, making wartime criticism of the government an imprisonable offense.",Sedition Act of 1918 passed,"May 16, 1918 CE",https://en.wikipedia.org/wiki/May_16,1918-05-16,"Washington, D.C.","May 16, 1918",Wikipedia — May 16,exact,Wartime speech law,United States,Gregorian (date-page convention),complete,,United States Congress,National,"Secondary, community-edited reference",20,verified against date-page source,20,7
16,CE,1919,May,,North America,GHCD-APR-2317,exploration,"A naval Curtiss NC-4 aircraft commanded by Albert Cushing Read left Trepassey, Newfoundland, for Lisbon via the Azores on the first transatlantic flight.",First transatlantic flight leg departs,"May 16, 1919 CE",https://en.wikipedia.org/wiki/May_16,1919-05-16,Trepassey,"May 16, 1919",Wikipedia — May 16,exact,Aviation milestone,Canada,Gregorian (date-page convention),complete,Albert Cushing Read,United States Navy,Global,"Secondary, community-edited reference",20,verified against date-page source,20,9
16,CE,1929,May,,North America,GHCD-APR-2318,cultural,The first Academy Awards ceremony took place in Hollywood.,First Academy Awards ceremony,"May 16, 1929 CE",https://en.wikipedia.org/wiki/May_16,1929-05-16,Hollywood,"May 16, 1929",Wikipedia — May 16,exact,Film awards,United States,Gregorian (date-page convention),complete,,Academy of Motion Picture Arts and Sciences,Global,"Secondary, community-edited reference",20,verified against date-page source,20,8
16,CE,1943,May,,Europe,GHCD-APR-2319,military,The Warsaw Ghetto Uprising ended during the Holocaust.,Warsaw Ghetto Uprising ends,"May 16, 1943 CE",https://en.wikipedia.org/wiki/May_16,1943-05-16,Warsaw,"May 16, 1943",Wikipedia — May 16,exact,Ghetto resistance,Poland,Gregorian (date-page convention),complete,,Nazi Germany,International,"Secondary, community-edited reference",20,verified against date-page source,20,9
16,CE,1960,May,,North America,GHCD-APR-2320,scientific,"Theodore Maiman operated the first optical laser, a ruby laser, at Hughes Research Laboratories in Malibu, California.",First optical laser operated,"May 16, 1960 CE",https://en.wikipedia.org/wiki/May_16,1960-05-16,Malibu,"May 16, 1960",Wikipedia — May 16,exact,Laser technology,United States,Gregorian (date-page convention),complete,Theodore Maiman,Hughes Research Laboratories,Global,"Secondary, community-edited reference",20,verified against date-page source,20,9
17,CE,1395,May,Historical date rendered in the date-page Gregorian convention; pre-Gregorian local-calendar conversion may differ.,Europe,GHCD-APR-2321,military,The Wallachians defeated an invading Ottoman army.,Battle of Rovine,"May 17, 1395 CE",https://en.wikipedia.org/wiki/May_17,1395-05-17,Rovine,"May 17, 1395",Wikipedia — May 17,exact,battle,Romania,Gregorian (date-page convention),complete,,Wallachia; Ottoman Empire,Regional,"Secondary, community-edited reference",20,verified against date-page source,20,6
17,CE,1527,May,Historical date rendered in the date-page Gregorian convention; pre-Gregorian local-calendar conversion may differ.,North America,GHCD-APR-2322,exploration,Pánfilo de Narváez departed Spain to explore Florida with 600 men.,Narváez expedition departs for Florida,"May 17, 1527 CE",https://en.wikipedia.org/wiki/May_17,1527-05-17,Florida,"May 17, 1527",Wikipedia — May 17,exact,expedition,United States,Gregorian (date-page convention),complete,Pánfilo de Narváez,Spanish Empire,International,"Secondary, community-edited reference",20,verified against date-page source,20,6
17,CE,1536,May,Historical date rendered in the date-page Gregorian convention; pre-Gregorian local-calendar conversion may differ.,Europe,GHCD-APR-2323,legal,Henry VIII and Anne Boleyn's marriage was annulled.,Annulment of Henry VIII and Anne Boleyn's marriage,"May 17, 1536 CE",https://en.wikipedia.org/wiki/May_17,1536-05-17,,"May 17, 1536",Wikipedia — May 17,exact,royal marriage,United Kingdom,Gregorian (date-page convention),complete,Henry VIII; Anne Boleyn,Kingdom of England,National,"Secondary, community-edited reference",20,verified against date-page source,20,7
17,CE,1639,May,,Middle East,GHCD-APR-2324,political,The Treaty of Zuhab ended the fifteen-year war between the Ottomans and the Safavids.,Treaty of Zuhab,"May 17, 1639 CE",https://en.wikipedia.org/wiki/May_17,1639-05-17,Zuhab,"May 17, 1639",Wikipedia — May 17,exact,peace treaty,Iran,Gregorian (date-page convention),complete,,Ottoman Empire; Safavid Empire,International,"Secondary, community-edited reference",20,verified against date-page source,20,8
17,CE,1642,May,,North America,GHCD-APR-2325,exploration,"Paul de Chomedey, Sieur de Maisonneuve founded Ville-Marie de Montréal.",Founding of Ville-Marie,"May 17, 1642 CE",https://en.wikipedia.org/wiki/May_17,1642-05-17,Montreal,"May 17, 1642",Wikipedia — May 17,exact,colonial settlement,Canada,Gregorian (date-page convention),complete,"Paul de Chomedey, Sieur de Maisonneuve",New France,Regional,"Secondary, community-edited reference",20,verified against date-page source,20,7
17,CE,1673,May,,North America,GHCD-APR-2326,exploration,Louis Jolliet and Jacques Marquette began exploring the Mississippi River.,Jolliet and Marquette begin Mississippi exploration,"May 17, 1673 CE",https://en.wikipedia.org/wiki/May_17,1673-05-17,Mississippi River,"May 17, 1673",Wikipedia — May 17,exact,river exploration,United States,Gregorian (date-page convention),complete,Louis Jolliet; Jacques Marquette,New France,Regional,"Secondary, community-edited reference",20,verified against date-page source,20,7
17,CE,1756,May,,Europe,GHCD-APR-2327,military,The Seven Years' War formally began when Great Britain declared war on France.,Great Britain declares war on France,"May 17, 1756 CE",https://en.wikipedia.org/wiki/May_17,1756-05-17,,"May 17, 1756",Wikipedia — May 17,exact,war declaration,United Kingdom,Gregorian (date-page convention),complete,,Kingdom of Great Britain; Kingdom of France,International,"Secondary, community-edited reference",20,verified against date-page source,20,9
17,CE,1792,May,,North America,GHCD-APR-2328,economic,The New York Stock Exchange was formed under the Buttonwood Agreement.,Formation of the New York Stock Exchange,"May 17, 1792 CE",https://en.wikipedia.org/wiki/May_17,1792-05-17,New York City,"May 17, 1792",Wikipedia — May 17,exact,financial institution,United States,Gregorian (date-page convention),complete,,New York Stock Exchange,International,"Secondary, community-edited reference",20,verified against date-page source,20,8
17,CE,1814,May,,Europe,GHCD-APR-2329,political,The Constitution of Norway was signed and Christian Frederick was elected King of Norway.,Signing of the Constitution of Norway,"May 17, 1814 CE",https://en.wikipedia.org/wiki/May_17,1814-05-17,,"May 17, 1814",Wikipedia — May 17,exact,constitution,Norway,Gregorian (date-page convention),complete,Christian Frederick,Kingdom of Norway,National,"Secondary, community-edited reference",20,verified against date-page source,20,9
17,CE,1859,May,,Oceania,GHCD-APR-2330,cultural,Members of the Melbourne Football Club codified the first rules of Australian rules football.,Codification of Australian rules football,"May 17, 1859 CE",https://en.wikipedia.org/wiki/May_17,1859-05-17,Melbourne,"May 17, 1859",Wikipedia — May 17,exact,sport,Australia,Gregorian (date-page convention),complete,,Melbourne Football Club,International,"Secondary, community-edited reference",20,verified against date-page source,20,7
17,CE,1863,May,,North America,GHCD-APR-2331,military,"Union forces under John A. McClernand defeated a Confederate rearguard and captured around 1,700 men.",Battle of Big Black River Bridge,"May 17, 1863 CE",https://en.wikipedia.org/wiki/May_17,1863-05-17,Big Black River Bridge,"May 17, 1863",Wikipedia — May 17,exact,battle,United States,Gregorian (date-page convention),complete,John A. McClernand,Union; Confederate States,National,"Secondary, community-edited reference",20,verified against date-page source,20,7
17,CE,1865,May,,Europe,GHCD-APR-2332,technology,The International Telegraph Union was established in Paris.,Establishment of the International Telegraph Union,"May 17, 1865 CE",https://en.wikipedia.org/wiki/May_17,1865-05-17,Paris,"May 17, 1865",Wikipedia — May 17,exact,telecommunications organization,France,Gregorian (date-page convention),complete,,International Telegraph Union,International,"Secondary, community-edited reference",20,verified against date-page source,20,8
17,CE,1900,May,,North America,GHCD-APR-2333,cultural,L. Frank Baum's children's novel The Wonderful Wizard of Oz was first published in the United States.,Publication of The Wonderful Wizard of Oz,"May 17, 1900 CE",https://en.wikipedia.org/wiki/May_17,1900-05-17,,"May 17, 1900",Wikipedia — May 17,exact,literature,United States,Gregorian (date-page convention),complete,L. Frank Baum,,International,"Secondary, community-edited reference",20,verified against date-page source,20,8
17,CE,1902,May,,Europe,GHCD-APR-2334,scientific,"Greek archaeologist Valerios Stais discovered the Antikythera mechanism, an ancient mechanical analog computer.",Discovery of the Antikythera mechanism,"May 17, 1902 CE",https://en.wikipedia.org/wiki/May_17,1902-05-17,Antikythera,"May 17, 1902",Wikipedia — May 17,exact,archaeological discovery,Greece,Gregorian (date-page convention),complete,Valerios Stais,,Global,"Secondary, community-edited reference",20,verified against date-page source,20,9
17,CE,1937,May,,Europe,GHCD-APR-2335,political,"The Largo Caballero government resigned after the Barcelona May Days, leading Juan Negrín to form a government without the CNT.",Formation of the Negrín government,"May 17, 1937 CE",https://en.wikipedia.org/wiki/May_17,1937-05-17,Barcelona,"May 17, 1937",Wikipedia — May 17,exact,government change,Spain,Gregorian (date-page convention),complete,Francisco Largo Caballero; Juan Negrín,Spanish Republic,National,"Secondary, community-edited reference",20,verified against date-page source,20,8
17,CE,1940,May,,Europe,GHCD-APR-2336,military,"Germany occupied Brussels, Belgium, during World War II.",German occupation of Brussels,"May 17, 1940 CE",https://en.wikipedia.org/wiki/May_17,1940-05-17,Brussels,"May 17, 1940",Wikipedia — May 17,exact,occupation,Belgium,Gregorian (date-page convention),complete,,Nazi Germany,International,"Secondary, community-edited reference",20,verified against date-page source,20,8
17,CE,1954,May,,North America,GHCD-APR-2337,legal,The United States Supreme Court unanimously outlawed racial segregation in public schools.,Brown v. Board of Education decision,"May 17, 1954 CE",https://en.wikipedia.org/wiki/May_17,1954-05-17,"Washington, D.C.","May 17, 1954",Wikipedia — May 17,exact,civil rights,United States,Gregorian (date-page convention),complete,,Supreme Court of the United States,National,"Secondary, community-edited reference",20,verified against date-page source,20,10
17,CE,1969,May,,Global,GHCD-APR-2338,scientific,Soviet Venera 6 began its descent into Venus's atmosphere and sent back atmospheric data before being crushed by pressure.,Venera 6 begins descent into Venus's atmosphere,"May 17, 1969 CE",https://en.wikipedia.org/wiki/May_17,1969-05-17,Venus,"May 17, 1969",Wikipedia — May 17,exact,space exploration,Russia,Gregorian (date-page convention),complete,,Soviet Union; Venera program,Global,"Secondary, community-edited reference",20,verified against date-page source,20,9
17,CE,1974,May,,Europe,GHCD-APR-2339,disaster,"The Ulster Volunteer Force detonated four car bombs in Dublin and Monaghan, killing 33 civilians and injuring 300.",Dublin and Monaghan bombings,"May 17, 1974 CE",https://en.wikipedia.org/wiki/May_17,1974-05-17,Dublin; Monaghan,"May 17, 1974",Wikipedia — May 17,exact,terrorist bombing,Ireland,Gregorian (date-page convention),complete,,Ulster Volunteer Force,National,"Secondary, community-edited reference",20,verified against date-page source,20,9
17,CE,2004,May,,North America,GHCD-APR-2340,legal,The first legal same-sex marriages in the United States were performed in Massachusetts.,First legal same-sex marriages in the United States,"May 17, 2004 CE",https://en.wikipedia.org/wiki/May_17,2004-05-17,Massachusetts,"May 17, 2004",Wikipedia — May 17,exact,marriage equality,United States,Gregorian (date-page convention),complete,,Commonwealth of Massachusetts,National,"Secondary, community-edited reference",20,verified against date-page source,20,9
18,CE,332,May,Historical date rendered in the date-page Gregorian convention; pre-Gregorian local-calendar conversion may differ.,Europe,GHCD-APR-2341,social,Emperor Constantine the Great announced free distributions of food to citizens in Constantinople.,Food distributions announced in Constantinople,"May 18, 332 CE",https://en.wikipedia.org/wiki/May_18,0332-05-18,Constantinople,"May 18, 332",Wikipedia — May 18,exact,Public welfare,Turkey,Gregorian (date-page convention),complete,Constantine the Great,Roman Empire,Regional,"Secondary, community-edited reference",20,verified against date-page source,20,6
18,CE,872,May,Historical date rendered in the date-page Gregorian convention; pre-Gregorian local-calendar conversion may differ.,Europe,GHCD-APR-2342,political,Louis II of Italy was crowned for the second time as Holy Roman Emperor at Rome.,Louis II crowned Holy Roman Emperor,"May 18, 872 CE",https://en.wikipedia.org/wiki/May_18,0872-05-18,Rome,"May 18, 872",Wikipedia — May 18,exact,Imperial coronation,Italy,Gregorian (date-page convention),complete,Louis II of Italy; Pope Adrian II,Holy Roman Empire,International,"Secondary, community-edited reference",20,verified against date-page source,20,7
18,CE,1096,May,Historical date rendered in the date-page Gregorian convention; pre-Gregorian local-calendar conversion may differ.,Europe,GHCD-APR-2343,military,"Around 800 Jews were massacred in Worms, Germany, during the First Crusade.",Worms massacre,"May 18, 1096 CE",https://en.wikipedia.org/wiki/May_18,1096-05-18,Worms,"May 18, 1096",Wikipedia — May 18,exact,Religious persecution,Germany,Gregorian (date-page convention),complete,,First Crusade,Regional,"Secondary, community-edited reference",20,verified against date-page source,20,8
18,CE,1268,May,Historical date rendered in the date-page Gregorian convention; pre-Gregorian local-calendar conversion may differ.,Middle East,GHCD-APR-2344,military,The Principality of Antioch fell to the Mamluk Sultan Baibars in the Siege of Antioch.,Fall of Antioch,"May 18, 1268 CE",https://en.wikipedia.org/wiki/May_18,1268-05-18,Antioch,"May 18, 1268",Wikipedia — May 18,exact,Siege,Turkey,Gregorian (date-page convention),complete,Baibars,Mamluk Sultanate; Principality of Antioch,International,"Secondary, community-edited reference",20,verified against date-page source,20,8
18,CE,1291,May,Historical date rendered in the date-page Gregorian convention; pre-Gregorian local-calendar conversion may differ.,Middle East,GHCD-APR-2345,military,The fall of Acre ended Crusader presence in the Holy Land.,Fall of Acre,"May 18, 1291 CE",https://en.wikipedia.org/wiki/May_18,1291-05-18,Acre,"May 18, 1291",Wikipedia — May 18,exact,Conquest,Israel,Gregorian (date-page convention),complete,,Crusader states,International,"Secondary, community-edited reference",20,verified against date-page source,20,9
18,CE,1499,May,Historical date rendered in the date-page Gregorian convention; pre-Gregorian local-calendar conversion may differ.,South America,GHCD-APR-2346,exploration,Alonso de Ojeda set sail from Cádiz on a voyage to what is now Venezuela.,Ojeda voyage to Venezuela,"May 18, 1499 CE",https://en.wikipedia.org/wiki/May_18,1499-05-18,Cádiz,"May 18, 1499",Wikipedia — May 18,exact,Maritime exploration,Venezuela,Gregorian (date-page convention),complete,Alonso de Ojeda,Spanish Empire,International,"Secondary, community-edited reference",20,verified against date-page source,20,7
18,CE,1565,May,Historical date rendered in the date-page Gregorian convention; pre-Gregorian local-calendar conversion may differ.,Europe,GHCD-APR-2347,military,The Great Siege of Malta began as Ottoman forces attempted to conquer Malta.,Great Siege of Malta begins,"May 18, 1565 CE",https://en.wikipedia.org/wiki/May_18,1565-05-18,Malta,"May 18, 1565",Wikipedia — May 18,exact,Siege,Malta,Gregorian (date-page convention),complete,,Ottoman Empire,International,"Secondary, community-edited reference",20,verified against date-page source,20,9
18,CE,1631,May,,North America,GHCD-APR-2348,political,John Winthrop took the oath of office and became the first Governor of Massachusetts.,First Massachusetts governor takes office,"May 18, 1631 CE",https://en.wikipedia.org/wiki/May_18,1631-05-18,Dorchester,"May 18, 1631",Wikipedia — May 18,exact,Colonial government,United States,Gregorian (date-page convention),complete,John Winthrop,Massachusetts Bay Colony,National,"Secondary, community-edited reference",20,verified against date-page source,20,7
18,CE,1652,May,,North America,GHCD-APR-2349,legal,"Slavery in Rhode Island was abolished, although the law was not rigorously enforced.",Slavery abolished in Rhode Island,"May 18, 1652 CE",https://en.wikipedia.org/wiki/May_18,1652-05-18,Rhode Island,"May 18, 1652",Wikipedia — May 18,exact,Abolition,United States,Gregorian (date-page convention),complete,,Colony of Rhode Island and Providence Plantations,National,"Secondary, community-edited reference",20,verified against date-page source,20,7
18,CE,1695,May,,Asia,GHCD-APR-2350,disaster,"The 1695 Linfen earthquake in Shannxi, Qing dynasty, caused extreme damage and killed at least 52,000 people.",Linfen earthquake,"May 18, 1695 CE",https://en.wikipedia.org/wiki/May_18,1695-05-18,Linfen,"May 18, 1695",Wikipedia — May 18,exact,Earthquake,China,Gregorian (date-page convention),complete,,Qing dynasty,Regional,"Secondary, community-edited reference",20,verified against date-page source,20,9
18,CE,1756,May,,Europe,GHCD-APR-2351,military,The Seven Years' War began when Great Britain declared war on France.,Great Britain declares war on France,"May 18, 1756 CE",https://en.wikipedia.org/wiki/May_18,1756-05-18,,"May 18, 1756",Wikipedia — May 18,exact,War declaration,United Kingdom,Gregorian (date-page convention),complete,,Kingdom of Great Britain,International,"Secondary, community-edited reference",20,verified against date-page source,20,9
18,CE,1804,May,,Europe,GHCD-APR-2352,political,Napoleon Bonaparte was proclaimed Emperor of the French by the French Senate.,Napoleon proclaimed Emperor of the French,"May 18, 1804 CE",https://en.wikipedia.org/wiki/May_18,1804-05-18,Paris,"May 18, 1804",Wikipedia — May 18,exact,Imperial succession,France,Gregorian (date-page convention),complete,Napoleon Bonaparte,French Empire,International,"Secondary, community-edited reference",20,verified against date-page source,20,9
18,CE,1811,May,,South America,GHCD-APR-2353,military,The Battle of Las Piedras was the first great military triumph of the revolution of the Río de la Plata in Uruguay led by José Artigas.,Battle of Las Piedras,"May 18, 1811 CE",https://en.wikipedia.org/wiki/May_18,1811-05-18,Las Piedras,"May 18, 1811",Wikipedia — May 18,exact,Revolutionary battle,Uruguay,Gregorian (date-page convention),complete,José Artigas,Revolution of the Río de la Plata,National,"Secondary, community-edited reference",20,verified against date-page source,20,8
18,CE,1848,May,,Europe,GHCD-APR-2354,political,"The first German National Assembly opened in Frankfurt, Germany.",German National Assembly opens,"May 18, 1848 CE",https://en.wikipedia.org/wiki/May_18,1848-05-18,Frankfurt,"May 18, 1848",Wikipedia — May 18,exact,Constitutional assembly,Germany,Gregorian (date-page convention),complete,,German Confederation,National,"Secondary, community-edited reference",20,verified against date-page source,20,8
18,CE,1863,May,,North America,GHCD-APR-2355,military,Union forces under Ulysses S. Grant began the Siege of Vicksburg to take full control of the Mississippi River.,Siege of Vicksburg begins,"May 18, 1863 CE",https://en.wikipedia.org/wiki/May_18,1863-05-18,Vicksburg,"May 18, 1863",Wikipedia — May 18,exact,Civil War siege,United States,Gregorian (date-page convention),complete,Ulysses S. Grant,Union,National,"Secondary, community-edited reference",20,verified against date-page source,20,9
18,CE,1896,May,,North America,GHCD-APR-2356,legal,The United States Supreme Court ruled that the “separate but equal” doctrine was constitutional.,Plessy v. Ferguson ruling,"May 18, 1896 CE",https://en.wikipedia.org/wiki/May_18,1896-05-18,"Washington, D.C.","May 18, 1896",Wikipedia — May 18,exact,Civil rights law,United States,Gregorian (date-page convention),complete,,United States Supreme Court,National,"Secondary, community-edited reference",20,verified against date-page source,20,10
18,CE,1917,May,,North America,GHCD-APR-2357,legal,"The Selective Service Act of 1917 was passed, giving the President of the United States the power of conscription.",Selective Service Act passed,"May 18, 1917 CE",https://en.wikipedia.org/wiki/May_18,1917-05-18,"Washington, D.C.","May 18, 1917",Wikipedia — May 18,exact,Military conscription,United States,Gregorian (date-page convention),complete,,United States federal government,National,"Secondary, community-edited reference",20,verified against date-page source,20,8
18,CE,1927,May,,North America,GHCD-APR-2358,disaster,"Bombs planted by a disgruntled school-board member killed 45 people, including many children, in Bath Township, Michigan.",Bath School disaster,"May 18, 1927 CE",https://en.wikipedia.org/wiki/May_18,1927-05-18,Bath Township,"May 18, 1927",Wikipedia — May 18,exact,School bombing,United States,Gregorian (date-page convention),complete,,,National,"Secondary, community-edited reference",20,verified against date-page source,20,8
18,CE,1953,May,,North America,GHCD-APR-2359,technology,Jacqueline Cochran became the first woman to break the sound barrier.,Jacqueline Cochran breaks sound barrier,"May 18, 1953 CE",https://en.wikipedia.org/wiki/May_18,1953-05-18,,"May 18, 1953",Wikipedia — May 18,exact,Aviation achievement,United States,Gregorian (date-page convention),complete,Jacqueline Cochran,,Global,"Secondary, community-edited reference",20,verified against date-page source,20,9
18,CE,1969,May,,North America,GHCD-APR-2360,exploration,The Apollo program's Apollo 10 mission was launched.,Apollo 10 launched,"May 18, 1969 CE",https://en.wikipedia.org/wiki/May_18,1969-05-18,,"May 18, 1969",Wikipedia — May 18,exact,Spaceflight,United States,Gregorian (date-page convention),complete,,NASA,Global,"Secondary, community-edited reference",20,verified against date-page source,20,9
19,CE,639,May,Historical date rendered in the date-page Gregorian convention; pre-Gregorian local-calendar conversion may differ.,Asia,GHCD-APR-2361,military,Ashina Jiesheshuai and his tribesmen assaulted Emperor Taizong at Jiucheng Palace.,Assault on Emperor Taizong,"May 19, 639 CE",https://en.wikipedia.org/wiki/May_19,0639-05-19,Jiucheng Palace,"May 19, 639",Wikipedia — May 19,exact,Palace attack,China,Gregorian (date-page convention),complete,Ashina Jiesheshuai; Emperor Taizong,Tang dynasty,Regional,"Secondary, community-edited reference",20,verified against date-page source,20,5
19,CE,715,May,Historical date rendered in the date-page Gregorian convention; pre-Gregorian local-calendar conversion may differ.,Europe,GHCD-APR-2362,political,Pope Gregory II was elected.,Election of Pope Gregory II,"May 19, 715 CE",https://en.wikipedia.org/wiki/May_19,0715-05-19,Rome,"May 19, 715",Wikipedia — May 19,exact,Religious leadership,Italy,Gregorian (date-page convention),complete,Pope Gregory II,Catholic Church,International,"Secondary, community-edited reference",20,verified against date-page source,20,6
19,CE,934,May,Historical date rendered in the date-page Gregorian convention; pre-Gregorian local-calendar conversion may differ.,Middle East,GHCD-APR-2363,military,The Byzantine Empire reconquered Melitene under the leadership of John Kourkouas.,Byzantine Reconquest of Melitene,"May 19, 934 CE",https://en.wikipedia.org/wiki/May_19,0934-05-19,Melitene,"May 19, 934",Wikipedia — May 19,exact,Reconquest,Turkey,Gregorian (date-page convention),complete,John Kourkouas,Byzantine Empire,Regional,"Secondary, community-edited reference",20,verified against date-page source,20,6
19,CE,1445,May,Historical date rendered in the date-page Gregorian convention; pre-Gregorian local-calendar conversion may differ.,Europe,GHCD-APR-2364,military,John II of Castile defeated the Infantes of Aragon at the First Battle of Olmedo.,First Battle of Olmedo,"May 19, 1445 CE",https://en.wikipedia.org/wiki/May_19,1445-05-19,Olmedo,"May 19, 1445",Wikipedia — May 19,exact,Dynastic conflict,Spain,Gregorian (date-page convention),complete,John II of Castile; Infantes of Aragon,Kingdom of Castile,Regional,"Secondary, community-edited reference",20,verified against date-page source,20,6
19,CE,1535,May,Historical date rendered in the date-page Gregorian convention; pre-Gregorian local-calendar conversion may differ.,North America,GHCD-APR-2365,exploration,Jacques Cartier set sail on his second voyage to North America with three ships and 110 men.,Cartier's Second Voyage,"May 19, 1535 CE",https://en.wikipedia.org/wiki/May_19,1535-05-19,,"May 19, 1535",Wikipedia — May 19,exact,European exploration,Canada,Gregorian (date-page convention),complete,Jacques Cartier; Chief Donnacona,Kingdom of France,International,"Secondary, community-edited reference",20,verified against date-page source,20,7
19,CE,1536,May,Historical date rendered in the date-page Gregorian convention; pre-Gregorian local-calendar conversion may differ.,Europe,GHCD-APR-2366,legal,"Anne Boleyn was beheaded for adultery, treason, and incest.",Execution of Anne Boleyn,"May 19, 1536 CE",https://en.wikipedia.org/wiki/May_19,1536-05-19,,"May 19, 1536",Wikipedia — May 19,exact,Royal execution,United Kingdom,Gregorian (date-page convention),complete,Anne Boleyn; Henry VIII,Kingdom of England,National,"Secondary, community-edited reference",20,verified against date-page source,20,8
19,CE,1542,May,Historical date rendered in the date-page Gregorian convention; pre-Gregorian local-calendar conversion may differ.,Asia,GHCD-APR-2367,military,The Prome Kingdom fell to the Taungoo Dynasty.,Fall of the Prome Kingdom,"May 19, 1542 CE",https://en.wikipedia.org/wiki/May_19,1542-05-19,Prome,"May 19, 1542",Wikipedia — May 19,exact,Dynastic conquest,Myanmar,Gregorian (date-page convention),complete,,Prome Kingdom; Taungoo Dynasty,Regional,"Secondary, community-edited reference",20,verified against date-page source,20,6
19,CE,1643,May,,Europe,GHCD-APR-2368,military,French forces under the duc d'Enghien decisively defeated Spanish forces at the Battle of Rocroi.,Battle of Rocroi,"May 19, 1643 CE",https://en.wikipedia.org/wiki/May_19,1643-05-19,Rocroi,"May 19, 1643",Wikipedia — May 19,exact,Thirty Years' War,France,Gregorian (date-page convention),complete,duc d'Enghien,Kingdom of France; Spanish Empire,International,"Secondary, community-edited reference",20,verified against date-page source,20,8
19,CE,1649,May,,Europe,GHCD-APR-2369,political,An Act of Parliament declaring England a Commonwealth was passed by the Long Parliament.,England Declared a Commonwealth,"May 19, 1649 CE",https://en.wikipedia.org/wiki/May_19,1649-05-19,London,"May 19, 1649",Wikipedia — May 19,exact,Republican government,United Kingdom,Gregorian (date-page convention),complete,,Commonwealth of England,National,"Secondary, community-edited reference",20,verified against date-page source,20,8
19,CE,1743,May,,Europe,GHCD-APR-2370,scientific,Jean-Pierre Christin developed the centigrade temperature scale.,Development of the Centigrade Scale,"May 19, 1743 CE",https://en.wikipedia.org/wiki/May_19,1743-05-19,,"May 19, 1743",Wikipedia — May 19,exact,Measurement,France,Gregorian (date-page convention),complete,Jean-Pierre Christin,,International,"Secondary, community-edited reference",20,verified against date-page source,20,8
19,CE,1776,May,,North America,GHCD-APR-2371,military,A Continental Army garrison surrendered in the Battle of The Cedars.,Battle of The Cedars,"May 19, 1776 CE",https://en.wikipedia.org/wiki/May_19,1776-05-19,The Cedars,"May 19, 1776",Wikipedia — May 19,exact,American Revolutionary War,Canada,Gregorian (date-page convention),complete,,Continental Army,International,"Secondary, community-edited reference",20,verified against date-page source,20,6
19,CE,1780,May,,North America,GHCD-APR-2372,disaster,An unusual darkening of the sky was observed over New England and parts of Canada.,New England's Dark Day,"May 19, 1780 CE",https://en.wikipedia.org/wiki/May_19,1780-05-19,New England,"May 19, 1780",Wikipedia — May 19,exact,Atmospheric phenomenon,United States,Gregorian (date-page convention),complete,,,Regional,"Secondary, community-edited reference",20,verified against date-page source,20,6
19,CE,1798,May,,Middle East,GHCD-APR-2373,military,Napoleon Bonaparte and his expedition force left France to invade Egypt.,Napoleon's Expedition to Egypt,"May 19, 1798 CE",https://en.wikipedia.org/wiki/May_19,1798-05-19,,"May 19, 1798",Wikipedia — May 19,exact,Invasion,Egypt,Gregorian (date-page convention),complete,Napoleon Bonaparte,French Republic,International,"Secondary, community-edited reference",20,verified against date-page source,20,8
19,CE,1802,May,,Europe,GHCD-APR-2374,political,Napoleon Bonaparte founded the Legion of Honour.,Founding of the Legion of Honour,"May 19, 1802 CE",https://en.wikipedia.org/wiki/May_19,1802-05-19,,"May 19, 1802",Wikipedia — May 19,exact,State institution,France,Gregorian (date-page convention),complete,Napoleon Bonaparte,French Republic,National,"Secondary, community-edited reference",20,verified against date-page source,20,7
19,CE,1848,May,,North America,GHCD-APR-2375,legal,"Mexico ratified the Treaty of Guadalupe Hidalgo, ending the Mexican-American War and ceding extensive territory to the United States.",Ratification of the Treaty of Guadalupe Hidalgo,"May 19, 1848 CE",https://en.wikipedia.org/wiki/May_19,1848-05-19,,"May 19, 1848",Wikipedia — May 19,exact,Peace treaty,Mexico,Gregorian (date-page convention),complete,,United Mexican States; United States,International,"Secondary, community-edited reference",20,verified against date-page source,20,9
19,CE,1911,May,,North America,GHCD-APR-2376,social,Parks Canada was established as the Dominion Parks Branch under the Department of the Interior.,Establishment of Parks Canada,"May 19, 1911 CE",https://en.wikipedia.org/wiki/May_19,1911-05-19,,"May 19, 1911",Wikipedia — May 19,exact,National parks administration,Canada,Gregorian (date-page convention),complete,,Dominion of Canada,International,"Secondary, community-edited reference",20,verified against date-page source,20,8
19,CE,1919,May,,Middle East,GHCD-APR-2377,political,"Mustafa Kemal Atatürk landed at Samsun, initiating what was later termed the Turkish War of Independence.",Atatürk Lands at Samsun,"May 19, 1919 CE",https://en.wikipedia.org/wiki/May_19,1919-05-19,Samsun,"May 19, 1919",Wikipedia — May 19,exact,National independence movement,Turkey,Gregorian (date-page convention),complete,Mustafa Kemal Atatürk,Ottoman Empire,International,"Secondary, community-edited reference",20,verified against date-page source,20,9
19,CE,1921,May,,North America,GHCD-APR-2378,legal,The United States Congress passed the Emergency Quota Act establishing national quotas on immigration.,Emergency Quota Act,"May 19, 1921 CE",https://en.wikipedia.org/wiki/May_19,1921-05-19,"Washington, D.C.","May 19, 1921",Wikipedia — May 19,exact,Immigration law,United States,Gregorian (date-page convention),complete,,United States Congress,National,"Secondary, community-edited reference",20,verified against date-page source,20,8
19,CE,1961,May,,Global,GHCD-APR-2379,scientific,Venera 1 became the first man-made object to fly by another planet by passing Venus.,Venera 1 Venus Flyby,"May 19, 1961 CE",https://en.wikipedia.org/wiki/May_19,1961-05-19,,"May 19, 1961",Wikipedia — May 19,exact,Planetary exploration,Russia,Gregorian (date-page convention),complete,,Soviet Union,Global,"Secondary, community-edited reference",20,verified against date-page source,20,10
19,CE,1971,May,,Global,GHCD-APR-2380,exploration,Mars 2 was launched by the Soviet Union.,Launch of Mars 2,"May 19, 1971 CE",https://en.wikipedia.org/wiki/May_19,1971-05-19,,"May 19, 1971",Wikipedia — May 19,exact,Mars mission,Russia,Gregorian (date-page convention),complete,,Soviet Union,Global,"Secondary, community-edited reference",20,verified against date-page source,20,8
20,CE,325,May,Historical date rendered in the date-page Gregorian convention; pre-Gregorian local-calendar conversion may differ.,Middle East,GHCD-APR-2381,religious,The First Council of Nicaea is formally opened as the first ecumenical council of the Christian Church.,First Council of Nicaea opens,"May 20, 325 CE",https://en.wikipedia.org/wiki/May_20,0325-05-20,Nicaea,"May 20, 325",Wikipedia — May 20,exact,church council,Turkey,Gregorian (date-page convention),complete,,Christian Church,International,"Secondary, community-edited reference",20,verified against date-page source,20,9
20,CE,685,May,Historical date rendered in the date-page Gregorian convention; pre-Gregorian local-calendar conversion may differ.,Europe,GHCD-APR-2382,military,A Pictish army under King Bridei III decisively defeats invading Northumbrian forces under King Ecgfrith.,Battle of Dun Nechtain,"May 20, 685 CE",https://en.wikipedia.org/wiki/May_20,0685-05-20,Dun Nechtain,"May 20, 685",Wikipedia — May 20,exact,battle,United Kingdom,Gregorian (date-page convention),complete,Bridei III; Ecgfrith,Pictish kingdom; Northumbria,Regional,"Secondary, community-edited reference",20,verified against date-page source,20,7
20,CE,1202,May,Historical date rendered in the date-page Gregorian convention; pre-Gregorian local-calendar conversion may differ.,Middle East,GHCD-APR-2383,disaster,A major earthquake hits Syria and is widely felt between Sicily and Iraq.,Syria earthquake,"May 20, 1202 CE",https://en.wikipedia.org/wiki/May_20,1202-05-20,Syria,"May 20, 1202",Wikipedia — May 20,exact,earthquake,Syria,Gregorian (date-page convention),complete,,,Regional,"Secondary, community-edited reference",20,verified against date-page source,20,7
20,CE,1217,May,Historical date rendered in the date-page Gregorian convention; pre-Gregorian local-calendar conversion may differ.,Europe,GHCD-APR-2384,military,"William Marshal defeats Prince Louis of France near Lincoln, England.",Second Battle of Lincoln,"May 20, 1217 CE",https://en.wikipedia.org/wiki/May_20,1217-05-20,Lincoln,"May 20, 1217",Wikipedia — May 20,exact,battle,United Kingdom,Gregorian (date-page convention),complete,William Marshal; Prince Louis of France,Kingdom of England,Regional,"Secondary, community-edited reference",20,verified against date-page source,20,7
20,CE,1497,May,Other documents give a May 2 date; Historical date rendered in the date-page Gregorian convention; pre-Gregorian local-calendar conversion may differ.,Europe,GHCD-APR-2385,exploration,John Cabot sets sail from Bristol aboard the Matthew seeking a route to the west.,John Cabot begins westward voyage,"May 20, 1497 CE",https://en.wikipedia.org/wiki/May_20,1497-05-20,Bristol,"May 20, 1497",Wikipedia — May 20,disputed,voyage,United Kingdom,Gregorian (date-page convention),complete,John Cabot,Kingdom of England,International,"Secondary, community-edited reference",20,verified against date-page source,20,7
20,CE,1498,May,Historical date rendered in the date-page Gregorian convention; pre-Gregorian local-calendar conversion may differ.,Asia,GHCD-APR-2386,exploration,Vasco da Gama arrives at Kozhikode and discovers the sea route to India.,Vasco da Gama reaches India,"May 20, 1498 CE",https://en.wikipedia.org/wiki/May_20,1498-05-20,Kozhikode,"May 20, 1498",Wikipedia — May 20,exact,maritime route,India,Gregorian (date-page convention),complete,Vasco da Gama,Kingdom of Portugal,Global,"Secondary, community-edited reference",20,verified against date-page source,20,10
20,CE,1570,May,Historical date rendered in the date-page Gregorian convention; pre-Gregorian local-calendar conversion may differ.,Europe,GHCD-APR-2387,cultural,"Abraham Ortelius issues Theatrum Orbis Terrarum, described as the first modern atlas.",First modern atlas issued,"May 20, 1570 CE",https://en.wikipedia.org/wiki/May_20,1570-05-20,,"May 20, 1570",Wikipedia — May 20,exact,cartography,Belgium,Gregorian (date-page convention),complete,Abraham Ortelius,,International,"Secondary, community-edited reference",20,verified against date-page source,20,8
20,CE,1609,May,,Europe,GHCD-APR-2388,cultural,"Shakespeare's sonnets are first published in London, perhaps illicitly, by Thomas Thorpe.",Shakespeare's sonnets published,"May 20, 1609 CE",https://en.wikipedia.org/wiki/May_20,1609-05-20,London,"May 20, 1609",Wikipedia — May 20,disputed,literature,United Kingdom,Gregorian (date-page convention),complete,William Shakespeare; Thomas Thorpe,,Global,"Secondary, community-edited reference",20,verified against date-page source,20,9
20,CE,1631,May,,Europe,GHCD-APR-2389,military,Forces of the Holy Roman Empire seize Magdeburg and massacre most of its inhabitants.,Sack of Magdeburg,"May 20, 1631 CE",https://en.wikipedia.org/wiki/May_20,1631-05-20,Magdeburg,"May 20, 1631",Wikipedia — May 20,exact,massacre,Germany,Gregorian (date-page convention),complete,,Holy Roman Empire,International,"Secondary, community-edited reference",20,verified against date-page source,20,8
20,CE,1802,May,,Europe,GHCD-APR-2390,legal,Napoleon Bonaparte reinstates slavery in the French colonies by the Law of 20 May 1802.,Slavery reinstated in French colonies,"May 20, 1802 CE",https://en.wikipedia.org/wiki/May_20,1802-05-20,,"May 20, 1802",Wikipedia — May 20,exact,colonial slavery,France,Gregorian (date-page convention),complete,Napoleon Bonaparte,French Republic,International,"Secondary, community-edited reference",20,verified against date-page source,20,9
20,CE,1862,May,,North America,GHCD-APR-2391,legal,"Abraham Lincoln signs the Homestead Act, opening eighty-four million acres of public land to settlers.",Homestead Act signed,"May 20, 1862 CE",https://en.wikipedia.org/wiki/May_20,1862-05-20,"Washington, D.C.","May 20, 1862",Wikipedia — May 20,exact,land law,United States,Gregorian (date-page convention),complete,Abraham Lincoln,United States,National,"Secondary, community-edited reference",20,verified against date-page source,20,8
20,CE,1873,May,,North America,GHCD-APR-2392,technology,Levi Strauss and Jacob Davis receive a United States patent for blue jeans with copper rivets.,Blue-jeans rivet patent granted,"May 20, 1873 CE",https://en.wikipedia.org/wiki/May_20,1873-05-20,,"May 20, 1873",Wikipedia — May 20,exact,textile invention,United States,Gregorian (date-page convention),complete,Levi Strauss; Jacob Davis,United States,Global,"Secondary, community-edited reference",20,verified against date-page source,20,8
20,CE,1875,May,,Europe,GHCD-APR-2393,scientific,"Seventeen nations sign the Metre Convention, leading to the establishment of the International System of Units.",Metre Convention signed,"May 20, 1875 CE",https://en.wikipedia.org/wiki/May_20,1875-05-20,Paris,"May 20, 1875",Wikipedia — May 20,exact,measurement standards,France,Gregorian (date-page convention),complete,,Metre Convention signatory nations,Global,"Secondary, community-edited reference",20,verified against date-page source,20,9
20,CE,1882,May,,Europe,GHCD-APR-2394,political,"The German Empire, Austria-Hungary, and the Kingdom of Italy form the Triple Alliance.",Triple Alliance formed,"May 20, 1882 CE",https://en.wikipedia.org/wiki/May_20,1882-05-20,,"May 20, 1882",Wikipedia — May 20,exact,military alliance,Germany,Gregorian (date-page convention),complete,,German Empire; Austria-Hungary; Kingdom of Italy,International,"Secondary, community-edited reference",20,verified against date-page source,20,8
20,CE,1883,May,,Asia,GHCD-APR-2395,disaster,"Krakatoa begins to erupt before exploding three months later and killing more than 36,000 people.",Krakatoa eruption begins,"May 20, 1883 CE",https://en.wikipedia.org/wiki/May_20,1883-05-20,Krakatoa,"May 20, 1883",Wikipedia — May 20,exact,volcanic eruption,Indonesia,Gregorian (date-page convention),complete,,,Global,"Secondary, community-edited reference",20,verified against date-page source,20,9
20,CE,1891,May,,North America,GHCD-APR-2396,technology,Thomas Edison's prototype kinetoscope is shown publicly for the first time.,Kinetoscope publicly displayed,"May 20, 1891 CE",https://en.wikipedia.org/wiki/May_20,1891-05-20,,"May 20, 1891",Wikipedia — May 20,exact,cinema,United States,Gregorian (date-page convention),complete,Thomas Edison,,Global,"Secondary, community-edited reference",20,verified against date-page source,20,8
20,CE,1927,May,,North America,GHCD-APR-2397,exploration,Charles Lindbergh takes off from Long Island for Paris on the first nonstop solo flight across the Atlantic Ocean.,Lindbergh begins transatlantic flight,"May 20, 1927 CE",https://en.wikipedia.org/wiki/May_20,1927-05-20,Roosevelt Field,"May 20, 1927",Wikipedia — May 20,exact,aviation,United States,Gregorian (date-page convention),complete,Charles Lindbergh,,Global,"Secondary, community-edited reference",20,verified against date-page source,20,9
20,CE,1927,May,,Middle East,GHCD-APR-2398,political,The United Kingdom recognizes King Ibn Saud's sovereignty in the Kingdoms of Hejaz and Nejd.,Treaty of Jeddah recognizes Ibn Saud,"May 20, 1927 CE",https://en.wikipedia.org/wiki/May_20,1927-05-20,Jeddah,"May 20, 1927",Wikipedia — May 20,exact,treaty,Saudi Arabia,Gregorian (date-page convention),complete,Ibn Saud,United Kingdom; Kingdoms of Hejaz and Nejd,International,"Secondary, community-edited reference",20,verified against date-page source,20,8
20,CE,1940,May,,Europe,GHCD-APR-2399,military,The first prisoners arrive at a new concentration camp at Auschwitz.,First prisoners arrive at Auschwitz,"May 20, 1940 CE",https://en.wikipedia.org/wiki/May_20,1940-05-20,Auschwitz,"May 20, 1940",Wikipedia — May 20,exact,Holocaust,Poland,Gregorian (date-page convention),complete,,Nazi Germany,Global,"Secondary, community-edited reference",20,verified against date-page source,20,10
20,CE,1964,May,,North America,GHCD-APR-2400,scientific,Robert Woodrow Wilson and Arno Penzias discover cosmic microwave background radiation.,Cosmic microwave background discovered,"May 20, 1964 CE",https://en.wikipedia.org/wiki/May_20,1964-05-20,,"May 20, 1964",Wikipedia — May 20,exact,cosmology,United States,Gregorian (date-page convention),complete,Robert Woodrow Wilson; Arno Penzias,,Global,"Secondary, community-edited reference",20,verified against date-page source,20,10
21,CE,293,May,Historical date rendered in the date-page Gregorian convention; pre-Gregorian local-calendar conversion may differ.,Europe,GHCD-APR-2401,political,"Roman Emperors Diocletian and Maximian appointed Galerius as Caesar to Diocletian, beginning the Tetrarchy.",Galerius appointed Caesar,"May 21, 293 CE",https://en.wikipedia.org/wiki/May_21,0293-05-21,,"May 21, 293",Wikipedia — May 21,exact,Roman government,Italy,Gregorian (date-page convention),complete,Diocletian; Maximian; Galerius,Roman Empire,International,"Secondary, community-edited reference",20,verified against date-page source,20,8
21,CE,878,May,Historical date rendered in the date-page Gregorian convention; pre-Gregorian local-calendar conversion may differ.,Europe,GHCD-APR-2402,military,"Syracuse, Sicily, was captured by the Muslim Aghlabids after a nine-month siege.",Capture of Syracuse,"May 21, 878 CE",https://en.wikipedia.org/wiki/May_21,0878-05-21,Syracuse,"May 21, 878",Wikipedia — May 21,exact,conquest,Italy,Gregorian (date-page convention),complete,,Aghlabid Emirate,Regional,"Secondary, community-edited reference",20,verified against date-page source,20,7
21,CE,879,May,Historical date rendered in the date-page Gregorian convention; pre-Gregorian local-calendar conversion may differ.,Europe,GHCD-APR-2403,political,"Pope John VIII gave blessings to Branimir of Croatia and the Croatian people, considered international recognition of the Croatian state.",Recognition of Croatia,"May 21, 879 CE",https://en.wikipedia.org/wiki/May_21,0879-05-21,,"May 21, 879",Wikipedia — May 21,exact,diplomatic recognition,Croatia,Gregorian (date-page convention),complete,Pope John VIII; Branimir,Duchy of Croatia,International,"Secondary, community-edited reference",20,verified against date-page source,20,8
21,CE,1349,May,Historical date rendered in the date-page Gregorian convention; pre-Gregorian local-calendar conversion may differ.,Europe,GHCD-APR-2404,legal,"Dušan's Code, the constitution of the Serbian Empire, was enacted by Dušan the Mighty.",Enactment of Dušan's Code,"May 21, 1349 CE",https://en.wikipedia.org/wiki/May_21,1349-05-21,,"May 21, 1349",Wikipedia — May 21,exact,constitution,Serbia,Gregorian (date-page convention),complete,Dušan the Mighty,Serbian Empire,National,"Secondary, community-edited reference",20,verified against date-page source,20,8
21,CE,1403,May,Historical date rendered in the date-page Gregorian convention; pre-Gregorian local-calendar conversion may differ.,Asia,GHCD-APR-2405,exploration,Henry III of Castile sent Ruy González de Clavijo as ambassador to Timur to discuss an alliance against the Ottoman Empire.,Castilian embassy to Timur,"May 21, 1403 CE",https://en.wikipedia.org/wiki/May_21,1403-05-21,,"May 21, 1403",Wikipedia — May 21,exact,diplomatic mission,Uzbekistan,Gregorian (date-page convention),complete,Henry III of Castile; Ruy González de Clavijo; Timur,Timurid Empire,International,"Secondary, community-edited reference",20,verified against date-page source,20,7
21,CE,1554,May,Historical date rendered in the date-page Gregorian convention; pre-Gregorian local-calendar conversion may differ.,Europe,GHCD-APR-2406,social,"Queen Mary I granted a royal charter to Derby School as a grammar school for boys in Derby, England.",Derby School chartered,"May 21, 1554 CE",https://en.wikipedia.org/wiki/May_21,1554-05-21,Derby,"May 21, 1554",Wikipedia — May 21,exact,education,United Kingdom,Gregorian (date-page convention),complete,Mary I,Kingdom of England,National,"Secondary, community-edited reference",20,verified against date-page source,20,5
21,CE,1660,May,,North America,GHCD-APR-2407,military,The Battle of Long Sault concluded after five days with French colonial militia and their Huron and Algonquin allies defeated by the Haudenosaunee Confederacy.,Battle of Long Sault,"May 21, 1660 CE",https://en.wikipedia.org/wiki/May_21,1660-05-21,Long Sault,"May 21, 1660",Wikipedia — May 21,exact,colonial conflict,Canada,Gregorian (date-page convention),complete,,Haudenosaunee Confederacy,Regional,"Secondary, community-edited reference",20,verified against date-page source,20,6
21,CE,1792,May,,Asia,GHCD-APR-2408,disaster,"A lava dome collapsed on Mount Unzen near Shimbara, creating a deadly tsunami that killed nearly 15,000 people.",Mount Unzen tsunami,"May 21, 1792 CE",https://en.wikipedia.org/wiki/May_21,1792-05-21,Mount Unzen,"May 21, 1792",Wikipedia — May 21,exact,volcanic tsunami,Japan,Gregorian (date-page convention),complete,,,National,"Secondary, community-edited reference",20,verified against date-page source,20,9
21,CE,1799,May,,Middle East,GHCD-APR-2409,military,"Napoleon Bonaparte abandoned his two-month siege of the Ottoman city of Acre, a major defeat in his Egyptian campaign.",End of the Siege of Acre,"May 21, 1799 CE",https://en.wikipedia.org/wiki/May_21,1799-05-21,Acre,"May 21, 1799",Wikipedia — May 21,exact,siege,Israel,Gregorian (date-page convention),complete,Napoleon Bonaparte,Ottoman Empire,International,"Secondary, community-edited reference",20,verified against date-page source,20,8
21,CE,1851,May,,South America,GHCD-APR-2410,legal,Slavery in Colombia was abolished.,Slavery abolished in Colombia,"May 21, 1851 CE",https://en.wikipedia.org/wiki/May_21,1851-05-21,,"May 21, 1851",Wikipedia — May 21,exact,abolition,Colombia,Gregorian (date-page convention),complete,,Republic of New Granada,National,"Secondary, community-edited reference",20,verified against date-page source,20,8
21,CE,1864,May,,Asia,GHCD-APR-2411,military,"Russia declared an end to the Russo-Circassian War, and many Circassians were forced into exile.",End of the Russo-Circassian War,"May 21, 1864 CE",https://en.wikipedia.org/wiki/May_21,1864-05-21,,"May 21, 1864",Wikipedia — May 21,exact,war and displacement,Russia,Gregorian (date-page convention),complete,,Russian Empire,International,"Secondary, community-edited reference",20,verified against date-page source,20,9
21,CE,1871,May,,Europe,GHCD-APR-2412,military,French troops invaded the Paris Commune and engaged its residents in street fighting during Bloody Week.,French invasion of the Paris Commune,"May 21, 1871 CE",https://en.wikipedia.org/wiki/May_21,1871-05-21,Paris,"May 21, 1871",Wikipedia — May 21,exact,civil conflict,France,Gregorian (date-page convention),complete,,Paris Commune,National,"Secondary, community-edited reference",20,verified against date-page source,20,8
21,CE,1871,May,,Europe,GHCD-APR-2413,technology,"The first rack railway in Europe, the Rigi Bahnen on Mount Rigi, opened.",Opening of the Rigi railway,"May 21, 1871 CE",https://en.wikipedia.org/wiki/May_21,1871-05-21,Mount Rigi,"May 21, 1871",Wikipedia — May 21,exact,railway engineering,Switzerland,Gregorian (date-page convention),complete,,,International,"Secondary, community-edited reference",20,verified against date-page source,20,7
21,CE,1881,May,,North America,GHCD-APR-2414,social,"Clara Barton established the American Red Cross in Dansville, New York.",American Red Cross established,"May 21, 1881 CE",https://en.wikipedia.org/wiki/May_21,1881-05-21,Dansville,"May 21, 1881",Wikipedia — May 21,exact,humanitarian organization,United States,Gregorian (date-page convention),complete,Clara Barton,American Red Cross,International,"Secondary, community-edited reference",20,verified against date-page source,20,8
21,CE,1894,May,,Europe,GHCD-APR-2415,economic,The Manchester Ship Canal was officially opened by Queen Victoria.,Manchester Ship Canal opened,"May 21, 1894 CE",https://en.wikipedia.org/wiki/May_21,1894-05-21,Manchester,"May 21, 1894",Wikipedia — May 21,exact,canal infrastructure,United Kingdom,Gregorian (date-page convention),complete,Queen Victoria; Edward Leader Williams,United Kingdom,National,"Secondary, community-edited reference",20,verified against date-page source,20,7
21,CE,1904,May,,Europe,GHCD-APR-2416,social,The Fédération Internationale de Football Association was founded in Paris.,FIFA founded,"May 21, 1904 CE",https://en.wikipedia.org/wiki/May_21,1904-05-21,Paris,"May 21, 1904",Wikipedia — May 21,exact,international sport organization,France,Gregorian (date-page convention),complete,,Fédération Internationale de Football Association,International,"Secondary, community-edited reference",20,verified against date-page source,20,8
21,CE,1927,May,,Global,GHCD-APR-2417,exploration,"Charles Lindbergh landed at Le Bourget Field in Paris, completing the world's first solo nonstop flight across the Atlantic Ocean.",Lindbergh completes transatlantic flight,"May 21, 1927 CE",https://en.wikipedia.org/wiki/May_21,1927-05-21,Paris,"May 21, 1927",Wikipedia — May 21,exact,aviation,France,Gregorian (date-page convention),complete,Charles Lindbergh,,Global,"Secondary, community-edited reference",20,verified against date-page source,20,10
21,CE,1932,May,,Global,GHCD-APR-2418,exploration,"Bad weather forced Amelia Earhart to land in a pasture in Derry, Northern Ireland, making her the first woman to fly solo across the Atlantic Ocean.",Earhart completes solo transatlantic flight,"May 21, 1932 CE",https://en.wikipedia.org/wiki/May_21,1932-05-21,Derry,"May 21, 1932",Wikipedia — May 21,exact,aviation,United Kingdom,Gregorian (date-page convention),complete,Amelia Earhart,,Global,"Secondary, community-edited reference",20,verified against date-page source,20,9
21,CE,1937,May,,Global,GHCD-APR-2419,scientific,The Soviet station North Pole-1 became the first scientific research settlement to operate on the drift ice of the Arctic Ocean.,North Pole-1 begins Arctic operation,"May 21, 1937 CE",https://en.wikipedia.org/wiki/May_21,1937-05-21,Arctic Ocean,"May 21, 1937",Wikipedia — May 21,exact,polar research,Russia,Gregorian (date-page convention),complete,,Soviet Union,International,"Secondary, community-edited reference",20,verified against date-page source,20,8
21,CE,2001,May,,Europe,GHCD-APR-2420,legal,"The French Taubira law was enacted, officially recognizing the Atlantic slave trade and slavery as crimes against humanity.",Taubira law enacted,"May 21, 2001 CE",https://en.wikipedia.org/wiki/May_21,2001-05-21,Paris,"May 21, 2001",Wikipedia — May 21,exact,historical recognition,France,Gregorian (date-page convention),complete,,French Republic,International,"Secondary, community-edited reference",20,verified against date-page source,20,8
22,CE,192,May,Historical date rendered in the date-page Gregorian convention; pre-Gregorian local-calendar conversion may differ.,Asia,GHCD-APR-2421,political,Dong Zhuo was assassinated by his adopted son Lü Bu.,Assassination of Dong Zhuo,"May 22, 192 CE",https://en.wikipedia.org/wiki/May_22,0192-05-22,,"May 22, 192",Wikipedia — May 22,exact,Assassination,China,Gregorian (date-page convention),complete,Dong Zhuo; Lü Bu,Han dynasty,National,"Secondary, community-edited reference",20,verified against date-page source,20,7
22,CE,853,May,Historical date rendered in the date-page Gregorian convention; pre-Gregorian local-calendar conversion may differ.,Africa,GHCD-APR-2422,military,A Byzantine fleet sacked and destroyed undefended Damietta in Egypt.,Sack of Damietta,"May 22, 853 CE",https://en.wikipedia.org/wiki/May_22,0853-05-22,Damietta,"May 22, 853",Wikipedia — May 22,exact,Naval raid,Egypt,Gregorian (date-page convention),complete,,Byzantine Empire,Regional,"Secondary, community-edited reference",20,verified against date-page source,20,7
22,CE,1176,May,Historical date rendered in the date-page Gregorian convention; pre-Gregorian local-calendar conversion may differ.,Middle East,GHCD-APR-2423,political,The Hashshashin attempted to assassinate Saladin near Aleppo.,Attempted Assassination of Saladin,"May 22, 1176 CE",https://en.wikipedia.org/wiki/May_22,1176-05-22,Aleppo,"May 22, 1176",Wikipedia — May 22,exact,Assassination attempt,Syria,Gregorian (date-page convention),complete,Saladin,Hashshashin,Regional,"Secondary, community-edited reference",20,verified against date-page source,20,7
22,CE,1200,May,Historical date rendered in the date-page Gregorian convention; pre-Gregorian local-calendar conversion may differ.,Europe,GHCD-APR-2424,political,King John of England and King Philip II of France signed the Treaty of Le Goulet.,Treaty of Le Goulet,"May 22, 1200 CE",https://en.wikipedia.org/wiki/May_22,1200-05-22,Le Goulet,"May 22, 1200",Wikipedia — May 22,exact,Treaty,France,Gregorian (date-page convention),complete,John of England; Philip II of France,Kingdom of England; Kingdom of France,International,"Secondary, community-edited reference",20,verified against date-page source,20,7
22,CE,1455,May,Historical date rendered in the date-page Gregorian convention; pre-Gregorian local-calendar conversion may differ.,Europe,GHCD-APR-2425,military,"Richard, Duke of York, defeated and captured King Henry VI of England at the First Battle of St Albans.",First Battle of St Albans,"May 22, 1455 CE",https://en.wikipedia.org/wiki/May_22,1455-05-22,St Albans,"May 22, 1455",Wikipedia — May 22,exact,Dynastic conflict,United Kingdom,Gregorian (date-page convention),complete,"Richard, Duke of York; Henry VI of England",Kingdom of England,National,"Secondary, community-edited reference",20,verified against date-page source,20,8
22,CE,1520,May,Historical date rendered in the date-page Gregorian convention; pre-Gregorian local-calendar conversion may differ.,North America,GHCD-APR-2426,military,The massacre at the festival of Tóxcatl occurred during the fall of Tenochtitlan and turned the Aztecs against the Spanish.,Massacre at the Festival of Tóxcatl,"May 22, 1520 CE",https://en.wikipedia.org/wiki/May_22,1520-05-22,Tenochtitlan,"May 22, 1520",Wikipedia — May 22,exact,Massacre,Mexico,Gregorian (date-page convention),complete,,Aztec Empire; Spanish Empire,International,"Secondary, community-edited reference",20,verified against date-page source,20,9
22,CE,1629,May,,Europe,GHCD-APR-2427,political,"Holy Roman Emperor Ferdinand II and Danish King Christian IV signed the Treaty of Lübeck, ending Danish intervention in the Thirty Years' War.",Treaty of Lübeck,"May 22, 1629 CE",https://en.wikipedia.org/wiki/May_22,1629-05-22,Lübeck,"May 22, 1629",Wikipedia — May 22,exact,Peace treaty,Germany,Gregorian (date-page convention),complete,Ferdinand II; Christian IV,Holy Roman Empire; Denmark,International,"Secondary, community-edited reference",20,verified against date-page source,20,8
22,CE,1766,May,,Europe,GHCD-APR-2428,disaster,A large earthquake caused heavy damage and loss of life in Istanbul and the Marmara region.,Istanbul Earthquake,"May 22, 1766 CE",https://en.wikipedia.org/wiki/May_22,1766-05-22,Istanbul,"May 22, 1766",Wikipedia — May 22,exact,Earthquake,Turkey,Gregorian (date-page convention),complete,,Ottoman Empire,Regional,"Secondary, community-edited reference",20,verified against date-page source,20,7
22,CE,1804,May,,North America,GHCD-APR-2429,exploration,"The Corps of Discovery departed from St. Charles, Missouri, officially beginning the Lewis and Clark Expedition.",Beginning of the Lewis and Clark Expedition,"May 22, 1804 CE",https://en.wikipedia.org/wiki/May_22,1804-05-22,"St. Charles, Missouri","May 22, 1804",Wikipedia — May 22,exact,Expedition,United States,Gregorian (date-page convention),complete,Meriwether Lewis; William Clark,United States,National,"Secondary, community-edited reference",20,verified against date-page source,20,8
22,CE,1809,May,,Europe,GHCD-APR-2430,military,"Napoleon I was defeated at the Battle of Aspern-Essling near Vienna, his first major defeat and first repulsion by an enemy army in a decade.",Battle of Aspern-Essling,"May 22, 1809 CE",https://en.wikipedia.org/wiki/May_22,1809-05-22,Aspern-Essling,"May 22, 1809",Wikipedia — May 22,exact,Battle,Austria,Gregorian (date-page convention),complete,Napoleon I,First French Empire,International,"Secondary, community-edited reference",20,verified against date-page source,20,8
22,CE,1819,May,,North America,GHCD-APR-2431,technology,"SS Savannah left Savannah, Georgia, on a voyage to become the first steamship to cross the Atlantic Ocean.",SS Savannah Atlantic Voyage,"May 22, 1819 CE",https://en.wikipedia.org/wiki/May_22,1819-05-22,Savannah,"May 22, 1819",Wikipedia — May 22,exact,Steam navigation,United States,Gregorian (date-page convention),complete,,United States,International,"Secondary, community-edited reference",20,verified against date-page source,20,8
22,CE,1840,May,,Oceania,GHCD-APR-2432,legal,The penal transportation of British convicts to the New South Wales colony was abolished.,End of Convict Transportation to New South Wales,"May 22, 1840 CE",https://en.wikipedia.org/wiki/May_22,1840-05-22,New South Wales,"May 22, 1840",Wikipedia — May 22,exact,Penal policy,Australia,Gregorian (date-page convention),complete,,British Empire,National,"Secondary, community-edited reference",20,verified against date-page source,20,7
22,CE,1846,May,,North America,GHCD-APR-2433,cultural,The Associated Press was formed in New York City as a nonprofit news cooperative.,Formation of the Associated Press,"May 22, 1846 CE",https://en.wikipedia.org/wiki/May_22,1846-05-22,New York City,"May 22, 1846",Wikipedia — May 22,exact,News organization,United States,Gregorian (date-page convention),complete,,Associated Press,International,"Secondary, community-edited reference",20,verified against date-page source,20,8
22,CE,1848,May,,North America,GHCD-APR-2434,legal,Slavery was abolished in Martinique.,Abolition of Slavery in Martinique,"May 22, 1848 CE",https://en.wikipedia.org/wiki/May_22,1848-05-22,Martinique,"May 22, 1848",Wikipedia — May 22,exact,Emancipation,France,Gregorian (date-page convention),complete,,French colonial administration,National,"Secondary, community-edited reference",20,verified against date-page source,20,8
22,CE,1863,May,,North America,GHCD-APR-2435,military,Union forces began the Siege of Port Hudson during the American Civil War.,Siege of Port Hudson Begins,"May 22, 1863 CE",https://en.wikipedia.org/wiki/May_22,1863-05-22,Port Hudson,"May 22, 1863",Wikipedia — May 22,exact,Siege,United States,Gregorian (date-page convention),complete,,Union; Confederate States of America,National,"Secondary, community-edited reference",20,verified against date-page source,20,8
22,CE,1872,May,,North America,GHCD-APR-2436,legal,"President Ulysses S. Grant signed the Amnesty Act, restoring full civil and political rights to all but about 500 Confederate sympathizers.",Amnesty Act,"May 22, 1872 CE",https://en.wikipedia.org/wiki/May_22,1872-05-22,"Washington, D.C.","May 22, 1872",Wikipedia — May 22,exact,Amnesty,United States,Gregorian (date-page convention),complete,Ulysses S. Grant,United States,National,"Secondary, community-edited reference",20,verified against date-page source,20,8
22,CE,1874,May,,Europe,GHCD-APR-2437,cultural,Verdi's Requiem was first performed at San Marco in Milan.,First Performance of Verdi's Requiem,"May 22, 1874 CE",https://en.wikipedia.org/wiki/May_22,1874-05-22,Milan,"May 22, 1874",Wikipedia — May 22,exact,Music premiere,Italy,Gregorian (date-page convention),complete,Giuseppe Verdi,,International,"Secondary, community-edited reference",20,verified against date-page source,20,8
22,CE,1915,May,,North America,GHCD-APR-2438,disaster,"Lassen Peak erupted with powerful force, becoming the only volcano besides Mount St. Helens to erupt in the contiguous United States during the twentieth century.",Lassen Peak Eruption,"May 22, 1915 CE",https://en.wikipedia.org/wiki/May_22,1915-05-22,Lassen Peak,"May 22, 1915",Wikipedia — May 22,exact,Volcanic eruption,United States,Gregorian (date-page convention),complete,,,National,"Secondary, community-edited reference",20,verified against date-page source,20,7
22,CE,1927,May,,Asia,GHCD-APR-2439,disaster,"An earthquake near Xining, China, with a magnitude of 8.3 caused 200,000 deaths.",Xining Earthquake,"May 22, 1927 CE",https://en.wikipedia.org/wiki/May_22,1927-05-22,Xining,"May 22, 1927",Wikipedia — May 22,exact,Earthquake,China,Gregorian (date-page convention),complete,,,International,"Secondary, community-edited reference",20,verified against date-page source,20,9
22,CE,1939,May,,Europe,GHCD-APR-2440,political,Germany and Italy signed the Pact of Steel.,Pact of Steel,"May 22, 1939 CE",https://en.wikipedia.org/wiki/May_22,1939-05-22,,"May 22, 1939",Wikipedia — May 22,exact,Alliance,Germany,Gregorian (date-page convention),complete,,Nazi Germany; Kingdom of Italy,International,"Secondary, community-edited reference",20,verified against date-page source,20,9
23,CE,1040,May,Historical date rendered in the date-page Gregorian convention; pre-Gregorian local-calendar conversion may differ.,Asia,GHCD-APR-2441,military,The Seljuks defeated the Ghaznavids in the Battle of Dandanaqan.,Battle of Dandanaqan,"May 23, 1040 CE",https://en.wikipedia.org/wiki/May_23,1040-05-23,Dandanaqan,"May 23, 1040",Wikipedia — May 23,exact,Battle,Turkmenistan,Gregorian (date-page convention),complete,,Seljuk Empire; Ghaznavid Empire,Regional,"Secondary, community-edited reference",20,verified against date-page source,20,7
23,CE,1308,May,Historical date rendered in the date-page Gregorian convention; pre-Gregorian local-calendar conversion may differ.,Europe,GHCD-APR-2442,military,"Robert the Bruce defeated John Comyn, earl of Buchan, decisively in the Battle of Inverurie.",Battle of Inverurie,"May 23, 1308 CE",https://en.wikipedia.org/wiki/May_23,1308-05-23,Inverurie,"May 23, 1308",Wikipedia — May 23,exact,Battle,United Kingdom,Gregorian (date-page convention),complete,Robert the Bruce; John Comyn,Kingdom of Scotland,National,"Secondary, community-edited reference",20,verified against date-page source,20,6
23,CE,1430,May,Historical date rendered in the date-page Gregorian convention; pre-Gregorian local-calendar conversion may differ.,Europe,GHCD-APR-2443,military,Joan of Arc was captured at the Siege of Compiègne by troops from the Burgundian faction.,Capture of Joan of Arc,"May 23, 1430 CE",https://en.wikipedia.org/wiki/May_23,1430-05-23,Compiègne,"May 23, 1430",Wikipedia — May 23,exact,Capture,France,Gregorian (date-page convention),complete,Joan of Arc,Burgundian faction,International,"Secondary, community-edited reference",20,verified against date-page source,20,8
23,CE,1498,May,Historical date rendered in the date-page Gregorian convention; pre-Gregorian local-calendar conversion may differ.,Europe,GHCD-APR-2444,political,"Girolamo Savonarola was burned at the stake in Florence, Italy.",Execution of Girolamo Savonarola,"May 23, 1498 CE",https://en.wikipedia.org/wiki/May_23,1498-05-23,Florence,"May 23, 1498",Wikipedia — May 23,exact,Execution,Italy,Gregorian (date-page convention),complete,Girolamo Savonarola,,Regional,"Secondary, community-edited reference",20,verified against date-page source,20,7
23,CE,1533,May,Historical date rendered in the date-page Gregorian convention; pre-Gregorian local-calendar conversion may differ.,Europe,GHCD-APR-2445,legal,The marriage of King Henry VIII to Catherine of Aragon was declared null and void.,Annulment of Henry VIII's Marriage,"May 23, 1533 CE",https://en.wikipedia.org/wiki/May_23,1533-05-23,,"May 23, 1533",Wikipedia — May 23,exact,Royal marriage,United Kingdom,Gregorian (date-page convention),complete,Henry VIII; Catherine of Aragon,Kingdom of England,International,"Secondary, community-edited reference",20,verified against date-page source,20,8
23,CE,1568,May,Historical date rendered in the date-page Gregorian convention; pre-Gregorian local-calendar conversion may differ.,Europe,GHCD-APR-2446,military,"Dutch rebels led by Louis of Nassau defeated Jean de Ligne and his loyalist troops in the Battle of Heiligerlee, opening the Eighty Years' War.",Battle of Heiligerlee,"May 23, 1568 CE",https://en.wikipedia.org/wiki/May_23,1568-05-23,Heiligerlee,"May 23, 1568",Wikipedia — May 23,exact,Battle,Netherlands,Gregorian (date-page convention),complete,Louis of Nassau; Jean de Ligne,Dutch rebels,International,"Secondary, community-edited reference",20,verified against date-page source,20,9
23,CE,1609,May,,North America,GHCD-APR-2447,legal,The Second Virginia Charter was officially ratified.,Second Virginia Charter Ratified,"May 23, 1609 CE",https://en.wikipedia.org/wiki/May_23,1609-05-23,,"May 23, 1609",Wikipedia — May 23,exact,Colonial charter,United States,Gregorian (date-page convention),complete,,Virginia Company,International,"Secondary, community-edited reference",20,verified against date-page source,20,7
23,CE,1618,May,,Europe,GHCD-APR-2448,political,The Third Defenestration of Prague precipitated the Thirty Years' War.,Third Defenestration of Prague,"May 23, 1618 CE",https://en.wikipedia.org/wiki/May_23,1618-05-23,Prague,"May 23, 1618",Wikipedia — May 23,exact,Rebellion,Czech Republic,Gregorian (date-page convention),complete,,Kingdom of Bohemia,International,"Secondary, community-edited reference",20,verified against date-page source,20,10
23,CE,1706,May,,Europe,GHCD-APR-2449,military,"John Churchill, 1st Duke of Marlborough, defeated a French army under Marshal François de Neufville, duc de Villeroy, at the Battle of Ramillies.",Battle of Ramillies,"May 23, 1706 CE",https://en.wikipedia.org/wiki/May_23,1706-05-23,Ramillies,"May 23, 1706",Wikipedia — May 23,exact,Battle,Belgium,Gregorian (date-page convention),complete,John Churchill; François de Neufville,Grand Alliance; Kingdom of France,International,"Secondary, community-edited reference",20,verified against date-page source,20,8
23,CE,1788,May,,North America,GHCD-APR-2450,legal,South Carolina became the eighth state to ratify the United States Constitution.,South Carolina Ratifies the Constitution,"May 23, 1788 CE",https://en.wikipedia.org/wiki/May_23,1788-05-23,,"May 23, 1788",Wikipedia — May 23,exact,Constitutional ratification,United States,Gregorian (date-page convention),complete,,United States,National,"Secondary, community-edited reference",20,verified against date-page source,20,8
23,CE,1829,May,,Europe,GHCD-APR-2451,technology,"An accordion patent was granted to Cyrill Demian in Vienna, Austrian Empire.",Accordion Patent Granted,"May 23, 1829 CE",https://en.wikipedia.org/wiki/May_23,1829-05-23,Vienna,"May 23, 1829",Wikipedia — May 23,exact,Musical instrument,Austria,Gregorian (date-page convention),complete,Cyrill Demian,Austrian Empire,International,"Secondary, community-edited reference",20,verified against date-page source,20,7
23,CE,1844,May,,Middle East,GHCD-APR-2452,social,A merchant of Shiraz known as the Báb announced that he was a Prophet and founded a religious movement.,The Báb Announces His Mission,"May 23, 1844 CE",https://en.wikipedia.org/wiki/May_23,1844-05-23,Shiraz,"May 23, 1844",Wikipedia — May 23,exact,Religious movement,Iran,Gregorian (date-page convention),complete,The Báb,,International,"Secondary, community-edited reference",20,verified against date-page source,20,8
23,CE,1846,May,,North America,GHCD-APR-2453,political,President Mariano Paredes of Mexico unofficially declared war on the United States.,Mexico Declares War on the United States,"May 23, 1846 CE",https://en.wikipedia.org/wiki/May_23,1846-05-23,,"May 23, 1846",Wikipedia — May 23,exact,War declaration,Mexico,Gregorian (date-page convention),complete,Mariano Paredes,Mexico,International,"Secondary, community-edited reference",20,verified against date-page source,20,8
23,CE,1863,May,,Europe,GHCD-APR-2454,social,"The General German Workers' Association was founded in Leipzig, Kingdom of Saxony.",General German Workers' Association Founded,"May 23, 1863 CE",https://en.wikipedia.org/wiki/May_23,1863-05-23,Leipzig,"May 23, 1863",Wikipedia — May 23,exact,Workers' organization,Germany,Gregorian (date-page convention),complete,,General German Workers' Association,National,"Secondary, community-edited reference",20,verified against date-page source,20,7
23,CE,1873,May,,North America,GHCD-APR-2455,legal,"The Canadian Parliament established the North-West Mounted Police, the forerunner of the Royal Canadian Mounted Police.",North-West Mounted Police Established,"May 23, 1873 CE",https://en.wikipedia.org/wiki/May_23,1873-05-23,,"May 23, 1873",Wikipedia — May 23,exact,Law enforcement,Canada,Gregorian (date-page convention),complete,,Parliament of Canada,National,"Secondary, community-edited reference",20,verified against date-page source,20,7
23,CE,1907,May,,Europe,GHCD-APR-2456,political,The unicameral Parliament of Finland gathered for its first plenary session.,Finnish Parliament Holds First Plenary Session,"May 23, 1907 CE",https://en.wikipedia.org/wiki/May_23,1907-05-23,,"May 23, 1907",Wikipedia — May 23,exact,Parliament,Finland,Gregorian (date-page convention),complete,,Parliament of Finland,National,"Secondary, community-edited reference",20,verified against date-page source,20,8
23,CE,1915,May,,Europe,GHCD-APR-2457,military,"Italy joined the Allies in World War I, fulfilling its part of the Treaty of London.",Italy Joins the Allies,"May 23, 1915 CE",https://en.wikipedia.org/wiki/May_23,1915-05-23,,"May 23, 1915",Wikipedia — May 23,exact,Alliance,Italy,Gregorian (date-page convention),complete,,Kingdom of Italy; Allies,International,"Secondary, community-edited reference",20,verified against date-page source,20,9
23,CE,1949,May,,Europe,GHCD-APR-2458,political,The Western occupying powers approved the Basic Law and established the Federal Republic of Germany.,Federal Republic of Germany Established,"May 23, 1949 CE",https://en.wikipedia.org/wiki/May_23,1949-05-23,,"May 23, 1949",Wikipedia — May 23,exact,State formation,Germany,Gregorian (date-page convention),complete,,Federal Republic of Germany,International,"Secondary, community-edited reference",20,verified against date-page source,20,10
23,CE,1995,May,,North America,GHCD-APR-2459,technology,The first version of the Java programming language was released.,Java Programming Language Released,"May 23, 1995 CE",https://en.wikipedia.org/wiki/May_23,1995-05-23,,"May 23, 1995",Wikipedia — May 23,exact,Programming language,United States,Gregorian (date-page convention),complete,,Sun Microsystems,Global,"Secondary, community-edited reference",20,verified against date-page source,20,9
23,CE,1998,May,,Europe,GHCD-APR-2460,political,The Good Friday Agreement was accepted in a referendum in Northern Ireland with roughly 75% voting yes.,Good Friday Agreement Approved,"May 23, 1998 CE",https://en.wikipedia.org/wiki/May_23,1998-05-23,,"May 23, 1998",Wikipedia — May 23,exact,Peace agreement,United Kingdom,Gregorian (date-page convention),complete,,Northern Ireland,International,"Secondary, community-edited reference",20,verified against date-page source,20,10
24,CE,919,May,Historical date rendered in the date-page Gregorian convention; pre-Gregorian local-calendar conversion may differ.,Europe,GHCD-APR-2461,political,The nobles of Franconia and Saxony elected Henry the Fowler at Fritzlar as king of the East Frankish Kingdom.,Henry the Fowler elected king,"May 24, 919 CE",https://en.wikipedia.org/wiki/May_24,0919-05-24,Fritzlar,"May 24, 919",Wikipedia — May 24,exact,Royal succession,Germany,Gregorian (date-page convention),complete,Henry the Fowler,East Frankish Kingdom,Regional,"Secondary, community-edited reference",20,verified against date-page source,20,7
24,CE,1218,May,Historical date rendered in the date-page Gregorian convention; pre-Gregorian local-calendar conversion may differ.,Middle East,GHCD-APR-2462,military,The Fifth Crusade left Acre for Egypt.,Fifth Crusade departs Acre,"May 24, 1218 CE",https://en.wikipedia.org/wiki/May_24,1218-05-24,Acre,"May 24, 1218",Wikipedia — May 24,exact,Crusade,Israel,Gregorian (date-page convention),complete,,Fifth Crusade,International,"Secondary, community-edited reference",20,verified against date-page source,20,8
24,CE,1276,May,Historical date rendered in the date-page Gregorian convention; pre-Gregorian local-calendar conversion may differ.,Europe,GHCD-APR-2463,political,Magnus Ladulås was crowned King of Sweden in Uppsala Cathedral.,Magnus Ladulås crowned king,"May 24, 1276 CE",https://en.wikipedia.org/wiki/May_24,1276-05-24,Uppsala,"May 24, 1276",Wikipedia — May 24,exact,Coronation,Sweden,Gregorian (date-page convention),complete,Magnus Ladulås,Kingdom of Sweden,National,"Secondary, community-edited reference",20,verified against date-page source,20,6
24,CE,1487,May,Historical date rendered in the date-page Gregorian convention; pre-Gregorian local-calendar conversion may differ.,Europe,GHCD-APR-2464,political,Ten-year-old Lambert Simnel was crowned in Dublin as Edward VI in a bid to threaten Henry VII's reign.,Lambert Simnel crowned Edward VI,"May 24, 1487 CE",https://en.wikipedia.org/wiki/May_24,1487-05-24,Dublin,"May 24, 1487",Wikipedia — May 24,exact,Dynastic claim,Ireland,Gregorian (date-page convention),complete,Lambert Simnel; Henry VII,Kingdom of England,National,"Secondary, community-edited reference",20,verified against date-page source,20,7
24,CE,1595,May,,Europe,GHCD-APR-2465,cultural,The Nomenclator of Leiden University Library appeared as the first printed catalog of an institutional library.,First printed institutional library catalog,"May 24, 1595 CE",https://en.wikipedia.org/wiki/May_24,1595-05-24,Leiden,"May 24, 1595",Wikipedia — May 24,exact,Library cataloging,Netherlands,Gregorian (date-page convention),complete,,Leiden University Library,International,"Secondary, community-edited reference",20,verified against date-page source,20,7
24,CE,1607,May,,North America,GHCD-APR-2466,exploration,"Jamestown, described as the first permanent English colony in North America, was founded.",Jamestown founded,"May 24, 1607 CE",https://en.wikipedia.org/wiki/May_24,1607-05-24,Jamestown,"May 24, 1607",Wikipedia — May 24,exact,Colonial settlement,United States,Gregorian (date-page convention),complete,,English colony,International,"Secondary, community-edited reference",20,verified against date-page source,20,9
24,CE,1626,May,,North America,GHCD-APR-2467,economic,Peter Minuit bought Manhattan.,Manhattan purchased,"May 24, 1626 CE",https://en.wikipedia.org/wiki/May_24,1626-05-24,Manhattan,"May 24, 1626",Wikipedia — May 24,exact,Land purchase,United States,Gregorian (date-page convention),complete,Peter Minuit,Dutch colonial administration,International,"Secondary, community-edited reference",20,verified against date-page source,20,8
24,CE,1667,May,,Europe,GHCD-APR-2468,military,"The French Royal Army crossed into the Spanish Netherlands, starting the War of Devolution.",War of Devolution begins,"May 24, 1667 CE",https://en.wikipedia.org/wiki/May_24,1667-05-24,Spanish Netherlands,"May 24, 1667",Wikipedia — May 24,exact,War,Belgium,Gregorian (date-page convention),complete,,France; Spanish Empire; Triple Alliance,International,"Secondary, community-edited reference",20,verified against date-page source,20,7
24,CE,1683,May,,Europe,GHCD-APR-2469,cultural,The Ashmolean Museum in Oxford opened as the world's first university museum.,Ashmolean Museum opens,"May 24, 1683 CE",https://en.wikipedia.org/wiki/May_24,1683-05-24,Oxford,"May 24, 1683",Wikipedia — May 24,exact,Museum,United Kingdom,Gregorian (date-page convention),complete,,University of Oxford,International,"Secondary, community-edited reference",20,verified against date-page source,20,8
24,CE,1689,May,,Europe,GHCD-APR-2470,legal,The English Parliament passed the Act of Toleration protecting dissenting Protestants while excluding Roman Catholics.,Act of Toleration passed,"May 24, 1689 CE",https://en.wikipedia.org/wiki/May_24,1689-05-24,,"May 24, 1689",Wikipedia — May 24,exact,Religious legislation,United Kingdom,Gregorian (date-page convention),complete,,English Parliament,National,"Secondary, community-edited reference",20,verified against date-page source,20,7
24,CE,1798,May,,Europe,GHCD-APR-2471,military,The Irish Rebellion of 1798 led by the United Irishmen against British rule began.,Irish Rebellion begins,"May 24, 1798 CE",https://en.wikipedia.org/wiki/May_24,1798-05-24,,"May 24, 1798",Wikipedia — May 24,exact,Rebellion,Ireland,Gregorian (date-page convention),complete,,United Irishmen; Kingdom of Great Britain,National,"Secondary, community-edited reference",20,verified against date-page source,20,8
24,CE,1813,May,,South America,GHCD-APR-2472,military,Simón Bolívar entered Mérida during the invasion of Venezuela and was proclaimed El Libertador.,Bolívar enters Mérida,"May 24, 1813 CE",https://en.wikipedia.org/wiki/May_24,1813-05-24,Mérida,"May 24, 1813",Wikipedia — May 24,exact,Independence movement,Venezuela,Gregorian (date-page convention),complete,Simón Bolívar,,Regional,"Secondary, community-edited reference",20,verified against date-page source,20,8
24,CE,1822,May,,South America,GHCD-APR-2473,military,Antonio José de Sucre secured the independence of the Presidency of Quito at the Battle of Pichincha.,Battle of Pichincha,"May 24, 1822 CE",https://en.wikipedia.org/wiki/May_24,1822-05-24,Pichincha,"May 24, 1822",Wikipedia — May 24,exact,War of independence,Ecuador,Gregorian (date-page convention),complete,Antonio José de Sucre,Presidency of Quito,National,"Secondary, community-edited reference",20,verified against date-page source,20,9
24,CE,1844,May,,North America,GHCD-APR-2474,technology,Samuel Morse sent “What hath God wrought” from the United States Capitol to Alfred Vail in Baltimore to inaugurate a commercial telegraph line.,First commercial telegraph message sent,"May 24, 1844 CE",https://en.wikipedia.org/wiki/May_24,1844-05-24,"Washington, D.C.; Baltimore","May 24, 1844",Wikipedia — May 24,exact,Telegraphy,United States,Gregorian (date-page convention),complete,Samuel Morse; Alfred Vail,,International,"Secondary, community-edited reference",20,verified against date-page source,20,9
24,CE,1883,May,,North America,GHCD-APR-2475,technology,The Brooklyn Bridge in New York City opened to traffic after 14 years of construction.,Brooklyn Bridge opens,"May 24, 1883 CE",https://en.wikipedia.org/wiki/May_24,1883-05-24,New York City,"May 24, 1883",Wikipedia — May 24,exact,Infrastructure,United States,Gregorian (date-page convention),complete,,,International,"Secondary, community-edited reference",20,verified against date-page source,20,8
24,CE,1930,May,,Oceania,GHCD-APR-2476,exploration,"Amy Johnson landed in Darwin, becoming the first woman to fly solo from England to Australia.",Amy Johnson completes solo England–Australia flight,"May 24, 1930 CE",https://en.wikipedia.org/wiki/May_24,1930-05-24,Darwin,"May 24, 1930",Wikipedia — May 24,exact,Aviation,Australia,Gregorian (date-page convention),complete,Amy Johnson,,International,"Secondary, community-edited reference",20,verified against date-page source,20,8
24,CE,1940,May,,North America,GHCD-APR-2477,technology,Igor Sikorsky performed the first successful single-rotor helicopter flight.,First successful single-rotor helicopter flight,"May 24, 1940 CE",https://en.wikipedia.org/wiki/May_24,1940-05-24,,"May 24, 1940",Wikipedia — May 24,exact,Aviation,United States,Gregorian (date-page convention),complete,Igor Sikorsky,,Global,"Secondary, community-edited reference",20,verified against date-page source,20,9
24,CE,1941,May,,Europe,GHCD-APR-2478,military,"In the Battle of the Denmark Strait, the German battleship Bismarck sank HMS Hood, killing all but three crewmen.",Bismarck sinks HMS Hood,"May 24, 1941 CE",https://en.wikipedia.org/wiki/May_24,1941-05-24,Denmark Strait,"May 24, 1941",Wikipedia — May 24,exact,Naval battle,Denmark,Gregorian (date-page convention),complete,,German Navy; Royal Navy,International,"Secondary, community-edited reference",20,verified against date-page source,20,9
24,CE,1956,May,,Europe,GHCD-APR-2479,cultural,"The first Eurovision Song Contest was held in Lugano, Switzerland.",First Eurovision Song Contest held,"May 24, 1956 CE",https://en.wikipedia.org/wiki/May_24,1956-05-24,Lugano,"May 24, 1956",Wikipedia — May 24,exact,Music competition,Switzerland,Gregorian (date-page convention),complete,,European Broadcasting Union,International,"Secondary, community-edited reference",20,verified against date-page source,20,8
24,CE,1991,May,,Africa,GHCD-APR-2480,social,"Israel conducted Operation Solomon, evacuating Ethiopian Jews to Israel.",Operation Solomon evacuates Ethiopian Jews,"May 24, 1991 CE",https://en.wikipedia.org/wiki/May_24,1991-05-24,,"May 24, 1991",Wikipedia — May 24,exact,Evacuation,Israel,Gregorian (date-page convention),complete,,State of Israel,International,"Secondary, community-edited reference",20,verified against date-page source,20,9
25,CE,1085,May,Historical date rendered in the date-page Gregorian convention; pre-Gregorian local-calendar conversion may differ.,Europe,GHCD-APR-2481,military,"Alfonso VI of Castile took Toledo, Spain, back from the Moors after a siege.",Capture of Toledo,"May 25, 1085 CE",https://en.wikipedia.org/wiki/May_25,1085-05-25,Toledo,"May 25, 1085",Wikipedia — May 25,exact,Reconquista,Spain,Gregorian (date-page convention),complete,Alfonso VI,Kingdom of Castile,Regional,"Secondary, community-edited reference",20,verified against date-page source,20,8
25,CE,1420,May,Historical date rendered in the date-page Gregorian convention; pre-Gregorian local-calendar conversion may differ.,Europe,GHCD-APR-2482,exploration,Henry the Navigator was appointed governor of the Order of Christ.,Henry the Navigator Appointed Governor,"May 25, 1420 CE",https://en.wikipedia.org/wiki/May_25,1420-05-25,,"May 25, 1420",Wikipedia — May 25,exact,Religious order,Portugal,Gregorian (date-page convention),complete,Henry the Navigator,Order of Christ,International,"Secondary, community-edited reference",20,verified against date-page source,20,7
25,CE,1521,May,Historical date rendered in the date-page Gregorian convention; pre-Gregorian local-calendar conversion may differ.,Europe,GHCD-APR-2483,legal,The Diet of Worms ended when Charles V issued the Edict of Worms declaring Martin Luther an outlaw.,Edict of Worms,"May 25, 1521 CE",https://en.wikipedia.org/wiki/May_25,1521-05-25,Worms,"May 25, 1521",Wikipedia — May 25,exact,Religious law,Germany,Gregorian (date-page convention),complete,Charles V; Martin Luther,Holy Roman Empire,International,"Secondary, community-edited reference",20,verified against date-page source,20,9
25,CE,1644,May,,Asia,GHCD-APR-2484,military,Ming general Wu Sangui allied with the invading Manchus and opened the gates of the Great Wall at Shanhaiguan.,Wu Sangui Opens Shanhaiguan,"May 25, 1644 CE",https://en.wikipedia.org/wiki/May_25,1644-05-25,Shanhaiguan,"May 25, 1644",Wikipedia — May 25,exact,Dynastic transition,China,Gregorian (date-page convention),complete,Wu Sangui,Ming dynasty; Manchus,International,"Secondary, community-edited reference",20,verified against date-page source,20,9
25,CE,1660,May,,Europe,GHCD-APR-2485,political,"Charles II landed at Dover at the invitation of the Convention Parliament, beginning the Restoration of the British monarchy.",Charles II Lands at Dover,"May 25, 1660 CE",https://en.wikipedia.org/wiki/May_25,1660-05-25,Dover,"May 25, 1660",Wikipedia — May 25,exact,Monarchical restoration,United Kingdom,Gregorian (date-page convention),complete,Charles II,Kingdom of England,International,"Secondary, community-edited reference",20,verified against date-page source,20,9
25,CE,1738,May,,North America,GHCD-APR-2486,legal,A treaty between Pennsylvania and Maryland ended the Conojocular War through a boundary settlement and exchange of prisoners.,Treaty Ending the Conojocular War,"May 25, 1738 CE",https://en.wikipedia.org/wiki/May_25,1738-05-25,,"May 25, 1738",Wikipedia — May 25,exact,Colonial boundary,United States,Gregorian (date-page convention),complete,,Province of Pennsylvania; Province of Maryland,Regional,"Secondary, community-edited reference",20,verified against date-page source,20,5
25,CE,1787,May,,North America,GHCD-APR-2487,political,The United States Constitutional Convention formally convened in Philadelphia after a quorum of seven states was secured.,United States Constitutional Convention Convenes,"May 25, 1787 CE",https://en.wikipedia.org/wiki/May_25,1787-05-25,Philadelphia,"May 25, 1787",Wikipedia — May 25,exact,Constitutional convention,United States,Gregorian (date-page convention),complete,,United States Constitutional Convention,International,"Secondary, community-edited reference",20,verified against date-page source,20,10
25,CE,1809,May,,South America,GHCD-APR-2488,political,A patriot revolt in Chuquisaca against the Spanish Empire sparked the Latin American wars of independence.,Chuquisaca Revolution,"May 25, 1809 CE",https://en.wikipedia.org/wiki/May_25,1809-05-25,Chuquisaca,"May 25, 1809",Wikipedia — May 25,exact,Independence revolt,Bolivia,Gregorian (date-page convention),complete,,Spanish Empire,International,"Secondary, community-edited reference",20,verified against date-page source,20,9
25,CE,1810,May,,South America,GHCD-APR-2489,political,"Citizens of Buenos Aires expelled Viceroy Baltasar Hidalgo de Cisneros during May Week, starting the Argentine War of Independence.",May Revolution in Buenos Aires,"May 25, 1810 CE",https://en.wikipedia.org/wiki/May_25,1810-05-25,Buenos Aires,"May 25, 1810",Wikipedia — May 25,exact,Revolution,Argentina,Gregorian (date-page convention),complete,Baltasar Hidalgo de Cisneros,Viceroyalty of the Río de la Plata,International,"Secondary, community-edited reference",20,verified against date-page source,20,10
25,CE,1833,May,,South America,GHCD-APR-2490,legal,The Chilean Constitution of 1833 was promulgated.,Chilean Constitution Promulgated,"May 25, 1833 CE",https://en.wikipedia.org/wiki/May_25,1833-05-25,,"May 25, 1833",Wikipedia — May 25,exact,Constitution,Chile,Gregorian (date-page convention),complete,,Republic of Chile,National,"Secondary, community-edited reference",20,verified against date-page source,20,7
25,CE,1865,May,,North America,GHCD-APR-2491,disaster,"An ordnance depot exploded in Mobile, Alabama, killing around 300 people.",Mobile Ordnance Depot Explosion,"May 25, 1865 CE",https://en.wikipedia.org/wiki/May_25,1865-05-25,Mobile,"May 25, 1865",Wikipedia — May 25,exact,Explosion,United States,Gregorian (date-page convention),complete,,,National,"Secondary, community-edited reference",20,verified against date-page source,20,7
25,CE,1878,May,,Europe,GHCD-APR-2492,cultural,Gilbert and Sullivan's comic opera H.M.S. Pinafore opened at the Opera Comique in London.,Premiere of H.M.S. Pinafore,"May 25, 1878 CE",https://en.wikipedia.org/wiki/May_25,1878-05-25,London,"May 25, 1878",Wikipedia — May 25,exact,Opera premiere,United Kingdom,Gregorian (date-page convention),complete,Gilbert; Sullivan,,International,"Secondary, community-edited reference",20,verified against date-page source,20,8
25,CE,1895,May,,Europe,GHCD-APR-2493,legal,Oscar Wilde was convicted of committing acts of gross indecency with other male persons and sentenced to two years in prison.,Oscar Wilde Convicted,"May 25, 1895 CE",https://en.wikipedia.org/wiki/May_25,1895-05-25,,"May 25, 1895",Wikipedia — May 25,exact,Criminal conviction,United Kingdom,Gregorian (date-page convention),complete,Oscar Wilde,,International,"Secondary, community-edited reference",20,verified against date-page source,20,9
25,CE,1914,May,,Europe,GHCD-APR-2494,political,The United Kingdom House of Commons passed the Home Rule Bill for devolution in Ireland.,Irish Home Rule Bill Passed,"May 25, 1914 CE",https://en.wikipedia.org/wiki/May_25,1914-05-25,London,"May 25, 1914",Wikipedia — May 25,exact,Devolution,United Kingdom,Gregorian (date-page convention),complete,,United Kingdom,International,"Secondary, community-edited reference",20,verified against date-page source,20,8
25,CE,1925,May,,North America,GHCD-APR-2495,legal,John T. Scopes was indicted for teaching human evolution in Tennessee.,Scopes Trial Indictment,"May 25, 1925 CE",https://en.wikipedia.org/wiki/May_25,1925-05-25,Tennessee,"May 25, 1925",Wikipedia — May 25,exact,Education law,United States,Gregorian (date-page convention),complete,John T. Scopes,State of Tennessee,International,"Secondary, community-edited reference",20,verified against date-page source,20,9
25,CE,1946,May,,Middle East,GHCD-APR-2496,political,The Emirate of Transjordan became independent from the United Kingdom as the Hashemite Kingdom of Transjordan.,Transjordan Independence,"May 25, 1946 CE",https://en.wikipedia.org/wiki/May_25,1946-05-25,,"May 25, 1946",Wikipedia — May 25,exact,Independence,Jordan,Gregorian (date-page convention),complete,Abdullah I,Hashemite Kingdom of Transjordan; United Kingdom,International,"Secondary, community-edited reference",20,verified against date-page source,20,9
25,CE,1953,May,,North America,GHCD-APR-2497,military,The United States conducted its first and only nuclear artillery test at the Nevada Test Site.,First Nuclear Artillery Test,"May 25, 1953 CE",https://en.wikipedia.org/wiki/May_25,1953-05-25,Nevada Test Site,"May 25, 1953",Wikipedia — May 25,exact,Nuclear weapons testing,United States,Gregorian (date-page convention),complete,,United States,International,"Secondary, community-edited reference",20,verified against date-page source,20,9
25,CE,1963,May,,Africa,GHCD-APR-2498,political,"The Organisation of African Unity was established in Addis Ababa, Ethiopia.",Organisation of African Unity Established,"May 25, 1963 CE",https://en.wikipedia.org/wiki/May_25,1963-05-25,Addis Ababa,"May 25, 1963",Wikipedia — May 25,exact,Regional organization,Ethiopia,Gregorian (date-page convention),complete,,Organisation of African Unity,International,"Secondary, community-edited reference",20,verified against date-page source,20,10
25,CE,1977,May,,North America,GHCD-APR-2499,cultural,"Star Wars, later titled Star Wars: Episode IV – A New Hope, was released in United States theaters.",Star Wars Released,"May 25, 1977 CE",https://en.wikipedia.org/wiki/May_25,1977-05-25,,"May 25, 1977",Wikipedia — May 25,exact,Film release,United States,Gregorian (date-page convention),complete,,,Global,"Secondary, community-edited reference",20,verified against date-page source,20,10
25,CE,2008,May,,Global,GHCD-APR-2500,scientific,NASA's Phoenix lander touched down in Mars's Green Valley region to search for environments suitable for water and microbial life.,Phoenix Mars Lander Touchdown,"May 25, 2008 CE",https://en.wikipedia.org/wiki/May_25,2008-05-25,"Green Valley, Mars","May 25, 2008",Wikipedia — May 25,exact,Mars exploration,United States,Gregorian (date-page convention),complete,,NASA,Global,"Secondary, community-edited reference",20,verified against date-page source,20,9
26,CE,17,May,Historical date rendered in the date-page Gregorian convention; pre-Gregorian local-calendar conversion may differ.,Europe,GHCD-APR-2501,military,"Germanicus celebrates a triumph in Rome for victories over the Cherusci, Chatti, and other German tribes west of the Elbe.",Germanicus celebrates a Roman triumph,"May 26, 17 CE",https://en.wikipedia.org/wiki/May_26,0017-05-26,Rome,"May 26, 17",Wikipedia — May 26,exact,Roman campaigns,Italy,Gregorian (date-page convention),complete,Germanicus,Roman Empire,Regional,"Secondary, community-edited reference",20,verified against date-page source,20,6
26,CE,451,May,Historical date rendered in the date-page Gregorian convention; pre-Gregorian local-calendar conversion may differ.,Asia,GHCD-APR-2502,military,"Armenian rebels fight the Sasanian Empire, which defeats them militarily but guarantees their freedom to openly practice Christianity.",Battle of Avarayr,"May 26, 451 CE",https://en.wikipedia.org/wiki/May_26,0451-05-26,Avarayr,"May 26, 451",Wikipedia — May 26,exact,religious conflict,Armenia,Gregorian (date-page convention),complete,,Sasanian Empire,Regional,"Secondary, community-edited reference",20,verified against date-page source,20,8
26,CE,866,May,Historical date rendered in the date-page Gregorian convention; pre-Gregorian local-calendar conversion may differ.,Europe,GHCD-APR-2503,political,Basil I is crowned co-emperor of the Byzantine Empire by Michael III.,Basil I crowned co-emperor,"May 26, 866 CE",https://en.wikipedia.org/wiki/May_26,0866-05-26,,"May 26, 866",Wikipedia — May 26,exact,imperial succession,Türkiye,Gregorian (date-page convention),complete,Basil I; Michael III,Byzantine Empire,Regional,"Secondary, community-edited reference",20,verified against date-page source,20,6
26,CE,1135,May,Historical date rendered in the date-page Gregorian convention; pre-Gregorian local-calendar conversion may differ.,Europe,GHCD-APR-2504,political,Alfonso VII of León and Castile is crowned Imperator totius Hispaniae in León Cathedral.,Alfonso VII crowned emperor,"May 26, 1135 CE",https://en.wikipedia.org/wiki/May_26,1135-05-26,León,"May 26, 1135",Wikipedia — May 26,exact,royal coronation,Spain,Gregorian (date-page convention),complete,Alfonso VII,Kingdom of León and Castile,Regional,"Secondary, community-edited reference",20,verified against date-page source,20,7
26,CE,1293,May,Historical date rendered in the date-page Gregorian convention; pre-Gregorian local-calendar conversion may differ.,Asia,GHCD-APR-2505,disaster,"An earthquake strikes Kamakura, Kanagawa, Japan, killing about 23,000 people.",Kamakura earthquake,"May 26, 1293 CE",https://en.wikipedia.org/wiki/May_26,1293-05-26,Kamakura,"May 26, 1293",Wikipedia — May 26,exact,earthquake,Japan,Gregorian (date-page convention),complete,,Kamakura shogunate,Regional,"Secondary, community-edited reference",20,verified against date-page source,20,8
26,CE,1538,May,Historical date rendered in the date-page Gregorian convention; pre-Gregorian local-calendar conversion may differ.,Europe,GHCD-APR-2506,religious,"Geneva expels John Calvin and his followers, and Calvin lives in exile in Strasbourg for the next three years.",Geneva expels John Calvin,"May 26, 1538 CE",https://en.wikipedia.org/wiki/May_26,1538-05-26,Geneva,"May 26, 1538",Wikipedia — May 26,exact,religious exile,Switzerland,Gregorian (date-page convention),complete,John Calvin,Geneva,Regional,"Secondary, community-edited reference",20,verified against date-page source,20,7
26,CE,1573,May,Historical date rendered in the date-page Gregorian convention; pre-Gregorian local-calendar conversion may differ.,Europe,GHCD-APR-2507,military,The Battle of Haarlemmermeer is fought as a naval engagement in the Eighty Years' War.,Battle of Haarlemmermeer,"May 26, 1573 CE",https://en.wikipedia.org/wiki/May_26,1573-05-26,Haarlemmermeer,"May 26, 1573",Wikipedia — May 26,exact,naval battle,Netherlands,Gregorian (date-page convention),complete,,,Regional,"Secondary, community-edited reference",20,verified against date-page source,20,6
26,CE,1637,May,,North America,GHCD-APR-2508,military,A combined English and Mohegan force under John Mason attacks a Connecticut village and massacres approximately 500 Pequots.,Attack during the Pequot War,"May 26, 1637 CE",https://en.wikipedia.org/wiki/May_26,1637-05-26,Connecticut,"May 26, 1637",Wikipedia — May 26,exact,colonial conflict,United States,Gregorian (date-page convention),complete,John Mason,English colonial forces; Mohegan,Regional,"Secondary, community-edited reference",20,verified against date-page source,20,8
26,CE,1805,May,,Europe,GHCD-APR-2509,political,Napoléon Bonaparte assumes the title of King of Italy and is crowned with the Iron Crown of Lombardy in Milan Cathedral.,Napoleon crowned King of Italy,"May 26, 1805 CE",https://en.wikipedia.org/wiki/May_26,1805-05-26,Milan,"May 26, 1805",Wikipedia — May 26,exact,monarchical coronation,Italy,Gregorian (date-page convention),complete,Napoléon Bonaparte,Kingdom of Italy,International,"Secondary, community-edited reference",20,verified against date-page source,20,9
26,CE,1822,May,,Europe,GHCD-APR-2510,disaster,A fire at Grue Church kills at least 113 people in Norway.,Grue Church fire,"May 26, 1822 CE",https://en.wikipedia.org/wiki/May_26,1822-05-26,Grue,"May 26, 1822",Wikipedia — May 26,exact,fire,Norway,Gregorian (date-page convention),complete,,,National,"Secondary, community-edited reference",20,verified against date-page source,20,7
26,CE,1864,May,,North America,GHCD-APR-2511,legal,President Abraham Lincoln signs legislation organizing the Montana Territory.,Montana Territory organized,"May 26, 1864 CE",https://en.wikipedia.org/wiki/May_26,1864-05-26,Montana Territory,"May 26, 1864",Wikipedia — May 26,exact,territorial organization,United States,Gregorian (date-page convention),complete,Abraham Lincoln,United States federal government,National,"Secondary, community-edited reference",20,verified against date-page source,20,7
26,CE,1868,May,,North America,GHCD-APR-2512,political,President Andrew Johnson is acquitted by one vote in the United States Senate during his impeachment trial.,Andrew Johnson acquitted,"May 26, 1868 CE",https://en.wikipedia.org/wiki/May_26,1868-05-26,"Washington, D.C.","May 26, 1868",Wikipedia — May 26,exact,impeachment trial,United States,Gregorian (date-page convention),complete,Andrew Johnson,United States Senate,National,"Secondary, community-edited reference",20,verified against date-page source,20,8
26,CE,1896,May,,North America,GHCD-APR-2513,economic,Charles Dow publishes the first edition of the Dow Jones Industrial Average.,Dow Jones Industrial Average published,"May 26, 1896 CE",https://en.wikipedia.org/wiki/May_26,1896-05-26,,"May 26, 1896",Wikipedia — May 26,exact,financial index,United States,Gregorian (date-page convention),complete,Charles Dow,,International,"Secondary, community-edited reference",20,verified against date-page source,20,8
26,CE,1896,May,,Europe,GHCD-APR-2514,political,Nicholas II is crowned as the last Tsar of Imperial Russia.,Nicholas II crowned tsar,"May 26, 1896 CE",https://en.wikipedia.org/wiki/May_26,1896-05-26,,"May 26, 1896",Wikipedia — May 26,exact,royal coronation,Russia,Gregorian (date-page convention),complete,Nicholas II,Russian Empire,International,"Secondary, community-edited reference",20,verified against date-page source,20,9
26,CE,1908,May,,Middle East,GHCD-APR-2515,economic,The first major commercial oil strike in the Middle East is made at Masjed Soleyman in southwest Persia.,Commercial oil strike at Masjed Soleyman,"May 26, 1908 CE",https://en.wikipedia.org/wiki/May_26,1908-05-26,Masjed Soleyman,"May 26, 1908",Wikipedia — May 26,exact,oil discovery,Iran,Gregorian (date-page convention),complete,,Persia,International,"Secondary, community-edited reference",20,verified against date-page source,20,9
26,CE,1918,May,,Asia,GHCD-APR-2516,political,The Democratic Republic of Georgia is established.,Democratic Republic of Georgia established,"May 26, 1918 CE",https://en.wikipedia.org/wiki/May_26,1918-05-26,,"May 26, 1918",Wikipedia — May 26,exact,independence,Georgia,Gregorian (date-page convention),complete,,Democratic Republic of Georgia,International,"Secondary, community-edited reference",20,verified against date-page source,20,8
26,CE,1927,May,,North America,GHCD-APR-2517,technology,"The last Ford Model T rolls off the assembly line after a production run of 15,007,003 vehicles.",Last Ford Model T produced,"May 26, 1927 CE",https://en.wikipedia.org/wiki/May_26,1927-05-26,,"May 26, 1927",Wikipedia — May 26,exact,automobile manufacturing,United States,Gregorian (date-page convention),complete,,Ford Motor Company,International,"Secondary, community-edited reference",20,verified against date-page source,20,8
26,CE,1940,May,,Europe,GHCD-APR-2518,military,Allied forces begin a massive evacuation from Dunkirk while the Battle of Dunkirk begins simultaneously.,Dunkirk evacuation begins,"May 26, 1940 CE",https://en.wikipedia.org/wiki/May_26,1940-05-26,Dunkirk,"May 26, 1940",Wikipedia — May 26,exact,wartime evacuation,France,Gregorian (date-page convention),complete,,Allied forces,International,"Secondary, community-edited reference",20,verified against date-page source,20,10
26,CE,1966,May,,South America,GHCD-APR-2519,political,British Guiana gains independence and becomes Guyana.,Guyana gains independence,"May 26, 1966 CE",https://en.wikipedia.org/wiki/May_26,1966-05-26,,"May 26, 1966",Wikipedia — May 26,exact,independence,Guyana,Gregorian (date-page convention),complete,,British Guiana,International,"Secondary, community-edited reference",20,verified against date-page source,20,8
26,CE,1972,May,,Global,GHCD-APR-2520,political,The United States and the Soviet Union sign the Anti-Ballistic Missile Treaty.,Anti-Ballistic Missile Treaty signed,"May 26, 1972 CE",https://en.wikipedia.org/wiki/May_26,1972-05-26,,"May 26, 1972",Wikipedia — May 26,exact,arms control treaty,United States,Gregorian (date-page convention),complete,,United States; Soviet Union,International,"Secondary, community-edited reference",20,verified against date-page source,20,9
27,CE,1096,May,Historical date rendered in the date-page Gregorian convention; pre-Gregorian local-calendar conversion may differ.,Europe,GHCD-APR-2521,social,"Count Emicho entered Mainz, where his followers massacred Jewish citizens and killed at least 600 Jews.",Mainz massacre,"May 27, 1096 CE",https://en.wikipedia.org/wiki/May_27,1096-05-27,Mainz,"May 27, 1096",Wikipedia — May 27,exact,Religious persecution,Germany,Gregorian (date-page convention),complete,Count Emicho,,Regional,"Secondary, community-edited reference",20,verified against date-page source,20,8
27,CE,1153,May,Historical date rendered in the date-page Gregorian convention; pre-Gregorian local-calendar conversion may differ.,Europe,GHCD-APR-2522,political,Malcolm IV became King of Scotland.,Malcolm IV becomes King of Scotland,"May 27, 1153 CE",https://en.wikipedia.org/wiki/May_27,1153-05-27,,"May 27, 1153",Wikipedia — May 27,exact,Royal succession,United Kingdom,Gregorian (date-page convention),complete,Malcolm IV,Kingdom of Scotland,National,"Secondary, community-edited reference",20,verified against date-page source,20,7
27,CE,1199,May,Historical date rendered in the date-page Gregorian convention; pre-Gregorian local-calendar conversion may differ.,Europe,GHCD-APR-2523,political,John was crowned King of England.,John crowned King of England,"May 27, 1199 CE",https://en.wikipedia.org/wiki/May_27,1199-05-27,,"May 27, 1199",Wikipedia — May 27,exact,Royal coronation,United Kingdom,Gregorian (date-page convention),complete,John,Kingdom of England,National,"Secondary, community-edited reference",20,verified against date-page source,20,8
27,CE,1595,May,,Europe,GHCD-APR-2524,military,A Gaelic Irish army ambushed and defeated an English force at Clontibret during the Nine Years' War.,Battle of Clontibret,"May 27, 1595 CE",https://en.wikipedia.org/wiki/May_27,1595-05-27,Clontibret,"May 27, 1595",Wikipedia — May 27,exact,Battle,Ireland,Gregorian (date-page convention),complete,,,Regional,"Secondary, community-edited reference",20,verified against date-page source,20,7
27,CE,1644,May,,Asia,GHCD-APR-2525,military,"Manchu regent Dorgon defeated Li Zicheng of the Shun dynasty, allowing the Manchus to enter and conquer Beijing.",Battle of Shanhai Pass,"May 27, 1644 CE",https://en.wikipedia.org/wiki/May_27,1644-05-27,Shanhai Pass,"May 27, 1644",Wikipedia — May 27,exact,Battle and conquest,China,Gregorian (date-page convention),complete,Dorgon; Li Zicheng,Qing dynasty,National,"Secondary, community-edited reference",20,verified against date-page source,20,10
27,CE,1703,May,,Europe,GHCD-APR-2526,political,Tsar Peter the Great founded the city of Saint Petersburg.,Founding of Saint Petersburg,"May 27, 1703 CE",https://en.wikipedia.org/wiki/May_27,1703-05-27,Saint Petersburg,"May 27, 1703",Wikipedia — May 27,exact,City founding,Russia,Gregorian (date-page convention),complete,Peter the Great,Russian Empire,National,"Secondary, community-edited reference",20,verified against date-page source,20,9
27,CE,1798,May,,Europe,GHCD-APR-2527,military,Irish rebel leaders defeated and killed a detachment of militia at Oulart Hill in Wexford.,Battle of Oulart Hill,"May 27, 1798 CE",https://en.wikipedia.org/wiki/May_27,1798-05-27,Oulart Hill,"May 27, 1798",Wikipedia — May 27,exact,Rebellion battle,Ireland,Gregorian (date-page convention),complete,,,Regional,"Secondary, community-edited reference",20,verified against date-page source,20,7
27,CE,1813,May,,North America,GHCD-APR-2528,military,American forces captured Fort George in Canada during the War of 1812.,Capture of Fort George,"May 27, 1813 CE",https://en.wikipedia.org/wiki/May_27,1813-05-27,Fort George,"May 27, 1813",Wikipedia — May 27,exact,Fortification capture,Canada,Gregorian (date-page convention),complete,,,Regional,"Secondary, community-edited reference",20,verified against date-page source,20,7
27,CE,1832,May,,Middle East,GHCD-APR-2529,military,An Egyptian army under Ibrahim Pasha captured Acre from the Ottomans after a five-month siege.,Egyptian capture of Acre,"May 27, 1832 CE",https://en.wikipedia.org/wiki/May_27,1832-05-27,Acre,"May 27, 1832",Wikipedia — May 27,exact,Siege,Israel,Gregorian (date-page convention),complete,Ibrahim Pasha,Egyptian army; Ottoman Empire,International,"Secondary, community-edited reference",20,verified against date-page source,20,8
27,CE,1860,May,,Europe,GHCD-APR-2530,military,Giuseppe Garibaldi began the Siege of Palermo during the wars of Italian unification.,Siege of Palermo begins,"May 27, 1860 CE",https://en.wikipedia.org/wiki/May_27,1860-05-27,Palermo,"May 27, 1860",Wikipedia — May 27,exact,Siege,Italy,Gregorian (date-page convention),complete,Giuseppe Garibaldi,,National,"Secondary, community-edited reference",20,verified against date-page source,20,8
27,CE,1896,May,,North America,GHCD-APR-2531,disaster,"An F4-strength tornado struck St. Louis and East St. Louis, killing at least 255 people and causing over $10 million in damage.",St. Louis–East St. Louis tornado,"May 27, 1896 CE",https://en.wikipedia.org/wiki/May_27,1896-05-27,St. Louis,"May 27, 1896",Wikipedia — May 27,exact,Tornado,United States,Gregorian (date-page convention),complete,,,Regional,"Secondary, community-edited reference",20,verified against date-page source,20,8
27,CE,1905,May,,Asia,GHCD-APR-2532,military,The Battle of Tsushima began during the Russo-Japanese War.,Battle of Tsushima begins,"May 27, 1905 CE",https://en.wikipedia.org/wiki/May_27,1905-05-27,Tsushima,"May 27, 1905",Wikipedia — May 27,exact,Naval battle,Japan,Gregorian (date-page convention),complete,,Russian Empire; Empire of Japan,International,"Secondary, community-edited reference",20,verified against date-page source,20,9
27,CE,1917,May,,Europe,GHCD-APR-2533,legal,Pope Benedict XV promulgated the first comprehensive codification of Catholic canon law.,1917 Code of Canon Law promulgated,"May 27, 1917 CE",https://en.wikipedia.org/wiki/May_27,1917-05-27,,"May 27, 1917",Wikipedia — May 27,exact,Religious law,Vatican City,Gregorian (date-page convention),complete,Pope Benedict XV,Catholic Church,Global,"Secondary, community-edited reference",20,verified against date-page source,20,9
27,CE,1919,May,,Global,GHCD-APR-2534,exploration,The NC-4 aircraft arrived in Lisbon after completing the first transatlantic flight.,NC-4 reaches Lisbon,"May 27, 1919 CE",https://en.wikipedia.org/wiki/May_27,1919-05-27,Lisbon,"May 27, 1919",Wikipedia — May 27,exact,Aviation milestone,Portugal,Gregorian (date-page convention),complete,,,Global,"Secondary, community-edited reference",20,verified against date-page source,20,10
27,CE,1927,May,,North America,GHCD-APR-2535,economic,Ford Motor Company ceased manufacturing the Ford Model T and began retooling plants to make the Ford Model A.,Ford Model T production ends,"May 27, 1927 CE",https://en.wikipedia.org/wiki/May_27,1927-05-27,,"May 27, 1927",Wikipedia — May 27,exact,Automobile manufacturing,United States,Gregorian (date-page convention),complete,,Ford Motor Company,Global,"Secondary, community-edited reference",20,verified against date-page source,20,8
27,CE,1930,May,,North America,GHCD-APR-2536,technology,"The 1,046-foot Chrysler Building in New York City opened to the public as the tallest man-made structure at the time.",Chrysler Building opens,"May 27, 1930 CE",https://en.wikipedia.org/wiki/May_27,1930-05-27,New York City,"May 27, 1930",Wikipedia — May 27,exact,Architecture and construction,United States,Gregorian (date-page convention),complete,,,Global,"Secondary, community-edited reference",20,verified against date-page source,20,8
27,CE,1937,May,,North America,GHCD-APR-2537,technology,"The Golden Gate Bridge opened to pedestrian traffic, linking San Francisco and Marin County.",Golden Gate Bridge opens to pedestrians,"May 27, 1937 CE",https://en.wikipedia.org/wiki/May_27,1937-05-27,San Francisco,"May 27, 1937",Wikipedia — May 27,exact,Bridge opening,United States,Gregorian (date-page convention),complete,,,Regional,"Secondary, community-edited reference",20,verified against date-page source,20,8
27,CE,1941,May,,Global,GHCD-APR-2538,military,"The German battleship Bismarck was sunk in the North Atlantic, killing almost 2,100 men.",Sinking of the Bismarck,"May 27, 1941 CE",https://en.wikipedia.org/wiki/May_27,1941-05-27,North Atlantic,"May 27, 1941",Wikipedia — May 27,exact,Naval warfare,,Gregorian (date-page convention),complete,,Nazi Germany,International,"Secondary, community-edited reference",20,verified against date-page source,20,9
27,CE,1967,May,,Oceania,GHCD-APR-2539,legal,Australians voted in favor of granting the federal government power to make laws benefiting Indigenous Australians and to count them in the national census.,Australian Indigenous constitutional referendum,"May 27, 1967 CE",https://en.wikipedia.org/wiki/May_27,1967-05-27,,"May 27, 1967",Wikipedia — May 27,exact,Constitutional referendum,Australia,Gregorian (date-page convention),complete,,Commonwealth of Australia,National,"Secondary, community-edited reference",20,verified against date-page source,20,9
27,CE,1999,May,,Global,GHCD-APR-2540,exploration,"Space Shuttle Discovery launched on STS-96, the first shuttle mission to dock with the International Space Station.",STS-96 launches,"May 27, 1999 CE",https://en.wikipedia.org/wiki/May_27,1999-05-27,,"May 27, 1999",Wikipedia — May 27,exact,Spaceflight,United States,Gregorian (date-page convention),complete,,NASA,Global,"Secondary, community-edited reference",20,verified against date-page source,20,9
28,CE,585,May,Historical date rendered in the date-page Gregorian convention; pre-Gregorian local-calendar conversion may differ.,Middle East,GHCD-APR-2541,military,"A solar eclipse predicted by Thales occurred while Alyattes was battling Cyaxares, leading to a truce.",Battle of the Eclipse,"May 28, 585 CE",https://en.wikipedia.org/wiki/May_28,0585-05-28,,"May 28, 585",Wikipedia — May 28,exact,Battle and eclipse,Turkey,Gregorian (date-page convention),complete,Thales; Alyattes; Cyaxares,Lydian and Median kingdoms,International,"Secondary, community-edited reference",20,verified against date-page source,20,9
28,CE,621,May,Historical date rendered in the date-page Gregorian convention; pre-Gregorian local-calendar conversion may differ.,Asia,GHCD-APR-2542,military,"Li Shimin defeated Dou Jiande's numerically superior forces near Hulao Pass, deciding the civil war in favor of the Tang dynasty.",Battle of Hulao,"May 28, 621 CE",https://en.wikipedia.org/wiki/May_28,0621-05-28,Hulao Pass,"May 28, 621",Wikipedia — May 28,exact,Dynastic civil war,China,Gregorian (date-page convention),complete,Li Shimin; Dou Jiande; Gaozu,Tang dynasty,National,"Secondary, community-edited reference",20,verified against date-page source,20,8
28,CE,934,May,Historical date rendered in the date-page Gregorian convention; pre-Gregorian local-calendar conversion may differ.,Europe,GHCD-APR-2543,military,English king Æthelstan began his invasion of Scotland.,Invasion of Scotland,"May 28, 934 CE",https://en.wikipedia.org/wiki/May_28,0934-05-28,Scotland,"May 28, 934",Wikipedia — May 28,exact,Invasion,United Kingdom,Gregorian (date-page convention),complete,Æthelstan,Kingdom of England,Regional,"Secondary, community-edited reference",20,verified against date-page source,20,6
28,CE,1242,May,Historical date rendered in the date-page Gregorian convention; pre-Gregorian local-calendar conversion may differ.,Europe,GHCD-APR-2544,military,Cathars murdered inquisitor William Arnaud and eleven companions at Avignonet.,Avignonet Massacre,"May 28, 1242 CE",https://en.wikipedia.org/wiki/May_28,1242-05-28,Avignonet,"May 28, 1242",Wikipedia — May 28,exact,Religious conflict,France,Gregorian (date-page convention),complete,William Arnaud; Raymond VII of Toulouse,Cathars,Regional,"Secondary, community-edited reference",20,verified against date-page source,20,6
28,CE,1533,May,Historical date rendered in the date-page Gregorian convention; pre-Gregorian local-calendar conversion may differ.,Europe,GHCD-APR-2545,legal,The Archbishop of Canterbury declared King Henry VIII's marriage to Anne Boleyn valid.,Validation of Henry VIII's Marriage,"May 28, 1533 CE",https://en.wikipedia.org/wiki/May_28,1533-05-28,,"May 28, 1533",Wikipedia — May 28,exact,Royal marriage,United Kingdom,Gregorian (date-page convention),complete,Thomas Cranmer; Henry VIII; Anne Boleyn,Kingdom of England,National,"Secondary, community-edited reference",20,verified against date-page source,20,7
28,CE,1588,May,,Europe,GHCD-APR-2546,military,"The Spanish Armada, consisting of 130 ships and 30,000 men, set sail from Lisbon toward the English Channel.",Spanish Armada Sets Sail,"May 28, 1588 CE",https://en.wikipedia.org/wiki/May_28,1588-05-28,Lisbon,"May 28, 1588",Wikipedia — May 28,exact,Naval expedition,Portugal,Gregorian (date-page convention),complete,,Spanish Armada,International,"Secondary, community-edited reference",20,verified against date-page source,20,9
28,CE,1644,May,,Europe,GHCD-APR-2547,military,Royalist troops under James Stanley carried out the Bolton Massacre during the English Civil War.,Bolton Massacre,"May 28, 1644 CE",https://en.wikipedia.org/wiki/May_28,1644-05-28,Bolton,"May 28, 1644",Wikipedia — May 28,exact,Civil war massacre,United Kingdom,Gregorian (date-page convention),complete,James Stanley,Royalist forces,National,"Secondary, community-edited reference",20,verified against date-page source,20,7
28,CE,1754,May,,North America,GHCD-APR-2548,military,Virginia militia under George Washington defeated a French reconnaissance party in the first engagement of the French and Indian War.,Battle of Jumonville Glen,"May 28, 1754 CE",https://en.wikipedia.org/wiki/May_28,1754-05-28,Jumonville Glen,"May 28, 1754",Wikipedia — May 28,exact,Colonial war,United States,Gregorian (date-page convention),complete,George Washington,Virginia militia,International,"Secondary, community-edited reference",20,verified against date-page source,20,8
28,CE,1802,May,,North America,GHCD-APR-2549,military,"In Guadeloupe, 400 rebellious slaves led by Louis Delgrès blew themselves up rather than submit to Napoleon's troops.",Louis Delgrès Resistance,"May 28, 1802 CE",https://en.wikipedia.org/wiki/May_28,1802-05-28,Guadeloupe,"May 28, 1802",Wikipedia — May 28,exact,Anti-slavery resistance,Guadeloupe,Gregorian (date-page convention),complete,Louis Delgrès; Napoleon Bonaparte,,Regional,"Secondary, community-edited reference",20,verified against date-page source,20,8
28,CE,1830,May,,North America,GHCD-APR-2550,legal,"Andrew Jackson signed the Indian Removal Act, which denied Native Americans their land rights and forcibly relocated them.",Indian Removal Act,"May 28, 1830 CE",https://en.wikipedia.org/wiki/May_28,1830-05-28,,"May 28, 1830",Wikipedia — May 28,exact,Indigenous displacement,United States,Gregorian (date-page convention),complete,Andrew Jackson,United States government,National,"Secondary, community-edited reference",20,verified against date-page source,20,9
28,CE,1871,May,,Europe,GHCD-APR-2551,political,The Paris Commune fell after two months.,Fall of the Paris Commune,"May 28, 1871 CE",https://en.wikipedia.org/wiki/May_28,1871-05-28,Paris,"May 28, 1871",Wikipedia — May 28,exact,Revolutionary government,France,Gregorian (date-page convention),complete,,Paris Commune,International,"Secondary, community-edited reference",20,verified against date-page source,20,8
28,CE,1892,May,,North America,GHCD-APR-2552,social,John Muir organized the Sierra Club in San Francisco.,Sierra Club Founded,"May 28, 1892 CE",https://en.wikipedia.org/wiki/May_28,1892-05-28,San Francisco,"May 28, 1892",Wikipedia — May 28,exact,Environmental organization,United States,Gregorian (date-page convention),complete,John Muir,Sierra Club,International,"Secondary, community-edited reference",20,verified against date-page source,20,7
28,CE,1905,May,,Asia,GHCD-APR-2553,military,The Battle of Tsushima ended with the destruction of the Russian Baltic Fleet by Admiral Tōgō Heihachirō and the Imperial Japanese Navy.,Battle of Tsushima,"May 28, 1905 CE",https://en.wikipedia.org/wiki/May_28,1905-05-28,Tsushima,"May 28, 1905",Wikipedia — May 28,exact,Naval battle,Japan,Gregorian (date-page convention),complete,Tōgō Heihachirō,Imperial Japanese Navy,International,"Secondary, community-edited reference",20,verified against date-page source,20,10
28,CE,1918,May,,Asia,GHCD-APR-2554,political,The Azerbaijan Democratic Republic and the First Republic of Armenia declared their independence.,Independence Declarations of Armenia and Azerbaijan,"May 28, 1918 CE",https://en.wikipedia.org/wiki/May_28,1918-05-28,,"May 28, 1918",Wikipedia — May 28,exact,Independence declarations,Armenia,Gregorian (date-page convention),complete,,First Republic of Armenia; Azerbaijan Democratic Republic,International,"Secondary, community-edited reference",20,verified against date-page source,20,8
28,CE,1926,May,,Europe,GHCD-APR-2555,political,The 28 May coup d'état established the Ditadura Nacional to suppress unrest in the First Republic of Portugal.,Portuguese Coup d'État,"May 28, 1926 CE",https://en.wikipedia.org/wiki/May_28,1926-05-28,,"May 28, 1926",Wikipedia — May 28,exact,Coup d'état,Portugal,Gregorian (date-page convention),complete,,Ditadura Nacional,National,"Secondary, community-edited reference",20,verified against date-page source,20,8
28,CE,1932,May,,Europe,GHCD-APR-2556,technology,"Construction of the Afsluitdijk was completed, converting the Zuiderzee bay into the freshwater IJsselmeer.",Afsluitdijk Completed,"May 28, 1932 CE",https://en.wikipedia.org/wiki/May_28,1932-05-28,Afsluitdijk,"May 28, 1932",Wikipedia — May 28,exact,Water engineering,Netherlands,Gregorian (date-page convention),complete,,,National,"Secondary, community-edited reference",20,verified against date-page source,20,8
28,CE,1936,May,,Europe,GHCD-APR-2557,scientific,Alan Turing submitted On Computable Numbers for publication.,On Computable Numbers Submitted,"May 28, 1936 CE",https://en.wikipedia.org/wiki/May_28,1936-05-28,,"May 28, 1936",Wikipedia — May 28,exact,Computability theory,United Kingdom,Gregorian (date-page convention),complete,Alan Turing,,Global,"Secondary, community-edited reference",20,verified against date-page source,20,10
28,CE,1940,May,,Europe,GHCD-APR-2558,military,"Belgium surrendered to Nazi Germany, ending the Battle of Belgium.",Belgium Surrenders,"May 28, 1940 CE",https://en.wikipedia.org/wiki/May_28,1940-05-28,,"May 28, 1940",Wikipedia — May 28,exact,World War II surrender,Belgium,Gregorian (date-page convention),complete,,Nazi Germany,International,"Secondary, community-edited reference",20,verified against date-page source,20,9
28,CE,1961,May,,Europe,GHCD-APR-2559,social,Peter Benenson's article The Forgotten Prisoners was published in several internationally read newspapers and later regarded as founding Amnesty International.,Founding Article of Amnesty International,"May 28, 1961 CE",https://en.wikipedia.org/wiki/May_28,1961-05-28,,"May 28, 1961",Wikipedia — May 28,exact,Human rights activism,United Kingdom,Gregorian (date-page convention),complete,Peter Benenson,Amnesty International,Global,"Secondary, community-edited reference",20,verified against date-page source,20,9
28,CE,1975,May,,Africa,GHCD-APR-2560,economic,"Fifteen West African countries signed the Treaty of Lagos, creating the Economic Community of West African States.",Treaty of Lagos,"May 28, 1975 CE",https://en.wikipedia.org/wiki/May_28,1975-05-28,Lagos,"May 28, 1975",Wikipedia — May 28,exact,Regional economic organization,Nigeria,Gregorian (date-page convention),complete,,Economic Community of West African States,International,"Secondary, community-edited reference",20,verified against date-page source,20,9
29,CE,363,May,Historical date rendered in the date-page Gregorian convention; pre-Gregorian local-calendar conversion may differ.,Middle East,GHCD-APR-2561,military,Roman emperor Julian defeated the Sasanian army at Ctesiphon but was unable to take the city.,Battle of Ctesiphon,"May 29, 363 CE",https://en.wikipedia.org/wiki/May_29,0363-05-29,Ctesiphon,"May 29, 363",Wikipedia — May 29,exact,Battle,Iraq,Gregorian (date-page convention),complete,Julian,Roman Empire; Sasanian Empire,International,"Secondary, community-edited reference",20,verified against date-page source,20,8
29,CE,526,May,Historical date rendered in the date-page Gregorian convention; pre-Gregorian local-calendar conversion may differ.,Middle East,GHCD-APR-2562,disaster,"A catastrophic earthquake struck Antioch, killing several thousand people including patriarch Euphrasius.",Antioch Earthquake,"May 29, 526 CE",https://en.wikipedia.org/wiki/May_29,0526-05-29,Antioch,"May 29, 526",Wikipedia — May 29,exact,Earthquake,Turkey,Gregorian (date-page convention),complete,Euphrasius,Byzantine Empire,Regional,"Secondary, community-edited reference",20,verified against date-page source,20,8
29,CE,1176,May,Historical date rendered in the date-page Gregorian convention; pre-Gregorian local-calendar conversion may differ.,Europe,GHCD-APR-2563,military,The Lombard League defeated Emperor Frederick I at the Battle of Legnano.,Battle of Legnano,"May 29, 1176 CE",https://en.wikipedia.org/wiki/May_29,1176-05-29,Legnano,"May 29, 1176",Wikipedia — May 29,exact,Battle,Italy,Gregorian (date-page convention),complete,Frederick I,Lombard League; Holy Roman Empire,International,"Secondary, community-edited reference",20,verified against date-page source,20,8
29,CE,1233,May,Historical date rendered in the date-page Gregorian convention; pre-Gregorian local-calendar conversion may differ.,Asia,GHCD-APR-2564,military,Mongol forces entered Kaifeng after a successful siege and began looting the fallen Jin capital.,Mongols Enter Kaifeng,"May 29, 1233 CE",https://en.wikipedia.org/wiki/May_29,1233-05-29,Kaifeng,"May 29, 1233",Wikipedia — May 29,exact,Conquest,China,Gregorian (date-page convention),complete,,Mongol Empire; Jin dynasty,International,"Secondary, community-edited reference",20,verified against date-page source,20,8
29,CE,1453,May,Historical date rendered in the date-page Gregorian convention; pre-Gregorian local-calendar conversion may differ.,Europe,GHCD-APR-2565,military,"Ottoman armies under Sultan Mehmed II captured Constantinople after a 53-day siege, ending the Roman Empire.",Fall of Constantinople,"May 29, 1453 CE",https://en.wikipedia.org/wiki/May_29,1453-05-29,Constantinople,"May 29, 1453",Wikipedia — May 29,exact,Conquest,Turkey,Gregorian (date-page convention),complete,Mehmed II,Ottoman Empire; Roman Empire,Global,"Secondary, community-edited reference",20,verified against date-page source,20,10
29,CE,1555,May,Historical date rendered in the date-page Gregorian convention; pre-Gregorian local-calendar conversion may differ.,Middle East,GHCD-APR-2566,political,The Ottoman Empire and Safavid Empire signed a peace treaty ending their 1532–1555 war.,Treaty Ending the Ottoman–Safavid War,"May 29, 1555 CE",https://en.wikipedia.org/wiki/May_29,1555-05-29,,"May 29, 1555",Wikipedia — May 29,exact,Peace treaty,Turkey,Gregorian (date-page convention),complete,,Ottoman Empire; Safavid Empire,International,"Secondary, community-edited reference",20,verified against date-page source,20,8
29,CE,1660,May,,Europe,GHCD-APR-2567,political,"Charles II was restored to the thrones of England, Scotland, and Ireland.",English Restoration,"May 29, 1660 CE",https://en.wikipedia.org/wiki/May_29,1660-05-29,,"May 29, 1660",Wikipedia — May 29,exact,Restoration,United Kingdom,Gregorian (date-page convention),complete,Charles II,Kingdom of England; Kingdom of Scotland; Kingdom of Ireland,International,"Secondary, community-edited reference",20,verified against date-page source,20,9
29,CE,1790,May,,North America,GHCD-APR-2568,legal,Rhode Island became the last of North America's original Thirteen Colonies to ratify the Constitution and become one of the United States.,Rhode Island Ratifies the Constitution,"May 29, 1790 CE",https://en.wikipedia.org/wiki/May_29,1790-05-29,Rhode Island,"May 29, 1790",Wikipedia — May 29,exact,Ratification,United States,Gregorian (date-page convention),complete,,United States,National,"Secondary, community-edited reference",20,verified against date-page source,20,8
29,CE,1851,May,,North America,GHCD-APR-2569,social,"Sojourner Truth delivered her famous speech at the Woman's Rights Convention in Akron, Ohio.",Ain't I a Woman? Speech,"May 29, 1851 CE",https://en.wikipedia.org/wiki/May_29,1851-05-29,Akron,"May 29, 1851",Wikipedia — May 29,exact,Women's rights,United States,Gregorian (date-page convention),complete,Sojourner Truth,,International,"Secondary, community-edited reference",20,verified against date-page source,20,9
29,CE,1867,May,,Europe,GHCD-APR-2570,political,Act 12 established the Austro-Hungarian Empire through the Austro-Hungarian Compromise.,Austro-Hungarian Compromise,"May 29, 1867 CE",https://en.wikipedia.org/wiki/May_29,1867-05-29,,"May 29, 1867",Wikipedia — May 29,exact,Constitutional settlement,Austria,Gregorian (date-page convention),complete,,Austro-Hungarian Empire,International,"Secondary, community-edited reference",20,verified against date-page source,20,9
29,CE,1903,May,,Europe,GHCD-APR-2571,political,King Alexander I of Serbia and Queen Draga were assassinated in Belgrade by the Black Hand organization.,May Coup in Serbia,"May 29, 1903 CE",https://en.wikipedia.org/wiki/May_29,1903-05-29,Belgrade,"May 29, 1903",Wikipedia — May 29,exact,Assassination,Serbia,Gregorian (date-page convention),complete,Alexander I; Draga,Kingdom of Serbia; Black Hand,International,"Secondary, community-edited reference",20,verified against date-page source,20,9
29,CE,1913,May,,Europe,GHCD-APR-2572,cultural,Igor Stravinsky's ballet score The Rite of Spring premiered in Paris and provoked a near-riot.,Premiere of The Rite of Spring,"May 29, 1913 CE",https://en.wikipedia.org/wiki/May_29,1913-05-29,Paris,"May 29, 1913",Wikipedia — May 29,exact,Music and ballet,France,Gregorian (date-page convention),complete,Igor Stravinsky,,International,"Secondary, community-edited reference",20,verified against date-page source,20,9
29,CE,1914,May,,North America,GHCD-APR-2573,disaster,"The ocean liner RMS Empress of Ireland sank in the Gulf of Saint Lawrence, killing 1,012 people.",Sinking of RMS Empress of Ireland,"May 29, 1914 CE",https://en.wikipedia.org/wiki/May_29,1914-05-29,Gulf of Saint Lawrence,"May 29, 1914",Wikipedia — May 29,exact,Maritime disaster,Canada,Gregorian (date-page convention),complete,,,International,"Secondary, community-edited reference",20,verified against date-page source,20,9
29,CE,1919,May,,Global,GHCD-APR-2574,scientific,"Arthur Eddington and Andrew Claude de la Cherois Crommelin tested Albert Einstein's theory of general relativity, which was later confirmed.",Test of General Relativity,"May 29, 1919 CE",https://en.wikipedia.org/wiki/May_29,1919-05-29,,"May 29, 1919",Wikipedia — May 29,exact,Physics,United Kingdom,Gregorian (date-page convention),complete,Albert Einstein; Arthur Eddington; Andrew Claude de la Cherois Crommelin,,Global,"Secondary, community-edited reference",20,verified against date-page source,20,10
29,CE,1932,May,,North America,GHCD-APR-2575,social,"World War I veterans began assembling in Washington, D.C., to request cash bonuses promised for payment in 1945.",Bonus Army Assembles,"May 29, 1932 CE",https://en.wikipedia.org/wiki/May_29,1932-05-29,"Washington, D.C.","May 29, 1932",Wikipedia — May 29,exact,Veterans' movement,United States,Gregorian (date-page convention),complete,,Bonus Army,National,"Secondary, community-edited reference",20,verified against date-page source,20,8
29,CE,1948,May,,Middle East,GHCD-APR-2576,political,The United Nations Truce Supervision Organization was founded.,Creation of the United Nations Truce Supervision Organization,"May 29, 1948 CE",https://en.wikipedia.org/wiki/May_29,1948-05-29,,"May 29, 1948",Wikipedia — May 29,exact,International organization,,Gregorian (date-page convention),complete,,United Nations,International,"Secondary, community-edited reference",20,verified against date-page source,20,8
29,CE,1953,May,,Asia,GHCD-APR-2577,exploration,Edmund Hillary and Sherpa Tenzing Norgay became the first people to reach the summit of Mount Everest.,First Ascent of Mount Everest,"May 29, 1953 CE",https://en.wikipedia.org/wiki/May_29,1953-05-29,Mount Everest,"May 29, 1953",Wikipedia — May 29,exact,Mountaineering,Nepal,Gregorian (date-page convention),complete,Edmund Hillary; Tenzing Norgay,,Global,"Secondary, community-edited reference",20,verified against date-page source,20,10
29,CE,1964,May,,Middle East,GHCD-APR-2578,political,"The Arab League met in East Jerusalem to discuss the Palestinian question, leading to the formation of the Palestine Liberation Organization.",Arab League Meeting in East Jerusalem,"May 29, 1964 CE",https://en.wikipedia.org/wiki/May_29,1964-05-29,East Jerusalem,"May 29, 1964",Wikipedia — May 29,exact,Regional organization,Palestine,Gregorian (date-page convention),complete,,Arab League; Palestine Liberation Organization,International,"Secondary, community-edited reference",20,verified against date-page source,20,9
29,CE,1982,May,,South America,GHCD-APR-2579,military,"During the Falklands War, the British Army defeated the Argentine Army at the Battle of Goose Green.",Battle of Goose Green,"May 29, 1982 CE",https://en.wikipedia.org/wiki/May_29,1982-05-29,Goose Green,"May 29, 1982",Wikipedia — May 29,exact,Battle,Falkland Islands,Gregorian (date-page convention),complete,,United Kingdom; Argentina,International,"Secondary, community-edited reference",20,verified against date-page source,20,8
29,CE,1999,May,,Global,GHCD-APR-2580,technology,Space Shuttle Discovery completed the first docking with the International Space Station.,First Space Shuttle Docking with the ISS,"May 29, 1999 CE",https://en.wikipedia.org/wiki/May_29,1999-05-29,,"May 29, 1999",Wikipedia — May 29,exact,Spaceflight,United States,Gregorian (date-page convention),complete,,NASA; International Space Station,Global,"Secondary, community-edited reference",20,verified against date-page source,20,9
30,CE,1381,May,Historical date rendered in the date-page Gregorian convention; pre-Gregorian local-calendar conversion may differ.,Europe,GHCD-APR-2581,social,The Peasants' Revolt began in England.,Beginning of the Peasants' Revolt,"May 30, 1381 CE",https://en.wikipedia.org/wiki/May_30,1381-05-30,England,"May 30, 1381",Wikipedia — May 30,exact,Peasant revolt,United Kingdom,Gregorian (date-page convention),complete,,Kingdom of England,National,"Secondary, community-edited reference",20,verified against date-page source,20,8
30,CE,1431,May,Historical date rendered in the date-page Gregorian convention; pre-Gregorian local-calendar conversion may differ.,Europe,GHCD-APR-2582,legal,Joan of Arc was burned at the stake in Rouen by an English-dominated tribunal.,Execution of Joan of Arc,"May 30, 1431 CE",https://en.wikipedia.org/wiki/May_30,1431-05-30,Rouen,"May 30, 1431",Wikipedia — May 30,exact,Heresy trial,France,Gregorian (date-page convention),complete,Joan of Arc,Kingdom of France,International,"Secondary, community-edited reference",20,verified against date-page source,20,10
30,CE,1434,May,Historical date rendered in the date-page Gregorian convention; pre-Gregorian local-calendar conversion may differ.,Europe,GHCD-APR-2583,military,"The Utraquists defeated and annihilated Taborite forces at the Battle of Lipany, ending the Hussite Wars.",Battle of Lipany,"May 30, 1434 CE",https://en.wikipedia.org/wiki/May_30,1434-05-30,Lipany,"May 30, 1434",Wikipedia — May 30,exact,Battle,Czech Republic,Gregorian (date-page convention),complete,,Hussite factions,Regional,"Secondary, community-edited reference",20,verified against date-page source,20,8
30,CE,1539,May,Historical date rendered in the date-page Gregorian convention; pre-Gregorian local-calendar conversion may differ.,North America,GHCD-APR-2584,exploration,Hernando de Soto landed at Tampa Bay with 600 soldiers seeking gold.,De Soto Lands at Tampa Bay,"May 30, 1539 CE",https://en.wikipedia.org/wiki/May_30,1539-05-30,Tampa Bay,"May 30, 1539",Wikipedia — May 30,exact,Spanish expedition,United States,Gregorian (date-page convention),complete,Hernando de Soto,Spanish Empire,International,"Secondary, community-edited reference",20,verified against date-page source,20,8
30,CE,1574,May,Historical date rendered in the date-page Gregorian convention; pre-Gregorian local-calendar conversion may differ.,Europe,GHCD-APR-2585,political,Henry III became King of France.,Henry III Becomes King of France,"May 30, 1574 CE",https://en.wikipedia.org/wiki/May_30,1574-05-30,,"May 30, 1574",Wikipedia — May 30,exact,Royal succession,France,Gregorian (date-page convention),complete,Henry III,Kingdom of France,National,"Secondary, community-edited reference",20,verified against date-page source,20,7
30,CE,1631,May,,Europe,GHCD-APR-2586,cultural,Gazette de France was published as the first French newspaper.,Gazette de France Published,"May 30, 1631 CE",https://en.wikipedia.org/wiki/May_30,1631-05-30,France,"May 30, 1631",Wikipedia — May 30,exact,Journalism,France,Gregorian (date-page convention),complete,,Kingdom of France,National,"Secondary, community-edited reference",20,verified against date-page source,20,7
30,CE,1635,May,,Europe,GHCD-APR-2587,political,The Peace of Prague was signed during the Thirty Years' War.,Peace of Prague Signed,"May 30, 1635 CE",https://en.wikipedia.org/wiki/May_30,1635-05-30,Prague,"May 30, 1635",Wikipedia — May 30,exact,Peace treaty,Czech Republic,Gregorian (date-page convention),complete,,Holy Roman Empire,International,"Secondary, community-edited reference",20,verified against date-page source,20,8
30,CE,1796,May,,Europe,GHCD-APR-2588,military,"Napoleon Bonaparte crossed the Mincio River against the Austrian army, forcing the Austrians to abandon Lombardy and retreat to Tyrol.",Battle of Borghetto,"May 30, 1796 CE",https://en.wikipedia.org/wiki/May_30,1796-05-30,Borghetto,"May 30, 1796",Wikipedia — May 30,exact,Battle,Italy,Gregorian (date-page convention),complete,Napoleon Bonaparte,First French Republic,International,"Secondary, community-edited reference",20,verified against date-page source,20,8
30,CE,1814,May,,Europe,GHCD-APR-2589,political,The First Treaty of Paris returned French frontiers to their 1792 extent and restored the House of Bourbon.,First Treaty of Paris,"May 30, 1814 CE",https://en.wikipedia.org/wiki/May_30,1814-05-30,Paris,"May 30, 1814",Wikipedia — May 30,exact,Peace treaty,France,Gregorian (date-page convention),complete,,Kingdom of France,International,"Secondary, community-edited reference",20,verified against date-page source,20,9
30,CE,1854,May,,North America,GHCD-APR-2590,legal,"The Kansas–Nebraska Act became law, establishing the United States territories of Kansas and Nebraska.",Kansas–Nebraska Act,"May 30, 1854 CE",https://en.wikipedia.org/wiki/May_30,1854-05-30,,"May 30, 1854",Wikipedia — May 30,exact,Territorial legislation,United States,Gregorian (date-page convention),complete,,United States,National,"Secondary, community-edited reference",20,verified against date-page source,20,9
30,CE,1862,May,,North America,GHCD-APR-2591,military,"The Siege of Corinth ended in a Union victory after Henry Halleck captured Corinth, Mississippi.",Union Victory at Corinth,"May 30, 1862 CE",https://en.wikipedia.org/wiki/May_30,1862-05-30,Corinth,"May 30, 1862",Wikipedia — May 30,exact,American Civil War battle,United States,Gregorian (date-page convention),complete,Henry Halleck; P. G. T. Beauregard,Union and Confederacy,National,"Secondary, community-edited reference",20,verified against date-page source,20,8
30,CE,1866,May,,Europe,GHCD-APR-2592,cultural,Bedrich Smetana's comic opera The Bartered Bride premiered in Prague.,Premiere of The Bartered Bride,"May 30, 1866 CE",https://en.wikipedia.org/wiki/May_30,1866-05-30,Prague,"May 30, 1866",Wikipedia — May 30,exact,Opera premiere,Czech Republic,Gregorian (date-page convention),complete,Bedrich Smetana,,International,"Secondary, community-edited reference",20,verified against date-page source,20,7
30,CE,1876,May,,Middle East,GHCD-APR-2593,political,Ottoman sultan Abdülaziz was deposed and succeeded by his nephew Murad V.,Abdülaziz Deposed,"May 30, 1876 CE",https://en.wikipedia.org/wiki/May_30,1876-05-30,,"May 30, 1876",Wikipedia — May 30,exact,Dynastic change,Turkey,Gregorian (date-page convention),complete,Abdülaziz; Murad V,Ottoman Empire,International,"Secondary, community-edited reference",20,verified against date-page source,20,8
30,CE,1883,May,,North America,GHCD-APR-2594,disaster,A stampede on the recently opened Brooklyn Bridge in New York City killed 12 people.,Brooklyn Bridge Stampede,"May 30, 1883 CE",https://en.wikipedia.org/wiki/May_30,1883-05-30,New York City,"May 30, 1883",Wikipedia — May 30,exact,Crowd disaster,United States,Gregorian (date-page convention),complete,,,National,"Secondary, community-edited reference",20,verified against date-page source,20,6
30,CE,1911,May,,North America,GHCD-APR-2595,technology,Ray Harroun won the first Indianapolis 500 in his Marmon Wasp.,First Indianapolis 500 Ends,"May 30, 1911 CE",https://en.wikipedia.org/wiki/May_30,1911-05-30,Indianapolis,"May 30, 1911",Wikipedia — May 30,exact,Motor racing,United States,Gregorian (date-page convention),complete,Ray Harroun,,International,"Secondary, community-edited reference",20,verified against date-page source,20,7
30,CE,1913,May,,Europe,GHCD-APR-2596,political,The Treaty of London ended the First Balkan War and required the Ottoman Empire to cede its European territories west of the Enos–Media line.,Treaty of London,"May 30, 1913 CE",https://en.wikipedia.org/wiki/May_30,1913-05-30,London,"May 30, 1913",Wikipedia — May 30,exact,Peace treaty,United Kingdom,Gregorian (date-page convention),complete,,Ottoman Empire,International,"Secondary, community-edited reference",20,verified against date-page source,20,9
30,CE,1922,May,,North America,GHCD-APR-2597,cultural,"The Lincoln Memorial was dedicated in Washington, D.C.",Lincoln Memorial Dedicated,"May 30, 1922 CE",https://en.wikipedia.org/wiki/May_30,1922-05-30,"Washington, D.C.","May 30, 1922",Wikipedia — May 30,exact,National memorial,United States,Gregorian (date-page convention),complete,Abraham Lincoln,United States,National,"Secondary, community-edited reference",20,verified against date-page source,20,8
30,CE,1967,May,,Africa,GHCD-APR-2598,political,"Nigeria's Eastern Region declared independence as the Republic of Biafra, sparking a civil war.",Biafra Declares Independence,"May 30, 1967 CE",https://en.wikipedia.org/wiki/May_30,1967-05-30,Eastern Region,"May 30, 1967",Wikipedia — May 30,exact,Secession,Nigeria,Gregorian (date-page convention),complete,,Republic of Biafra,International,"Secondary, community-edited reference",20,verified against date-page source,20,9
30,CE,1971,May,,Global,GHCD-APR-2599,exploration,Mariner 9 was launched to map much of Mars and study changes in its atmosphere and surface.,Mariner 9 Launched,"May 30, 1971 CE",https://en.wikipedia.org/wiki/May_30,1971-05-30,,"May 30, 1971",Wikipedia — May 30,exact,Planetary mission,United States,Gregorian (date-page convention),complete,,Mariner program,Global,"Secondary, community-edited reference",20,verified against date-page source,20,9
30,CE,1975,May,,Europe,GHCD-APR-2600,scientific,The European Space Agency was established.,European Space Agency Established,"May 30, 1975 CE",https://en.wikipedia.org/wiki/May_30,1975-05-30,,"May 30, 1975",Wikipedia — May 30,exact,Space organization,,Gregorian (date-page convention),complete,,European Space Agency,International,"Secondary, community-edited reference",20,verified against date-page source,20,9
31,CE,455,May,Historical date rendered in the date-page Gregorian convention; pre-Gregorian local-calendar conversion may differ.,Europe,GHCD-APR-2601,political,Emperor Petronius Maximus was stoned to death by an angry mob while fleeing Rome.,Death of Emperor Petronius Maximus,"May 31, 455 CE",https://en.wikipedia.org/wiki/May_31,0455-05-31,Rome,"May 31, 455",Wikipedia — May 31,exact,Imperial succession,Italy,Gregorian (date-page convention),complete,Petronius Maximus,Roman Empire,Regional,"Secondary, community-edited reference",20,verified against date-page source,20,6
31,CE,1215,May,Historical date rendered in the date-page Gregorian convention; pre-Gregorian local-calendar conversion may differ.,Asia,GHCD-APR-2602,military,"Zhongdu, then controlled by the Jurchen ruler Emperor Xuanzong of Jin, was captured by the Mongols under Genghis Khan.",Mongol capture of Zhongdu,"May 31, 1215 CE",https://en.wikipedia.org/wiki/May_31,1215-05-31,Beijing,"May 31, 1215",Wikipedia — May 31,exact,Conquest,China,Gregorian (date-page convention),complete,Genghis Khan; Emperor Xuanzong of Jin,Mongol Empire,Regional,"Secondary, community-edited reference",20,verified against date-page source,20,8
31,CE,1223,May,Historical date rendered in the date-page Gregorian convention; pre-Gregorian local-calendar conversion may differ.,Europe,GHCD-APR-2603,military,Mongol armies led by Subutai defeated Kievan Rus' and the Cumans at the Battle of the Kalka River.,Battle of the Kalka River,"May 31, 1223 CE",https://en.wikipedia.org/wiki/May_31,1223-05-31,Kalka River,"May 31, 1223",Wikipedia — May 31,exact,Battle,Ukraine,Gregorian (date-page convention),complete,Genghis Khan; Subutai,Mongol Empire,Regional,"Secondary, community-edited reference",20,verified against date-page source,20,8
31,CE,1293,May,Historical date rendered in the date-page Gregorian convention; pre-Gregorian local-calendar conversion may differ.,Asia,GHCD-APR-2604,military,Mongol forces departed Java after a failed invasion against King Kertanegara of Singhasari.,Mongols depart Java,"May 31, 1293 CE",https://en.wikipedia.org/wiki/May_31,1293-05-31,Java,"May 31, 1293",Wikipedia — May 31,exact,Failed invasion,Indonesia,Gregorian (date-page convention),complete,Kertanegara,Mongol Empire,Regional,"Secondary, community-edited reference",20,verified against date-page source,20,6
31,CE,1578,May,Historical date rendered in the date-page Gregorian convention; pre-Gregorian local-calendar conversion may differ.,Europe,GHCD-APR-2605,technology,King Henry III laid the first stone of the Pont Neuf in Paris.,Foundation of the Pont Neuf,"May 31, 1578 CE",https://en.wikipedia.org/wiki/May_31,1578-05-31,Paris,"May 31, 1578",Wikipedia — May 31,exact,Bridge construction,France,Gregorian (date-page convention),complete,Henry III,Kingdom of France,National,"Secondary, community-edited reference",20,verified against date-page source,20,6
31,CE,1775,May,,North America,GHCD-APR-2606,political,The Mecklenburg Resolves were adopted in the Province of North Carolina during the American Revolution.,Adoption of the Mecklenburg Resolves,"May 31, 1775 CE",https://en.wikipedia.org/wiki/May_31,1775-05-31,Mecklenburg,"May 31, 1775",Wikipedia — May 31,exact,Revolutionary resolutions,United States,Gregorian (date-page convention),complete,,Province of North Carolina,National,"Secondary, community-edited reference",20,verified against date-page source,20,7
31,CE,1790,May,,North America,GHCD-APR-2607,exploration,Manuel Quimper explored the Strait of Juan de Fuca.,Exploration of the Strait of Juan de Fuca,"May 31, 1790 CE",https://en.wikipedia.org/wiki/May_31,1790-05-31,Strait of Juan de Fuca,"May 31, 1790",Wikipedia — May 31,exact,Maritime exploration,Canada,Gregorian (date-page convention),complete,Manuel Quimper,Spanish Empire,Regional,"Secondary, community-edited reference",20,verified against date-page source,20,5
31,CE,1790,May,,North America,GHCD-APR-2608,legal,"The United States enacted its first copyright statute, the Copyright Act of 1790.",United States Copyright Act,"May 31, 1790 CE",https://en.wikipedia.org/wiki/May_31,1790-05-31,,"May 31, 1790",Wikipedia — May 31,exact,Copyright law,United States,Gregorian (date-page convention),complete,,United States,National,"Secondary, community-edited reference",20,verified against date-page source,20,7
31,CE,1795,May,,Europe,GHCD-APR-2609,legal,The Revolutionary Tribunal was suppressed during the French Revolution.,Suppression of the Revolutionary Tribunal,"May 31, 1795 CE",https://en.wikipedia.org/wiki/May_31,1795-05-31,Paris,"May 31, 1795",Wikipedia — May 31,exact,Judicial institution,France,Gregorian (date-page convention),complete,,French First Republic,National,"Secondary, community-edited reference",20,verified against date-page source,20,7
31,CE,1847,May,,Middle East,GHCD-APR-2610,political,Qajar Iran and the Ottoman Empire determined their international boundary in the second treaty of Erzurum.,Second Treaty of Erzurum,"May 31, 1847 CE",https://en.wikipedia.org/wiki/May_31,1847-05-31,Erzurum,"May 31, 1847",Wikipedia — May 31,exact,Boundary treaty,Turkey,Gregorian (date-page convention),complete,,Qajar Iran; Ottoman Empire,International,"Secondary, community-edited reference",20,verified against date-page source,20,7
31,CE,1859,May,,Europe,GHCD-APR-2611,technology,The Great Clock at the Houses of Parliament began keeping time.,Big Ben begins keeping time,"May 31, 1859 CE",https://en.wikipedia.org/wiki/May_31,1859-05-31,London,"May 31, 1859",Wikipedia — May 31,exact,Public clock,United Kingdom,Gregorian (date-page convention),complete,,United Kingdom,National,"Secondary, community-edited reference",20,verified against date-page source,20,6
31,CE,1864,May,,North America,GHCD-APR-2612,military,The Army of Northern Virginia engaged the Army of the Potomac in the Battle of Cold Harbor.,Battle of Cold Harbor,"May 31, 1864 CE",https://en.wikipedia.org/wiki/May_31,1864-05-31,Cold Harbor,"May 31, 1864",Wikipedia — May 31,exact,Civil War battle,United States,Gregorian (date-page convention),complete,,Confederate States of America; Union,National,"Secondary, community-edited reference",20,verified against date-page source,20,7
31,CE,1889,May,,North America,GHCD-APR-2613,disaster,"A dam failure sent a 60-foot wall of water over Johnstown, Pennsylvania, killing over 2,200 people.",Johnstown Flood,"May 31, 1889 CE",https://en.wikipedia.org/wiki/May_31,1889-05-31,Johnstown,"May 31, 1889",Wikipedia — May 31,exact,Dam failure,United States,Gregorian (date-page convention),complete,,,National,"Secondary, community-edited reference",20,verified against date-page source,20,9
31,CE,1902,May,,Africa,GHCD-APR-2614,political,The Treaty of Vereeniging ended the Second Boer War and ensured British control of South Africa.,Treaty of Vereeniging,"May 31, 1902 CE",https://en.wikipedia.org/wiki/May_31,1902-05-31,Vereeniging,"May 31, 1902",Wikipedia — May 31,exact,Peace treaty,South Africa,Gregorian (date-page convention),complete,,British Empire,International,"Secondary, community-edited reference",20,verified against date-page source,20,8
31,CE,1911,May,,Europe,GHCD-APR-2615,technology,"The RMS Titanic was launched in Belfast, Northern Ireland.",Launch of RMS Titanic,"May 31, 1911 CE",https://en.wikipedia.org/wiki/May_31,1911-05-31,Belfast,"May 31, 1911",Wikipedia — May 31,exact,Shipbuilding,United Kingdom,Gregorian (date-page convention),complete,,,International,"Secondary, community-edited reference",20,verified against date-page source,20,8
31,CE,1916,May,,Europe,GHCD-APR-2616,military,"The British Grand Fleet engaged the High Seas Fleet in the largest naval battle of World War I, which proved indecisive.",Battle of Jutland,"May 31, 1916 CE",https://en.wikipedia.org/wiki/May_31,1916-05-31,Jutland,"May 31, 1916",Wikipedia — May 31,exact,Naval battle,Denmark,Gregorian (date-page convention),complete,,British Empire; German Empire,International,"Secondary, community-edited reference",20,verified against date-page source,20,9
31,CE,1921,May,,North America,GHCD-APR-2617,social,"The Tulsa race massacre killed at least 39 people, with other estimates of Black fatalities ranging from 55 to about 300.",Tulsa race massacre,"May 31, 1921 CE",https://en.wikipedia.org/wiki/May_31,1921-05-31,Tulsa,"May 31, 1921",Wikipedia — May 31,disputed,Racial violence,United States,Gregorian (date-page convention),complete,,,National,"Secondary, community-edited reference",20,verified against date-page source,20,9
31,CE,1935,May,,Asia,GHCD-APR-2618,disaster,"A magnitude 7.7 earthquake destroyed Quetta in modern-day Pakistan and killed 40,000 people.",Quetta earthquake,"May 31, 1935 CE",https://en.wikipedia.org/wiki/May_31,1935-05-31,Quetta,"May 31, 1935",Wikipedia — May 31,exact,Earthquake,Pakistan,Gregorian (date-page convention),complete,,,National,"Secondary, community-edited reference",20,verified against date-page source,20,8
31,CE,1951,May,,North America,GHCD-APR-2619,legal,The Uniform Code of Military Justice took effect as the legal system of the United States Armed Forces.,Uniform Code of Military Justice takes effect,"May 31, 1951 CE",https://en.wikipedia.org/wiki/May_31,1951-05-31,,"May 31, 1951",Wikipedia — May 31,exact,Military law,United States,Gregorian (date-page convention),complete,,United States Armed Forces,National,"Secondary, community-edited reference",20,verified against date-page source,20,7
31,CE,1970,May,,South America,GHCD-APR-2620,disaster,"A magnitude 7.9 earthquake in Peru caused a landslide that buried Yungay and killed between 66,794 and 70,000 people.",Ancash earthquake,"May 31, 1970 CE",https://en.wikipedia.org/wiki/May_31,1970-05-31,Yungay,"May 31, 1970",Wikipedia — May 31,disputed,Earthquake and landslide,Peru,Gregorian (date-page convention),complete,,,International,"Secondary, community-edited reference",20,verified against date-page source,20,10