Day,Era,Year,Month,Notes,Region,Event ID,Event type,Description,Event title,Date display,Source 1 URL,Calendar date,City location,Original date,Source 1 name,Date certainty,Event category,Modern country,Calendar system,Coverage status,People involved,Historical entity,Significance scope,Source reliability,Target event count,Verification status,Verified event count,Historical significance score
1,CE,1503,November,,Europe,GHC-NOV-1-01,Religious,Cardinal Giuliano della Rovere is elected Pope and takes the name Julius II. [5],Julius II elected pope,1 November 1503 CE,https://en.wikipedia.org/wiki/November_1,November 1,Rome,,Wikipedia — November date page,Exact,Papal election,Vatican City,Gregorian (modern date listing),Target met,Julius II,Catholic Church,Global,Secondary reference chronology,20,Verified against cited chronology,20,4
1,CE,1512,November,,Europe,GHC-NOV-1-02,Cultural,"The ceiling of the Sistine Chapel, painted by Michelangelo, is exhibited to the public for the first time.",Sistine Chapel ceiling exhibited,1 November 1512 CE,https://en.wikipedia.org/wiki/November_1,November 1,Rome,,Wikipedia — November date page,Exact,Art exhibition,Vatican City,Gregorian (modern date listing),Target met,Michelangelo,Catholic Church,Global,Secondary reference chronology,20,Verified against cited chronology,20,5
1,CE,1520,November,,South America,GHC-NOV-1-03,Exploration,"The Strait of Magellan, the passage immediately south of mainland South America connecting the Pacific and the Atlantic Oceans, is first discovered and navigated by European explorer Ferdinand Magellan during the first recorded circumnavigation voyage.",European navigation of the Strait of Magellan,1 November 1520 CE,https://en.wikipedia.org/wiki/November_1,November 1,,,Wikipedia — November date page,Exact,Maritime exploration,Chile; Argentina,Gregorian (modern date listing),Target met,Ferdinand Magellan,Spanish expedition,Global,Secondary reference chronology,20,Verified against cited chronology,20,5
1,CE,1570,November,,Western Europe,GHC-NOV-1-04,Disaster,The All Saints' Flood devastates the Dutch coast.,All Saints' Flood,1 November 1570 CE,https://en.wikipedia.org/wiki/November_1,November 1,,,Wikipedia — November date page,Exact,Flood,Netherlands,Gregorian (modern date listing),Target met,,,Regional,Secondary reference chronology,20,Verified against cited chronology,20,4
1,CE,1755,November,,Europe,GHC-NOV-1-05,Disaster,"In Portugal, Lisbon is totally devastated by a massive earthquake and tsunami, killing an estimated 40,000 to 60,000 people.",Lisbon earthquake and tsunami,1 November 1755 CE,https://en.wikipedia.org/wiki/November_1,November 1,Lisbon,,Wikipedia — November date page,Exact,Earthquake and tsunami,Portugal,Gregorian (modern date listing),Target met,,Kingdom of Portugal,Regional,Secondary reference chronology,20,Verified against cited chronology,20,5
1,CE,1765,November,,North America,GHC-NOV-1-06,Political,The British Parliament enacts the Stamp Act on the Thirteen Colonies in order to help pay for British military operations in North America.,Stamp Act enacted,1 November 1765 CE,https://en.wikipedia.org/wiki/November_1,November 1,London,,Wikipedia — November date page,Exact,Colonial taxation,United Kingdom; United States,Gregorian (modern date listing),Target met,,Parliament of Great Britain,National,Secondary reference chronology,20,Verified against cited chronology,20,5
1,CE,1814,November,,Europe,GHC-NOV-1-07,Political,Congress of Vienna opens to re-draw the European political map after the defeat of France in the Napoleonic Wars.,Congress of Vienna opens,1 November 1814 CE,https://en.wikipedia.org/wiki/November_1,November 1,Vienna,,Wikipedia — November date page,Exact,Diplomacy,Austria,Gregorian (modern date listing),Target met,,Congress of Vienna,Regional,Secondary reference chronology,20,Verified against cited chronology,20,5
1,CE,1848,November,,North America,GHC-NOV-1-08,Social,"In Boston, Massachusetts, the first medical school for women, Boston Female Medical School (which later merged with the Boston University School of Medicine), opens.",Boston Female Medical School opens,1 November 1848 CE,https://en.wikipedia.org/wiki/November_1,November 1,Boston,,Wikipedia — November date page,Exact,Women's education,United States,Gregorian (modern date listing),Target met,,Boston Female Medical School,National,Secondary reference chronology,20,Verified against cited chronology,20,4
1,CE,1861,November,,North America,GHC-NOV-1-09,Military,"American Civil War: U.S. President Abraham Lincoln appoints George B. McClellan as the commander of the Union Army, replacing General Winfield Scott.",McClellan appointed Union Army commander,1 November 1861 CE,https://en.wikipedia.org/wiki/November_1,November 1,,,Wikipedia — November date page,Exact,Command appointment,United States,Gregorian (modern date listing),Target met,Abraham Lincoln; George B. McClellan; Winfield Scott,Union Army,National,Secondary reference chronology,20,Verified against cited chronology,20,4
1,CE,1870,November,,North America,GHC-NOV-1-10,Scientific,"In the United States, the Weather Bureau (later renamed the National Weather Service) makes its first official meteorological forecast.",First official U.S. weather forecast,1 November 1870 CE,https://en.wikipedia.org/wiki/November_1,November 1,,,Wikipedia — November date page,Exact,Meteorology,United States,Gregorian (modern date listing),Target met,,Weather Bureau,National,Secondary reference chronology,20,Verified against cited chronology,20,4
1,CE,1894,November,,Eastern Europe,GHC-NOV-1-11,Political,"Nicholas II becomes the new (and last) Tsar of Russia after his father, Alexander III, dies.",Nicholas II becomes tsar,1 November 1894 CE,https://en.wikipedia.org/wiki/November_1,November 1,,,Wikipedia — November date page,Exact,Succession,Russia,Gregorian (modern date listing),Target met,Nicholas II; Alexander III,Russian Empire,Global,Secondary reference chronology,20,Verified against cited chronology,20,5
1,CE,1911,November,,North Africa,GHC-NOV-1-12,Military,World's first combat aerial bombing mission takes place in Libya during the Italo-Turkish War. Second Lieutenant Giulio Gavotti of Italy drops several small bombs.,First combat aerial bombing mission,1 November 1911 CE,https://en.wikipedia.org/wiki/November_1,November 1,,,Wikipedia — November date page,Exact,Air warfare,Italy; Libya,Gregorian (modern date listing),Target met,Giulio Gavotti,Italian military,Global,Secondary reference chronology,20,Verified against cited chronology,20,5
1,CE,1914,November,,South America,GHC-NOV-1-13,Military,"World War I: The first British Royal Navy defeat of the war with Germany, the Battle of Coronel, is fought off of the western coast of Chile, in the Pacific, with the loss of HMS Good Hope and HMS Monmouth.",Battle of Coronel,1 November 1914 CE,https://en.wikipedia.org/wiki/November_1,November 1,,,Wikipedia — November date page,Exact,Naval battle,United Kingdom; Germany; Chile,Gregorian (modern date listing),Target met,,Royal Navy; Imperial German Navy,Global,Secondary reference chronology,20,Verified against cited chronology,20,5
1,CE,1918,November,,Eastern Europe,GHC-NOV-1-14,Political,Western Ukraine separates from Austria-Hungary.,Western Ukraine separates from Austria-Hungary,1 November 1918 CE,https://en.wikipedia.org/wiki/November_1,November 1,,,Wikipedia — November date page,Exact,Independence movement,Ukraine; Austria,Gregorian (modern date listing),Target met,,Western Ukrainian state,Regional,Secondary reference chronology,20,Verified against cited chronology,20,4
1,CE,1922,November,,Middle East,GHC-NOV-1-15,Political,"Abolition of the Ottoman sultanate: The last sultan of the Ottoman Empire, Mehmed VI, abdicates.",Ottoman sultanate abolished,1 November 1922 CE,https://en.wikipedia.org/wiki/November_1,November 1,,,Wikipedia — November date page,Exact,Abolition of monarchy,Turkey,Gregorian (modern date listing),Target met,Mehmed VI,Grand National Assembly of Turkey; Ottoman Empire,Global,Secondary reference chronology,20,Verified against cited chronology,20,5
1,CE,1928,November,,Middle East,GHC-NOV-1-16,Social,"The Law on the Adoption and Implementation of the Turkish Alphabet, replaces the Arabic alphabet with the Latin alphabet.",Turkey adopts Latin alphabet,1 November 1928 CE,https://en.wikipedia.org/wiki/November_1,November 1,,,Wikipedia — November date page,Exact,Language reform,Turkey,Gregorian (modern date listing),Target met,,Republic of Turkey,National,Secondary reference chronology,20,Verified against cited chronology,20,5
1,CE,1943,November,,Oceania,GHC-NOV-1-17,Military,"World War II: The 3rd Marine Division, United States Marines, landing on Bougainville in the Solomon Islands, secures a beachhead, leading that night to a naval clash at the Battle of Empress Augusta Bay.",Allied landing on Bougainville,1 November 1943 CE,https://en.wikipedia.org/wiki/November_1,November 1,,,Wikipedia — November date page,Exact,Amphibious operation,United States; Papua New Guinea,Gregorian (modern date listing),Target met,,United States Marine Corps,Global,Secondary reference chronology,20,Verified against cited chronology,20,4
1,CE,1952,November,,Oceania,GHC-NOV-1-18,Scientific,"Nuclear weapons testing: The United States successfully detonates Ivy Mike, the first thermonuclear device, at the Eniwetok atoll. The explosion had a yield of ten megatons TNT equivalent. [11]",First thermonuclear device detonated,1 November 1952 CE,https://en.wikipedia.org/wiki/November_1,November 1,,,Wikipedia — November date page,Exact,Nuclear weapons test,United States; Marshall Islands,Gregorian (modern date listing),Target met,,United States military,Global,Secondary reference chronology,20,Verified against cited chronology,20,5
1,CE,1954,November,,North Africa,GHC-NOV-1-19,Military,The Front de Libération Nationale fires the first shots of the Algerian War of Independence.,Algerian War begins,1 November 1954 CE,https://en.wikipedia.org/wiki/November_1,November 1,,,Wikipedia — November date page,Exact,War of independence,Algeria; France,Gregorian (modern date listing),Target met,,Front de Libération Nationale,Regional,Secondary reference chronology,20,Verified against cited chronology,20,5
1,CE,1993,November,,Europe,GHC-NOV-1-20,Political,"The Maastricht Treaty takes effect, formally establishing the European Union. [15]",Maastricht Treaty takes effect,1 November 1993 CE,https://en.wikipedia.org/wiki/November_1,November 1,,,Wikipedia — November date page,Exact,Regional integration,European Union member states,Gregorian (modern date listing),Target met,,European Union,Regional,Secondary reference chronology,20,Verified against cited chronology,20,5
2,CE,1795,November,,Europe,GHC-NOV-2-01,Political,"The French Directory, a five-man revolutionary government, is created. [5]",French Directory established,2 November 1795 CE,https://en.wikipedia.org/wiki/November_2,November 2,Paris,,Wikipedia — November date page,Exact,Government formation,France,Gregorian (modern date listing),Below target,,French Directory,National,Secondary reference chronology,20,Verified against cited chronology,17,4
2,CE,1889,November,,North America,GHC-NOV-2-02,Political,North Dakota and South Dakota are admitted as the 39th and 40th U.S. states. [8],North Dakota and South Dakota admitted to the United States,2 November 1889 CE,https://en.wikipedia.org/wiki/November_2,November 2,,,Wikipedia — November date page,Exact,Statehood,United States,Gregorian (modern date listing),Below target,,United States,National,Secondary reference chronology,20,Verified against cited chronology,17,4
2,CE,1914,November,,Europe; Middle East,GHC-NOV-2-03,Military,World War I: The Russian Empire declares war on the Ottoman Empire and the Dardanelles is subsequently closed. [11],Russia declared war on the Ottoman Empire,2 November 1914 CE,https://en.wikipedia.org/wiki/November_2,November 2,,,Wikipedia — November date page,Exact,Declaration of war,Russia; Turkey,Gregorian (modern date listing),Below target,,Russian Empire; Ottoman Empire,Regional,Secondary reference chronology,20,Verified against cited chronology,17,5
2,CE,1917,November,,Europe; Middle East,GHC-NOV-2-04,Political,"The Balfour Declaration proclaims British support for the ""establishment in Palestine of a national home for the Jewish people"" with the clear understanding ""that nothing shall be done which may prejudice the civil and religious rights of existing non-Jewish communities"". [12]",Balfour Declaration issued,2 November 1917 CE,https://en.wikipedia.org/wiki/November_2,November 2,London,,Wikipedia — November date page,Exact,Diplomatic declaration,United Kingdom; Israel; Palestine,Gregorian (modern date listing),Below target,Arthur Balfour,British government,Global,Secondary reference chronology,20,Verified against cited chronology,17,5
2,CE,1920,November,,North America,GHC-NOV-2-05,Scientific,"In the United States, KDKA of Pittsburgh starts broadcasting as the first commercial radio station. The first broadcast is the result of the 1920 United States presidential election. [15]",KDKA began commercial radio broadcasting,2 November 1920 CE,https://en.wikipedia.org/wiki/November_2,November 2,Pittsburgh,,Wikipedia — November date page,Exact,Broadcasting technology,United States,Gregorian (modern date listing),Below target,,KDKA,Global,Secondary reference chronology,20,Verified against cited chronology,17,4
2,CE,1936,November,,Europe,GHC-NOV-2-06,Scientific,"The BBC Television Service, the world's first regular, ""high-definition"" (then defined as at least 200 lines) service begins. Renamed BBC1 in 1964, the channel still runs to this day. [16]",BBC Television Service began,2 November 1936 CE,https://en.wikipedia.org/wiki/November_2,November 2,London,,Wikipedia — November date page,Exact,Television broadcasting,United Kingdom,Gregorian (modern date listing),Below target,,BBC,Global,Secondary reference chronology,20,Verified against cited chronology,17,5
2,CE,1949,November,,Europe; Southeast Asia,GHC-NOV-2-07,Political,The Dutch–Indonesian Round Table Conference ends with the Netherlands agreeing to transfer sovereignty of the Dutch East Indies to the United States of Indonesia. [19],Dutch–Indonesian Round Table Conference ended,2 November 1949 CE,https://en.wikipedia.org/wiki/November_2,November 2,The Hague,,Wikipedia — November date page,Exact,Decolonization,Netherlands; Indonesia,Gregorian (modern date listing),Below target,,Netherlands; United States of Indonesia,Regional,Secondary reference chronology,20,Verified against cited chronology,17,5
2,CE,1956,November,,Middle East,GHC-NOV-2-08,Military,Suez Crisis: Israel occupies the Gaza Strip. [22],Israel occupied the Gaza Strip,2 November 1956 CE,https://en.wikipedia.org/wiki/November_2,November 2,Gaza Strip,,Wikipedia — November date page,Exact,Occupation,Israel; Egypt,Gregorian (modern date listing),Below target,,Israel Defense Forces; Egypt,Regional,Secondary reference chronology,20,Verified against cited chronology,17,4
2,CE,1959,November,,North America,GHC-NOV-2-09,Social,Quiz show scandals: Twenty-One game show contestant Charles Van Doren admits to a Congressional committee that he had been given questions and answers in advance. [23],Charles Van Doren admitted quiz-show deception,2 November 1959 CE,https://en.wikipedia.org/wiki/November_2,November 2,"Washington, D.C.",,Wikipedia — November date page,Exact,Media ethics,United States,Gregorian (modern date listing),Below target,Charles Van Doren,United States Congress,National,Secondary reference chronology,20,Verified against cited chronology,17,3
2,CE,1960,November,,Europe,GHC-NOV-2-10,Cultural,"Penguin Books is found not guilty of obscenity in the trial R v Penguin Books Ltd, the Lady Chatterley's Lover case. [25]",Lady Chatterley's Lover acquittal,2 November 1960 CE,https://en.wikipedia.org/wiki/November_2,November 2,London,,Wikipedia — November date page,Exact,Censorship and publishing,United Kingdom,Gregorian (modern date listing),Below target,,Penguin Books,National,Secondary reference chronology,20,Verified against cited chronology,17,4
2,CE,1963,November,,Southeast Asia,GHC-NOV-2-11,Political,South Vietnamese President Ngô Đình Diệm is assassinated following a military coup. [26],Ngô Đình Diệm assassinated,2 November 1963 CE,https://en.wikipedia.org/wiki/November_2,November 2,Saigon,,Wikipedia — November date page,Exact,Coup and assassination,Vietnam,Gregorian (modern date listing),Below target,Ngô Đình Diệm,Republic of Vietnam,Regional,Secondary reference chronology,20,Verified against cited chronology,17,5
2,CE,1964,November,,Middle East,GHC-NOV-2-12,Political,"King Saud of Saudi Arabia is deposed by a family coup, and replaced by his half-brother Faisal. [27]",King Saud deposed,2 November 1964 CE,https://en.wikipedia.org/wiki/November_2,November 2,Riyadh,,Wikipedia — November date page,Exact,Leadership change,Saudi Arabia,Gregorian (modern date listing),Below target,Saud; Faisal,House of Saud,Regional,Secondary reference chronology,20,Verified against cited chronology,17,4
2,CE,1966,November,,North America; Caribbean,GHC-NOV-2-13,Political,"The Cuban Adjustment Act comes into force, allowing 123,000 Cubans the opportunity to apply for permanent residence in the United States. [29]",Cuban Adjustment Act took effect,2 November 1966 CE,https://en.wikipedia.org/wiki/November_2,November 2,"Washington, D.C.",,Wikipedia — November date page,Exact,Immigration law,United States; Cuba,Gregorian (modern date listing),Below target,,United States Congress,National,Secondary reference chronology,20,Verified against cited chronology,17,4
2,CE,1983,November,,North America,GHC-NOV-2-14,Political,U.S. President Ronald Reagan signs a bill creating Martin Luther King Jr. Day. [33],Martin Luther King Jr. Day created,2 November 1983 CE,https://en.wikipedia.org/wiki/November_2,November 2,"Washington, D.C.",,Wikipedia — November date page,Exact,Civil rights commemoration,United States,Gregorian (modern date listing),Below target,Ronald Reagan; Martin Luther King Jr.,United States government,National,Secondary reference chronology,20,Verified against cited chronology,17,4
2,CE,1988,November,,North America,GHC-NOV-2-15,Scientific,"The Morris worm, the first Internet-distributed computer worm to gain significant mainstream media attention, is launched from MIT. [36]",Morris worm launched,2 November 1988 CE,https://en.wikipedia.org/wiki/November_2,November 2,Cambridge,,Wikipedia — November date page,Exact,Computer security,United States,Gregorian (modern date listing),Below target,,Massachusetts Institute of Technology,Global,Secondary reference chronology,20,Verified against cited chronology,17,5
2,CE,1997,November,,Southeast Asia,GHC-NOV-2-16,Disaster,"Tropical Storm Linda makes landfall in the Mekong Delta in Vietnam, causing more than 3,000 deaths. [39]",Tropical Storm Linda struck Vietnam,2 November 1997 CE,https://en.wikipedia.org/wiki/November_2,November 2,Mekong Delta,,Wikipedia — November date page,Exact,Tropical cyclone,Vietnam,Gregorian (modern date listing),Below target,,,Regional,Secondary reference chronology,20,Verified against cited chronology,17,4
2,CE,2000,November,,Space,GHC-NOV-2-17,Exploration,"Expedition 1 arrived at the International Space Station for the first long-duration stay onboard. From this day to present, a continuous human presence in space on the station remains uninterrupted. [41] [42]",Expedition 1 arrived at the International Space Station,2 November 2000 CE,https://en.wikipedia.org/wiki/November_2,November 2,,,Wikipedia — November date page,Exact,Human spaceflight,,Gregorian (modern date listing),Below target,,International Space Station; Expedition 1,Global,Secondary reference chronology,20,Verified against cited chronology,17,5
3,CE,1493,November,,Caribbean,GHC-NOV-3-01,Exploration,Christopher Columbus first sights the island of Dominica in the Caribbean Sea.,Columbus sights Dominica,3 November 1493 CE,https://en.wikipedia.org/wiki/November_3,November 3,,,Wikipedia — November date page,Exact,European exploration,Dominica,Gregorian (modern date listing),Target met,Christopher Columbus,Crown of Castile,Regional,Secondary reference chronology,20,Verified against cited chronology,20,4
3,CE,1534,November,,Europe,GHC-NOV-3-02,Religious,"English Parliament passes the first Act of Supremacy, making King Henry VIII head of the Anglican Church, supplanting the pope and the Roman Catholic Church.",First Act of Supremacy,3 November 1534 CE,https://en.wikipedia.org/wiki/November_3,November 3,,,Wikipedia — November date page,Exact,Church-state relations,United Kingdom,Gregorian (modern date listing),Target met,Henry VIII,Kingdom of England,National,Secondary reference chronology,20,Verified against cited chronology,20,5
3,CE,1783,November,,North America,GHC-NOV-3-03,Military,The American Continental Army is disbanded.,Continental Army disbanded,3 November 1783 CE,https://en.wikipedia.org/wiki/November_3,November 3,,,Wikipedia — November date page,Exact,Demobilization,United States,Gregorian (modern date listing),Target met,,Continental Army,National,Secondary reference chronology,20,Verified against cited chronology,20,4
3,CE,1793,November,,Europe,GHC-NOV-3-04,Political,"French playwright, journalist and feminist Olympe de Gouges is guillotined.",Execution of Olympe de Gouges,3 November 1793 CE,https://en.wikipedia.org/wiki/November_3,November 3,Paris,,Wikipedia — November date page,Exact,Revolutionary repression,France,Gregorian (modern date listing),Target met,Olympe de Gouges,French Republic,National,Secondary reference chronology,20,Verified against cited chronology,20,4
3,CE,1812,November,,Europe,GHC-NOV-3-05,Military,Napoleon's armies are defeated at the Battle of Vyazma.,Battle of Vyazma,3 November 1812 CE,https://en.wikipedia.org/wiki/November_3,November 3,Vyazma,,Wikipedia — November date page,Exact,Napoleonic Wars,Russia,Gregorian (modern date listing),Target met,Napoleon Bonaparte,French Empire; Russian Empire,Regional,Secondary reference chronology,20,Verified against cited chronology,20,4
3,CE,1848,November,,Europe,GHC-NOV-3-06,Political,"A greatly revised Dutch constitution, which transfers much authority from the king to his parliament and ministers, is proclaimed.",Dutch constitutional reform proclaimed,3 November 1848 CE,https://en.wikipedia.org/wiki/November_3,November 3,,,Wikipedia — November date page,Exact,Constitutional reform,Netherlands,Gregorian (modern date listing),Target met,,Kingdom of the Netherlands,National,Secondary reference chronology,20,Verified against cited chronology,20,5
3,CE,1867,November,,Europe,GHC-NOV-3-07,Military,Giuseppe Garibaldi and his followers are defeated in the Battle of Mentana and fail to end the Pope's Temporal power in Rome (it would be achieved three years later).,Battle of Mentana,3 November 1867 CE,https://en.wikipedia.org/wiki/November_3,November 3,Mentana,,Wikipedia — November date page,Exact,Italian unification,Italy,Gregorian (modern date listing),Target met,Giuseppe Garibaldi,Papal States; Kingdom of Italy,Regional,Secondary reference chronology,20,Verified against cited chronology,20,4
3,CE,1868,November,,North America,GHC-NOV-3-08,Political,"John Willis Menard (R-LA) becomes the first African American elected to the United States Congress. Because of an electoral challenge, he is never seated.",John Willis Menard elected to Congress,3 November 1868 CE,https://en.wikipedia.org/wiki/November_3,November 3,,,Wikipedia — November date page,Exact,Civil rights and representation,United States,Gregorian (modern date listing),Target met,John Willis Menard,United States Congress,National,Secondary reference chronology,20,Verified against cited chronology,20,5
3,CE,1898,November,,Africa,GHC-NOV-3-09,Political,"France withdraws its troops from Fashoda (now in Sudan), ending the Fashoda Incident.",Fashoda Incident ends,3 November 1898 CE,https://en.wikipedia.org/wiki/November_3,November 3,Fashoda,,Wikipedia — November date page,Exact,Colonial diplomacy,Sudan; France,Gregorian (modern date listing),Target met,,French Republic; United Kingdom,Regional,Secondary reference chronology,20,Verified against cited chronology,20,4
3,CE,1903,November,,Central America,GHC-NOV-3-10,Political,"With the encouragement of the United States, Panama separates from Colombia.",Panama separates from Colombia,3 November 1903 CE,https://en.wikipedia.org/wiki/November_3,November 3,,,Wikipedia — November date page,Exact,Independence and secession,Panama; Colombia; United States,Gregorian (modern date listing),Target met,,Republic of Panama; Republic of Colombia,Regional,Secondary reference chronology,20,Verified against cited chronology,20,5
3,CE,1918,November,,Europe,GHC-NOV-3-11,Political,"The German Revolution of 1918–19 begins when 40,000 sailors take over the port in Kiel.",German Revolution begins at Kiel,3 November 1918 CE,https://en.wikipedia.org/wiki/November_3,November 3,Kiel,,Wikipedia — November date page,Exact,Revolution,Germany,Gregorian (modern date listing),Target met,,German Empire,National,Secondary reference chronology,20,Verified against cited chronology,20,5
3,CE,1936,November,,North America,GHC-NOV-3-12,Political,Franklin D. Roosevelt is reelected as President of the United States.,Roosevelt reelected president,3 November 1936 CE,https://en.wikipedia.org/wiki/November_3,November 3,,,Wikipedia — November date page,Exact,Presidential election,United States,Gregorian (modern date listing),Target met,Franklin D. Roosevelt,United States government,National,Secondary reference chronology,20,Verified against cited chronology,20,5
3,CE,1946,November,,East Asia,GHC-NOV-3-13,Political,The Constitution of Japan is adopted through Emperor's assent.,Constitution of Japan adopted,3 November 1946 CE,https://en.wikipedia.org/wiki/November_3,November 3,,,Wikipedia — November date page,Exact,Constitutional reform,Japan,Gregorian (modern date listing),Target met,Hirohito,State of Japan,National,Secondary reference chronology,20,Verified against cited chronology,20,5
3,CE,1950,November,,Europe,GHC-NOV-3-14,Disaster,"Air India Flight 245 crashes into Mont Blanc while on approach to Geneva Airport, killing all 48 people on board. [4]",Air India Flight 245 crash,3 November 1950 CE,https://en.wikipedia.org/wiki/November_3,November 3,Mont Blanc,,Wikipedia — November date page,Exact,Aviation accident,France; India,Gregorian (modern date listing),Target met,,Air India,International,Secondary reference chronology,20,Verified against cited chronology,20,4
3,CE,1957,November,,Global,GHC-NOV-3-15,Scientific,"Sputnik program: The Soviet Union launches Sputnik 2. [5] On board is the first animal to enter orbit, a dog named Laika. [6]",Sputnik 2 launched,3 November 1957 CE,https://en.wikipedia.org/wiki/November_3,November 3,,,Wikipedia — November date page,Exact,Space exploration,Russia,Gregorian (modern date listing),Target met,Laika,Soviet Union,Global,Secondary reference chronology,20,Verified against cited chronology,20,5
3,CE,1961,November,,Global,GHC-NOV-3-16,Political,"U Thant is unanimously appointed as the 3rd Secretary-General of the United Nations, becoming the first non-European individual to occupy the post. [7]",U Thant appointed UN secretary-general,3 November 1961 CE,https://en.wikipedia.org/wiki/November_3,November 3,,,Wikipedia — November date page,Exact,International institutions,Myanmar,Gregorian (modern date listing),Target met,U Thant,United Nations,Global,Secondary reference chronology,20,Verified against cited chronology,20,5
3,CE,1964,November,,North America,GHC-NOV-3-17,Political,"Lyndon B. Johnson is elected to a full term as U.S. president, winning 61% of the vote and 44 states, while Washington D.C. residents are able to vote in a presidential election for the first time, casting the majority of their votes for Lyndon Johnson.",Johnson reelected president,3 November 1964 CE,https://en.wikipedia.org/wiki/November_3,November 3,,,Wikipedia — November date page,Exact,Presidential election,United States,Gregorian (modern date listing),Target met,Lyndon B. Johnson,United States government,National,Secondary reference chronology,20,Verified against cited chronology,20,5
3,CE,1973,November,,Global,GHC-NOV-3-18,Scientific,"Mariner program: NASA launches the Mariner 10 toward Mercury. [9] On March 29, 1974, it becomes the first space probe to reach that planet. [10]",Mariner 10 launched,3 November 1973 CE,https://en.wikipedia.org/wiki/November_3,November 3,,,Wikipedia — November date page,Exact,Space exploration,United States,Gregorian (modern date listing),Target met,,NASA,Global,Secondary reference chronology,20,Verified against cited chronology,20,5
3,CE,1978,November,,Caribbean,GHC-NOV-3-19,Political,Dominica gains its independence from the United Kingdom.,Dominica gains independence,3 November 1978 CE,https://en.wikipedia.org/wiki/November_3,November 3,,,Wikipedia — November date page,Exact,Decolonization,Dominica; United Kingdom,Gregorian (modern date listing),Target met,,Commonwealth of Dominica,National,Secondary reference chronology,20,Verified against cited chronology,20,4
3,CE,1986,November,,Middle East,GHC-NOV-3-20,Political,Iran–Contra affair: The Lebanese magazine Ash-Shiraa reports that the United States has been secretly selling weapons to Iran in order to secure the release of seven American hostages held by pro-Iranian groups in Lebanon.,Iran–Contra affair revealed,3 November 1986 CE,https://en.wikipedia.org/wiki/November_3,November 3,,,Wikipedia — November date page,Exact,Government scandal,United States; Iran; Lebanon,Gregorian (modern date listing),Target met,,United States government,Global,Secondary reference chronology,20,Verified against cited chronology,20,5
4,CE,1576,November,,Western Europe,GHC-NOV-4-01,Military,"Eighty Years' War: In Flanders, Spain captures Antwerp (which is nearly destroyed after three days).",Spanish capture of Antwerp,4 November 1576 CE,https://en.wikipedia.org/wiki/November_4,November 4,Antwerp,,Wikipedia — November date page,Exact,Siege and conquest,Belgium,Gregorian (modern date listing),Target met,,Spanish Empire,Regional,Secondary reference chronology,20,Verified against cited chronology,20,5
4,CE,1780,November,,South America,GHC-NOV-4-02,Political,The Rebellion of Túpac Amaru II against Spanish rule in the Viceroyalty of Peru begins.,Túpac Amaru II Rebellion begins,4 November 1780 CE,https://en.wikipedia.org/wiki/November_4,November 4,,,Wikipedia — November date page,Exact,Anti-colonial rebellion,Peru,Gregorian (modern date listing),Target met,Túpac Amaru II,Viceroyalty of Peru,Regional,Secondary reference chronology,20,Verified against cited chronology,20,5
4,CE,1791,November,,North America,GHC-NOV-4-03,Military,Northwest Indian War: The Western Confederacy of American Indians wins a major victory over the United States in the Battle of the Wabash.,Battle of the Wabash,4 November 1791 CE,https://en.wikipedia.org/wiki/November_4,November 4,,,Wikipedia — November date page,Exact,Indigenous-American war,United States,Gregorian (modern date listing),Target met,,Western Confederacy,National,Secondary reference chronology,20,Verified against cited chronology,20,5
4,CE,1839,November,,Western Europe,GHC-NOV-4-04,Political,Newport Rising: The last large-scale armed rebellion against authority in mainland Britain.,Newport Rising,4 November 1839 CE,https://en.wikipedia.org/wiki/November_4,November 4,Newport,,Wikipedia — November date page,Exact,Political rebellion,United Kingdom,Gregorian (modern date listing),Target met,,Chartist movement,National,Secondary reference chronology,20,Verified against cited chronology,20,4
4,CE,1847,November,,Western Europe,GHC-NOV-4-05,Scientific,"Sir James Young Simpson, a Scottish medical doctor, discovers the anaesthetic properties of chloroform.",Chloroform anesthesia discovered,4 November 1847 CE,https://en.wikipedia.org/wiki/November_4,November 4,,,Wikipedia — November date page,Exact,Medical discovery,United Kingdom,Gregorian (modern date listing),Target met,James Young Simpson,,Global,Secondary reference chronology,20,Verified against cited chronology,20,5
4,CE,1852,November,,Southern Europe,GHC-NOV-4-06,Political,"Camillo Benso, Count of Cavour, becomes the prime minister of Piedmont- Sardinia, which soon expands to become Italy.",Cavour becomes prime minister of Piedmont-Sardinia,4 November 1852 CE,https://en.wikipedia.org/wiki/November_4,November 4,,,Wikipedia — November date page,Exact,Government and state formation,Italy,Gregorian (modern date listing),Target met,"Camillo Benso, Count of Cavour",Kingdom of Piedmont-Sardinia,Regional,Secondary reference chronology,20,Verified against cited chronology,20,5
4,CE,1890,November,,Western Europe,GHC-NOV-4-07,Scientific,City and South London Railway: London's first deep-level tube railway opens between King William Street and Stockwell.,London's first deep-level tube railway opens,4 November 1890 CE,https://en.wikipedia.org/wiki/November_4,November 4,London,,Wikipedia — November date page,Exact,Transportation technology,United Kingdom,Gregorian (modern date listing),Target met,,City and South London Railway,National,Secondary reference chronology,20,Verified against cited chronology,20,4
4,CE,1918,November,,Southern Europe,GHC-NOV-4-08,Military,World War I: The Armistice of Villa Giusti between Italy and Austria-Hungary is implemented.,Armistice of Villa Giusti implemented,4 November 1918 CE,https://en.wikipedia.org/wiki/November_4,November 4,Padua,,Wikipedia — November date page,Exact,Armistice,Italy; Austria,Gregorian (modern date listing),Target met,,Kingdom of Italy; Austria-Hungary,Global,Secondary reference chronology,20,Verified against cited chronology,20,5
4,CE,1921,November,,East Asia,GHC-NOV-4-09,Political,Japanese prime minister Hara Takashi is assassinated in Tokyo.,Assassination of Hara Takashi,4 November 1921 CE,https://en.wikipedia.org/wiki/November_4,November 4,Tokyo,,Wikipedia — November date page,Exact,Political assassination,Japan,Gregorian (modern date listing),Target met,Hara Takashi,Empire of Japan,National,Secondary reference chronology,20,Verified against cited chronology,20,4
4,CE,1922,November,,North Africa,GHC-NOV-4-10,Exploration,"In Egypt, British archaeologist Howard Carter and his men find the entrance to Tutankhamun's tomb in the Valley of the Kings.",Entrance to Tutankhamun's tomb discovered,4 November 1922 CE,https://en.wikipedia.org/wiki/November_4,November 4,Valley of the Kings,,Wikipedia — November date page,Exact,Archaeological discovery,Egypt,Gregorian (modern date listing),Target met,Howard Carter,,Global,Secondary reference chronology,20,Verified against cited chronology,20,5
4,CE,1924,November,,North America,GHC-NOV-4-11,Social,Nellie Tayloe Ross of Wyoming becomes the first female elected as governor in the United States.,Nellie Tayloe Ross elected governor,4 November 1924 CE,https://en.wikipedia.org/wiki/November_4,November 4,,,Wikipedia — November date page,Exact,Women's political representation,United States,Gregorian (modern date listing),Target met,Nellie Tayloe Ross,State of Wyoming,National,Secondary reference chronology,20,Verified against cited chronology,20,5
4,CE,1939,November,,North America,GHC-NOV-4-12,Political,"World War II: U.S. president Franklin D. Roosevelt orders the United States Customs Service to implement the Neutrality Act of 1939, allowing cash-and-carry purchases of weapons by belligerents.",United States implements cash-and-carry neutrality policy,4 November 1939 CE,https://en.wikipedia.org/wiki/November_4,November 4,"Washington, D.C.",,Wikipedia — November date page,Exact,Foreign policy and neutrality,United States,Gregorian (modern date listing),Target met,Franklin D. Roosevelt,United States government,Global,Secondary reference chronology,20,Verified against cited chronology,20,5
4,CE,1952,November,,North America,GHC-NOV-4-13,Political,"The United States government establishes the National Security Agency, or NSA.",National Security Agency established,4 November 1952 CE,https://en.wikipedia.org/wiki/November_4,November 4,,,Wikipedia — November date page,Exact,Intelligence institution,United States,Gregorian (modern date listing),Target met,,National Security Agency,Global,Secondary reference chronology,20,Verified against cited chronology,20,5
4,CE,1956,November,,Eastern Europe,GHC-NOV-4-14,Military,"Soviet troops enter Hungary to end the Hungarian revolution against the Soviet Union that started on October 23. Thousands are killed, more are wounded, and nearly a quarter million leave the country.",Soviet intervention in Hungary,4 November 1956 CE,https://en.wikipedia.org/wiki/November_4,November 4,Budapest,,Wikipedia — November date page,Exact,Foreign intervention,Hungary; Russia,Gregorian (modern date listing),Target met,,Soviet Union,Global,Secondary reference chronology,20,Verified against cited chronology,20,5
4,CE,1960,November,,East Africa,GHC-NOV-4-15,Scientific,"At the Kasakela Chimpanzee Community in Tanzania, Jane Goodall observes chimpanzees creating tools, the first-ever observation in non-human animals.",Jane Goodall observes chimpanzee toolmaking,4 November 1960 CE,https://en.wikipedia.org/wiki/November_4,November 4,,,Wikipedia — November date page,Exact,Primatology,Tanzania,Gregorian (modern date listing),Target met,Jane Goodall,Kasakela Chimpanzee Community,Global,Secondary reference chronology,20,Verified against cited chronology,20,5
4,CE,1966,November,,Southern Europe,GHC-NOV-4-16,Disaster,"The Arno River floods Florence, Italy, to a maximum depth of 6.7 m (22 ft), leaving thousands homeless and destroying millions of masterpieces of art and rare books. Venice is also submerged on the same day at its record all-time acqua alta of 194 cm (76 in).",Arno River flood devastates Florence,4 November 1966 CE,https://en.wikipedia.org/wiki/November_4,November 4,Florence,,Wikipedia — November date page,Exact,Flood,Italy,Gregorian (modern date listing),Target met,,,Global,Secondary reference chronology,20,Verified against cited chronology,20,5
4,CE,1970,November,,South America,GHC-NOV-4-17,Political,"Salvador Allende takes office as President of Chile, the first Marxist to become president of a Latin American country through open elections.",Salvador Allende takes office,4 November 1970 CE,https://en.wikipedia.org/wiki/November_4,November 4,Santiago,,Wikipedia — November date page,Exact,Presidential inauguration,Chile,Gregorian (modern date listing),Target met,Salvador Allende,Republic of Chile,Regional,Secondary reference chronology,20,Verified against cited chronology,20,5
4,CE,1979,November,,Middle East,GHC-NOV-4-18,Political,Iran hostage crisis: A group of Iranian college students overruns the U.S. embassy in Tehran and takes 90 hostages.,Iran hostage crisis begins,4 November 1979 CE,https://en.wikipedia.org/wiki/November_4,November 4,Tehran,,Wikipedia — November date page,Exact,Hostage crisis,Iran; United States,Gregorian (modern date listing),Target met,,Islamic Student Followers of the Imam's Line; United States embassy,Global,Secondary reference chronology,20,Verified against cited chronology,20,5
4,CE,1995,November,,Middle East,GHC-NOV-4-19,Political,Israel-Palestinian conflict: Israeli prime minister Yitzhak Rabin is assassinated by an extremist Israeli.,Assassination of Yitzhak Rabin,4 November 1995 CE,https://en.wikipedia.org/wiki/November_4,November 4,Tel Aviv,,Wikipedia — November date page,Exact,Political assassination,Israel,Gregorian (modern date listing),Target met,Yitzhak Rabin,Government of Israel,Global,Secondary reference chronology,20,Verified against cited chronology,20,5
4,CE,2008,November,,North America,GHC-NOV-4-20,Political,Barack Obama becomes the first person of biracial or African-American descent to be elected as President of the United States.,Barack Obama elected president,4 November 2008 CE,https://en.wikipedia.org/wiki/November_4,November 4,,,Wikipedia — November date page,Exact,Presidential election,United States,Gregorian (modern date listing),Target met,Barack Obama,Democratic Party,Global,Secondary reference chronology,20,Verified against cited chronology,20,5
5,CE,1605,November,,Europe,GHC-NOV-5-01,Political,"Gunpowder Plot: Guy Fawkes is arrested in the cellars of the Houses of Parliament, where he had planted gunpowder in an attempt to blow up the building and kill King James I of England. [2]",Guy Fawkes arrested in the Gunpowder Plot,5 November 1605 CE,https://en.wikipedia.org/wiki/November_5,November 5,London,,Wikipedia — November date page,Exact,Conspiracy,United Kingdom,Gregorian (modern date listing),Target met,Guy Fawkes; James I,Kingdom of England,National,Secondary reference chronology,20,Verified against cited chronology,20,5
5,CE,1757,November,,Europe,GHC-NOV-5-02,Military,Seven Years' War: Frederick the Great defeats the allied armies of France and the Holy Roman Empire at the Battle of Rossbach.,Battle of Rossbach,5 November 1757 CE,https://en.wikipedia.org/wiki/November_5,November 5,Rossbach,,Wikipedia — November date page,Exact,Battle,Germany; France,Gregorian (modern date listing),Target met,Frederick the Great,Kingdom of Prussia,Regional,Secondary reference chronology,20,Verified against cited chronology,20,5
5,CE,1811,November,,Central America,GHC-NOV-5-03,Political,"Salvadoran priest José Matías Delgado rings the bells of La Merced church in San Salvador, calling for insurrection and launching the 1811 Independence Movement.",Salvadoran independence uprising begins,5 November 1811 CE,https://en.wikipedia.org/wiki/November_5,November 5,San Salvador,,Wikipedia — November date page,Exact,Independence movement,El Salvador,Gregorian (modern date listing),Target met,José Matías Delgado,Spanish Empire,National,Secondary reference chronology,20,Verified against cited chronology,20,4
5,CE,1862,November,,North America,GHC-NOV-5-04,Military,American Civil War: Abraham Lincoln removes George B. McClellan as commander of the Army of the Potomac.,Lincoln removes McClellan,5 November 1862 CE,https://en.wikipedia.org/wiki/November_5,November 5,,,Wikipedia — November date page,Exact,Command change,United States,Gregorian (modern date listing),Target met,Abraham Lincoln; George B. McClellan,Union Army,National,Secondary reference chronology,20,Verified against cited chronology,20,4
5,CE,1872,November,,North America,GHC-NOV-5-05,Social,"Women's suffrage in the United States: In defiance of the law, suffragist Susan B. Anthony votes for the first time, and is later fined $100.",Susan B. Anthony votes,5 November 1872 CE,https://en.wikipedia.org/wiki/November_5,November 5,Rochester,,Wikipedia — November date page,Exact,Women's suffrage,United States,Gregorian (modern date listing),Target met,Susan B. Anthony,Women's suffrage movement,National,Secondary reference chronology,20,Verified against cited chronology,20,4
5,CE,1881,November,,Oceania,GHC-NOV-5-06,Political,"In New Zealand, 1600 armed volunteers and constabulary field forces led by Minister of Native Affairs John Bryce march on the pacifist Māori settlement at Parihaka, evicting upwards of 2000 residents, and destroying the settlement in the context of the New Zealand land confiscations. [5]",Parihaka settlement invaded,5 November 1881 CE,https://en.wikipedia.org/wiki/November_5,November 5,Parihaka,,Wikipedia — November date page,Exact,Indigenous land conflict,New Zealand,Gregorian (modern date listing),Target met,John Bryce,New Zealand colonial government,National,Secondary reference chronology,20,Verified against cited chronology,20,4
5,CE,1895,November,,North America,GHC-NOV-5-07,Scientific,George B. Selden is granted the first U.S. patent for an automobile.,First U.S. automobile patent granted,5 November 1895 CE,https://en.wikipedia.org/wiki/November_5,November 5,,,Wikipedia — November date page,Exact,Automotive technology,United States,Gregorian (modern date listing),Target met,George B. Selden,United States Patent Office,National,Secondary reference chronology,20,Verified against cited chronology,20,4
5,CE,1912,November,,North America,GHC-NOV-5-08,Political,"Woodrow Wilson is elected the 28th President of the United States, defeating incumbent William Howard Taft.",Woodrow Wilson elected president,5 November 1912 CE,https://en.wikipedia.org/wiki/November_5,November 5,,,Wikipedia — November date page,Exact,Election,United States,Gregorian (modern date listing),Target met,Woodrow Wilson; William Howard Taft,United States federal government,National,Secondary reference chronology,20,Verified against cited chronology,20,5
5,CE,1914,November,,Europe; Middle East,GHC-NOV-5-09,Military,World War I: France and the British Empire declare war on the Ottoman Empire.,Britain and France declare war on the Ottoman Empire,5 November 1914 CE,https://en.wikipedia.org/wiki/November_5,November 5,,,Wikipedia — November date page,Exact,Declaration of war,United Kingdom; France; Turkey,Gregorian (modern date listing),Target met,,Allied Powers; Ottoman Empire,Global,Secondary reference chronology,20,Verified against cited chronology,20,5
5,CE,1916,November,,Europe,GHC-NOV-5-10,Political,The Kingdom of Poland is proclaimed by the Act of 5th November of the emperors of Germany and Austria-Hungary.,Kingdom of Poland proclaimed,5 November 1916 CE,https://en.wikipedia.org/wiki/November_5,November 5,,,Wikipedia — November date page,Exact,State formation,Poland; Germany; Austria,Gregorian (modern date listing),Target met,,Kingdom of Poland; German Empire; Austria-Hungary,Regional,Secondary reference chronology,20,Verified against cited chronology,20,5
5,CE,1917,November,,Europe,GHC-NOV-5-11,Religious,Tikhon is elected the Patriarch of Moscow and of the Russian Orthodox Church.,Tikhon elected Patriarch of Moscow,5 November 1917 CE,https://en.wikipedia.org/wiki/November_5,November 5,Moscow,,Wikipedia — November date page,Exact,Church leadership,Russia,Gregorian (modern date listing),Target met,Tikhon,Russian Orthodox Church,Regional,Secondary reference chronology,20,Verified against cited chronology,20,4
5,CE,1940,November,,North America,GHC-NOV-5-12,Political,Franklin D. Roosevelt is the first and only President of the United States to be elected to a third term.,Franklin D. Roosevelt wins a third presidential term,5 November 1940 CE,https://en.wikipedia.org/wiki/November_5,November 5,,,Wikipedia — November date page,Exact,Election,United States,Gregorian (modern date listing),Target met,Franklin D. Roosevelt,United States federal government,National,Secondary reference chronology,20,Verified against cited chronology,20,5
5,CE,1956,November,,Middle East,GHC-NOV-5-13,Military,Suez Crisis: British and French paratroopers land in Egypt after a week-long bombing campaign.,British and French forces land in Egypt,5 November 1956 CE,https://en.wikipedia.org/wiki/November_5,November 5,,,Wikipedia — November date page,Exact,Intervention,United Kingdom; France; Egypt,Gregorian (modern date listing),Target met,,United Kingdom; France; Egypt,Regional,Secondary reference chronology,20,Verified against cited chronology,20,5
5,CE,1968,November,,North America,GHC-NOV-5-14,Political,Richard Nixon is elected as 37th President of the United States.,Richard Nixon elected president,5 November 1968 CE,https://en.wikipedia.org/wiki/November_5,November 5,,,Wikipedia — November date page,Exact,Election,United States,Gregorian (modern date listing),Target met,Richard Nixon,United States federal government,National,Secondary reference chronology,20,Verified against cited chronology,20,5
5,CE,1983,November,,Europe,GHC-NOV-5-15,Disaster,The Byford Dolphin diving bell accident kills five and leaves one severely injured.,Byford Dolphin diving bell accident,5 November 1983 CE,https://en.wikipedia.org/wiki/November_5,November 5,,,Wikipedia — November date page,Exact,Industrial accident,Norway,Gregorian (modern date listing),Target met,,Byford Dolphin,Regional,Secondary reference chronology,20,Verified against cited chronology,20,4
5,CE,1991,November,,Southeast Asia,GHC-NOV-5-16,Disaster,"Tropical Storm Thelma causes flash floods in the Philippine city of Ormoc, killing more than 4,900 people. [7]",Ormoc flash floods,5 November 1991 CE,https://en.wikipedia.org/wiki/November_5,November 5,Ormoc,,Wikipedia — November date page,Exact,Tropical storm and flood,Philippines,Gregorian (modern date listing),Target met,,,National,Secondary reference chronology,20,Verified against cited chronology,20,5
5,CE,1996,November,,South Asia,GHC-NOV-5-17,Political,Pakistani President Farooq Leghari dismisses the government of Prime Minister Benazir Bhutto and dissolves the National Assembly.,Pakistan government dismissed,5 November 1996 CE,https://en.wikipedia.org/wiki/November_5,November 5,Islamabad,,Wikipedia — November date page,Exact,Government dismissal,Pakistan,Gregorian (modern date listing),Target met,Farooq Leghari; Benazir Bhutto,Government of Pakistan,National,Secondary reference chronology,20,Verified against cited chronology,20,4
5,CE,1996,November,,North America,GHC-NOV-5-18,Political,Bill Clinton is reelected President of the United States.,Bill Clinton reelected president,5 November 1996 CE,https://en.wikipedia.org/wiki/November_5,November 5,,,Wikipedia — November date page,Exact,Election,United States,Gregorian (modern date listing),Target met,Bill Clinton,United States federal government,National,Secondary reference chronology,20,Verified against cited chronology,20,5
5,CE,2006,November,,Middle East,GHC-NOV-5-19,Political,"Saddam Hussein, the former president of Iraq, and his co-defendants Barzan Ibrahim al-Tikriti and Awad Hamed al-Bandar, are sentenced to death in the al-Dujail trial for their roles in the 1982 massacre of 148 Shia Muslims.",Saddam Hussein sentenced to death,5 November 2006 CE,https://en.wikipedia.org/wiki/November_5,November 5,Baghdad,,Wikipedia — November date page,Exact,War crimes trial,Iraq,Gregorian (modern date listing),Target met,Saddam Hussein; Barzan Ibrahim al-Tikriti; Awad Hamed al-Bandar,Iraqi High Tribunal,Global,Secondary reference chronology,20,Verified against cited chronology,20,5
5,CE,2007,November,,East Asia,GHC-NOV-5-20,Scientific,"China's first lunar satellite, Chang'e 1, goes into orbit around the Moon.",Chang'e 1 enters lunar orbit,5 November 2007 CE,https://en.wikipedia.org/wiki/November_5,November 5,,,Wikipedia — November date page,Exact,Space exploration,China,Gregorian (modern date listing),Target met,,China National Space Administration,Global,Secondary reference chronology,20,Verified against cited chronology,20,5
6,CE,447,November,,Europe,GHC-NOV-6-01,Disaster,"A powerful earthquake destroys large portions of the Walls of Constantinople, including 57 towers. [1]",Constantinople earthquake,6 November 447 CE,https://en.wikipedia.org/wiki/November_6,November 6,Constantinople,,Wikipedia — November date page,Exact,Earthquake,Turkey,Gregorian (modern date listing),Below target,,Eastern Roman Empire,Regional,Secondary reference chronology,20,Verified against cited chronology,14,4
6,CE,1217,November,,Europe,GHC-NOV-6-02,Political,"The Charter of the Forest is sealed at St Paul's Cathedral, London by King Henry III, acting under the regency of William Marshall, 1st Earl of Pembroke which re-establishes for free men rights of access to the royal forest that had been eroded by William the Conqueror and his heirs. [3]",Charter of the Forest sealed,6 November 1217 CE,https://en.wikipedia.org/wiki/November_6,November 6,London,,Wikipedia — November date page,Exact,Law and constitutional history,United Kingdom,Gregorian (modern date listing),Below target,Henry III; William Marshal,Kingdom of England,National,Secondary reference chronology,20,Verified against cited chronology,14,5
6,CE,1792,November,,Europe,GHC-NOV-6-03,Military,Battle of Jemappes in the French Revolutionary Wars. [4],Battle of Jemappes,6 November 1792 CE,https://en.wikipedia.org/wiki/November_6,November 6,Jemappes,,Wikipedia — November date page,Exact,Battle,Belgium; France; Austria,Gregorian (modern date listing),Below target,,French Republic; Habsburg Monarchy,Regional,Secondary reference chronology,20,Verified against cited chronology,14,4
6,CE,1860,November,,North America,GHC-NOV-6-04,Political,"Abraham Lincoln is elected the 16th president of the United States with only 40% of the popular vote, defeating John C. Breckinridge, John Bell, and Stephen A. Douglas in a four-way race. [5]",Abraham Lincoln elected president,6 November 1860 CE,https://en.wikipedia.org/wiki/November_6,November 6,,,Wikipedia — November date page,Exact,Presidential election,United States,Gregorian (modern date listing),Below target,Abraham Lincoln; John C. Breckinridge; John Bell; Stephen A. Douglas,United States federal government,National,Secondary reference chronology,20,Verified against cited chronology,14,5
6,CE,1900,November,,North America,GHC-NOV-6-05,Political,"President William McKinley is re-elected, along with his vice-presidential running mate, Governor Theodore Roosevelt of New York. [7]",William McKinley reelected president,6 November 1900 CE,https://en.wikipedia.org/wiki/November_6,November 6,,,Wikipedia — November date page,Exact,Presidential election,United States,Gregorian (modern date listing),Below target,William McKinley; Theodore Roosevelt,United States federal government,National,Secondary reference chronology,20,Verified against cited chronology,14,4
6,CE,1936,November,,Europe,GHC-NOV-6-06,Political,"Spanish Civil War: The republican government flees from Madrid to Valencia, leading to the formation of the Madrid Defense Council in its stead. [8]",Republican government leaves Madrid,6 November 1936 CE,https://en.wikipedia.org/wiki/November_6,November 6,Madrid; Valencia,,Wikipedia — November date page,Exact,Government relocation,Spain,Gregorian (modern date listing),Below target,,Spanish Republic,National,Secondary reference chronology,20,Verified against cited chronology,14,4
6,CE,1943,November,,Europe,GHC-NOV-6-07,Military,World War II: The 1st Ukrainian Front liberates Kyiv from German occupation. [9],Soviet forces liberate Kyiv,6 November 1943 CE,https://en.wikipedia.org/wiki/November_6,November 6,Kyiv,,Wikipedia — November date page,Exact,Liberation operation,Ukraine; Germany; Soviet Union,Gregorian (modern date listing),Below target,,Red Army; Nazi Germany,Regional,Secondary reference chronology,20,Verified against cited chronology,14,5
6,CE,1963,November,,Southeast Asia,GHC-NOV-6-08,Political,"Nguyễn Ngọc Thơ is appointed to head the South Vietnamese government by General Dương Văn Minh's junta, five days after the latter deposed and assassinated President Ngô Đình Diệm. [11]",Nguyễn Ngọc Thơ heads South Vietnamese government,6 November 1963 CE,https://en.wikipedia.org/wiki/November_6,November 6,Saigon,,Wikipedia — November date page,Exact,Government transition,Vietnam,Gregorian (modern date listing),Below target,Nguyễn Ngọc Thơ; Dương Văn Minh; Ngô Đình Diệm,Republic of Vietnam,National,Secondary reference chronology,20,Verified against cited chronology,14,4
6,CE,1971,November,,North America,GHC-NOV-6-09,Scientific,"The United States Atomic Energy Commission tests the largest U.S. underground hydrogen bomb, code-named Cannikin, on Amchitka Island in the Aleutians. [12]",Cannikin nuclear test,6 November 1971 CE,https://en.wikipedia.org/wiki/November_6,November 6,Amchitka Island,,Wikipedia — November date page,Exact,Nuclear weapons test,United States,Gregorian (modern date listing),Below target,,United States Atomic Energy Commission,Global,Secondary reference chronology,20,Verified against cited chronology,14,4
6,CE,1976,November,,South Asia,GHC-NOV-6-10,Social,"Uttawar forced sterilisations: Mass vasectomy of nearly 800 men of Uttawar village, Palwal district, Haryana during India's Emergency imposed by Indira Gandhi. [13]",Uttawar forced sterilizations,6 November 1976 CE,https://en.wikipedia.org/wiki/November_6,November 6,Uttawar,,Wikipedia — November date page,Exact,Forced sterilization,India,Gregorian (modern date listing),Below target,Indira Gandhi,Government of India,National,Secondary reference chronology,20,Verified against cited chronology,14,4
6,CE,1977,November,,North America,GHC-NOV-6-11,Disaster,"The Kelly Barnes Dam, located above Toccoa Falls College near Toccoa, Georgia, fails, killing 39. [14]",Kelly Barnes Dam failure,6 November 1977 CE,https://en.wikipedia.org/wiki/November_6,November 6,"Toccoa, Georgia",,Wikipedia — November date page,Exact,Dam failure,United States,Gregorian (modern date listing),Below target,,Kelly Barnes Dam,National,Secondary reference chronology,20,Verified against cited chronology,14,4
6,CE,1985,November,,South America,GHC-NOV-6-12,Military,Colombian conflict: leftist guerrillas of the 19th of April Movement seize control of the Palace of Justice in Bogotá. [15],Palace of Justice siege,6 November 1985 CE,https://en.wikipedia.org/wiki/November_6,November 6,Bogotá,,Wikipedia — November date page,Exact,Armed takeover and siege,Colombia,Gregorian (modern date listing),Below target,,19th of April Movement,National,Secondary reference chronology,20,Verified against cited chronology,14,4
6,CE,1986,November,,Europe,GHC-NOV-6-13,Disaster,Sumburgh disaster: A British International Helicopters Boeing 234LR Chinook crashes 2.5 miles (4.0 km) east of Sumburgh Airport killing 45 people. It is the deadliest civilian helicopter crash on record. [16],Sumburgh helicopter disaster,6 November 1986 CE,https://en.wikipedia.org/wiki/November_6,November 6,Sumburgh,,Wikipedia — November date page,Exact,Aviation accident,United Kingdom,Gregorian (modern date listing),Below target,,British International Helicopters,Regional,Secondary reference chronology,20,Verified against cited chronology,14,4
6,CE,1988,November,,East Asia,GHC-NOV-6-14,Disaster,Lancang–Gengma earthquakes: At least 730 are killed after two powerful earthquakes rock the China–Myanmar border in Yunnan Province. [17],Lancang–Gengma earthquakes,6 November 1988 CE,https://en.wikipedia.org/wiki/November_6,November 6,Lancang; Gengma,,Wikipedia — November date page,Exact,Earthquake,China; Myanmar,Gregorian (modern date listing),Below target,,,Regional,Secondary reference chronology,20,Verified against cited chronology,14,5
7,CE,680,November,,Europe,GHC-NOV-7-01,Religious,The Sixth Ecumenical Council commences in Constantinople.,Sixth Ecumenical Council begins,7 November 680 CE,https://en.wikipedia.org/wiki/November_7,November 7,Constantinople,,Wikipedia — November date page,Exact,Ecumenical council,Turkey,Gregorian (modern date listing),Target met,,Byzantine Empire,Global,Secondary reference chronology,20,Verified against cited chronology,20,4
7,CE,1426,November,,Southeast Asia,GHC-NOV-7-02,Military,"Lam Sơn uprising: Lam Sơn rebels emerge victorious against the Ming army in the Battle of Tốt Động – Chúc Động taking place in Đông Quan, in now Hanoi.",Battle of Tốt Động–Chúc Động,7 November 1426 CE,https://en.wikipedia.org/wiki/November_7,November 7,Hanoi,,Wikipedia — November date page,Exact,War of independence,Vietnam; China,Gregorian (modern date listing),Target met,,Lam Sơn movement,Regional,Secondary reference chronology,20,Verified against cited chronology,20,4
7,CE,1492,November,,Europe,GHC-NOV-7-03,Scientific,"The Ensisheim meteorite, the oldest meteorite with a known date of impact, strikes the Earth in a wheat field outside the village of Ensisheim, Alsace, France.",Ensisheim meteorite impact,7 November 1492 CE,https://en.wikipedia.org/wiki/November_7,November 7,Ensisheim,,Wikipedia — November date page,Exact,Meteorite impact,France,Gregorian (modern date listing),Target met,,,Regional,Secondary reference chronology,20,Verified against cited chronology,20,3
7,CE,1775,November,,North America,GHC-NOV-7-04,Political,"John Murray (also known as Lord Dunmore), the Royal Governor of the Colony of Virginia, starts the first mass emancipation of slaves in North America by issuing Lord Dunmore's Offer of Emancipation, which offers freedom to slaves who abandoned their colonial masters to fight with Murray and the British.",Lord Dunmore's Proclamation,7 November 1775 CE,https://en.wikipedia.org/wiki/November_7,November 7,,,Wikipedia — November date page,Exact,Emancipation proclamation,United States,Gregorian (modern date listing),Target met,"John Murray, 4th Earl of Dunmore",Colony of Virginia; British Empire,National,Secondary reference chronology,20,Verified against cited chronology,20,5
7,CE,1811,November,,North America,GHC-NOV-7-05,Military,"Tecumseh's War: The Battle of Tippecanoe is fought near present-day Battle Ground, Indiana, United States.",Battle of Tippecanoe,7 November 1811 CE,https://en.wikipedia.org/wiki/November_7,November 7,Battle Ground,,Wikipedia — November date page,Exact,Indigenous resistance,United States,Gregorian (modern date listing),Target met,William Henry Harrison; Tecumseh,United States; Tecumseh's confederacy,National,Secondary reference chronology,20,Verified against cited chronology,20,4
7,CE,1837,November,,North America,GHC-NOV-7-06,Social,"In Alton, Illinois, abolitionist printer Elijah P. Lovejoy is shot dead by a mob while attempting to protect his printing shop from being destroyed a third time.",Murder of Elijah Lovejoy,7 November 1837 CE,https://en.wikipedia.org/wiki/November_7,November 7,Alton,,Wikipedia — November date page,Exact,Abolitionism,United States,Gregorian (modern date listing),Target met,Elijah P. Lovejoy,,National,Secondary reference chronology,20,Verified against cited chronology,20,4
7,CE,1885,November,,North America,GHC-NOV-7-07,Economic,"The completion of Canada's first transcontinental railway is symbolized by the Last Spike ceremony at Craigellachie, British Columbia.",Completion of Canada's transcontinental railway,7 November 1885 CE,https://en.wikipedia.org/wiki/November_7,November 7,Craigellachie,,Wikipedia — November date page,Exact,Railway construction,Canada,Gregorian (modern date listing),Target met,,Canadian Pacific Railway,National,Secondary reference chronology,20,Verified against cited chronology,20,5
7,CE,1893,November,,North America,GHC-NOV-7-08,Political,"Women's suffrage: Women in the U.S. state of Colorado are granted the right to vote, the second state to do so.",Colorado grants women suffrage,7 November 1893 CE,https://en.wikipedia.org/wiki/November_7,November 7,,,Wikipedia — November date page,Exact,Women's suffrage,United States,Gregorian (modern date listing),Target met,,State of Colorado,National,Secondary reference chronology,20,Verified against cited chronology,20,5
7,CE,1914,November,,East Asia,GHC-NOV-7-09,Military,The German colony of Kiaochow Bay and its centre at Tsingtao are captured by Japanese forces. This leaves Germany without a far east base.,Capture of Tsingtao,7 November 1914 CE,https://en.wikipedia.org/wiki/November_7,November 7,Tsingtao,,Wikipedia — November date page,Exact,World War I,China; Japan; Germany,Gregorian (modern date listing),Target met,,Empire of Japan; German Empire,Regional,Secondary reference chronology,20,Verified against cited chronology,20,4
7,CE,1916,November,,North America,GHC-NOV-7-10,Political,Jeannette Rankin is the first woman elected to the United States Congress.,Jeannette Rankin elected to Congress,7 November 1916 CE,https://en.wikipedia.org/wiki/November_7,November 7,,,Wikipedia — November date page,Exact,Women's political representation,United States,Gregorian (modern date listing),Target met,Jeannette Rankin,United States Congress,National,Secondary reference chronology,20,Verified against cited chronology,20,5
7,CE,1917,November,The October Revolution is dated 25 October in the Julian calendar.,Europe,GHC-NOV-7-11,Political,"The October Revolution, which gets its name from the Julian calendar date of 25 October, occurs, according to the Gregorian calendar; on this date, the Bolsheviks storm the Winter Palace.",Bolsheviks storm the Winter Palace,7 November 1917 CE,https://en.wikipedia.org/wiki/November_7,November 7,Petrograd,The October Revolution is dated 25 October in the Julian calendar.,Wikipedia — November date page,Exact,Revolution,Russia,Gregorian (modern date listing),Target met,,Bolshevik Party; Russian Republic,Global,Secondary reference chronology,20,Verified against cited chronology,20,5
7,CE,1917,November,,Middle East,GHC-NOV-7-12,Military,"World War I: The Third Battle of Gaza ends, with British forces capturing Gaza from the Ottoman Empire.",British capture Gaza,7 November 1917 CE,https://en.wikipedia.org/wiki/November_7,November 7,Gaza,,Wikipedia — November date page,Exact,World War I,Palestine; United Kingdom; Turkey,Gregorian (modern date listing),Target met,,British Empire; Ottoman Empire,Regional,Secondary reference chronology,20,Verified against cited chronology,20,4
7,CE,1918,November,,Europe,GHC-NOV-7-13,Political,Kurt Eisner overthrows the Wittelsbach dynasty in the Kingdom of Bavaria.,Bavarian monarchy overthrown,7 November 1918 CE,https://en.wikipedia.org/wiki/November_7,November 7,Munich,,Wikipedia — November date page,Exact,Revolution,Germany,Gregorian (modern date listing),Target met,Kurt Eisner,Kingdom of Bavaria,Regional,Secondary reference chronology,20,Verified against cited chronology,20,4
7,CE,1919,November,,North America,GHC-NOV-7-14,Political,"The first Palmer Raid is conducted on the second anniversary of the Russian Revolution. Over 10,000 suspected communists and anarchists are arrested in 23 U.S. cities.",First Palmer Raid,7 November 1919 CE,https://en.wikipedia.org/wiki/November_7,November 7,,,Wikipedia — November date page,Exact,Political repression,United States,Gregorian (modern date listing),Target met,A. Mitchell Palmer,United States Department of Justice,National,Secondary reference chronology,20,Verified against cited chronology,20,4
7,CE,1929,November,,North America,GHC-NOV-7-15,Cultural,"In New York City, the Museum of Modern Art opens to the public.",Museum of Modern Art opens,7 November 1929 CE,https://en.wikipedia.org/wiki/November_7,November 7,New York City,,Wikipedia — November date page,Exact,Museum opening,United States,Gregorian (modern date listing),Target met,,Museum of Modern Art,Global,Secondary reference chronology,20,Verified against cited chronology,20,4
7,CE,1940,November,,North America,GHC-NOV-7-16,Disaster,"In Tacoma, Washington, the original Tacoma Narrows Bridge collapses in a windstorm, a mere four months after the bridge's completion.",Tacoma Narrows Bridge collapses,7 November 1940 CE,https://en.wikipedia.org/wiki/November_7,November 7,Tacoma,,Wikipedia — November date page,Exact,Engineering failure,United States,Gregorian (modern date listing),Target met,,,Global,Secondary reference chronology,20,Verified against cited chronology,20,5
7,CE,1956,November,,Middle East,GHC-NOV-7-17,Political,"Suez Crisis: The United Nations General Assembly adopts a resolution calling for the United Kingdom, France and Israel to immediately withdraw their troops from Egypt.",UN calls for withdrawal during Suez Crisis,7 November 1956 CE,https://en.wikipedia.org/wiki/November_7,November 7,,,Wikipedia — November date page,Exact,International intervention,Egypt; United Kingdom; France; Israel,Gregorian (modern date listing),Target met,,United Nations,Global,Secondary reference chronology,20,Verified against cited chronology,20,5
7,CE,1967,November,,North America,GHC-NOV-7-18,Political,"Carl B. Stokes is elected as Mayor of Cleveland, Ohio, becoming the first African American mayor of a major American city.",Carl Stokes elected mayor of Cleveland,7 November 1967 CE,https://en.wikipedia.org/wiki/November_7,November 7,Cleveland,,Wikipedia — November date page,Exact,Civil rights,United States,Gregorian (modern date listing),Target met,Carl B. Stokes,City of Cleveland,National,Secondary reference chronology,20,Verified against cited chronology,20,5
7,CE,1973,November,,North America,GHC-NOV-7-19,Political,"The United States Congress overrides President Richard Nixon's veto of the War Powers Resolution, which limits presidential power to wage war without congressional approval.",War Powers Resolution becomes law,7 November 1973 CE,https://en.wikipedia.org/wiki/November_7,November 7,"Washington, D.C.",,Wikipedia — November date page,Exact,Separation of powers,United States,Gregorian (modern date listing),Target met,Richard Nixon,United States Congress,National,Secondary reference chronology,20,Verified against cited chronology,20,5
7,CE,1987,November,,North Africa,GHC-NOV-7-20,Political,"In Tunisia, president Habib Bourguiba is overthrown and replaced by Prime Minister Zine El Abidine Ben Ali.",Habib Bourguiba overthrown,7 November 1987 CE,https://en.wikipedia.org/wiki/November_7,November 7,Tunis,,Wikipedia — November date page,Exact,Coup d'état,Tunisia,Gregorian (modern date listing),Target met,Habib Bourguiba; Zine El Abidine Ben Ali,Government of Tunisia,National,Secondary reference chronology,20,Verified against cited chronology,20,4
8,CE,1519,November,,North America,GHC-NOV-8-01,Exploration,Hernán Cortés enters Tenochtitlán and Aztec ruler Moctezuma welcomes him with a great celebration.,Cortés enters Tenochtitlán,8 November 1519 CE,https://en.wikipedia.org/wiki/November_8,November 8,Tenochtitlán,,Wikipedia — November date page,Exact,European conquest,Mexico,Gregorian (modern date listing),Target met,Hernán Cortés; Moctezuma II,Aztec Empire; Spanish Empire,Regional,Secondary reference chronology,20,Verified against cited chronology,20,5
8,CE,1576,November,,Western Europe,GHC-NOV-8-02,Political,Eighty Years' War: Pacification of Ghent: The States General of the Netherlands meet and unite to oppose Spanish occupation.,Pacification of Ghent,8 November 1576 CE,https://en.wikipedia.org/wiki/November_8,November 8,Ghent,,Wikipedia — November date page,Exact,Revolt and political union,Netherlands; Belgium,Gregorian (modern date listing),Target met,,States General of the Netherlands; Spanish Empire,Regional,Secondary reference chronology,20,Verified against cited chronology,20,5
8,CE,1620,November,,Central Europe,GHC-NOV-8-03,Military,"The Battle of White Mountain takes place near Prague, ending in a decisive Catholic victory in only two hours.",Battle of White Mountain,8 November 1620 CE,https://en.wikipedia.org/wiki/November_8,November 8,Prague,,Wikipedia — November date page,Exact,Religious war,Czech Republic,Gregorian (modern date listing),Target met,,Habsburg monarchy; Bohemian estates,Regional,Secondary reference chronology,20,Verified against cited chronology,20,5
8,CE,1644,November,,East Asia,GHC-NOV-8-04,Political,"The Shunzhi Emperor, the third emperor of the Qing dynasty, is enthroned in Beijing after the collapse of the Ming dynasty as the first Qing emperor to rule over China.",Shunzhi Emperor enthroned in Beijing,8 November 1644 CE,https://en.wikipedia.org/wiki/November_8,November 8,Beijing,,Wikipedia — November date page,Exact,Dynastic succession,China,Gregorian (modern date listing),Target met,Shunzhi Emperor,Qing dynasty,National,Secondary reference chronology,20,Verified against cited chronology,20,5
8,CE,1837,November,,North America,GHC-NOV-8-05,Social,"Mary Lyon founds Mount Holyoke Female Seminary, which later becomes Mount Holyoke College.",Founding of Mount Holyoke Female Seminary,8 November 1837 CE,https://en.wikipedia.org/wiki/November_8,November 8,South Hadley,,Wikipedia — November date page,Exact,Education,United States,Gregorian (modern date listing),Target met,Mary Lyon,Mount Holyoke Female Seminary,National,Secondary reference chronology,20,Verified against cited chronology,20,4
8,CE,1861,November,,North America; Europe,GHC-NOV-8-06,Political,"American Civil War: The "" Trent Affair"": The USS San Jacinto stops the British mail ship Trent and arrests two Confederate envoys, sparking a diplomatic crisis between the UK and US.",Trent Affair begins,8 November 1861 CE,https://en.wikipedia.org/wiki/November_8,November 8,,,Wikipedia — November date page,Exact,International diplomacy,United States; United Kingdom,Gregorian (modern date listing),Target met,,United States Navy; Confederate States of America,Global,Secondary reference chronology,20,Verified against cited chronology,20,5
8,CE,1889,November,,North America,GHC-NOV-8-07,Political,Montana is admitted as the 41st U.S. state.,Montana admitted to the Union,8 November 1889 CE,https://en.wikipedia.org/wiki/November_8,November 8,,,Wikipedia — November date page,Exact,Statehood,United States,Gregorian (modern date listing),Target met,,United States of America,National,Secondary reference chronology,20,Verified against cited chronology,20,4
8,CE,1892,November,,North America,GHC-NOV-8-08,Social,"The New Orleans general strike begins, uniting black and white American trade unionists in a successful four-day general strike action for the first time.",New Orleans general strike begins,8 November 1892 CE,https://en.wikipedia.org/wiki/November_8,November 8,New Orleans,,Wikipedia — November date page,Exact,Labor movement,United States,Gregorian (modern date listing),Target met,,New Orleans labor unions,National,Secondary reference chronology,20,Verified against cited chronology,20,4
8,CE,1895,November,,Europe,GHC-NOV-8-09,Scientific,"While experimenting with electricity, Wilhelm Röntgen discovers the X-ray.",Röntgen discovers X-rays,8 November 1895 CE,https://en.wikipedia.org/wiki/November_8,November 8,,,Wikipedia — November date page,Exact,Physics,Germany,Gregorian (modern date listing),Target met,Wilhelm Röntgen,,Global,Secondary reference chronology,20,Verified against cited chronology,20,5
8,CE,1917,November,,Eastern Europe,GHC-NOV-8-10,Political,"The first Council of People's Commissars is formed, including Vladimir Lenin, Leon Trotsky and Joseph Stalin.",First Council of People's Commissars formed,8 November 1917 CE,https://en.wikipedia.org/wiki/November_8,November 8,,,Wikipedia — November date page,Exact,Revolutionary government,Russia,Gregorian (modern date listing),Target met,Vladimir Lenin; Leon Trotsky; Joseph Stalin,Russian Soviet Federative Socialist Republic,Global,Secondary reference chronology,20,Verified against cited chronology,20,5
8,CE,1923,November,,Central Europe,GHC-NOV-8-11,Political,"Beer Hall Putsch: In Munich, Adolf Hitler leads the Nazis in an unsuccessful attempt to overthrow the German government.",Beer Hall Putsch begins,8 November 1923 CE,https://en.wikipedia.org/wiki/November_8,November 8,Munich,,Wikipedia — November date page,Exact,Failed coup,Germany,Gregorian (modern date listing),Target met,Adolf Hitler,Nazi Party; Weimar Republic,National,Secondary reference chronology,20,Verified against cited chronology,20,5
8,CE,1932,November,,North America,GHC-NOV-8-12,Political,"Franklin D. Roosevelt is elected as the 32nd President of the United States, defeating incumbent president Herbert Hoover.",Roosevelt elected president,8 November 1932 CE,https://en.wikipedia.org/wiki/November_8,November 8,,,Wikipedia — November date page,Exact,Presidential election,United States,Gregorian (modern date listing),Target met,Franklin D. Roosevelt; Herbert Hoover,Democratic Party; Republican Party,Global,Secondary reference chronology,20,Verified against cited chronology,20,5
8,CE,1939,November,,Central Europe,GHC-NOV-8-13,Political,"In Munich, Adolf Hitler narrowly escapes the assassination attempt of Georg Elser while celebrating the 16th anniversary of the Beer Hall Putsch.",Hitler survives Munich assassination attempt,8 November 1939 CE,https://en.wikipedia.org/wiki/November_8,November 8,Munich,,Wikipedia — November date page,Exact,Assassination attempt,Germany,Gregorian (modern date listing),Target met,Adolf Hitler; Georg Elser,Nazi Germany,National,Secondary reference chronology,20,Verified against cited chronology,20,4
8,CE,1942,November,,North Africa,GHC-NOV-8-14,Military,"World War II: French Resistance coup in Algiers, in which 400 civilian French patriots neutralize Vichyist XIXth Army Corps after 15 hours of fighting, and arrest several Vichyist generals, allowing the immediate success of Operation Torch in Algiers.",French Resistance coup in Algiers,8 November 1942 CE,https://en.wikipedia.org/wiki/November_8,November 8,Algiers,,Wikipedia — November date page,Exact,Resistance operation,Algeria; France,Gregorian (modern date listing),Target met,,French Resistance; Vichy France; Allies,Regional,Secondary reference chronology,20,Verified against cited chronology,20,5
8,CE,1950,November,,East Asia,GHC-NOV-8-15,Military,"Korean War: United States Air Force Lt. Russell J. Brown, while piloting an F-80 Shooting Star, shoots down two North Korean MiG-15s in the first jet aircraft-to-jet aircraft dogfight in history.",First jet aircraft-to-jet aircraft dogfight,8 November 1950 CE,https://en.wikipedia.org/wiki/November_8,November 8,,,Wikipedia — November date page,Exact,Aerial warfare,North Korea; United States,Gregorian (modern date listing),Target met,Russell J. Brown,United States Air Force; Korean People's Army Air Force,Global,Secondary reference chronology,20,Verified against cited chronology,20,4
8,CE,1957,November,"Operation Grapple X, Round C1",Pacific Ocean,GHC-NOV-8-16,Scientific,"Operation Grapple X, Round C1: The United Kingdom conducts its first successful hydrogen bomb test over Kiritimati in the Pacific.",First successful British hydrogen-bomb test,8 November 1957 CE,https://en.wikipedia.org/wiki/November_8,November 8,Kiritimati,,Wikipedia — November date page,Exact,Nuclear weapons test,United Kingdom; Kiribati,Gregorian (modern date listing),Target met,,United Kingdom,Global,Secondary reference chronology,20,Verified against cited chronology,20,5
8,CE,1960,November,,North America,GHC-NOV-8-17,Political,"John F. Kennedy is elected as the 35th President of the United States, defeating incumbent Vice President Richard Nixon, who would later be elected president in 1968 and 1972.",Kennedy elected president,8 November 1960 CE,https://en.wikipedia.org/wiki/November_8,November 8,,,Wikipedia — November date page,Exact,Presidential election,United States,Gregorian (modern date listing),Target met,John F. Kennedy; Richard Nixon,Democratic Party; Republican Party,Global,Secondary reference chronology,20,Verified against cited chronology,20,5
8,CE,1965,November,,Western Europe,GHC-NOV-8-18,Political,"The Murder (Abolition of Death Penalty) Act 1965 is given Royal Assent, formally abolishing the death penalty in the United Kingdom for almost all crimes.",United Kingdom abolishes most death penalties,8 November 1965 CE,https://en.wikipedia.org/wiki/November_8,November 8,,,Wikipedia — November date page,Exact,Criminal law reform,United Kingdom,Gregorian (modern date listing),Target met,,Parliament of the United Kingdom,National,Secondary reference chronology,20,Verified against cited chronology,20,5
8,CE,1987,November,,Northern Europe,GHC-NOV-8-19,Disaster,"Remembrance Day bombing: A Provisional IRA bomb explodes in Enniskillen, Northern Ireland during a ceremony honouring those who had died in wars involving British forces. Twelve people are killed and sixty-three wounded.",Remembrance Day bombing,8 November 1987 CE,https://en.wikipedia.org/wiki/November_8,November 8,Enniskillen,,Wikipedia — November date page,Exact,Terrorist bombing,United Kingdom,Gregorian (modern date listing),Target met,,Provisional Irish Republican Army,Regional,Secondary reference chronology,20,Verified against cited chronology,20,5
8,CE,2002,November,,Middle East,GHC-NOV-8-20,Political,"Iraq disarmament crisis: UN Security Council Resolution 1441: The United Nations Security Council unanimously approves a resolution on Iraq, forcing Saddam Hussein to disarm or face ""serious consequences"".",UN Security Council adopts Resolution 1441,8 November 2002 CE,https://en.wikipedia.org/wiki/November_8,November 8,New York City,,Wikipedia — November date page,Exact,International security resolution,Iraq,Gregorian (modern date listing),Target met,Saddam Hussein,United Nations Security Council,Global,Secondary reference chronology,20,Verified against cited chronology,20,5
9,CE,694,November,,Europe,GHC-NOV-9-01,Religious,"At the Seventeenth Council of Toledo, Egica, a king of the Visigoths of Hispania, accuses Jews of aiding Muslims, sentencing all Jews to slavery.",Seventeenth Council of Toledo sanctions Jews,9 November 694 CE,https://en.wikipedia.org/wiki/November_9,November 9,Toledo,,Wikipedia — November date page,Exact,Religious persecution,Spain,Gregorian (modern date listing),Target met,Egica,Visigothic Kingdom,National,Secondary reference chronology,20,Verified against cited chronology,20,4
9,CE,1180,November,,East Asia,GHC-NOV-9-02,Military,"The Battle of Fujigawa: Minamoto forces (30,000 men) under Minamoto no Yoritomo defeat Taira no Koremori during a night attack near the Fuji River but he escapes safely with the routed army. [1] [2]",Battle of Fujigawa,9 November 1180 CE,https://en.wikipedia.org/wiki/November_9,November 9,Fuji River,,Wikipedia — November date page,Exact,Battle,Japan,Gregorian (modern date listing),Target met,Minamoto no Yoritomo; Taira no Koremori,Minamoto clan; Taira clan,National,Secondary reference chronology,20,Verified against cited chronology,20,3
9,CE,1277,November,,Europe,GHC-NOV-9-03,Political,"The Treaty of Aberconwy, a humiliating settlement forced on Llywelyn ap Gruffudd by King Edward I of England, brings a temporary end to the Welsh Wars. [3]",Treaty of Aberconwy,9 November 1277 CE,https://en.wikipedia.org/wiki/November_9,November 9,Aberconwy,,Wikipedia — November date page,Exact,Treaty,United Kingdom,Gregorian (modern date listing),Target met,Llywelyn ap Gruffudd; Edward I,Kingdom of England; Principality of Wales,National,Secondary reference chronology,20,Verified against cited chronology,20,4
9,CE,1520,November,,Europe,GHC-NOV-9-04,Political,More than 50 people are sentenced and executed in the Stockholm Bloodbath.,Stockholm Bloodbath,9 November 1520 CE,https://en.wikipedia.org/wiki/November_9,November 9,Stockholm,,Wikipedia — November date page,Exact,Mass execution,Sweden,Gregorian (modern date listing),Target met,,Kingdom of Denmark-Norway,National,Secondary reference chronology,20,Verified against cited chronology,20,5
9,CE,1580,November,,Europe,GHC-NOV-9-05,Military,Second Desmond Rebellion: The Siege of Smerwick ends with the Catholic garrison surrendering to the English forces under Arthur Grey. The majority of the garrison is massacred the next day. [9] [10],Siege of Smerwick ends,9 November 1580 CE,https://en.wikipedia.org/wiki/November_9,November 9,Smerwick,,Wikipedia — November date page,Exact,Siege,Ireland,Gregorian (modern date listing),Target met,Arthur Grey,English Crown; Catholic garrison,National,Secondary reference chronology,20,Verified against cited chronology,20,4
9,CE,1799,November,,Europe,GHC-NOV-9-06,Political,"Napoleon Bonaparte leads the Coup of 18 Brumaire ending the Directory government, and becoming First Consul of the successor Consulate Government.",Coup of 18 Brumaire,9 November 1799 CE,https://en.wikipedia.org/wiki/November_9,November 9,Paris,,Wikipedia — November date page,Exact,Coup d'état,France,Gregorian (modern date listing),Target met,Napoleon Bonaparte,French Republic; Directory; Consulate,National,Secondary reference chronology,20,Verified against cited chronology,20,5
9,CE,1867,November,,East Asia,GHC-NOV-9-07,Political,"The Tokugawa shogunate hands back power to the Emperor of Japan, starting the Meiji Restoration.",Tokugawa shogunate returns power,9 November 1867 CE,https://en.wikipedia.org/wiki/November_9,November 9,,,Wikipedia — November date page,Exact,Governmental transition,Japan,Gregorian (modern date listing),Target met,,Tokugawa shogunate; Imperial House of Japan,National,Secondary reference chronology,20,Verified against cited chronology,20,5
9,CE,1872,November,,North America,GHC-NOV-9-08,Disaster,The Great Boston Fire of 1872.,Great Boston Fire,9 November 1872 CE,https://en.wikipedia.org/wiki/November_9,November 9,Boston,,Wikipedia — November date page,Exact,Urban fire,United States,Gregorian (modern date listing),Target met,,City of Boston,National,Secondary reference chronology,20,Verified against cited chronology,20,4
9,CE,1880,November,,Europe,GHC-NOV-9-09,Disaster,"A major earthquake strikes Zagreb and destroys many buildings, including Zagreb Cathedral. [14] [15]",Zagreb earthquake,9 November 1880 CE,https://en.wikipedia.org/wiki/November_9,November 9,Zagreb,,Wikipedia — November date page,Exact,Earthquake,Croatia,Gregorian (modern date listing),Target met,,,National,Secondary reference chronology,20,Verified against cited chronology,20,4
9,CE,1887,November,,Oceania,GHC-NOV-9-10,Political,"The United States receives rights to Pearl Harbor, Hawaii.",United States obtains Pearl Harbor rights,9 November 1887 CE,https://en.wikipedia.org/wiki/November_9,November 9,Pearl Harbor,,Wikipedia — November date page,Exact,Strategic agreement,United States,Gregorian (modern date listing),Target met,,United States government; Hawaiian Kingdom,National,Secondary reference chronology,20,Verified against cited chronology,20,4
9,CE,1913,November,,North America,GHC-NOV-9-11,Disaster,"The Great Lakes Storm of 1913, the most destructive natural disaster ever to hit the lakes, reaches its greatest intensity after beginning two days earlier. The storm destroys 19 ships and kills more than 250 people.",Great Lakes Storm of 1913,9 November 1913 CE,https://en.wikipedia.org/wiki/November_9,November 9,Great Lakes,,Wikipedia — November date page,Exact,Storm,United States; Canada,Gregorian (modern date listing),Target met,,,Regional,Secondary reference chronology,20,Verified against cited chronology,20,5
9,CE,1917,November,,Middle East; Europe,GHC-NOV-9-12,Political,The Balfour Declaration is published in The Times newspaper. [22],Balfour Declaration published,9 November 1917 CE,https://en.wikipedia.org/wiki/November_9,November 9,London,,Wikipedia — November date page,Exact,Declaration,United Kingdom; Israel; Palestine,Gregorian (modern date listing),Target met,Arthur Balfour,British government,Global,Secondary reference chronology,20,Verified against cited chronology,20,5
9,CE,1918,November,,Europe,GHC-NOV-9-13,Political,"Kaiser Wilhelm II of Germany abdicates after the German Revolution, and Germany is proclaimed a Republic.",Abdication of Wilhelm II,9 November 1918 CE,https://en.wikipedia.org/wiki/November_9,November 9,,,Wikipedia — November date page,Exact,Regime change,Germany,Gregorian (modern date listing),Target met,Wilhelm II,German Empire; German Republic,National,Secondary reference chronology,20,Verified against cited chronology,20,5
9,CE,1938,November,,Europe,GHC-NOV-9-14,Social,"Kristallnacht occurs, instigated by the Nazis using the killing of German diplomat Ernst vom Rath by Herschel Grynszpan as justification.",Kristallnacht,9 November 1938 CE,https://en.wikipedia.org/wiki/November_9,November 9,,,Wikipedia — November date page,Exact,Pogrom,Germany; Austria,Gregorian (modern date listing),Target met,Herschel Grynszpan; Ernst vom Rath,Nazi Germany,Regional,Secondary reference chronology,20,Verified against cited chronology,20,5
9,CE,1943,November,,North America,GHC-NOV-9-15,Political,"An agreement for the founding of the United Nations Relief and Rehabilitation Administration [28] is signed by 44 countries in the White House, Washington, D.C. [29]",United Nations Relief and Rehabilitation Administration founded,9 November 1943 CE,https://en.wikipedia.org/wiki/November_9,November 9,"Washington, D.C.",,Wikipedia — November date page,Exact,International organization,United States,Gregorian (modern date listing),Target met,,United Nations Relief and Rehabilitation Administration,Global,Secondary reference chronology,20,Verified against cited chronology,20,5
9,CE,1953,November,,Southeast Asia,GHC-NOV-9-16,Political,Cambodia gains independence from France.,Cambodia gains independence,9 November 1953 CE,https://en.wikipedia.org/wiki/November_9,November 9,,,Wikipedia — November date page,Exact,Decolonization,Cambodia; France,Gregorian (modern date listing),Target met,,Kingdom of Cambodia; French Union,National,Secondary reference chronology,20,Verified against cited chronology,20,5
9,CE,1963,November,,East Asia,GHC-NOV-9-17,Disaster,"At a coal mine in Miike, Japan, an explosion kills 458 and hospitalises 839 with carbon monoxide poisoning.",Miike coal-mine explosion,9 November 1963 CE,https://en.wikipedia.org/wiki/November_9,November 9,Miike,,Wikipedia — November date page,Exact,Industrial accident,Japan,Gregorian (modern date listing),Target met,,Miike coal mine,National,Secondary reference chronology,20,Verified against cited chronology,20,4
9,CE,1965,November,,North America,GHC-NOV-9-18,Disaster,Several U.S. states and parts of Canada are hit by a series of blackouts lasting up to 13 hours in the Northeast blackout of 1965.,Northeast blackout,9 November 1965 CE,https://en.wikipedia.org/wiki/November_9,November 9,,,Wikipedia — November date page,Exact,Power-grid failure,United States; Canada,Gregorian (modern date listing),Target met,,Northeastern power grid,Regional,Secondary reference chronology,20,Verified against cited chronology,20,4
9,CE,1967,November,,North America,GHC-NOV-9-19,Scientific,"Apollo program: NASA launches the unmanned Apollo 4 test spacecraft, atop the first Saturn V rocket, from Florida's Cape Kennedy.",Apollo 4 launch,9 November 1967 CE,https://en.wikipedia.org/wiki/November_9,November 9,Cape Kennedy,,Wikipedia — November date page,Exact,Spaceflight,United States,Gregorian (modern date listing),Target met,,NASA,Global,Secondary reference chronology,20,Verified against cited chronology,20,5
9,CE,1979,November,,North America,GHC-NOV-9-20,Military,"Cold War: Nuclear false alarm: The NORAD computers and the Alternate National Military Command Center in Fort Ritchie, Maryland, detect a purported massive Soviet nuclear strike. After reviewing the raw data from satellites and checking the early-warning radars, the alert is cancelled.",NORAD nuclear false alarm,9 November 1979 CE,https://en.wikipedia.org/wiki/November_9,November 9,Fort Ritchie,,Wikipedia — November date page,Exact,Nuclear alert,United States,Gregorian (modern date listing),Target met,,NORAD; Alternate National Military Command Center,Global,Secondary reference chronology,20,Verified against cited chronology,20,5
10,CE,1444,November,,Europe,GHC-NOV-10-01,Military,Battle of Varna: The crusading forces of King Władysław III of Poland (aka Ulaszlo I of Hungary and Władysław III of Varna) are defeated by the Turks under Sultan Murad II and Władysław is killed.,Battle of Varna,10 November 1444 CE,https://en.wikipedia.org/wiki/November_10,November 10,Varna,,Wikipedia — November date page,Exact,Battle,Bulgaria; Poland; Hungary; Ottoman Empire,Gregorian (modern date listing),Target met,Murad II; Władysław III,Ottoman Empire; Crusader army,Regional,Secondary reference chronology,20,Verified against cited chronology,20,5
10,CE,1775,November,,North America,GHC-NOV-10-02,Military,The United States Marine Corps is founded at Tun Tavern in Philadelphia by Samuel Nicholas.,United States Marine Corps founded,10 November 1775 CE,https://en.wikipedia.org/wiki/November_10,November 10,Philadelphia,,Wikipedia — November date page,Exact,Military institution,United States,Gregorian (modern date listing),Target met,Samuel Nicholas,United States Marine Corps,National,Secondary reference chronology,20,Verified against cited chronology,20,5
10,CE,1793,November,,Europe,GHC-NOV-10-03,Religious,A Goddess of Reason is proclaimed by the French Convention at the suggestion of Pierre Gaspard Chaumette.,Cult of Reason proclaimed,10 November 1793 CE,https://en.wikipedia.org/wiki/November_10,November 10,Paris,,Wikipedia — November date page,Exact,Revolutionary religion,France,Gregorian (modern date listing),Target met,Pierre Gaspard Chaumette,French National Convention,National,Secondary reference chronology,20,Verified against cited chronology,20,4
10,CE,1821,November,,Central America,GHC-NOV-10-04,Political,"Cry of Independence by Rufina Alfaro at La Villa de Los Santos, Panama setting into motion a revolt which led to Panama's independence from Spain and to it immediately becoming part of Colombia.",Cry of Independence at La Villa de Los Santos,10 November 1821 CE,https://en.wikipedia.org/wiki/November_10,November 10,La Villa de Los Santos,,Wikipedia — November date page,Exact,Independence movement,Panama; Spain; Colombia,Gregorian (modern date listing),Target met,Rufina Alfaro,Spanish Empire,National,Secondary reference chronology,20,Verified against cited chronology,20,4
10,CE,1871,November,,Africa,GHC-NOV-10-05,Exploration,"Henry Morton Stanley locates missing explorer and missionary, David Livingstone in Ujiji, near Lake Tanganyika, famously greeting him with the words, ""Dr. Livingstone, I presume?"" [3]",Stanley locates Livingstone,10 November 1871 CE,https://en.wikipedia.org/wiki/November_10,November 10,Ujiji,,Wikipedia — November date page,Exact,Exploration,Tanzania,Gregorian (modern date listing),Target met,Henry Morton Stanley; David Livingstone,,Global,Secondary reference chronology,20,Verified against cited chronology,20,5
10,CE,1898,November,,North America,GHC-NOV-10-06,Social,"White supremacists seized power and massacred black Americans during the Wilmington massacre, the only instance of a municipal government being overthrown in United States history.",Wilmington massacre and coup,10 November 1898 CE,https://en.wikipedia.org/wiki/November_10,November 10,Wilmington,,Wikipedia — November date page,Exact,Racial violence and political coup,United States,Gregorian (modern date listing),Target met,,,National,Secondary reference chronology,20,Verified against cited chronology,20,5
10,CE,1940,November,,Europe,GHC-NOV-10-07,Disaster,"The 1940 Vrancea earthquake strikes Romania killing an estimated 1,000 and injuring approximately 4,000 more.",Vrancea earthquake,10 November 1940 CE,https://en.wikipedia.org/wiki/November_10,November 10,Vrancea,,Wikipedia — November date page,Exact,Earthquake,Romania,Gregorian (modern date listing),Target met,,,National,Secondary reference chronology,20,Verified against cited chronology,20,4
10,CE,1942,November,,Europe,GHC-NOV-10-08,Military,World War II: Germany invades Vichy France following French Admiral François Darlan's agreement to an armistice with the Allies in North Africa.,Germany invades Vichy France,10 November 1942 CE,https://en.wikipedia.org/wiki/November_10,November 10,,,Wikipedia — November date page,Exact,Invasion,Germany; France,Gregorian (modern date listing),Target met,François Darlan,Nazi Germany; Vichy France,Regional,Secondary reference chronology,20,Verified against cited chronology,20,5
10,CE,1944,November,,Oceania,GHC-NOV-10-09,Disaster,"The ammunition ship USS Mount Hood explodes at Seeadler Harbour, Manus, Admiralty Islands, killing at least 432 and wounding 371.",USS Mount Hood explosion,10 November 1944 CE,https://en.wikipedia.org/wiki/November_10,November 10,Seeadler Harbour,,Wikipedia — November date page,Exact,Military explosion,United States; Papua New Guinea,Gregorian (modern date listing),Target met,,United States Navy,Regional,Secondary reference chronology,20,Verified against cited chronology,20,4
10,CE,1945,November,Today celebrated in Indonesia as Heroes' Day (Hari Pahlawan).; (Hari Pahlawan),Southeast Asia,GHC-NOV-10-10,Military,"Heavy fighting in Surabaya between Indonesian nationalists and returning colonialists after World War II, today celebrated as Heroes' Day (Hari Pahlawan).",Battle of Surabaya,10 November 1945 CE,https://en.wikipedia.org/wiki/November_10,November 10,Surabaya,(Hari Pahlawan),Wikipedia — November date page,Exact,Battle,Indonesia; Netherlands,As stated in source chronology,Target met,,Indonesian nationalists; Dutch colonial forces,National,Secondary reference chronology,20,Verified against cited chronology,20,5
10,CE,1951,November,,North America,GHC-NOV-10-11,Scientific,"With the rollout of the North American Numbering Plan, direct-dial coast-to-coast telephone service begins in the United States.",Coast-to-coast direct dialing begins,10 November 1951 CE,https://en.wikipedia.org/wiki/November_10,November 10,,,Wikipedia — November date page,Exact,Telecommunications,United States,Gregorian (modern date listing),Target met,,American Telephone and Telegraph Company,National,Secondary reference chronology,20,Verified against cited chronology,20,4
10,CE,1967,November,Independence effective 31 January 1968.,Oceania,GHC-NOV-10-12,Political,"The Nauru Independence Act 1967 passed the Parliament of Australia, giving independence to the UN Trust Territory of Nauru with effect from 31 January 1968. [6]",Nauru Independence Act passed,10 November 1967 CE,https://en.wikipedia.org/wiki/November_10,November 10,,,Wikipedia — November date page,Exact,Decolonization,Nauru; Australia,Gregorian (modern date listing),Target met,,Parliament of Australia; United Nations Trust Territory of Nauru,National,Secondary reference chronology,20,Verified against cited chronology,20,4
10,CE,1969,November,National Educational Television was the predecessor to the Public Broadcasting Service.,North America,GHC-NOV-10-13,Cultural,National Educational Television (the predecessor to the Public Broadcasting Service) in the United States debuts Sesame Street.,Sesame Street debuts,10 November 1969 CE,https://en.wikipedia.org/wiki/November_10,November 10,,,Wikipedia — November date page,Exact,Children's television,United States,Gregorian (modern date listing),Target met,,National Educational Television,Global,Secondary reference chronology,20,Verified against cited chronology,20,4
10,CE,1970,November,,Europe,GHC-NOV-10-14,Scientific,Luna 17: uncrewed space mission launched by the Soviet Union. [3],Luna 17 launched,10 November 1970 CE,https://en.wikipedia.org/wiki/November_10,November 10,,,Wikipedia — November date page,Exact,Space exploration,Soviet Union,Gregorian (modern date listing),Target met,,Soviet space program,Global,Secondary reference chronology,20,Verified against cited chronology,20,4
10,CE,1975,November,,North America,GHC-NOV-10-15,Disaster,"The 729-foot-long freighter SS Edmund Fitzgerald sinks during a storm on Lake Superior, killing all 29 crew on board.",SS Edmund Fitzgerald sinks,10 November 1975 CE,https://en.wikipedia.org/wiki/November_10,November 10,Lake Superior,,Wikipedia — November date page,Exact,Maritime disaster,United States; Canada,Gregorian (modern date listing),Target met,,,Regional,Secondary reference chronology,20,Verified against cited chronology,20,4
10,CE,1975,November,,Middle East,GHC-NOV-10-16,Political,"Israeli-Palestinian conflict: the United Nations General Assembly passes Resolution 3379, determining that Zionism is a form of racism. [9]",UN Resolution 3379 adopted,10 November 1975 CE,https://en.wikipedia.org/wiki/November_10,November 10,New York City,,Wikipedia — November date page,Exact,United Nations resolution,Israel; Palestine,Gregorian (modern date listing),Target met,,United Nations General Assembly,Global,Secondary reference chronology,20,Verified against cited chronology,20,5
10,CE,1983,November,,North America,GHC-NOV-10-17,Scientific,Bill Gates introduces Windows 1.0.,Windows 1.0 introduced,10 November 1983 CE,https://en.wikipedia.org/wiki/November_10,November 10,,,Wikipedia — November date page,Exact,Personal computing,United States,Gregorian (modern date listing),Target met,Bill Gates,Microsoft,Global,Secondary reference chronology,20,Verified against cited chronology,20,4
10,CE,1989,November,,Europe,GHC-NOV-10-18,Political,Longtime Bulgarian leader Todor Zhivkov is removed from office and replaced by Petar Mladenov.,Todor Zhivkov removed from office,10 November 1989 CE,https://en.wikipedia.org/wiki/November_10,November 10,Sofia,,Wikipedia — November date page,Exact,Leadership change,Bulgaria,Gregorian (modern date listing),Target met,Todor Zhivkov; Petar Mladenov,Bulgarian Communist Party,National,Secondary reference chronology,20,Verified against cited chronology,20,5
10,CE,1989,November,,Europe,GHC-NOV-10-19,Political,Germans begin to tear down the Berlin Wall.,Berlin Wall dismantling begins,10 November 1989 CE,https://en.wikipedia.org/wiki/November_10,November 10,Berlin,,Wikipedia — November date page,Exact,Cold War transformation,Germany,Gregorian (modern date listing),Target met,,German Democratic Republic,Global,Secondary reference chronology,20,Verified against cited chronology,20,5
10,CE,1995,November,,Africa,GHC-NOV-10-20,Political,"In Nigeria, playwright and environmental activist Ken Saro-Wiwa, along with eight others from the Movement for the Survival of the Ogoni People (Mosop), are hanged by government forces.",Ken Saro-Wiwa executed,10 November 1995 CE,https://en.wikipedia.org/wiki/November_10,November 10,,,Wikipedia — November date page,Exact,Execution and human rights,Nigeria,Gregorian (modern date listing),Target met,Ken Saro-Wiwa,Movement for the Survival of the Ogoni People; Nigerian government,Global,Secondary reference chronology,20,Verified against cited chronology,20,5
11,CE,1215,November,,Europe,GHC-NOV-11-01,Religious,"The Fourth Council of the Lateran meets, defining the doctrine of transubstantiation, the process by which bread and wine are, by that doctrine, said to transform into the body and blood of Christ.",Fourth Council of the Lateran opens,11 November 1215 CE,https://en.wikipedia.org/wiki/November_11,November 11,Rome,,Wikipedia — November date page,Exact,Church council,Vatican City,Gregorian (modern date listing),Target met,Pope Innocent III,Catholic Church,Global,Secondary reference chronology,20,Verified against cited chronology,20,5
11,CE,1572,November,,Europe,GHC-NOV-11-02,Scientific,Tycho Brahe observes the supernova SN 1572.,Tycho Brahe observes SN 1572,11 November 1572 CE,https://en.wikipedia.org/wiki/November_11,November 11,,,Wikipedia — November date page,Exact,Astronomy,Denmark,Gregorian (modern date listing),Target met,Tycho Brahe,Danish astronomy,Global,Secondary reference chronology,20,Verified against cited chronology,20,5
11,CE,1620,November,,North America,GHC-NOV-11-03,Political,The Mayflower Compact is signed in what is now Provincetown Harbor near Cape Cod.,Mayflower Compact is signed,11 November 1620 CE,https://en.wikipedia.org/wiki/November_11,November 11,Provincetown,,Wikipedia — November date page,Exact,Colonial governance,United States,Gregorian (modern date listing),Target met,,Plymouth settlers,Regional,Secondary reference chronology,20,Verified against cited chronology,20,5
11,CE,1673,November,,Eastern Europe,GHC-NOV-11-04,Military,"Second Battle of Khotyn in Ukraine: Polish–Lithuanian Commonwealth forces under the command of Jan Sobieski defeat the Ottoman army. In this battle, rockets made by Kazimierz Siemienowicz are successfully used.",Second Battle of Khotyn,11 November 1673 CE,https://en.wikipedia.org/wiki/November_11,November 11,Khotyn,,Wikipedia — November date page,Exact,Battle,Ukraine; Poland; Lithuania; Türkiye,Gregorian (modern date listing),Target met,Jan Sobieski,Polish–Lithuanian Commonwealth; Ottoman Empire,Regional,Secondary reference chronology,20,Verified against cited chronology,20,4
11,CE,1778,November,,North America,GHC-NOV-11-05,Military,"Cherry Valley massacre: Loyalists and Seneca Indian forces attack a fort and village in eastern New York during the American Revolutionary War, killing more than forty civilians and soldiers.",Cherry Valley massacre,11 November 1778 CE,https://en.wikipedia.org/wiki/November_11,November 11,Cherry Valley,,Wikipedia — November date page,Exact,Massacre,United States,Gregorian (modern date listing),Target met,,Loyalists; Seneca; Continental forces,National,Secondary reference chronology,20,Verified against cited chronology,20,4
11,CE,1805,November,,Europe,GHC-NOV-11-06,Military,Napoleonic Wars: Battle of Dürenstein: Eight thousand French troops attempt to slow the retreat of a vastly superior Russian and Austrian force.,Battle of Dürenstein,11 November 1805 CE,https://en.wikipedia.org/wiki/November_11,November 11,Dürnstein,,Wikipedia — November date page,Exact,Battle,Austria; France; Russia,Gregorian (modern date listing),Target met,,French Empire; Russian Empire; Austrian Empire,Regional,Secondary reference chronology,20,Verified against cited chronology,20,4
11,CE,1855,November,,East Asia,GHC-NOV-11-07,Disaster,"A powerful earthquake occurs in Edo, Japan, causing considerable damage in the Kantō region from the shaking and subsequent fires. It had a death toll of 7,000–10,000 people and destroyed around 14,000 buildings. [2]",Ansei Edo earthquake,11 November 1855 CE,https://en.wikipedia.org/wiki/November_11,November 11,Edo,,Wikipedia — November date page,Exact,Earthquake,Japan,Gregorian (modern date listing),Target met,,Tokugawa shogunate,National,Secondary reference chronology,20,Verified against cited chronology,20,5
11,CE,1869,November,,Oceania,GHC-NOV-11-08,Social,"The Victorian Aboriginal Protection Act is enacted in Australia, giving the government control of indigenous people's wages, their terms of employment, where they could live, and of their children, effectively leading to the Stolen Generations.",Victorian Aboriginal Protection Act enacted,11 November 1869 CE,https://en.wikipedia.org/wiki/November_11,November 11,Melbourne,,Wikipedia — November date page,Exact,Indigenous policy,Australia,Gregorian (modern date listing),Target met,,Government of Victoria,National,Secondary reference chronology,20,Verified against cited chronology,20,5
11,CE,1887,November,,North America,GHC-NOV-11-09,Social,Four convicted anarchists were executed as a result of the Haymarket affair. [3],Haymarket anarchists executed,11 November 1887 CE,https://en.wikipedia.org/wiki/November_11,November 11,Chicago,,Wikipedia — November date page,Exact,Labor and civil rights,United States,Gregorian (modern date listing),Target met,,Illinois state government,Global,Secondary reference chronology,20,Verified against cited chronology,20,5
11,CE,1889,November,,North America,GHC-NOV-11-10,Political,The State of Washington is admitted as the 42nd state of the United States. [4],Washington admitted to the Union,11 November 1889 CE,https://en.wikipedia.org/wiki/November_11,November 11,,,Wikipedia — November date page,Exact,Statehood,United States,Gregorian (modern date listing),Target met,,United States,National,Secondary reference chronology,20,Verified against cited chronology,20,4
11,CE,1918,November,,Europe,GHC-NOV-11-11,Military,World War I: Germany signs an armistice agreement with the Allies in a railroad car in the forest of Compiègne. [5],Armistice ends World War I,11 November 1918 CE,https://en.wikipedia.org/wiki/November_11,November 11,Compiègne,,Wikipedia — November date page,Exact,Armistice,France; Germany; United Kingdom; United States; Belgium; Italy,Gregorian (modern date listing),Target met,,German Empire; Allied Powers,Global,Secondary reference chronology,20,Verified against cited chronology,20,5
11,CE,1918,November,,Europe,GHC-NOV-11-12,Political,Józef Piłsudski assumes supreme military power in Poland – symbolic first day of Polish independence.,Polish independence is established,11 November 1918 CE,https://en.wikipedia.org/wiki/November_11,November 11,Warsaw,,Wikipedia — November date page,Exact,Independence,Poland,Gregorian (modern date listing),Target met,Józef Piłsudski,Second Polish Republic,National,Secondary reference chronology,20,Verified against cited chronology,20,5
11,CE,1923,November,,Europe,GHC-NOV-11-13,Political,Adolf Hitler is arrested in Munich for high treason for his role in the Beer Hall Putsch.,Adolf Hitler arrested after Beer Hall Putsch,11 November 1923 CE,https://en.wikipedia.org/wiki/November_11,November 11,Munich,,Wikipedia — November date page,Exact,Political extremism,Germany,Gregorian (modern date listing),Target met,Adolf Hitler,Weimar Republic; Nazi Party,National,Secondary reference chronology,20,Verified against cited chronology,20,4
11,CE,1940,November,,Europe,GHC-NOV-11-14,Military,"World War II: In the Battle of Taranto, the Royal Navy launches the first all-aircraft ship-to-ship naval attack in history.",Battle of Taranto,11 November 1940 CE,https://en.wikipedia.org/wiki/November_11,November 11,Taranto,,Wikipedia — November date page,Exact,Naval warfare,Italy; United Kingdom,Gregorian (modern date listing),Target met,,Royal Navy; Regia Marina,Global,Secondary reference chronology,20,Verified against cited chronology,20,5
11,CE,1942,November,,Europe,GHC-NOV-11-15,Military,World War II: France's zone libre is occupied by German forces in Case Anton.,Case Anton occupies Vichy France,11 November 1942 CE,https://en.wikipedia.org/wiki/November_11,November 11,,,Wikipedia — November date page,Exact,Occupation,France; Germany,Gregorian (modern date listing),Target met,,Nazi Germany; Vichy France,National,Secondary reference chronology,20,Verified against cited chronology,20,5
11,CE,1942,November,,West Asia,GHC-NOV-11-16,Political,"The Turkish parliament passes the Varlık Vergisi, [7] a capital tax mostly levied on non-Muslim citizens with the unofficial aim to inflict financial ruin on them and end their prominence in the country's economy. [8] [9] [10]",Turkey enacts Varlık Vergisi,11 November 1942 CE,https://en.wikipedia.org/wiki/November_11,November 11,Ankara,,Wikipedia — November date page,Exact,Discriminatory taxation,Türkiye,Gregorian (modern date listing),Target met,,Republic of Turkey,National,Secondary reference chronology,20,Verified against cited chronology,20,5
11,CE,1965,November,,Southern Africa,GHC-NOV-11-17,Political,Southern Rhodesia's Prime Minister Ian Smith unilaterally declares the colony independent as the unrecognised state of Rhodesia.,Rhodesia declares unilateral independence,11 November 1965 CE,https://en.wikipedia.org/wiki/November_11,November 11,Salisbury,,Wikipedia — November date page,Exact,Unilateral independence,Zimbabwe; United Kingdom,Gregorian (modern date listing),Target met,Ian Smith,Rhodesia; United Kingdom,Regional,Secondary reference chronology,20,Verified against cited chronology,20,5
11,CE,1966,November,,North America,GHC-NOV-11-18,Scientific,NASA launches Gemini 12.,Gemini 12 launches,11 November 1966 CE,https://en.wikipedia.org/wiki/November_11,November 11,Cape Canaveral,,Wikipedia — November date page,Exact,Spaceflight,United States,Gregorian (modern date listing),Target met,,NASA,Global,Secondary reference chronology,20,Verified against cited chronology,20,4
11,CE,1975,November,,Oceania,GHC-NOV-11-19,Political,"Australian constitutional crisis of 1975: Australian Governor-General Sir John Kerr dismisses the government of Gough Whitlam, appoints Malcolm Fraser as caretaker Prime Minister and announces a general election to be held in early December.",Australian constitutional crisis,11 November 1975 CE,https://en.wikipedia.org/wiki/November_11,November 11,Canberra,,Wikipedia — November date page,Exact,Constitutional crisis,Australia,Gregorian (modern date listing),Target met,Sir John Kerr; Gough Whitlam; Malcolm Fraser,Government of Australia,National,Secondary reference chronology,20,Verified against cited chronology,20,5
11,CE,2002,November,,Europe,GHC-NOV-11-20,Scientific,Russian mathematician Grigori Perelman posts the first of three preprint texts with his proof of the Poincaré conjecture. It remains the only of the Millennium Prize Problems in mathematics to be solved. He later refused both the prize money from Clay Mathematics Institute as well as the Fields Medal for his work. [16],Perelman posts Poincaré conjecture proof,11 November 2002 CE,https://en.wikipedia.org/wiki/November_11,November 11,,,Wikipedia — November date page,Exact,Mathematics,Russia,Gregorian (modern date listing),Target met,Grigori Perelman,Mathematical research community,Global,Secondary reference chronology,20,Verified against cited chronology,20,5
12,CE,1330,November,,Europe,GHC-NOV-12-01,Military,Battle of Posada ends: Wallachian Voievode Basarab I defeats the Hungarian army by ambush. [3],Battle of Posada,12 November 1330 CE,https://en.wikipedia.org/wiki/November_12,November 12,,,Wikipedia — November date page,Exact,Battle,Romania; Hungary,Gregorian (modern date listing),Target met,Basarab I,Principality of Wallachia; Kingdom of Hungary,Regional,Secondary reference chronology,20,Verified against cited chronology,20,4
12,CE,1893,November,,South Asia,GHC-NOV-12-02,Political,Abdur Rahman Khan accepts the Durand Line as the border between the Emirate of Afghanistan and the British Raj.,Durand Line agreement,12 November 1893 CE,https://en.wikipedia.org/wiki/November_12,November 12,,,Wikipedia — November date page,Exact,Border agreement,Afghanistan; India; Pakistan,Gregorian (modern date listing),Target met,Abdur Rahman Khan,Emirate of Afghanistan; British Raj,Regional,Secondary reference chronology,20,Verified against cited chronology,20,5
12,CE,1912,November,,Europe,GHC-NOV-12-03,Military,First Balkan War: King George I of Greece makes a triumphal entry into Thessaloniki after its liberation from 482 years of Ottoman rule.,Greek entry into Thessaloniki,12 November 1912 CE,https://en.wikipedia.org/wiki/November_12,November 12,Thessaloniki,,Wikipedia — November date page,Exact,Occupation and liberation,Greece; Turkey,Gregorian (modern date listing),Target met,George I,Kingdom of Greece; Ottoman Empire,Regional,Secondary reference chronology,20,Verified against cited chronology,20,5
12,CE,1912,November,,Antarctica,GHC-NOV-12-04,Exploration,The frozen bodies of Robert Scott and his men are found on the Ross Ice Shelf in Antarctica. [6],Discovery of Scott expedition remains,12 November 1912 CE,https://en.wikipedia.org/wiki/November_12,November 12,Ross Ice Shelf,,Wikipedia — November date page,Exact,Polar exploration,United Kingdom,Gregorian (modern date listing),Target met,Robert Scott,Terra Nova Expedition,Global,Secondary reference chronology,20,Verified against cited chronology,20,5
12,CE,1918,November,,Europe,GHC-NOV-12-05,Political,"Dissolution of Austria-Hungary: Austria becomes a republic. [7] After the proclamation, a coup attempt by the communist Red Guard is defeated by the social-democratic Volkswehr. [8]",Austria becomes a republic,12 November 1918 CE,https://en.wikipedia.org/wiki/November_12,November 12,Vienna,,Wikipedia — November date page,Exact,Republican transition,Austria,Gregorian (modern date listing),Target met,,Republic of German-Austria; Austria-Hungary,National,Secondary reference chronology,20,Verified against cited chronology,20,5
12,CE,1927,November,,Europe and Asia,GHC-NOV-12-06,Political,"Leon Trotsky is expelled from the Soviet Communist Party, leaving Joseph Stalin in undisputed control of the Soviet Union.",Trotsky expelled from Soviet Communist Party,12 November 1927 CE,https://en.wikipedia.org/wiki/November_12,November 12,Moscow,,Wikipedia — November date page,Exact,Party purge,Soviet Union,Gregorian (modern date listing),Target met,Leon Trotsky; Joseph Stalin,Soviet Communist Party,Global,Secondary reference chronology,20,Verified against cited chronology,20,5
12,CE,1928,November,,North America,GHC-NOV-12-07,Disaster,"SS Vestris sinks approximately 200 miles (320 km) off Hampton Roads, Virginia, killing at least 110 passengers, mostly women and children who die after the vessel is abandoned.",Sinking of SS Vestris,12 November 1928 CE,https://en.wikipedia.org/wiki/November_12,November 12,Hampton Roads,,Wikipedia — November date page,Exact,Maritime disaster,United States; United Kingdom,Gregorian (modern date listing),Target met,,SS Vestris,International,Secondary reference chronology,20,Verified against cited chronology,20,4
12,CE,1938,November,,Europe,GHC-NOV-12-08,Political,"Nazi Germany issues the Decree on the Elimination of Jews from Economic Life prohibiting Jews from selling goods and services or working in a trade, totally segregating Jews from the German economy. [12]",Nazi decree excluding Jews from the economy,12 November 1938 CE,https://en.wikipedia.org/wiki/November_12,November 12,Berlin,,Wikipedia — November date page,Exact,Antisemitic legislation,Germany,Gregorian (modern date listing),Target met,,Nazi Germany,National,Secondary reference chronology,20,Verified against cited chronology,20,5
12,CE,1940,November,,Africa,GHC-NOV-12-09,Military,"World War II: The Battle of Gabon ends as Free French Forces take Libreville, Gabon, and all of French Equatorial Africa from Vichy French forces.",Battle of Gabon ends,12 November 1940 CE,https://en.wikipedia.org/wiki/November_12,November 12,Libreville,,Wikipedia — November date page,Exact,World War II campaign,France; Gabon,Gregorian (modern date listing),Target met,,Free French Forces; Vichy France,Regional,Secondary reference chronology,20,Verified against cited chronology,20,4
12,CE,1942,November,,Oceania,GHC-NOV-12-10,Military,World War II: Naval Battle of Guadalcanal between Japanese and American forces begins near Guadalcanal. The battle lasts for three days and ends with an American victory.,Naval Battle of Guadalcanal begins,12 November 1942 CE,https://en.wikipedia.org/wiki/November_12,November 12,Guadalcanal,,Wikipedia — November date page,Exact,Naval battle,United States; Japan; Solomon Islands,Gregorian (modern date listing),Target met,,United States Navy; Imperial Japanese Navy,Global,Secondary reference chronology,20,Verified against cited chronology,20,5
12,CE,1944,November,,Europe,GHC-NOV-12-11,Military,"World War II: The Royal Air Force sink the German battleship Tirpitz, moored off Tromsø, Norway. [14]",Sinking of Tirpitz,12 November 1944 CE,https://en.wikipedia.org/wiki/November_12,November 12,Tromsø,,Wikipedia — November date page,Exact,World War II naval attack,United Kingdom; Germany; Norway,Gregorian (modern date listing),Target met,,Royal Air Force; Kriegsmarine,Global,Secondary reference chronology,20,Verified against cited chronology,20,5
12,CE,1948,November,,Asia,GHC-NOV-12-12,Political,"Aftermath of World War II: In Tokyo, the International Military Tribunal for the Far East sentences seven Japanese military and government officials, including General Hideki Tojo, to death for their roles in World War II.",Tokyo war-crimes sentences,12 November 1948 CE,https://en.wikipedia.org/wiki/November_12,November 12,Tokyo,,Wikipedia — November date page,Exact,War-crimes tribunal,Japan,Gregorian (modern date listing),Target met,Hideki Tojo,International Military Tribunal for the Far East,Global,Secondary reference chronology,20,Verified against cited chronology,20,5
12,CE,1954,November,,North America,GHC-NOV-12-13,Social,Ellis Island ceases operations. [15],Ellis Island closes,12 November 1954 CE,https://en.wikipedia.org/wiki/November_12,November 12,New York City,,Wikipedia — November date page,Exact,Immigration,United States,Gregorian (modern date listing),Target met,,United States Immigration Service,National,Secondary reference chronology,20,Verified against cited chronology,20,4
12,CE,1970,November,,South Asia,GHC-NOV-12-14,Disaster,"The 1970 Bhola cyclone makes landfall on the coast of East Pakistan, becoming the deadliest tropical cyclone in history.",Bhola cyclone,12 November 1970 CE,https://en.wikipedia.org/wiki/November_12,November 12,,,Wikipedia — November date page,Exact,Tropical cyclone,Bangladesh,Gregorian (modern date listing),Target met,,,Global,Secondary reference chronology,20,Verified against cited chronology,20,5
12,CE,1980,November,,Solar System,GHC-NOV-12-15,Scientific,The NASA space probe Voyager I makes its closest approach to Saturn and takes the first images of its rings.,Voyager 1 flyby of Saturn,12 November 1980 CE,https://en.wikipedia.org/wiki/November_12,November 12,,,Wikipedia — November date page,Exact,Space exploration,United States,Gregorian (modern date listing),Target met,,NASA; Voyager 1,Global,Secondary reference chronology,20,Verified against cited chronology,20,5
12,CE,1981,November,,North America,GHC-NOV-12-16,Scientific,"Space Shuttle program: Mission STS-2, utilizing the Space Shuttle Columbia, marks the first time a crewed spacecraft is launched into space twice.",First crewed Space Shuttle relaunch,12 November 1981 CE,https://en.wikipedia.org/wiki/November_12,November 12,,,Wikipedia — November date page,Exact,Spaceflight,United States,Gregorian (modern date listing),Target met,,NASA; Space Shuttle Columbia,Global,Secondary reference chronology,20,Verified against cited chronology,20,5
12,CE,1990,November,,East Asia,GHC-NOV-12-17,Political,"Crown Prince Akihito is formally installed as Emperor Akihito of Japan, becoming the 125th Japanese monarch.",Formal installation of Emperor Akihito,12 November 1990 CE,https://en.wikipedia.org/wiki/November_12,November 12,Tokyo,,Wikipedia — November date page,Exact,Monarchical succession,Japan,Gregorian (modern date listing),Target met,Akihito,Imperial House of Japan,National,Secondary reference chronology,20,Verified against cited chronology,20,4
12,CE,1990,November,,Europe,GHC-NOV-12-18,Scientific,Tim Berners-Lee publishes a formal proposal for the World Wide Web.,World Wide Web proposal published,12 November 1990 CE,https://en.wikipedia.org/wiki/November_12,November 12,Geneva,,Wikipedia — November date page,Exact,Information technology,United Kingdom,Gregorian (modern date listing),Target met,Tim Berners-Lee,CERN; World Wide Web,Global,Secondary reference chronology,20,Verified against cited chronology,20,5
12,CE,1991,November,,Southeast Asia,GHC-NOV-12-19,Political,"Santa Cruz massacre: The Indonesian Army open fire on a crowd of student protesters in Dili, East Timor.",Santa Cruz massacre,12 November 1991 CE,https://en.wikipedia.org/wiki/November_12,November 12,Dili,,Wikipedia — November date page,Exact,Civil-rights violence,Indonesia; Timor-Leste,Gregorian (modern date listing),Target met,,Indonesian Army,Regional,Secondary reference chronology,20,Verified against cited chronology,20,5
12,CE,1999,November,,Europe and West Asia,GHC-NOV-12-20,Disaster,"The 7.2 M w Düzce earthquake shakes northwestern Turkey with a maximum Mercalli intensity of IX (Violent). At least 845 people are killed and almost 5,000 are injured.",Düzce earthquake,12 November 1999 CE,https://en.wikipedia.org/wiki/November_12,November 12,Düzce,,Wikipedia — November date page,Exact,Earthquake,Turkey,Gregorian (modern date listing),Target met,,,National,Secondary reference chronology,20,Verified against cited chronology,20,4
13,CE,1002,November,,Europe,GHC-NOV-13-01,Political,"English king Æthelred II orders the killing of all Danes in England, known today as the St. Brice's Day massacre. [1]",St. Brice’s Day massacre,13 November 1002 CE,https://en.wikipedia.org/wiki/November_13,November 13,,,Wikipedia — November date page,Exact,Ethnic violence,United Kingdom,Gregorian (modern date listing),Below target,Æthelred II,Kingdom of England,National,Secondary reference chronology,20,Verified against cited chronology,19,4
13,CE,1775,November,,North America,GHC-NOV-13-02,Military,American Revolutionary War: Patriot revolutionary forces under Gen. Richard Montgomery occupy Montreal.,Patriot occupation of Montreal,13 November 1775 CE,https://en.wikipedia.org/wiki/November_13,November 13,Montreal,,Wikipedia — November date page,Exact,American Revolution,Canada; United States,Gregorian (modern date listing),Below target,Richard Montgomery,Continental Army,Regional,Secondary reference chronology,20,Verified against cited chronology,19,4
13,CE,1833,November,,North America,GHC-NOV-13-03,Scientific,Great Meteor Storm of 1833. [7],Great Meteor Storm,13 November 1833 CE,https://en.wikipedia.org/wiki/November_13,November 13,,,Wikipedia — November date page,Exact,Astronomy,United States; Canada,Gregorian (modern date listing),Below target,,,Regional,Secondary reference chronology,20,Verified against cited chronology,19,5
13,CE,1851,November,,North America,GHC-NOV-13-04,Exploration,"The Denny Party lands at Alki Point, before moving to the other side of Elliott Bay to what would become Seattle.",Founding of Seattle settlement,13 November 1851 CE,https://en.wikipedia.org/wiki/November_13,November 13,Seattle,,Wikipedia — November date page,Exact,Settlement,United States,Gregorian (modern date listing),Below target,Denny Party,Denny Party,National,Secondary reference chronology,20,Verified against cited chronology,19,3
13,CE,1914,November,,Africa,GHC-NOV-13-05,Military,Zaian War: Berber tribesmen inflict the heaviest defeat of French forces in Morocco at the Battle of El Herri.,Battle of El Herri,13 November 1914 CE,https://en.wikipedia.org/wiki/November_13,November 13,El Herri,,Wikipedia — November date page,Exact,Colonial war,Morocco; France,Gregorian (modern date listing),Below target,,Zaian Confederation; French Third Republic,Regional,Secondary reference chronology,20,Verified against cited chronology,19,4
13,CE,1918,November,,Middle East,GHC-NOV-13-06,Military,"World War I: Allied troops occupy Constantinople, the capital of the Ottoman Empire.",Allied occupation of Constantinople,13 November 1918 CE,https://en.wikipedia.org/wiki/November_13,November 13,Constantinople,,Wikipedia — November date page,Exact,Occupation,Turkey; United Kingdom; France; Italy,Gregorian (modern date listing),Below target,,Allied powers; Ottoman Empire,Regional,Secondary reference chronology,20,Verified against cited chronology,19,5
13,CE,1922,November,,North America,GHC-NOV-13-07,Political,The United States Supreme Court upholds mandatory vaccinations for public school students in Zucht v. King. [13],Zucht v. King vaccination ruling,13 November 1922 CE,https://en.wikipedia.org/wiki/November_13,November 13,,,Wikipedia — November date page,Exact,Public health law,United States,Gregorian (modern date listing),Below target,,Supreme Court of the United States,National,Secondary reference chronology,20,Verified against cited chronology,19,4
13,CE,1927,November,,North America,GHC-NOV-13-08,Scientific,The Holland Tunnel opens to traffic as the first Hudson River vehicle tunnel linking New Jersey to New York City.,Holland Tunnel opens,13 November 1927 CE,https://en.wikipedia.org/wiki/November_13,November 13,New York City,,Wikipedia — November date page,Exact,Transportation infrastructure,United States,Gregorian (modern date listing),Below target,,Port Authority of New York and New Jersey,Regional,Secondary reference chronology,20,Verified against cited chronology,19,4
13,CE,1942,November,,Oceania,GHC-NOV-13-09,Military,"World War II: Naval Battle of Guadalcanal: U.S. and Japanese ships engage in an intense, close-quarters surface naval engagement during the Guadalcanal campaign. [14]",Naval Battle of Guadalcanal,13 November 1942 CE,https://en.wikipedia.org/wiki/November_13,November 13,Guadalcanal,,Wikipedia — November date page,Exact,World War II naval battle,United States; Japan,Gregorian (modern date listing),Below target,,United States Navy; Imperial Japanese Navy,Regional,Secondary reference chronology,20,Verified against cited chronology,19,5
13,CE,1956,November,,North America,GHC-NOV-13-10,Social,"The Supreme Court of the United States affirmed a lower court ruling that invalidated Alabama laws requiring segregated buses, thus ending the Montgomery bus boycott.",Bus segregation laws invalidated,13 November 1956 CE,https://en.wikipedia.org/wiki/November_13,November 13,Montgomery,,Wikipedia — November date page,Exact,Civil rights,United States,Gregorian (modern date listing),Below target,,Supreme Court of the United States,National,Secondary reference chronology,20,Verified against cited chronology,19,5
13,CE,1969,November,,North America,GHC-NOV-13-11,Social,"Vietnam War: Anti-war protesters in Washington, D.C. stage a symbolic March Against Death.",March Against Death,13 November 1969 CE,https://en.wikipedia.org/wiki/November_13,November 13,"Washington, D.C.",,Wikipedia — November date page,Exact,Anti-war protest,United States,Gregorian (modern date listing),Below target,,Anti-war movement,National,Secondary reference chronology,20,Verified against cited chronology,19,4
13,CE,1970,November,Now Bangladesh,South Asia,GHC-NOV-13-12,Disaster,"Bhola cyclone: A 240 km/h (150 mph) tropical cyclone hits the densely populated Ganges Delta region of East Pakistan (now Bangladesh), killing an estimated 500,000 people in one night.",Bhola cyclone,13 November 1970 CE,https://en.wikipedia.org/wiki/November_13,November 13,,,Wikipedia — November date page,Exact,Tropical cyclone,Bangladesh,Gregorian (modern date listing),Below target,,,Regional,Secondary reference chronology,20,Verified against cited chronology,19,5
13,CE,1982,November,,North America,GHC-NOV-13-13,Cultural,"The Vietnam Veterans Memorial is dedicated in Washington, D.C. after a march to its site by thousands of Vietnam War veterans.",Vietnam Veterans Memorial dedicated,13 November 1982 CE,https://en.wikipedia.org/wiki/November_13,November 13,"Washington, D.C.",,Wikipedia — November date page,Exact,Memorialization,United States,Gregorian (modern date listing),Below target,,Vietnam Veterans Memorial,National,Secondary reference chronology,20,Verified against cited chronology,19,4
13,CE,1985,November,,South America,GHC-NOV-13-14,Disaster,"The volcano Nevado del Ruiz erupts and melts a glacier, causing a lahar (volcanic mudslide) that buries Armero, Colombia, killing approximately 23,000 people.",Nevado del Ruiz eruption,13 November 1985 CE,https://en.wikipedia.org/wiki/November_13,November 13,Armero,,Wikipedia — November date page,Exact,Volcanic eruption,Colombia,Gregorian (modern date listing),Below target,,,National,Secondary reference chronology,20,Verified against cited chronology,19,5
13,CE,1990,November,,Oceania,GHC-NOV-13-15,Social,"In Aramoana, New Zealand, David Gray shoots dead 13 people in a massacre before being tracked down and killed by police the next day.",Aramoana massacre,13 November 1990 CE,https://en.wikipedia.org/wiki/November_13,November 13,Aramoana,,Wikipedia — November date page,Exact,Mass shooting,New Zealand,Gregorian (modern date listing),Below target,David Gray,,National,Secondary reference chronology,20,Verified against cited chronology,19,4
13,CE,1994,November,,Europe,GHC-NOV-13-16,Political,"In a referendum, voters in Sweden decide to join the European Union.",Swedish referendum on European Union membership,13 November 1994 CE,https://en.wikipedia.org/wiki/November_13,November 13,,,Wikipedia — November date page,Exact,European integration,Sweden,Gregorian (modern date listing),Below target,,Government of Sweden; European Union,National,Secondary reference chronology,20,Verified against cited chronology,19,4
13,CE,1995,November,,Africa,GHC-NOV-13-17,Political,Mozambique becomes the first state to join the Commonwealth of Nations without having been part of the former British Empire. [21],Mozambique joins the Commonwealth,13 November 1995 CE,https://en.wikipedia.org/wiki/November_13,November 13,,,Wikipedia — November date page,Exact,International organization,Mozambique,Gregorian (modern date listing),Below target,,Commonwealth of Nations,Global,Secondary reference chronology,20,Verified against cited chronology,19,4
13,CE,2001,November,,North America,GHC-NOV-13-18,Political,"War on terror: In the first such act since World War II, US President George W. Bush signs an executive order allowing military tribunals against foreigners suspected of connections to terrorist acts or planned acts on the United States.",Military tribunals executive order,13 November 2001 CE,https://en.wikipedia.org/wiki/November_13,November 13,"Washington, D.C.",,Wikipedia — November date page,Exact,Counterterrorism law,United States,Gregorian (modern date listing),Below target,George W. Bush,Government of the United States,Global,Secondary reference chronology,20,Verified against cited chronology,19,5
13,CE,2002,November,,Middle East,GHC-NOV-13-19,Political,Iraq disarmament crisis: Iraq agrees to the terms of the UN Security Council Resolution 1441.,Iraq accepts Resolution 1441,13 November 2002 CE,https://en.wikipedia.org/wiki/November_13,November 13,,,Wikipedia — November date page,Exact,International security,Iraq,Gregorian (modern date listing),Below target,,United Nations; Government of Iraq,Global,Secondary reference chronology,20,Verified against cited chronology,19,5
14,CE,1680,November,,Europe,GHC-NOV-14-01,Scientific,"German astronomer Gottfried Kirch discovers the Great Comet of 1680, the first comet to be discovered by telescope. [2]",Discovery of the Great Comet of 1680,14 November 1680 CE,https://en.wikipedia.org/wiki/November_14,November 14,,,Wikipedia — November date page,Exact,Astronomy,Germany,Gregorian (modern date listing),Target met,Gottfried Kirch,,Global,Secondary reference chronology,20,Verified against cited chronology,20,4
14,CE,1812,November,,Europe,GHC-NOV-14-02,Military,"Napoleonic Wars: At the Battle of Smoliani, French Marshals Victor and Oudinot are defeated by the Russians under General Peter Wittgenstein. [4]",Battle of Smoliani,14 November 1812 CE,https://en.wikipedia.org/wiki/November_14,November 14,Smoliani,,Wikipedia — November date page,Exact,Napoleonic Wars,Russia; France,Gregorian (modern date listing),Target met,Peter Wittgenstein; Victor; Oudinot,Russian Empire; First French Empire,Regional,Secondary reference chronology,20,Verified against cited chronology,20,4
14,CE,1851,November,,North America,GHC-NOV-14-03,Cultural,"Moby-Dick, a novel by Herman Melville, is published in the USA. [5]",Publication of Moby-Dick,14 November 1851 CE,https://en.wikipedia.org/wiki/November_14,November 14,,,Wikipedia — November date page,Exact,Literature,United States,Gregorian (modern date listing),Target met,Herman Melville,,Global,Secondary reference chronology,20,Verified against cited chronology,20,4
14,CE,1889,November,,Global,GHC-NOV-14-04,Cultural,Pioneering female journalist Nellie Bly (aka Elizabeth Cochrane) begins a successful attempt to travel around the world in less than 80 days. She completes the trip in 72 days. [6],Nellie Bly begins round-the-world journey,14 November 1889 CE,https://en.wikipedia.org/wiki/November_14,November 14,,,Wikipedia — November date page,Exact,Journalism and exploration,United States,Gregorian (modern date listing),Target met,Nellie Bly,,Global,Secondary reference chronology,20,Verified against cited chronology,20,4
14,CE,1910,November,,North America,GHC-NOV-14-05,Scientific,"Aviator Eugene Burton Ely performs the first takeoff from a ship in Hampton Roads, Virginia, taking off from a makeshift deck on the USS Birmingham in a Curtiss pusher.",First takeoff from a ship,14 November 1910 CE,https://en.wikipedia.org/wiki/November_14,November 14,Hampton Roads,,Wikipedia — November date page,Exact,Aviation,United States,Gregorian (modern date listing),Target met,Eugene Burton Ely,United States Navy,Global,Secondary reference chronology,20,Verified against cited chronology,20,4
14,CE,1918,November,,Europe,GHC-NOV-14-06,Political,The Provisional National Assembly of the new republic of Czechoslovakia meets to devise a constitution. [8],Czechoslovak provisional assembly meets,14 November 1918 CE,https://en.wikipedia.org/wiki/November_14,November 14,,,Wikipedia — November date page,Exact,State formation,Czech Republic; Slovakia,Gregorian (modern date listing),Target met,,Czechoslovakia,National,Secondary reference chronology,20,Verified against cited chronology,20,4
14,CE,1922,November,,Europe,GHC-NOV-14-07,Cultural,The British Broadcasting Company begins radio service in the United Kingdom. [11],British Broadcasting Company begins service,14 November 1922 CE,https://en.wikipedia.org/wiki/November_14,November 14,,,Wikipedia — November date page,Exact,Broadcasting,United Kingdom,Gregorian (modern date listing),Target met,,British Broadcasting Company,National,Secondary reference chronology,20,Verified against cited chronology,20,4
14,CE,1940,November,,Europe,GHC-NOV-14-08,Military,"World War II: In England, Coventry is heavily bombed by German Luftwaffe bombers. Coventry Cathedral is almost completely destroyed.",Bombing of Coventry,14 November 1940 CE,https://en.wikipedia.org/wiki/November_14,November 14,Coventry,,Wikipedia — November date page,Exact,Strategic bombing,United Kingdom; Germany,Gregorian (modern date listing),Target met,,United Kingdom; Nazi Germany,Global,Secondary reference chronology,20,Verified against cited chronology,20,5
14,CE,1941,November,,Europe,GHC-NOV-14-09,Military,World War II: The aircraft carrier HMS Ark Royal sinks due to torpedo damage from the German submarine U-81 sustained on November 13.,Sinking of HMS Ark Royal,14 November 1941 CE,https://en.wikipedia.org/wiki/November_14,November 14,,,Wikipedia — November date page,Exact,Naval warfare,United Kingdom; Germany,Gregorian (modern date listing),Target met,,Royal Navy; Kriegsmarine,Global,Secondary reference chronology,20,Verified against cited chronology,20,4
14,CE,1941,November,,Europe,GHC-NOV-14-10,Military,"World War II: German troops, aided by local auxiliaries, murder nine thousand residents of the Słonim Ghetto in a single day.",Słonim Ghetto massacre,14 November 1941 CE,https://en.wikipedia.org/wiki/November_14,November 14,Słonim,,Wikipedia — November date page,Exact,Holocaust,Belarus; Germany,Gregorian (modern date listing),Target met,,Nazi Germany,Global,Secondary reference chronology,20,Verified against cited chronology,20,5
14,CE,1957,November,,North America,GHC-NOV-14-11,Political,"The "" Apalachin meeting"" in rural Tioga County in upstate New York is raided by law enforcement; many high-level Mafia figures are arrested while trying to flee.",Apalachin meeting raid,14 November 1957 CE,https://en.wikipedia.org/wiki/November_14,November 14,Apalachin,,Wikipedia — November date page,Exact,Organized crime enforcement,United States,Gregorian (modern date listing),Target met,,United States law enforcement,National,Secondary reference chronology,20,Verified against cited chronology,20,4
14,CE,1960,November,,North America,GHC-NOV-14-12,Social,Ruby Bridges becomes the first black child to attend an all-white elementary school in Louisiana.,Ruby Bridges enters a formerly segregated school,14 November 1960 CE,https://en.wikipedia.org/wiki/November_14,November 14,,,Wikipedia — November date page,Exact,Civil rights and desegregation,United States,Gregorian (modern date listing),Target met,Ruby Bridges,,National,Secondary reference chronology,20,Verified against cited chronology,20,5
14,CE,1965,November,,Southeast Asia,GHC-NOV-14-13,Military,Vietnam War: The Battle of Ia Drang begins. This is the first major engagement between regular American and North Vietnamese forces.,Battle of Ia Drang begins,14 November 1965 CE,https://en.wikipedia.org/wiki/November_14,November 14,Ia Drang,,Wikipedia — November date page,Exact,Vietnam War,Vietnam; United States,Gregorian (modern date listing),Target met,,United States Armed Forces; North Vietnamese forces,Global,Secondary reference chronology,20,Verified against cited chronology,20,5
14,CE,1967,November,,North America,GHC-NOV-14-14,Scientific,"American physicist Theodore Maiman is given a patent for his ruby laser systems, the world's first laser.",Ruby laser patent granted,14 November 1967 CE,https://en.wikipedia.org/wiki/November_14,November 14,,,Wikipedia — November date page,Exact,Laser technology,United States,Gregorian (modern date listing),Target met,Theodore Maiman,United States Patent Office,Global,Secondary reference chronology,20,Verified against cited chronology,20,5
14,CE,1969,November,,North America,GHC-NOV-14-15,Scientific,"Apollo program: NASA launches Apollo 12, the second crewed mission to the surface of the Moon.",Apollo 12 launches,14 November 1969 CE,https://en.wikipedia.org/wiki/November_14,November 14,,,Wikipedia — November date page,Exact,Space exploration,United States,Gregorian (modern date listing),Target met,,NASA,Global,Secondary reference chronology,20,Verified against cited chronology,20,5
14,CE,1971,November,,North America,GHC-NOV-14-16,Exploration,Mariner 9 enters orbit around Mars.,Mariner 9 enters Mars orbit,14 November 1971 CE,https://en.wikipedia.org/wiki/November_14,November 14,,,Wikipedia — November date page,Exact,Planetary exploration,United States,Gregorian (modern date listing),Target met,,NASA,Global,Secondary reference chronology,20,Verified against cited chronology,20,5
14,CE,1975,November,,North Africa,GHC-NOV-14-17,Political,"With the signing of the Madrid Accords, Spain abandons Western Sahara.",Madrid Accords on Western Sahara,14 November 1975 CE,https://en.wikipedia.org/wiki/November_14,November 14,Madrid,,Wikipedia — November date page,Exact,Decolonization,Spain; Morocco; Mauritania,Gregorian (modern date listing),Target met,,Spain; Morocco; Mauritania,Regional,Secondary reference chronology,20,Verified against cited chronology,20,5
14,CE,1979,November,,North America; Middle East,GHC-NOV-14-18,Economic,"US President Jimmy Carter issues Executive Order 12170, freezing all Iranian assets in the United States in response to the hostage crisis.",United States freezes Iranian assets,14 November 1979 CE,https://en.wikipedia.org/wiki/November_14,November 14,"Washington, D.C.",,Wikipedia — November date page,Exact,Sanctions and executive action,United States; Iran,Gregorian (modern date listing),Target met,Jimmy Carter,United States government,Global,Secondary reference chronology,20,Verified against cited chronology,20,5
14,CE,1982,November,,Europe,GHC-NOV-14-19,Political,"Lech Wałęsa, the leader of Poland's outlawed Solidarity movement, is released after eleven months of internment near the Soviet border.",Lech Wałęsa released from internment,14 November 1982 CE,https://en.wikipedia.org/wiki/November_14,November 14,,,Wikipedia — November date page,Exact,Anti-communist opposition,Poland,Gregorian (modern date listing),Target met,Lech Wałęsa,Solidarity,Regional,Secondary reference chronology,20,Verified against cited chronology,20,5
14,CE,1990,November,,Europe,GHC-NOV-14-20,Political,"After German reunification, the Federal Republic of Germany and Poland sign a treaty confirming the Oder–Neisse line as the border between Germany and Poland.",Germany–Poland border treaty signed,14 November 1990 CE,https://en.wikipedia.org/wiki/November_14,November 14,,,Wikipedia — November date page,Exact,International borders,Germany; Poland,Gregorian (modern date listing),Target met,,Federal Republic of Germany; Republic of Poland,Regional,Secondary reference chronology,20,Verified against cited chronology,20,5
15,CE,1777,November,,North America,GHC-NOV-15-01,Political,American Revolutionary War: After 16 months of debate the Continental Congress approves the Articles of Confederation.,Continental Congress approves the Articles of Confederation,15 November 1777 CE,https://en.wikipedia.org/wiki/November_15,November 15,Philadelphia,,Wikipedia — November date page,Exact,Constitutional law,United States,Gregorian (modern date listing),Target met,,Continental Congress,National,Secondary reference chronology,20,Verified against cited chronology,20,5
15,CE,1864,November,,North America,GHC-NOV-15-02,Military,American Civil War: Union General William Tecumseh Sherman begins his March to the Sea through Georgia towards the city of Savannah. [5],Sherman’s March to the Sea begins,15 November 1864 CE,https://en.wikipedia.org/wiki/November_15,November 15,,,Wikipedia — November date page,Exact,Civil War campaign,United States,Gregorian (modern date listing),Target met,William Tecumseh Sherman,Union Army,National,Secondary reference chronology,20,Verified against cited chronology,20,5
15,CE,1884,November,The conference concluded on 26 February 1885.,Europe; Africa,GHC-NOV-15-03,Political,"The Berlin Conference of 1884–1885 met on 15 November 1884, and after an adjournment concluded on 26 February 1885, with the signature of a General Act, regulating the European colonisation and trade in Africa during the New Imperialism period. [6]",Berlin Conference opens,15 November 1884 CE,https://en.wikipedia.org/wiki/November_15,November 15,Berlin,,Wikipedia — November date page,Exact,Imperial diplomacy,Germany,Gregorian (modern date listing),Target met,,Berlin Conference,Global,Secondary reference chronology,20,Verified against cited chronology,20,5
15,CE,1889,November,,South America,GHC-NOV-15-04,Political,Brazil is declared a republic by Marshal Deodoro da Fonseca as Emperor Pedro II is deposed in a military coup.,Brazil becomes a republic,15 November 1889 CE,https://en.wikipedia.org/wiki/November_15,November 15,Rio de Janeiro,,Wikipedia — November date page,Exact,Regime change,Brazil,Gregorian (modern date listing),Target met,Deodoro da Fonseca; Pedro II,Brazilian provisional government,National,Secondary reference chronology,20,Verified against cited chronology,20,5
15,CE,1917,November,,Northern Europe,GHC-NOV-15-05,Political,"Eduskunta declares itself the supreme state power of Finland, prompting its declaration of independence and secession from Russia. [8]",Finland’s parliament declares supreme state power,15 November 1917 CE,https://en.wikipedia.org/wiki/November_15,November 15,Helsinki,,Wikipedia — November date page,Exact,Independence movement,Finland; Russia,Gregorian (modern date listing),Target met,,Eduskunta,National,Secondary reference chronology,20,Verified against cited chronology,20,5
15,CE,1920,November,,Europe,GHC-NOV-15-06,Political,"The first assembly of the League of Nations is held in Geneva, Switzerland.",First assembly of the League of Nations,15 November 1920 CE,https://en.wikipedia.org/wiki/November_15,November 15,Geneva,,Wikipedia — November date page,Exact,International organization,Switzerland,Gregorian (modern date listing),Target met,,League of Nations,Global,Secondary reference chronology,20,Verified against cited chronology,20,5
15,CE,1938,November,,Europe,GHC-NOV-15-07,Social,Nazi Germany bans Jewish children from public schools in the aftermath of Kristallnacht. [11],Nazi Germany bans Jewish children from public schools,15 November 1938 CE,https://en.wikipedia.org/wiki/November_15,November 15,,,Wikipedia — November date page,Exact,State persecution,Germany,Gregorian (modern date listing),Target met,,Nazi German government,National,Secondary reference chronology,20,Verified against cited chronology,20,5
15,CE,1942,November,,Oceania,GHC-NOV-15-08,Military,World War II: The Battle of Guadalcanal ends in a decisive Allied victory.,Battle of Guadalcanal ends,15 November 1942 CE,https://en.wikipedia.org/wiki/November_15,November 15,Guadalcanal,,Wikipedia — November date page,Exact,World War II campaign,Solomon Islands,Gregorian (modern date listing),Target met,,Allied forces,Regional,Secondary reference chronology,20,Verified against cited chronology,20,5
15,CE,1943,November,,Europe,GHC-NOV-15-09,Social,"The Holocaust: German SS leader Heinrich Himmler orders that Gypsies are to be put ""on the same level as Jews and placed in concentration camps"".",Himmler orders persecution of Roma,15 November 1943 CE,https://en.wikipedia.org/wiki/November_15,November 15,,,Wikipedia — November date page,Exact,Holocaust persecution,Germany,Gregorian (modern date listing),Target met,Heinrich Himmler,SS,Global,Secondary reference chronology,20,Verified against cited chronology,20,5
15,CE,1966,November,,North America; Atlantic Ocean,GHC-NOV-15-10,Scientific,"Project Gemini: Gemini 12 completes the program's final mission, when it splashes down safely in the Atlantic Ocean.",Gemini 12 completes the Gemini program,15 November 1966 CE,https://en.wikipedia.org/wiki/November_15,November 15,,,Wikipedia — November date page,Exact,Human spaceflight,United States,Gregorian (modern date listing),Target met,,NASA,Global,Secondary reference chronology,20,Verified against cited chronology,20,4
15,CE,1969,November,,North America,GHC-NOV-15-11,Social,"Vietnam War: In Washington, D.C., 250,000–500,000 protesters staged a peaceful demonstration against the war, including a symbolic ""March Against Death"".",Moratorium protest against the Vietnam War,15 November 1969 CE,https://en.wikipedia.org/wiki/November_15,November 15,"Washington, D.C.",,Wikipedia — November date page,Exact,Antiwar protest,United States,Gregorian (modern date listing),Target met,,Vietnam Moratorium movement,Global,Secondary reference chronology,20,Verified against cited chronology,20,4
15,CE,1971,November,,North America,GHC-NOV-15-12,Scientific,"Intel releases the world's first commercial single-chip microprocessor, the 4004.",Intel releases the 4004 microprocessor,15 November 1971 CE,https://en.wikipedia.org/wiki/November_15,November 15,,,Wikipedia — November date page,Exact,Computer technology,United States,Gregorian (modern date listing),Target met,,Intel,Global,Secondary reference chronology,20,Verified against cited chronology,20,5
15,CE,1985,November,,Western Europe,GHC-NOV-15-13,Political,The Anglo-Irish Agreement is signed at Hillsborough Castle by British Prime Minister Margaret Thatcher and Irish Taoiseach Garret FitzGerald.,Anglo-Irish Agreement is signed,15 November 1985 CE,https://en.wikipedia.org/wiki/November_15,November 15,Hillsborough,,Wikipedia — November date page,Exact,Peace and constitutional agreement,United Kingdom; Ireland,Gregorian (modern date listing),Target met,Margaret Thatcher; Garret FitzGerald,British government; Irish government,Regional,Secondary reference chronology,20,Verified against cited chronology,20,5
15,CE,1988,November,,Europe; Asia,GHC-NOV-15-14,Scientific,"In the Soviet Union, the uncrewed Shuttle Buran makes its only space flight.",Buran makes its first and only space flight,15 November 1988 CE,https://en.wikipedia.org/wiki/November_15,November 15,,,Wikipedia — November date page,Exact,Spaceflight,Soviet Union,Gregorian (modern date listing),Target met,,Soviet space program,Global,Secondary reference chronology,20,Verified against cited chronology,20,4
15,CE,1988,November,,Middle East,GHC-NOV-15-15,Political,Israeli–Palestinian conflict: An independent State of Palestine is proclaimed by the Palestinian National Council.,State of Palestine is proclaimed,15 November 1988 CE,https://en.wikipedia.org/wiki/November_15,November 15,,,Wikipedia — November date page,Exact,Statehood declaration,Palestine,Gregorian (modern date listing),Target met,,Palestinian National Council,Global,Secondary reference chronology,20,Verified against cited chronology,20,5
15,CE,1994,November,,Southeast Asia,GHC-NOV-15-16,Disaster,"A magnitude 7.1 earthquake hits the central Philippine island of Mindoro, killing 78 people, injuring 430 and triggering a tsunami up to 8.5 m (28 ft) high. [18]",Mindoro earthquake and tsunami,15 November 1994 CE,https://en.wikipedia.org/wiki/November_15,November 15,Mindoro,,Wikipedia — November date page,Exact,Earthquake and tsunami,Philippines,Gregorian (modern date listing),Target met,,,National,Secondary reference chronology,20,Verified against cited chronology,20,4
15,CE,2000,November,,South Asia,GHC-NOV-15-17,Political,"Jharkhand officially becomes the 28th state of India, formed from eighteen districts of southern Bihar. [19]",Jharkhand becomes an Indian state,15 November 2000 CE,https://en.wikipedia.org/wiki/November_15,November 15,,,Wikipedia — November date page,Exact,Administrative reorganization,India,Gregorian (modern date listing),Target met,,Government of India,National,Secondary reference chronology,20,Verified against cited chronology,20,4
15,CE,2002,November,,East Asia,GHC-NOV-15-18,Political,Hu Jintao becomes General Secretary of the Chinese Communist Party and a new nine-member Politburo Standing Committee is inaugurated.,Hu Jintao becomes Chinese Communist Party general secretary,15 November 2002 CE,https://en.wikipedia.org/wiki/November_15,November 15,Beijing,,Wikipedia — November date page,Exact,Leadership transition,China,Gregorian (modern date listing),Target met,Hu Jintao,Chinese Communist Party,Global,Secondary reference chronology,20,Verified against cited chronology,20,5
15,CE,2003,November,,Middle East,GHC-NOV-15-19,Military,"The first day of the 2003 Istanbul bombings, in which two car bombs, targeting two synagogues, explode, kill 25 people and wound 300 more.",Istanbul synagogue bombings begin,15 November 2003 CE,https://en.wikipedia.org/wiki/November_15,November 15,Istanbul,,Wikipedia — November date page,Exact,Terrorist attack,Turkey,Gregorian (modern date listing),Target met,,,National,Secondary reference chronology,20,Verified against cited chronology,20,4
15,CE,2007,November,,South Asia,GHC-NOV-15-20,Disaster,"Cyclone Sidr hits Bangladesh, killing an estimated 5,000 people and destroying parts of the world's largest mangrove forest, the Sundarbans.",Cyclone Sidr strikes Bangladesh,15 November 2007 CE,https://en.wikipedia.org/wiki/November_15,November 15,,,Wikipedia — November date page,Exact,Tropical cyclone,Bangladesh,Gregorian (modern date listing),Target met,,,Regional,Secondary reference chronology,20,Verified against cited chronology,20,5
16,CE,1532,November,,South America,GHC-NOV-16-01,Military,Francisco Pizarro and his men capture Inca Emperor Atahualpa at the Battle of Cajamarca.,Capture of Atahualpa at Cajamarca,16 November 1532 CE,https://en.wikipedia.org/wiki/November_16,November 16,Cajamarca,,Wikipedia — November date page,Exact,Conquest,Peru,Gregorian (modern date listing),Target met,Francisco Pizarro; Atahualpa,Inca Empire; Spanish Empire,Regional,Secondary reference chronology,20,Verified against cited chronology,20,5
16,CE,1632,November,,Europe,GHC-NOV-16-02,Military,King Gustavus Adolphus of Sweden was killed at the Battle of Lützen during the Thirty Years' War. [1],Death of Gustavus Adolphus at Lützen,16 November 1632 CE,https://en.wikipedia.org/wiki/November_16,November 16,Lützen,,Wikipedia — November date page,Exact,Thirty Years' War,Germany; Sweden,Gregorian (modern date listing),Target met,Gustavus Adolphus,Swedish Empire,Regional,Secondary reference chronology,20,Verified against cited chronology,20,5
16,CE,1776,November,,North America,GHC-NOV-16-03,Military,American Revolutionary War: British and Hessian units capture Fort Washington from the Patriots.,Capture of Fort Washington,16 November 1776 CE,https://en.wikipedia.org/wiki/November_16,November 16,New York City,,Wikipedia — November date page,Exact,American Revolutionary War,United States,Gregorian (modern date listing),Target met,,British Army; Continental Army,National,Secondary reference chronology,20,Verified against cited chronology,20,5
16,CE,1793,November,,Europe,GHC-NOV-16-04,Religious,French Revolution: Ninety dissident Roman Catholic priests are executed by drowning at Nantes.,Drowning executions at Nantes,16 November 1793 CE,https://en.wikipedia.org/wiki/November_16,November 16,Nantes,,Wikipedia — November date page,Exact,Persecution,France,Gregorian (modern date listing),Target met,,French Republic,National,Secondary reference chronology,20,Verified against cited chronology,20,4
16,CE,1828,November,,Europe,GHC-NOV-16-05,Political,"Greek War of Independence: The London Protocol entails the creation of an autonomous Greek state under Ottoman suzerainty, encompassing the Morea and the Cyclades.",London Protocol on Greek autonomy,16 November 1828 CE,https://en.wikipedia.org/wiki/November_16,November 16,London,,Wikipedia — November date page,Exact,Diplomacy,Greece; Turkey,Gregorian (modern date listing),Target met,,Great Britain; France; Russia; Ottoman Empire,Regional,Secondary reference chronology,20,Verified against cited chronology,20,5
16,CE,1849,November,,Europe,GHC-NOV-16-06,Political,A Russian court sentences writer Fyodor Dostoyevsky to death for anti-government activities linked to a radical intellectual group; his sentence is later commuted to hard labor.,Dostoyevsky sentenced to death,16 November 1849 CE,https://en.wikipedia.org/wiki/November_16,November 16,,,Wikipedia — November date page,Exact,Political repression,Russia,Gregorian (modern date listing),Target met,Fyodor Dostoyevsky,Russian Empire,National,Secondary reference chronology,20,Verified against cited chronology,20,4
16,CE,1855,November,,Africa,GHC-NOV-16-07,Exploration,David Livingstone becomes the first European to see the Victoria Falls in what is now Zambia- Zimbabwe.,European sighting of Victoria Falls,16 November 1855 CE,https://en.wikipedia.org/wiki/November_16,November 16,Victoria Falls,,Wikipedia — November date page,Exact,European exploration,Zambia; Zimbabwe,Gregorian (modern date listing),Target met,David Livingstone,British Empire,Global,Secondary reference chronology,20,Verified against cited chronology,20,4
16,CE,1885,November,,North America,GHC-NOV-16-08,Political,"Canadian rebel leader of the Métis and ""Father of Manitoba"" Louis Riel is executed for treason.",Execution of Louis Riel,16 November 1885 CE,https://en.wikipedia.org/wiki/November_16,November 16,,,Wikipedia — November date page,Exact,Indigenous politics,Canada,Gregorian (modern date listing),Target met,Louis Riel,Canadian government; Métis people,National,Secondary reference chronology,20,Verified against cited chronology,20,5
16,CE,1904,November,,Europe,GHC-NOV-16-09,Scientific,English engineer John Ambrose Fleming receives a patent for the thermionic valve (vacuum tube).,Patent for the thermionic valve,16 November 1904 CE,https://en.wikipedia.org/wiki/November_16,November 16,,,Wikipedia — November date page,Exact,Electrical engineering,United Kingdom,Gregorian (modern date listing),Target met,John Ambrose Fleming,British patent system,Global,Secondary reference chronology,20,Verified against cited chronology,20,5
16,CE,1907,November,,North America,GHC-NOV-16-10,Political,"Indian Territory and Oklahoma Territory join to form Oklahoma, which is admitted as the 46th U.S. state.",Admission of Oklahoma to the United States,16 November 1907 CE,https://en.wikipedia.org/wiki/November_16,November 16,Oklahoma,,Wikipedia — November date page,Exact,Statehood,United States,Gregorian (modern date listing),Target met,,United States,National,Secondary reference chronology,20,Verified against cited chronology,20,5
16,CE,1914,November,,North America,GHC-NOV-16-11,Economic,The Federal Reserve Bank of the United States officially opens.,Opening of the Federal Reserve Banks,16 November 1914 CE,https://en.wikipedia.org/wiki/November_16,November 16,,,Wikipedia — November date page,Exact,Central banking,United States,Gregorian (modern date listing),Target met,,Federal Reserve System,Global,Secondary reference chronology,20,Verified against cited chronology,20,5
16,CE,1933,November,,North America; Europe,GHC-NOV-16-12,Political,The United States and the Soviet Union establish formal diplomatic relations.,U.S.–Soviet diplomatic relations established,16 November 1933 CE,https://en.wikipedia.org/wiki/November_16,November 16,,,Wikipedia — November date page,Exact,International relations,United States; Russia,Gregorian (modern date listing),Target met,,United States; Soviet Union,Global,Secondary reference chronology,20,Verified against cited chronology,20,5
16,CE,1938,November,,Europe,GHC-NOV-16-13,Scientific,LSD is first synthesized by Albert Hofmann from ergotamine at the Sandoz Laboratories in Basel. [3],First synthesis of LSD,16 November 1938 CE,https://en.wikipedia.org/wiki/November_16,November 16,Basel,,Wikipedia — November date page,Exact,Pharmacology,Switzerland,Gregorian (modern date listing),Target met,Albert Hofmann,Sandoz Laboratories,Global,Secondary reference chronology,20,Verified against cited chronology,20,5
16,CE,1940,November,,Europe,GHC-NOV-16-14,Political,"The Holocaust: In occupied Poland, the Nazis close off the Warsaw Ghetto from the outside world.",Warsaw Ghetto sealed,16 November 1940 CE,https://en.wikipedia.org/wiki/November_16,November 16,Warsaw,,Wikipedia — November date page,Exact,Holocaust persecution,Poland,Gregorian (modern date listing),Target met,,Nazi Germany; Warsaw Jewish community,Global,Secondary reference chronology,20,Verified against cited chronology,20,5
16,CE,1945,November,,Europe,GHC-NOV-16-15,Political,UNESCO is founded. [5],UNESCO founded,16 November 1945 CE,https://en.wikipedia.org/wiki/November_16,November 16,London,,Wikipedia — November date page,Exact,International organization,United Kingdom,Gregorian (modern date listing),Target met,,UNESCO; United Nations,Global,Secondary reference chronology,20,Verified against cited chronology,20,5
16,CE,1965,November,,Europe,GHC-NOV-16-16,Scientific,"Venera program: The Soviet Union launches the Venera 3 space probe toward Venus, which will be the first spacecraft to reach the surface of another planet.",Launch of Venera 3,16 November 1965 CE,https://en.wikipedia.org/wiki/November_16,November 16,,,Wikipedia — November date page,Exact,Space exploration,Russia,Gregorian (modern date listing),Target met,,Soviet space program,Global,Secondary reference chronology,20,Verified against cited chronology,20,5
16,CE,1974,November,,Caribbean,GHC-NOV-16-17,Scientific,The Arecibo message is broadcast from Puerto Rico.,Arecibo message broadcast,16 November 1974 CE,https://en.wikipedia.org/wiki/November_16,November 16,Arecibo,,Wikipedia — November date page,Exact,Search for extraterrestrial intelligence,United States,Gregorian (modern date listing),Target met,,Arecibo Observatory,Global,Secondary reference chronology,20,Verified against cited chronology,20,4
16,CE,1988,November,,Europe,GHC-NOV-16-18,Political,"The Supreme Soviet of the Estonian Soviet Socialist Republic declares that Estonia is ""sovereign"" but stops short of declaring independence.",Estonian sovereignty declaration,16 November 1988 CE,https://en.wikipedia.org/wiki/November_16,November 16,Tallinn,,Wikipedia — November date page,Exact,National sovereignty,Estonia,Gregorian (modern date listing),Target met,,Estonian Soviet Socialist Republic,Regional,Secondary reference chronology,20,Verified against cited chronology,20,5
16,CE,1988,November,,South Asia,GHC-NOV-16-19,Political,"In the first open election in more than a decade, voters in Pakistan elect populist candidate Benazir Bhutto to be Prime Minister of Pakistan.",Election of Benazir Bhutto,16 November 1988 CE,https://en.wikipedia.org/wiki/November_16,November 16,,,Wikipedia — November date page,Exact,Democratic transition,Pakistan,Gregorian (modern date listing),Target met,Benazir Bhutto,Government of Pakistan; Pakistan Peoples Party,National,Secondary reference chronology,20,Verified against cited chronology,20,5
16,CE,2002,November,,East Asia,GHC-NOV-16-20,Disaster,"The first cases of the 2002–2004 SARS outbreak are traced to Foshan, Guangdong Province, China. [13]",First traced SARS cases,16 November 2002 CE,https://en.wikipedia.org/wiki/November_16,November 16,Foshan,,Wikipedia — November date page,Exact,Public-health outbreak,China,Gregorian (modern date listing),Target met,,Chinese public-health authorities,Global,Secondary reference chronology,20,Verified against cited chronology,20,5
17,CE,1558,November,,Europe,GHC-NOV-17-01,Political,Elizabethan era begins: Queen Mary I of England dies and is succeeded by her half-sister Elizabeth I.,Elizabeth I succeeds Mary I,17 November 1558 CE,https://en.wikipedia.org/wiki/November_17,November 17,London,,Wikipedia — November date page,Exact,Royal succession,United Kingdom,Gregorian (modern date listing),Target met,Mary I; Elizabeth I,Kingdom of England,National,Secondary reference chronology,20,Verified against cited chronology,20,5
17,CE,1777,November,,North America,GHC-NOV-17-02,Political,Articles of Confederation (United States) are submitted to the states for ratification.,Articles of Confederation submitted for ratification,17 November 1777 CE,https://en.wikipedia.org/wiki/November_17,November 17,,,Wikipedia — November date page,Exact,Constitutional history,United States,Gregorian (modern date listing),Target met,,Continental Congress,National,Secondary reference chronology,20,Verified against cited chronology,20,5
17,CE,1796,November,,Europe,GHC-NOV-17-03,Military,French Revolutionary Wars: Battle of the Bridge of Arcole: French forces defeat the Austrians in Italy.,Battle of the Bridge of Arcole,17 November 1796 CE,https://en.wikipedia.org/wiki/November_17,November 17,Arcole,,Wikipedia — November date page,Exact,Battle,Italy,Gregorian (modern date listing),Target met,Napoleon Bonaparte,French First Republic; Habsburg monarchy,Regional,Secondary reference chronology,20,Verified against cited chronology,20,4
17,CE,1800,November,,North America,GHC-NOV-17-04,Political,"The United States Congress holds its first session in Washington, D.C.",First U.S. Congress session in Washington,17 November 1800 CE,https://en.wikipedia.org/wiki/November_17,November 17,"Washington, D.C.",,Wikipedia — November date page,Exact,Government institution,United States,Gregorian (modern date listing),Target met,,United States Congress,National,Secondary reference chronology,20,Verified against cited chronology,20,5
17,CE,1820,November,,Antarctica,GHC-NOV-17-05,Exploration,Captain Nathaniel Palmer becomes the first American to see Antarctica. (The Palmer Peninsula is later named after him.),First American sighting of Antarctica,17 November 1820 CE,https://en.wikipedia.org/wiki/November_17,November 17,,,Wikipedia — November date page,Exact,Antarctic exploration,,Gregorian (modern date listing),Target met,Nathaniel Palmer,,Global,Secondary reference chronology,20,Verified against cited chronology,20,4
17,CE,1837,November,,South America; East Asia,GHC-NOV-17-06,Disaster,"An earthquake in Valdivia, south-central Chile, causes a tsunami that leads to significant destruction along Japan's coast. [7]",Valdivia earthquake and tsunami,17 November 1837 CE,https://en.wikipedia.org/wiki/November_17,November 17,Valdivia,,Wikipedia — November date page,Exact,Earthquake and tsunami,Chile; Japan,Gregorian (modern date listing),Target met,,,Global,Secondary reference chronology,20,Verified against cited chronology,20,4
17,CE,1869,November,,North Africa,GHC-NOV-17-07,Economic,"In Egypt, the Suez Canal, linking the Mediterranean Sea with the Red Sea, is inaugurated.",Suez Canal inaugurated,17 November 1869 CE,https://en.wikipedia.org/wiki/November_17,November 17,Port Said,,Wikipedia — November date page,Exact,Canal and infrastructure,Egypt,Gregorian (modern date listing),Target met,,Suez Canal Company,Global,Secondary reference chronology,20,Verified against cited chronology,20,5
17,CE,1903,November,,Eastern Europe,GHC-NOV-17-08,Political,"The Russian Social Democratic Labour Party splits into two groups: The Bolsheviks (Russian for ""majority"") and Mensheviks (Russian for ""minority"").",Russian Social Democratic Labour Party split,17 November 1903 CE,https://en.wikipedia.org/wiki/November_17,November 17,,,Wikipedia — November date page,Exact,Political party split,Russia,Gregorian (modern date listing),Target met,,Russian Social Democratic Labour Party,Regional,Secondary reference chronology,20,Verified against cited chronology,20,5
17,CE,1939,November,,Central Europe,GHC-NOV-17-09,Social,"Nine Czech students are executed as a response to anti- Nazi demonstrations prompted by the death of Jan Opletal. All Czech universities are shut down and more than 1,200 students sent to concentration camps. Since this event, International Students' Day is celebrated in many countries, especially in the Czech Republic.",Nazi repression of Czech students,17 November 1939 CE,https://en.wikipedia.org/wiki/November_17,November 17,Prague,,Wikipedia — November date page,Exact,Political repression,Czech Republic,Gregorian (modern date listing),Target met,Jan Opletal,Nazi Germany,National,Secondary reference chronology,20,Verified against cited chronology,20,5
17,CE,1947,November,,North America,GHC-NOV-17-10,Scientific,"American scientists John Bardeen and Walter Houser Brattain observe the basic principles of the transistor, a key element for the electronics revolution of the 20th century.",Transistor principles observed,17 November 1947 CE,https://en.wikipedia.org/wiki/November_17,November 17,Murray Hill,,Wikipedia — November date page,Exact,Electronics,United States,Gregorian (modern date listing),Target met,John Bardeen; Walter Houser Brattain,Bell Telephone Laboratories,Global,Secondary reference chronology,20,Verified against cited chronology,20,5
17,CE,1950,November,,East Asia,GHC-NOV-17-11,Religious,Lhamo Dondrub is officially named the 14th Dalai Lama.,Lhamo Dondrub named 14th Dalai Lama,17 November 1950 CE,https://en.wikipedia.org/wiki/November_17,November 17,,,Wikipedia — November date page,Exact,Religious succession,China,Gregorian (modern date listing),Target met,Lhamo Dondrub,Tibetan Buddhist religious establishment,Regional,Secondary reference chronology,20,Verified against cited chronology,20,4
17,CE,1969,November,,Europe,GHC-NOV-17-12,Political,"Cold War: Negotiators from the Soviet Union and the United States meet in Helsinki, Finland to begin SALT I negotiations aimed at limiting the number of strategic weapons on both sides.",SALT I negotiations begin,17 November 1969 CE,https://en.wikipedia.org/wiki/November_17,November 17,Helsinki,,Wikipedia — November date page,Exact,Arms control diplomacy,Finland; Russia; United States,Gregorian (modern date listing),Target met,,Soviet Union; United States,Global,Secondary reference chronology,20,Verified against cited chronology,20,5
17,CE,1970,November,,Space,GHC-NOV-17-13,Scientific,Luna programme: The Soviet Union lands Lunokhod 1 on Mare Imbrium (Sea of Rains) on the Moon. This is the first roving remote-controlled robot to land on another world and is released by the orbiting Luna 17 spacecraft.,Lunokhod 1 lands on the Moon,17 November 1970 CE,https://en.wikipedia.org/wiki/November_17,November 17,,,Wikipedia — November date page,Exact,Space exploration,Russia,Gregorian (modern date listing),Target met,,Soviet Union; Luna program,Global,Secondary reference chronology,20,Verified against cited chronology,20,5
17,CE,1973,November,,Europe,GHC-NOV-17-14,Social,The Athens Polytechnic uprising against the military regime ends in a bloodshed in the Greek capital.,Athens Polytechnic uprising ends,17 November 1973 CE,https://en.wikipedia.org/wiki/November_17,November 17,Athens,,Wikipedia — November date page,Exact,Protest and repression,Greece,Gregorian (modern date listing),Target met,,Greek military junta,National,Secondary reference chronology,20,Verified against cited chronology,20,4
17,CE,1989,November,,Central Europe,GHC-NOV-17-15,Political,"Cold War: Velvet Revolution begins: In Czechoslovakia, a student demonstration in Prague is quelled by riot police. This sparks an uprising aimed at overthrowing the communist government (it succeeds on December 29).",Velvet Revolution begins,17 November 1989 CE,https://en.wikipedia.org/wiki/November_17,November 17,Prague,,Wikipedia — November date page,Exact,Democratic revolution,Czech Republic; Slovakia,Gregorian (modern date listing),Target met,,Czechoslovak Socialist Republic,Regional,Secondary reference chronology,20,Verified against cited chronology,20,5
17,CE,1993,November,,North America,GHC-NOV-17-16,Economic,United States House of Representatives passes a resolution to establish the North American Free Trade Agreement.,U.S. House passes NAFTA resolution,17 November 1993 CE,https://en.wikipedia.org/wiki/November_17,November 17,"Washington, D.C.",,Wikipedia — November date page,Exact,International trade agreement,United States; Canada; Mexico,Gregorian (modern date listing),Target met,,United States House of Representatives; NAFTA,Regional,Secondary reference chronology,20,Verified against cited chronology,20,4
17,CE,1993,November,,West Africa,GHC-NOV-17-17,Political,"In Nigeria, General Sani Abacha ousts the government of Ernest Shonekan in a military coup.",Sani Abacha seizes power in Nigeria,17 November 1993 CE,https://en.wikipedia.org/wiki/November_17,November 17,Abuja,,Wikipedia — November date page,Exact,Military coup,Nigeria,Gregorian (modern date listing),Target met,Sani Abacha; Ernest Shonekan,Nigerian military government,National,Secondary reference chronology,20,Verified against cited chronology,20,4
17,CE,1997,November,,North Africa,GHC-NOV-17-18,Military,"In Luxor, Egypt, 62 people are killed by six Islamic militants outside the Temple of Hatshepsut, known as Luxor massacre.",Luxor massacre,17 November 1997 CE,https://en.wikipedia.org/wiki/November_17,November 17,Luxor,,Wikipedia — November date page,Exact,Terrorist attack,Egypt,Gregorian (modern date listing),Target met,,,Global,Secondary reference chronology,20,Verified against cited chronology,20,4
17,CE,2000,November,,South America,GHC-NOV-17-19,Political,Alberto Fujimori is removed from office as president of Peru.,Alberto Fujimori removed from office,17 November 2000 CE,https://en.wikipedia.org/wiki/November_17,November 17,Lima,,Wikipedia — November date page,Exact,Presidential removal,Peru,Gregorian (modern date listing),Target met,Alberto Fujimori,Government of Peru,National,Secondary reference chronology,20,Verified against cited chronology,20,4
17,CE,2000,November,,Central Europe,GHC-NOV-17-20,Disaster,"A catastrophic landslide in Log pod Mangartom, Slovenia, kills seven, and causes millions of SIT of damage. It is one of the worst catastrophes in Slovenia in the past 100 years.",Log pod Mangartom landslide,17 November 2000 CE,https://en.wikipedia.org/wiki/November_17,November 17,Log pod Mangartom,,Wikipedia — November date page,Exact,Landslide,Slovenia,Gregorian (modern date listing),Target met,,,National,Secondary reference chronology,20,Verified against cited chronology,20,3
18,CE,1095,November,,Europe,GHC-NOV-18-01,Religious,"The Council of Clermont begins: called by Pope Urban II, it led to the First Crusade to the Holy Land. [3]",Council of Clermont begins,18 November 1095 CE,https://en.wikipedia.org/wiki/November_18,November 18,Clermont,,Wikipedia — November date page,Exact,Crusades,France,Gregorian (modern date listing),Target met,Pope Urban II,Catholic Church,Global,Secondary reference chronology,20,Verified against cited chronology,20,5
18,CE,1302,November,,Europe,GHC-NOV-18-02,Religious,"Pope Boniface VIII issues the Papal bull Unam sanctam, claiming spiritual supremacy for the papacy. [6]",Papal bull Unam sanctam issued,18 November 1302 CE,https://en.wikipedia.org/wiki/November_18,November 18,Rome,,Wikipedia — November date page,Exact,Papal authority,Vatican City,Gregorian (modern date listing),Target met,Pope Boniface VIII,Catholic Church,Global,Secondary reference chronology,20,Verified against cited chronology,20,5
18,CE,1421,November,,Europe,GHC-NOV-18-03,Disaster,"St Elizabeth's flood: A dike in the Grote Hollandse Waard in the Netherlands breaks, killing about 10,000 people. [7]",St Elizabeth's flood,18 November 1421 CE,https://en.wikipedia.org/wiki/November_18,November 18,,,Wikipedia — November date page,Exact,Flood,Netherlands,Gregorian (modern date listing),Target met,,County of Holland,Regional,Secondary reference chronology,20,Verified against cited chronology,20,4
18,CE,1493,November,,Caribbean,GHC-NOV-18-04,Exploration,Christopher Columbus first sights the island now known as Puerto Rico. [8],Columbus sights Puerto Rico,18 November 1493 CE,https://en.wikipedia.org/wiki/November_18,November 18,,,Wikipedia — November date page,Exact,European exploration,Puerto Rico,Gregorian (modern date listing),Target met,Christopher Columbus,Spanish expedition,Global,Secondary reference chronology,20,Verified against cited chronology,20,4
18,CE,1803,November,,Caribbean,GHC-NOV-18-05,Military,"The Battle of Vertières, the last major battle of the Haitian Revolution, is fought, leading to the establishment of the Republic of Haiti, the first black republic in the Western Hemisphere. [13]",Battle of Vertières,18 November 1803 CE,https://en.wikipedia.org/wiki/November_18,November 18,Vertières,,Wikipedia — November date page,Exact,Revolutionary war,Haiti,Gregorian (modern date listing),Target met,,Haitian revolutionary forces,Global,Secondary reference chronology,20,Verified against cited chronology,20,5
18,CE,1863,November,,Europe,GHC-NOV-18-06,Political,King Christian IX of Denmark signs the November constitution that declares Schleswig to be part of Denmark. This is seen by the German Confederation as a violation of the London Protocol and leads to the German–Danish war of 1864.,November Constitution signed,18 November 1863 CE,https://en.wikipedia.org/wiki/November_18,November 18,,,Wikipedia — November date page,Exact,Constitutional crisis,Denmark; Germany,Gregorian (modern date listing),Target met,Christian IX,Kingdom of Denmark,Regional,Secondary reference chronology,20,Verified against cited chronology,20,4
18,CE,1872,November,,North America,GHC-NOV-18-07,Social,Susan B. Anthony and 14 other women are arrested for voting illegally in the United States presidential election of 1872.,Susan B. Anthony arrested for voting,18 November 1872 CE,https://en.wikipedia.org/wiki/November_18,November 18,,,Wikipedia — November date page,Exact,Women's suffrage,United States,Gregorian (modern date listing),Target met,Susan B. Anthony,United States suffrage movement,National,Secondary reference chronology,20,Verified against cited chronology,20,5
18,CE,1883,November,day of two noons,North America,GHC-NOV-18-08,Scientific,"In the ""day of two noons"", American and Canadian railroad companies institute four standard continental time zones, ending the confusion of thousands of local times. [16]",North American railroad time zones established,18 November 1883 CE,https://en.wikipedia.org/wiki/November_18,November 18,,,Wikipedia — November date page,Exact,Standard time,United States; Canada,Gregorian (modern date listing),Target met,,North American railroads,Regional,Secondary reference chronology,20,Verified against cited chronology,20,4
18,CE,1901,November,,North America; Europe,GHC-NOV-18-09,Political,"Britain and the United States sign the Hay–Pauncefote Treaty, which nullifies the Clayton–Bulwer Treaty and withdraws British objections to an American-controlled canal in Panama.",Hay–Pauncefote Treaty signed,18 November 1901 CE,https://en.wikipedia.org/wiki/November_18,November 18,,,Wikipedia — November date page,Exact,International treaty,United Kingdom; United States,Gregorian (modern date listing),Target met,,British and United States governments,Global,Secondary reference chronology,20,Verified against cited chronology,20,5
18,CE,1903,November,,North America,GHC-NOV-18-10,Political,"The Hay–Bunau-Varilla Treaty is signed by the United States and Panama, giving the United States exclusive rights over the Panama Canal Zone.",Hay–Bunau-Varilla Treaty signed,18 November 1903 CE,https://en.wikipedia.org/wiki/November_18,November 18,,,Wikipedia — November date page,Exact,International treaty,United States; Panama,Gregorian (modern date listing),Target met,,United States and Panama,Global,Secondary reference chronology,20,Verified against cited chronology,20,5
18,CE,1910,November,,Europe,GHC-NOV-18-11,Social,"In their campaign for women's voting rights, hundreds of suffragettes march to the British Parliament in London. Several are beaten by police, newspaper attention embarrasses the authorities, and the march is dubbed Black Friday. [18]",Black Friday suffrage march,18 November 1910 CE,https://en.wikipedia.org/wiki/November_18,November 18,London,,Wikipedia — November date page,Exact,Women's suffrage,United Kingdom,Gregorian (modern date listing),Target met,,British suffrage movement,National,Secondary reference chronology,20,Verified against cited chronology,20,4
18,CE,1918,November,,Europe,GHC-NOV-18-12,Political,Latvia declares its independence from Russia.,Latvia declares independence,18 November 1918 CE,https://en.wikipedia.org/wiki/November_18,November 18,,,Wikipedia — November date page,Exact,Independence,Latvia; Russia,Gregorian (modern date listing),Target met,,Republic of Latvia,National,Secondary reference chronology,20,Verified against cited chronology,20,5
18,CE,1928,November,,North America,GHC-NOV-18-13,Cultural,"Release of the animated short Steamboat Willie, the first fully synchronized sound cartoon.",Steamboat Willie released,18 November 1928 CE,https://en.wikipedia.org/wiki/November_18,November 18,,,Wikipedia — November date page,Exact,Film and animation,United States,Gregorian (modern date listing),Target met,,Walt Disney Productions,Global,Secondary reference chronology,20,Verified against cited chronology,20,4
18,CE,1929,November,,North America,GHC-NOV-18-14,Disaster,"Grand Banks earthquake: Off the south coast of Newfoundland in the Atlantic Ocean, a Richter magnitude 7.2 submarine earthquake, centered on the Grand Banks, breaks 12 submarine transatlantic telegraph cables and triggers a tsunami that destroys many south coast communities in the Burin Peninsula.",Grand Banks earthquake and tsunami,18 November 1929 CE,https://en.wikipedia.org/wiki/November_18,November 18,Grand Banks,,Wikipedia — November date page,Exact,Earthquake and tsunami,Canada,Gregorian (modern date listing),Target met,,,Regional,Secondary reference chronology,20,Verified against cited chronology,20,4
18,CE,1943,November,,Europe,GHC-NOV-18-15,Military,"World War II: In the first action of the Berlin Air Offensive, four hundred and forty Royal Air Force planes bomb Berlin causing only light damage and killing 131. The RAF loses nine aircraft and 53 air crew. [19]",First Berlin Air Offensive action,18 November 1943 CE,https://en.wikipedia.org/wiki/November_18,November 18,Berlin,,Wikipedia — November date page,Exact,Strategic bombing,Germany; United Kingdom,Gregorian (modern date listing),Target met,,Royal Air Force,Global,Secondary reference chronology,20,Verified against cited chronology,20,4
18,CE,1947,November,,Oceania,GHC-NOV-18-16,Disaster,"The Ballantyne's Department Store fire in Christchurch, New Zealand, kills 41; it is the worst fire disaster in the history of New Zealand.",Ballantyne's Department Store fire,18 November 1947 CE,https://en.wikipedia.org/wiki/November_18,November 18,Christchurch,,Wikipedia — November date page,Exact,Urban fire,New Zealand,Gregorian (modern date listing),Target met,,,National,Secondary reference chronology,20,Verified against cited chronology,20,4
18,CE,1961,November,,Southeast Asia,GHC-NOV-18-17,Military,"Vietnam War: United States President John F. Kennedy sends 18,000 military advisors to South Vietnam. [20] [21]",United States expands military advisory mission in South Vietnam,18 November 1961 CE,https://en.wikipedia.org/wiki/November_18,November 18,,,Wikipedia — November date page,Exact,Military intervention,United States; Vietnam,Gregorian (modern date listing),Target met,John F. Kennedy,United States government,Global,Secondary reference chronology,20,Verified against cited chronology,20,5
18,CE,1978,November,,South America,GHC-NOV-18-18,Disaster,"In Jonestown, Guyana, Jim Jones leads his Peoples Temple to a mass murder–suicide that claimed 918 lives in all, 909 of them in Jonestown itself, including over 270 children.",Jonestown mass murder-suicide,18 November 1978 CE,https://en.wikipedia.org/wiki/November_18,November 18,Jonestown,,Wikipedia — November date page,Exact,Mass killing,Guyana,Gregorian (modern date listing),Target met,Jim Jones,Peoples Temple,Global,Secondary reference chronology,20,Verified against cited chronology,20,5
18,CE,1991,November,,Europe,GHC-NOV-18-19,Military,"After an 87-day siege, the Croatian city of Vukovar capitulates to the besieging Yugoslav People's Army and allied Serb paramilitary forces.",Vukovar capitulates,18 November 1991 CE,https://en.wikipedia.org/wiki/November_18,November 18,Vukovar,,Wikipedia — November date page,Exact,Siege,Croatia; Serbia,Gregorian (modern date listing),Target met,,Yugoslav People's Army,Regional,Secondary reference chronology,20,Verified against cited chronology,20,5
18,CE,1993,November,,Africa,GHC-NOV-18-20,Political,"In South Africa, 21 political parties approve a new constitution, expanding voting rights and ending white minority rule.",South African parties approve transitional constitution,18 November 1993 CE,https://en.wikipedia.org/wiki/November_18,November 18,,,Wikipedia — November date page,Exact,Democratic transition,South Africa,Gregorian (modern date listing),Target met,,South African political parties,National,Secondary reference chronology,20,Verified against cited chronology,20,5
19,CE,636,November,,Middle East,GHC-NOV-19-01,Military,The Rashidun Caliphate defeats the Sasanian Empire at the Battle of al-Qādisiyyah in Iraq.,Battle of al-Qādisiyyah,19 November 636 CE,https://en.wikipedia.org/wiki/November_19,November 19,al-Qādisiyyah,,Wikipedia — November date page,Exact,Battle,Iraq; Iran,Gregorian (modern date listing),Target met,,Rashidun Caliphate; Sasanian Empire,Regional,Secondary reference chronology,20,Verified against cited chronology,20,5
19,CE,1646,November,,Europe,GHC-NOV-19-02,Religious,"The current Saint Peter's Basilica is consecrated in Rome, replacing an earlier basilica on the same site. [2]",Consecration of Saint Peter's Basilica,19 November 1646 CE,https://en.wikipedia.org/wiki/November_19,November 19,Rome,,Wikipedia — November date page,Exact,Church consecration,Italy,Gregorian (modern date listing),Target met,,Catholic Church,Global,Secondary reference chronology,20,Verified against cited chronology,20,4
19,CE,1794,November,,North America; Europe,GHC-NOV-19-03,Political,"The United States and the Kingdom of Great Britain sign Jay's Treaty, which attempts to resolve some of the lingering problems left over from the American Revolutionary War.",Jay's Treaty signed,19 November 1794 CE,https://en.wikipedia.org/wiki/November_19,November 19,,,Wikipedia — November date page,Exact,Treaty,United States; United Kingdom,Gregorian (modern date listing),Target met,John Jay,United States; Kingdom of Great Britain,Global,Secondary reference chronology,20,Verified against cited chronology,20,5
19,CE,1863,November,,North America,GHC-NOV-19-04,Political,"American Civil War: U.S. President Abraham Lincoln delivers the Gettysburg Address at the dedication ceremony for the military cemetery at Gettysburg, Pennsylvania.",Gettysburg Address delivered,19 November 1863 CE,https://en.wikipedia.org/wiki/November_19,November 19,Gettysburg,,Wikipedia — November date page,Exact,Speech,United States,Gregorian (modern date listing),Target met,Abraham Lincoln,United States government,National,Secondary reference chronology,20,Verified against cited chronology,20,5
19,CE,1885,November,,Southeastern Europe,GHC-NOV-19-05,Military,Serbo-Bulgarian War: Bulgarian victory in the Battle of Slivnitsa solidifies the unification between the Principality of Bulgaria and Eastern Rumelia.,Battle of Slivnitsa,19 November 1885 CE,https://en.wikipedia.org/wiki/November_19,November 19,Slivnitsa,,Wikipedia — November date page,Exact,Battle,Bulgaria; Serbia,Gregorian (modern date listing),Target met,,Principality of Bulgaria; Kingdom of Serbia,Regional,Secondary reference chronology,20,Verified against cited chronology,20,4
19,CE,1912,November,,Balkans,GHC-NOV-19-06,Military,"First Balkan War: The Serbian Army captures Bitola, ending the five-century-long Ottoman rule of Macedonia.",Serbian capture of Bitola,19 November 1912 CE,https://en.wikipedia.org/wiki/November_19,November 19,Bitola,,Wikipedia — November date page,Exact,Conquest,North Macedonia; Serbia; Turkey,Gregorian (modern date listing),Target met,,Kingdom of Serbia; Ottoman Empire,Regional,Secondary reference chronology,20,Verified against cited chronology,20,4
19,CE,1941,November,,Oceania,GHC-NOV-19-07,Military,"World War II: Battle between HMAS Sydney and HSK Kormoran. The two ships sink each other off the coast of Western Australia, with the loss of 645 Australians and about 77 German seamen.",Battle between HMAS Sydney and HSK Kormoran,19 November 1941 CE,https://en.wikipedia.org/wiki/November_19,November 19,,,Wikipedia — November date page,Exact,Naval battle,Australia; Germany,Gregorian (modern date listing),Target met,,Royal Australian Navy; Kriegsmarine,Regional,Secondary reference chronology,20,Verified against cited chronology,20,5
19,CE,1942,November,,Eastern Europe,GHC-NOV-19-08,Military,"World War II: Battle of Stalingrad: Soviet Union forces under General Georgy Zhukov launch the Operation Uranus counterattacks at Stalingrad, turning the tide of the battle in the USSR's favor.",Operation Uranus launched,19 November 1942 CE,https://en.wikipedia.org/wiki/November_19,November 19,Stalingrad,,Wikipedia — November date page,Exact,Offensive,Russia; Germany,Gregorian (modern date listing),Target met,Georgy Zhukov,Soviet Union; Nazi Germany,Global,Secondary reference chronology,20,Verified against cited chronology,20,5
19,CE,1943,November,,Eastern Europe,GHC-NOV-19-09,Military,"The Holocaust: Nazis liquidate Janowska concentration camp in Lemberg (Lviv), western Ukraine, murdering at least 6,000 Jews after a failed uprising and mass escape attempt.",Liquidation of Janowska concentration camp,19 November 1943 CE,https://en.wikipedia.org/wiki/November_19,November 19,Lviv,,Wikipedia — November date page,Exact,Holocaust,Ukraine; Germany,Gregorian (modern date listing),Target met,,Nazi Germany; Janowska concentration camp,Global,Secondary reference chronology,20,Verified against cited chronology,20,5
19,CE,1946,November,,Global,GHC-NOV-19-10,Political,"Afghanistan, Iceland and Sweden join the United Nations.","Afghanistan, Iceland and Sweden join the United Nations",19 November 1946 CE,https://en.wikipedia.org/wiki/November_19,November 19,,,Wikipedia — November date page,Exact,International organization,Afghanistan; Iceland; Sweden,Gregorian (modern date listing),Target met,,United Nations,Global,Secondary reference chronology,20,Verified against cited chronology,20,4
19,CE,1969,November,,North America; Moon,GHC-NOV-19-11,Scientific,"Apollo program: Apollo 12 astronauts Pete Conrad and Alan Bean land at Oceanus Procellarum (the ""Ocean of Storms"") and become the third and fourth humans to walk on the Moon.",Apollo 12 Moon landing,19 November 1969 CE,https://en.wikipedia.org/wiki/November_19,November 19,Oceanus Procellarum,,Wikipedia — November date page,Exact,Space exploration,United States,Gregorian (modern date listing),Target met,Pete Conrad; Alan Bean,NASA; Apollo program,Global,Secondary reference chronology,20,Verified against cited chronology,20,5
19,CE,1977,November,,Europe,GHC-NOV-19-12,Disaster,"TAP Air Portugal Flight 425 crashes in the Madeira Islands, killing 131.",TAP Air Portugal Flight 425 crash,19 November 1977 CE,https://en.wikipedia.org/wiki/November_19,November 19,Madeira,,Wikipedia — November date page,Exact,Aviation accident,Portugal,Gregorian (modern date listing),Target met,,TAP Air Portugal,National,Secondary reference chronology,20,Verified against cited chronology,20,4
19,CE,1979,November,,Middle East; North America,GHC-NOV-19-13,Political,Iran hostage crisis: Iranian leader Ayatollah Ruhollah Khomeini orders the release of 13 female and black American hostages being held at the US Embassy in Tehran.,Release of 13 Iran hostage-crisis hostages,19 November 1979 CE,https://en.wikipedia.org/wiki/November_19,November 19,Tehran,,Wikipedia — November date page,Exact,Hostage crisis,Iran; United States,Gregorian (modern date listing),Target met,Ruhollah Khomeini,Government of Iran; United States government,Global,Secondary reference chronology,20,Verified against cited chronology,20,5
19,CE,1984,November,,North America,GHC-NOV-19-14,Disaster,San Juanico disaster: A series of explosions at the Pemex petroleum storage facility at San Juan Ixhuatepec in Mexico City starts a major fire and kills about 500 people.,San Juanico disaster,19 November 1984 CE,https://en.wikipedia.org/wiki/November_19,November 19,San Juan Ixhuatepec,,Wikipedia — November date page,Exact,Industrial disaster,Mexico,Gregorian (modern date listing),Target met,,Pemex,National,Secondary reference chronology,20,Verified against cited chronology,20,5
19,CE,1985,November,,Europe,GHC-NOV-19-15,Political,"Cold War: In Geneva, U.S. President Ronald Reagan and Soviet Union General Secretary Mikhail Gorbachev meet for the first time.",Reagan–Gorbachev Geneva summit,19 November 1985 CE,https://en.wikipedia.org/wiki/November_19,November 19,Geneva,,Wikipedia — November date page,Exact,Summit,United States; Russia,Gregorian (modern date listing),Target met,Ronald Reagan; Mikhail Gorbachev,United States government; Soviet Union,Global,Secondary reference chronology,20,Verified against cited chronology,20,5
19,CE,1994,November,,Europe,GHC-NOV-19-16,Economic,"In the United Kingdom, the first National Lottery draw is held. A £1 ticket gave a one-in-14-million chance of correctly guessing the winning six out of 49 numbers.",First National Lottery draw in the United Kingdom,19 November 1994 CE,https://en.wikipedia.org/wiki/November_19,November 19,,,Wikipedia — November date page,Exact,Lottery,United Kingdom,Gregorian (modern date listing),Target met,,National Lottery,National,Secondary reference chronology,20,Verified against cited chronology,20,3
19,CE,1998,November,,North America,GHC-NOV-19-17,Political,Clinton–Lewinsky scandal: The United States House of Representatives Judiciary Committee begins impeachment hearings into U.S. President Bill Clinton.,Clinton impeachment hearings begin,19 November 1998 CE,https://en.wikipedia.org/wiki/November_19,November 19,"Washington, D.C.",,Wikipedia — November date page,Exact,Impeachment,United States,Gregorian (modern date listing),Target met,Bill Clinton,United States House of Representatives,National,Secondary reference chronology,20,Verified against cited chronology,20,5
19,CE,1999,November,,East Asia,GHC-NOV-19-18,Scientific,Shenzhou 1: The People's Republic of China launches its first Shenzhou spacecraft.,Shenzhou 1 launched,19 November 1999 CE,https://en.wikipedia.org/wiki/November_19,November 19,,,Wikipedia — November date page,Exact,Spaceflight,China,Gregorian (modern date listing),Target met,,China National Space Administration; Shenzhou program,Global,Secondary reference chronology,20,Verified against cited chronology,20,4
19,CE,2001,November,,North America,GHC-NOV-19-19,Political,"The Aviation and Transportation Security Act is enacted by the 107th United States Congress in the immediate aftermath of the September 11, 2001 attacks. The Act created the Transportation Security Administration (TSA). [15]",Aviation and Transportation Security Act enacted,19 November 2001 CE,https://en.wikipedia.org/wiki/November_19,November 19,"Washington, D.C.",,Wikipedia — November date page,Exact,Legislation,United States,Gregorian (modern date listing),Target met,,United States Congress; Transportation Security Administration,Global,Secondary reference chronology,20,Verified against cited chronology,20,5
19,CE,2002,November,,Southwestern Europe,GHC-NOV-19-20,Disaster,"The Greek oil tanker Prestige splits in half and sinks off the coast of Galicia, releasing over 76,000 m 3 (20 million US gal) of oil in the largest environmental disaster in Spanish and Portuguese history.",Prestige oil spill,19 November 2002 CE,https://en.wikipedia.org/wiki/November_19,November 19,Galicia,,Wikipedia — November date page,Exact,Environmental disaster,Spain; Portugal,Gregorian (modern date listing),Target met,,Prestige,Regional,Secondary reference chronology,20,Verified against cited chronology,20,5
20,CE,284,November,,Europe,GHC-NOV-20-01,Political,Diocletian is chosen as Roman emperor. [1],Diocletian chosen as Roman emperor,20 November 284 CE,https://en.wikipedia.org/wiki/November_20,November 20,,,Wikipedia — November date page,Exact,Imperial succession,Italy,Gregorian (modern date listing),Target met,Diocletian,Roman Empire,Regional,Secondary reference chronology,20,Verified against cited chronology,20,5
20,CE,762,November,,East Asia,GHC-NOV-20-02,Military,"During the An Shi Rebellion, the Tang dynasty, with the help of Huihe tribe, recaptures Luoyang from the rebels.",Tang forces recapture Luoyang,20 November 762 CE,https://en.wikipedia.org/wiki/November_20,November 20,Luoyang,,Wikipedia — November date page,Exact,Civil war,China,Gregorian (modern date listing),Target met,,Tang dynasty,Regional,Secondary reference chronology,20,Verified against cited chronology,20,4
20,CE,1695,November,,South America,GHC-NOV-20-03,Social,"Zumbi, the last of the leaders of Quilombo dos Palmares in early Brazil, is executed by the forces of Portuguese bandeirante Domingos Jorge Velho.",Execution of Zumbi,20 November 1695 CE,https://en.wikipedia.org/wiki/November_20,November 20,,,Wikipedia — November date page,Exact,Resistance and slavery,Brazil,Gregorian (modern date listing),Target met,Zumbi; Domingos Jorge Velho,Quilombo dos Palmares,National,Secondary reference chronology,20,Verified against cited chronology,20,4
20,CE,1776,November,,North America,GHC-NOV-20-04,Military,American Revolutionary War: British forces land at the Palisades and then attack Fort Lee. The Continental Army starts to retreat across New Jersey.,British attack Fort Lee,20 November 1776 CE,https://en.wikipedia.org/wiki/November_20,November 20,Fort Lee,,Wikipedia — November date page,Exact,American Revolutionary War,United States,Gregorian (modern date listing),Target met,,Continental Army; British Army,National,Secondary reference chronology,20,Verified against cited chronology,20,4
20,CE,1789,November,,North America,GHC-NOV-20-05,Political,New Jersey becomes the first U.S. state to ratify the Bill of Rights.,New Jersey ratifies the Bill of Rights,20 November 1789 CE,https://en.wikipedia.org/wiki/November_20,November 20,,,Wikipedia — November date page,Exact,Constitutional law,United States,Gregorian (modern date listing),Target met,,State of New Jersey,National,Secondary reference chronology,20,Verified against cited chronology,20,5
20,CE,1815,November,,Europe,GHC-NOV-20-06,Political,"The Second Treaty of Paris is signed, returning the French frontiers to their 1790 extent, imposing large indemnities, and prolonging the occupation by troops of Great Britain, Austria, Prussia, and Russia for several more years. [4]",Second Treaty of Paris signed,20 November 1815 CE,https://en.wikipedia.org/wiki/November_20,November 20,Paris,,Wikipedia — November date page,Exact,Peace treaty,France; United Kingdom; Austria; Prussia; Russia,Gregorian (modern date listing),Target met,,Allied powers; France,Regional,Secondary reference chronology,20,Verified against cited chronology,20,5
20,CE,1820,November,,Pacific Ocean,GHC-NOV-20-07,Disaster,"An 80-ton sperm whale attacks and sinks the Essex (a whaling ship from Nantucket, Massachusetts) 3,200 kilometres (2,000 mi) from the western coast of South America. (Herman Melville's 1851 novel Moby-Dick was in part inspired by this incident.)",Essex sunk by a sperm whale,20 November 1820 CE,https://en.wikipedia.org/wiki/November_20,November 20,,,Wikipedia — November date page,Exact,Maritime disaster,United States,Gregorian (modern date listing),Target met,,Essex,Global,Secondary reference chronology,20,Verified against cited chronology,20,4
20,CE,1910,November,,North America,GHC-NOV-20-08,Political,"Mexican Revolution: Francisco I. Madero issues the Plan de San Luis Potosí, denouncing Mexican President Porfirio Díaz, calling for a revolution to overthrow the government of Mexico, effectively starting the Mexican Revolution.",Plan of San Luis Potosí issued,20 November 1910 CE,https://en.wikipedia.org/wiki/November_20,November 20,San Luis Potosí,,Wikipedia — November date page,Exact,Revolution,Mexico,Gregorian (modern date listing),Target met,Francisco I. Madero; Porfirio Díaz,Mexican revolutionary movement,National,Secondary reference chronology,20,Verified against cited chronology,20,5
20,CE,1917,November,,Europe,GHC-NOV-20-09,Military,World War I: Battle of Cambrai begins: British forces make early progress in an attack on German positions but are later pushed back.,Battle of Cambrai begins,20 November 1917 CE,https://en.wikipedia.org/wiki/November_20,November 20,Cambrai,,Wikipedia — November date page,Exact,World War I,United Kingdom; Germany,Gregorian (modern date listing),Target met,,British Army; German Army,Regional,Secondary reference chronology,20,Verified against cited chronology,20,4
20,CE,1940,November,,Europe,GHC-NOV-20-10,Political,"World War II: Hungary becomes a signatory of the Tripartite Pact, officially joining the Axis powers.",Hungary joins the Tripartite Pact,20 November 1940 CE,https://en.wikipedia.org/wiki/November_20,November 20,,,Wikipedia — November date page,Exact,Military alliance,Hungary,Gregorian (modern date listing),Target met,,Kingdom of Hungary; Axis powers,Regional,Secondary reference chronology,20,Verified against cited chronology,20,5
20,CE,1943,November,,Pacific,GHC-NOV-20-11,Military,World War II: Battle of Tarawa (Operation Galvanic) begins: United States Marines land on Tarawa Atoll in the Gilbert Islands and suffer heavy fire from Japanese shore guns and machine guns.,Battle of Tarawa begins,20 November 1943 CE,https://en.wikipedia.org/wiki/November_20,November 20,Tarawa,,Wikipedia — November date page,Exact,World War II,United States; Japan; Kiribati,Gregorian (modern date listing),Target met,,United States Marine Corps; Imperial Japanese forces,Regional,Secondary reference chronology,20,Verified against cited chronology,20,5
20,CE,1945,November,,Europe,GHC-NOV-20-12,Political,Nuremberg trials: Trials against 24 Nazi war criminals start at the Palace of Justice at Nuremberg.,Nuremberg trials begin,20 November 1945 CE,https://en.wikipedia.org/wiki/November_20,November 20,Nuremberg,,Wikipedia — November date page,Exact,International criminal law,Germany,Gregorian (modern date listing),Target met,,International Military Tribunal,Global,Secondary reference chronology,20,Verified against cited chronology,20,5
20,CE,1959,November,,Global,GHC-NOV-20-13,Social,The Declaration of the Rights of the Child is adopted by the United Nations.,Declaration of the Rights of the Child adopted,20 November 1959 CE,https://en.wikipedia.org/wiki/November_20,November 20,,,Wikipedia — November date page,Exact,Children's rights,,Gregorian (modern date listing),Target met,,United Nations,Global,Secondary reference chronology,20,Verified against cited chronology,20,5
20,CE,1962,November,,Caribbean,GHC-NOV-20-14,Political,"Cuban Missile Crisis ends: In response to the Soviet Union agreeing to remove its missiles from Cuba, U.S. President John F. Kennedy ends the quarantine of the Caribbean nation.",Cuban Missile Crisis quarantine ends,20 November 1962 CE,https://en.wikipedia.org/wiki/November_20,November 20,,,Wikipedia — November date page,Exact,Cold War diplomacy,United States; Cuba; Soviet Union,Gregorian (modern date listing),Target met,John F. Kennedy,United States government; Soviet government,Global,Secondary reference chronology,20,Verified against cited chronology,20,5
20,CE,1969,November,,North America; Southeast Asia,GHC-NOV-20-15,Social,"Vietnam War: The Plain Dealer (Cleveland, Ohio) publishes explicit photographs of dead villagers from the My Lai Massacre in Vietnam.",My Lai massacre photographs published,20 November 1969 CE,https://en.wikipedia.org/wiki/November_20,November 20,Cleveland,,Wikipedia — November date page,Exact,War crimes and journalism,United States; Vietnam,Gregorian (modern date listing),Target met,,The Plain Dealer,Global,Secondary reference chronology,20,Verified against cited chronology,20,5
20,CE,1969,November,,North America,GHC-NOV-20-16,Social,"Occupation of Alcatraz: Native American activists seize control of Alcatraz Island until being ousted by the U.S. Government on June 11, 1971.",Occupation of Alcatraz begins,20 November 1969 CE,https://en.wikipedia.org/wiki/November_20,November 20,San Francisco,,Wikipedia — November date page,Exact,Indigenous rights protest,United States,Gregorian (modern date listing),Target met,,Native American activists,National,Secondary reference chronology,20,Verified against cited chronology,20,5
20,CE,1977,November,,Middle East,GHC-NOV-20-17,Political,"Egyptian President Anwar Sadat becomes the first Arab leader to officially visit Israel, when he meets Israeli prime minister Menachem Begin and speaks before the Knesset in Jerusalem, seeking a permanent peace settlement.",Anwar Sadat visits Israel,20 November 1977 CE,https://en.wikipedia.org/wiki/November_20,November 20,Jerusalem,,Wikipedia — November date page,Exact,Peace diplomacy,Egypt; Israel,Gregorian (modern date listing),Target met,Anwar Sadat; Menachem Begin,Government of Egypt; Government of Israel,Regional,Secondary reference chronology,20,Verified against cited chronology,20,5
20,CE,1979,November,,Middle East,GHC-NOV-20-18,Religious,"Grand Mosque seizure: About 200 Sunni Muslims revolt in Saudi Arabia at the site of the Kaaba in Mecca during the pilgrimage and take about 6,000 hostages. The Saudi government receives help from French special forces to put down the uprising.",Grand Mosque seizure begins,20 November 1979 CE,https://en.wikipedia.org/wiki/November_20,November 20,Mecca,,Wikipedia — November date page,Exact,Religious uprising,Saudi Arabia,Gregorian (modern date listing),Target met,,Grand Mosque; Saudi government,Global,Secondary reference chronology,20,Verified against cited chronology,20,5
20,CE,1985,November,,North America,GHC-NOV-20-19,Scientific,"Microsoft Windows 1.0, the first graphical personal computer operating environment developed by Microsoft, is released. [8]",Microsoft Windows 1.0 released,20 November 1985 CE,https://en.wikipedia.org/wiki/November_20,November 20,,,Wikipedia — November date page,Exact,Personal computing,United States,Gregorian (modern date listing),Target met,,Microsoft,Global,Secondary reference chronology,20,Verified against cited chronology,20,4
20,CE,1989,November,,Europe,GHC-NOV-20-20,Political,"Velvet Revolution: The number of protesters assembled in Prague, Czechoslovakia, swells from 200,000 the day before to an estimated half-million. [9]",Velvet Revolution demonstrations expand,20 November 1989 CE,https://en.wikipedia.org/wiki/November_20,November 20,Prague,,Wikipedia — November date page,Exact,Democratic revolution,Czechoslovakia,Gregorian (modern date listing),Target met,,Velvet Revolution movement,National,Secondary reference chronology,20,Verified against cited chronology,20,5
21,CE,1386,November,,Caucasus,GHC-NOV-21-01,Military,"Timur of Samarkand captures and sacks the Georgian capital of Tbilisi, taking King Bagrat V of Georgia captive.",Timur captures Tbilisi,21 November 1386 CE,https://en.wikipedia.org/wiki/November_21,November 21,Tbilisi,,Wikipedia — November date page,Exact,Conquest,Georgia,Gregorian (modern date listing),Target met,Timur; Bagrat V,Timurid Empire,Regional,Secondary reference chronology,20,Verified against cited chronology,20,4
21,CE,1620,November,"November 11, O.S.; (November 11, O.S.)",North America,GHC-NOV-21-02,Political,"Plymouth Colony settlers sign the Mayflower Compact (November 11, O.S.)",Mayflower Compact signed,21 November 1620 CE,https://en.wikipedia.org/wiki/November_21,November 21,Provincetown,"(November 11, O.S.)",Wikipedia — November date page,Exact,Constitutional history,United States,Julian (O.S.),Target met,,Plymouth Colony,National,Secondary reference chronology,20,Verified against cited chronology,20,5
21,CE,1676,November,,Europe,GHC-NOV-21-03,Scientific,The Danish astronomer Ole Rømer presents the first quantitative measurements of the speed of light.,Speed of light measured quantitatively,21 November 1676 CE,https://en.wikipedia.org/wiki/November_21,November 21,Paris,,Wikipedia — November date page,Exact,Physics,Denmark,Gregorian (modern date listing),Target met,Ole Rømer,,Global,Secondary reference chronology,20,Verified against cited chronology,20,5
21,CE,1783,November,,Europe,GHC-NOV-21-04,Scientific,"In Paris, Jean-François Pilâtre de Rozier and François Laurent d'Arlandes make the first untethered hot air balloon flight.",First untethered hot-air balloon flight,21 November 1783 CE,https://en.wikipedia.org/wiki/November_21,November 21,Paris,,Wikipedia — November date page,Exact,Aviation,France,Gregorian (modern date listing),Target met,Jean-François Pilâtre de Rozier; François Laurent d'Arlandes,,Global,Secondary reference chronology,20,Verified against cited chronology,20,5
21,CE,1789,November,,North America,GHC-NOV-21-05,Political,North Carolina ratifies the United States Constitution and is admitted as the 12th U.S. state. [3],North Carolina ratifies the U.S. Constitution,21 November 1789 CE,https://en.wikipedia.org/wiki/November_21,November 21,,,Wikipedia — November date page,Exact,Constitutional history,United States,Gregorian (modern date listing),Target met,,State of North Carolina,National,Secondary reference chronology,20,Verified against cited chronology,20,4
21,CE,1877,November,,North America,GHC-NOV-21-06,Scientific,"Thomas Edison announces his invention of the phonograph, a machine that can record and play sound.",Edison announces the phonograph,21 November 1877 CE,https://en.wikipedia.org/wiki/November_21,November 21,,,Wikipedia — November date page,Exact,Sound recording technology,United States,Gregorian (modern date listing),Target met,Thomas Edison,,Global,Secondary reference chronology,20,Verified against cited chronology,20,5
21,CE,1894,November,,East Asia,GHC-NOV-21-07,Military,"Port Arthur, China, falls to the Japanese, a decisive victory of the First Sino-Japanese War; Japanese troops are accused of massacring the remaining inhabitants.",Japan captures Port Arthur,21 November 1894 CE,https://en.wikipedia.org/wiki/November_21,November 21,Port Arthur,,Wikipedia — November date page,Exact,War,China; Japan,Gregorian (modern date listing),Target met,,Imperial Japanese Army,Regional,Secondary reference chronology,20,Verified against cited chronology,20,5
21,CE,1905,November,,Europe,GHC-NOV-21-08,Scientific,"Albert Einstein's paper that leads to the mass–energy equivalence formula, E = mc², is published in the journal Annalen der Physik.",Mass–energy equivalence published,21 November 1905 CE,https://en.wikipedia.org/wiki/November_21,November 21,,,Wikipedia — November date page,Exact,Physics,Germany,Gregorian (modern date listing),Target met,Albert Einstein,Annalen der Physik,Global,Secondary reference chronology,20,Verified against cited chronology,20,5
21,CE,1916,November,,Mediterranean,GHC-NOV-21-09,Military,"World War I: Mines from SM U-73 sink HMHS Britannic, the largest ship lost in the war.",HMHS Britannic sunk,21 November 1916 CE,https://en.wikipedia.org/wiki/November_21,November 21,,,Wikipedia — November date page,Exact,Naval warfare,United Kingdom; Germany,Gregorian (modern date listing),Target met,,Royal Navy; Imperial German Navy,Global,Secondary reference chronology,20,Verified against cited chronology,20,4
21,CE,1918,November,,Europe,GHC-NOV-21-10,Social,"The Parliament (Qualification of Women) Act 1918 is passed, allowing women to stand for Parliament in the UK.",Women gain eligibility for Parliament in Britain,21 November 1918 CE,https://en.wikipedia.org/wiki/November_21,November 21,London,,Wikipedia — November date page,Exact,Women's political rights,United Kingdom,Gregorian (modern date listing),Target met,,Parliament of the United Kingdom,National,Secondary reference chronology,20,Verified against cited chronology,20,5
21,CE,1920,November,“Bloody Sunday”,Europe,GHC-NOV-21-11,Military,"Irish War of Independence: On "" Bloody Sunday"" in Dublin, the Irish Republican Army (IRA) assassinated a group of British Intelligence agents, and British forces killed 14 civilians at a Gaelic football match at Croke Park.",Bloody Sunday in Dublin,21 November 1920 CE,https://en.wikipedia.org/wiki/November_21,November 21,Dublin,,Wikipedia — November date page,Exact,War of independence,Ireland; United Kingdom,Gregorian (modern date listing),Target met,,Irish Republican Army; British forces,National,Secondary reference chronology,20,Verified against cited chronology,20,5
21,CE,1942,November,,North America,GHC-NOV-21-12,Exploration,"The completion of the Alaska Highway (also known as the Alcan Highway) is celebrated (however, the highway is not usable by standard road vehicles until 1943).",Alaska Highway completion celebrated,21 November 1942 CE,https://en.wikipedia.org/wiki/November_21,November 21,,,Wikipedia — November date page,Exact,Infrastructure,Canada; United States,Gregorian (modern date listing),Target met,,Alaska Highway,Regional,Secondary reference chronology,20,Verified against cited chronology,20,4
21,CE,1953,November,,Europe,GHC-NOV-21-13,Scientific,"The Natural History Museum, London announces that the "" Piltdown Man"" skull, initially believed to be one of the most important fossilized hominid skulls ever found, is a hoax.",Piltdown Man exposed as a hoax,21 November 1953 CE,https://en.wikipedia.org/wiki/November_21,November 21,London,,Wikipedia — November date page,Exact,Paleoanthropology,United Kingdom,Gregorian (modern date listing),Target met,,Natural History Museum,Global,Secondary reference chronology,20,Verified against cited chronology,20,5
21,CE,1962,November,,South Asia,GHC-NOV-21-14,Military,The Chinese People's Liberation Army declares a unilateral ceasefire in the Sino-Indian War.,China declares ceasefire in Sino-Indian War,21 November 1962 CE,https://en.wikipedia.org/wiki/November_21,November 21,,,Wikipedia — November date page,Exact,Ceasefire,China; India,Gregorian (modern date listing),Target met,,People's Liberation Army,Regional,Secondary reference chronology,20,Verified against cited chronology,20,4
21,CE,1969,November,,East Asia,GHC-NOV-21-15,Political,"U.S. President Richard Nixon and Japanese Premier Eisaku Satō agree on the return of Okinawa to Japanese control in 1972. The U.S. retains rights to bases on the island, but these are to be nuclear-free.",Okinawa reversion agreement reached,21 November 1969 CE,https://en.wikipedia.org/wiki/November_21,November 21,,,Wikipedia — November date page,Exact,International relations,Japan; United States,Gregorian (modern date listing),Target met,Richard Nixon; Eisaku Satō,Government of Japan; Government of the United States,Regional,Secondary reference chronology,20,Verified against cited chronology,20,5
21,CE,1969,November,,North America,GHC-NOV-21-16,Scientific,The first permanent ARPANET link is established between UCLA and SRI.,First permanent ARPANET link established,21 November 1969 CE,https://en.wikipedia.org/wiki/November_21,November 21,Los Angeles; Menlo Park,,Wikipedia — November date page,Exact,Computer networking,United States,Gregorian (modern date listing),Target met,,ARPANET; UCLA; Stanford Research Institute,Global,Secondary reference chronology,20,Verified against cited chronology,20,5
21,CE,1974,November,,Europe,GHC-NOV-21-17,Military,The Birmingham pub bombings kill 21 people. The Birmingham Six are sentenced to life in prison for the crime but are later exonerated.,Birmingham pub bombings,21 November 1974 CE,https://en.wikipedia.org/wiki/November_21,November 21,Birmingham,,Wikipedia — November date page,Exact,Terrorism,United Kingdom,Gregorian (modern date listing),Target met,,Provisional Irish Republican Army,National,Secondary reference chronology,20,Verified against cited chronology,20,5
21,CE,1980,November,,North America,GHC-NOV-21-18,Disaster,"A deadly fire breaks out at the MGM Grand Hotel in Paradise, Nevada (now Bally's Las Vegas). Eighty-five people are killed and more than 650 are injured in the worst disaster in Nevada history.",MGM Grand Hotel fire,21 November 1980 CE,https://en.wikipedia.org/wiki/November_21,November 21,Paradise,,Wikipedia — November date page,Exact,Building fire,United States,Gregorian (modern date listing),Target met,,MGM Grand Hotel,National,Secondary reference chronology,20,Verified against cited chronology,20,4
21,CE,1995,November,,Europe,GHC-NOV-21-19,Political,"The Dayton Agreement is initialed at the Wright-Patterson Air Force Base, near Dayton, Ohio, ending three and a half years of war in Bosnia and Herzegovina.",Dayton Agreement initialed,21 November 1995 CE,https://en.wikipedia.org/wiki/November_21,November 21,Dayton,,Wikipedia — November date page,Exact,Peace agreement,Bosnia and Herzegovina; Croatia; Serbia; United States,Gregorian (modern date listing),Target met,,Dayton Peace Accords,Regional,Secondary reference chronology,20,Verified against cited chronology,20,5
21,CE,2002,November,,Europe,GHC-NOV-21-20,Political,"NATO invites Bulgaria, Estonia, Latvia, Lithuania, Romania, Slovakia and Slovenia to become members.",NATO invites seven states to join,21 November 2002 CE,https://en.wikipedia.org/wiki/November_21,November 21,Prague,,Wikipedia — November date page,Exact,Alliance expansion,Bulgaria; Estonia; Latvia; Lithuania; Romania; Slovakia; Slovenia,Gregorian (modern date listing),Target met,,NATO,Regional,Secondary reference chronology,20,Verified against cited chronology,20,5
22,CE,1220,November,,Europe,GHC-NOV-22-01,Political,Frederick II is crowned Holy Roman Emperor in Rome by Pope Honorius III. [4],Frederick II crowned Holy Roman Emperor,22 November 1220 CE,https://en.wikipedia.org/wiki/November_22,November 22,Rome,,Wikipedia — November date page,Exact,Imperial coronation,Italy; Germany,Gregorian (modern date listing),Below target,Frederick II; Pope Honorius III,Holy Roman Empire,Regional,Secondary reference chronology,20,Verified against cited chronology,17,5
22,CE,1307,November,,Europe,GHC-NOV-22-02,Religious,Pope Clement V issues the papal bull Pastoralis Praeeminentiae which instructed all Christian monarchs in Europe to arrest all Templars and seize their assets. [5],Papal order against the Knights Templar,22 November 1307 CE,https://en.wikipedia.org/wiki/November_22,November 22,,,Wikipedia — November date page,Exact,Papal decree,,Gregorian (modern date listing),Below target,Pope Clement V,Catholic Church; Knights Templar,Regional,Secondary reference chronology,20,Verified against cited chronology,17,5
22,CE,1574,November,,South America,GHC-NOV-22-03,Exploration,Spanish navigator Juan Fernández discovers islands now known as the Juan Fernández Islands off Chile. [6],Juan Fernández Islands discovered,22 November 1574 CE,https://en.wikipedia.org/wiki/November_22,November 22,,,Wikipedia — November date page,Exact,Maritime exploration,Chile,Gregorian (modern date listing),Below target,Juan Fernández,Spanish Empire,Regional,Secondary reference chronology,20,Verified against cited chronology,17,4
22,CE,1718,November,,North America,GHC-NOV-22-04,Military,"Royal Navy Lieutenant Robert Maynard attacks and boards the vessels of the British pirate Edward Teach (best known as "" Blackbeard"") off the coast of North Carolina. The casualties on both sides include Maynard's first officer Mister Hyde and Teach himself. [8]",Blackbeard killed in naval engagement,22 November 1718 CE,https://en.wikipedia.org/wiki/November_22,November 22,,,Wikipedia — November date page,Exact,Anti-piracy action,United States,Gregorian (modern date listing),Below target,Robert Maynard; Edward Teach,Royal Navy,Regional,Secondary reference chronology,20,Verified against cited chronology,17,4
22,CE,1908,November,,Europe,GHC-NOV-22-05,Cultural,The Congress of Manastir establishes the Albanian alphabet. [13],Albanian alphabet established,22 November 1908 CE,https://en.wikipedia.org/wiki/November_22,November 22,Manastir,,Wikipedia — November date page,Exact,Language standardization,Albania,Gregorian (modern date listing),Below target,,Congress of Manastir,National,Secondary reference chronology,20,Verified against cited chronology,17,5
22,CE,1935,November,,Pacific,GHC-NOV-22-06,Exploration,"The China Clipper inaugurates the first commercial transpacific air service, connecting Alameda, California with Manila. [15]",China Clipper inaugurates transpacific air service,22 November 1935 CE,https://en.wikipedia.org/wiki/November_22,November 22,Alameda; Manila,,Wikipedia — November date page,Exact,Commercial aviation,United States; Philippines,Gregorian (modern date listing),Below target,,Pan American Airways,Global,Secondary reference chronology,20,Verified against cited chronology,17,5
22,CE,1940,November,,Europe,GHC-NOV-22-07,Military,"World War II: Following the initial Italian invasion, Greek troops counterattack into Italian-occupied Albania and capture Korytsa. [16]",Greek counteroffensive captures Korytsa,22 November 1940 CE,https://en.wikipedia.org/wiki/November_22,November 22,Korytsa,,Wikipedia — November date page,Exact,World War II campaign,Greece; Albania; Italy,Gregorian (modern date listing),Below target,,Hellenic Army; Italian Army,Regional,Secondary reference chronology,20,Verified against cited chronology,17,4
22,CE,1942,November,,Europe,GHC-NOV-22-08,Military,World War II: Battle of Stalingrad: General Friedrich Paulus sends Adolf Hitler a telegram saying that the German 6th Army is surrounded. [17],German Sixth Army reported surrounded at Stalingrad,22 November 1942 CE,https://en.wikipedia.org/wiki/November_22,November 22,Stalingrad,,Wikipedia — November date page,Exact,World War II battle,Russia; Germany,Gregorian (modern date listing),Below target,Friedrich Paulus; Adolf Hitler,German Sixth Army,Global,Secondary reference chronology,20,Verified against cited chronology,17,5
22,CE,1943,November,,North Africa,GHC-NOV-22-09,Political,"World War II: Cairo Conference: U.S. President Franklin D. Roosevelt, British Prime Minister Winston Churchill, and Chinese Premier Chiang Kai-shek meet in Cairo, Egypt, to discuss ways to defeat Japan. [18]",Cairo Conference begins,22 November 1943 CE,https://en.wikipedia.org/wiki/November_22,November 22,Cairo,,Wikipedia — November date page,Exact,Wartime diplomacy,Egypt; United States; United Kingdom; China,Gregorian (modern date listing),Below target,Franklin D. Roosevelt; Winston Churchill; Chiang Kai-shek,Allied powers,Global,Secondary reference chronology,20,Verified against cited chronology,17,5
22,CE,1943,November,,Middle East,GHC-NOV-22-10,Political,"Lebanon gains independence from France, nearly two years after it was first announced by the Free French government. [19]",Lebanon gains independence,22 November 1943 CE,https://en.wikipedia.org/wiki/November_22,November 22,,,Wikipedia — November date page,Exact,Independence,Lebanon; France,Gregorian (modern date listing),Below target,,Lebanese Republic,National,Secondary reference chronology,20,Verified against cited chronology,17,5
22,CE,1955,November,,Central Asia,GHC-NOV-22-11,Scientific,"The Soviet Union launches RDS-37, a 1.6 megaton two stage hydrogen bomb designed by Andrei Sakharov. The bomb was dropped over Semipalatinsk. [21]",Soviet Union tests RDS-37,22 November 1955 CE,https://en.wikipedia.org/wiki/November_22,November 22,Semipalatinsk,,Wikipedia — November date page,Exact,Nuclear weapons test,Kazakhstan; Soviet Union,Gregorian (modern date listing),Below target,Andrei Sakharov,Soviet Union,Global,Secondary reference chronology,20,Verified against cited chronology,17,5
22,CE,1963,November,,North America,GHC-NOV-22-12,Political,"U.S. President John F. Kennedy is assassinated and Texas Governor John Connally is seriously wounded by Lee Harvey Oswald, who also kills Dallas Police officer J. D. Tippit after fleeing the scene. [22] Vice President Lyndon B. Johnson is sworn in as the 36th President of the United States afterwards. [23]",John F. Kennedy assassinated,22 November 1963 CE,https://en.wikipedia.org/wiki/November_22,November 22,Dallas,,Wikipedia — November date page,Exact,Assassination and succession,United States,Gregorian (modern date listing),Below target,John F. Kennedy; Lee Harvey Oswald; Lyndon B. Johnson,United States federal government,Global,Secondary reference chronology,20,Verified against cited chronology,17,5
22,CE,1967,November,,Middle East,GHC-NOV-22-13,Political,"UN Security Council Resolution 242 is adopted, establishing a set of the principles aimed at guiding negotiations for an Arab– Israeli peace settlement. [27]",UN Security Council adopts Resolution 242,22 November 1967 CE,https://en.wikipedia.org/wiki/November_22,November 22,,,Wikipedia — November date page,Exact,International resolution,Israel; Palestine; Egypt; Jordan; Syria,Gregorian (modern date listing),Below target,,United Nations Security Council,Global,Secondary reference chronology,20,Verified against cited chronology,17,5
22,CE,1975,November,,Europe,GHC-NOV-22-14,Political,Juan Carlos is declared King of Spain following the death of Francisco Franco two days earlier. [30],Juan Carlos declared King of Spain,22 November 1975 CE,https://en.wikipedia.org/wiki/November_22,November 22,,,Wikipedia — November date page,Exact,Monarchical succession,Spain,Gregorian (modern date listing),Below target,Juan Carlos I; Francisco Franco,Kingdom of Spain,National,Secondary reference chronology,20,Verified against cited chronology,17,5
22,CE,1989,November,,North America,GHC-NOV-22-15,Scientific,"NASA launches Space Shuttle Discovery on STS-33, a classified mission for the United States Department of Defense. [32]",Space Shuttle Discovery launches STS-33,22 November 1989 CE,https://en.wikipedia.org/wiki/November_22,November 22,,,Wikipedia — November date page,Exact,Spaceflight,United States,Gregorian (modern date listing),Below target,,NASA; United States Department of Defense,Global,Secondary reference chronology,20,Verified against cited chronology,17,4
22,CE,1990,November,,Europe,GHC-NOV-22-16,Political,"British Prime Minister Margaret Thatcher withdraws from the Conservative Party leadership election, confirming the end of her Premiership. [33]",Margaret Thatcher withdraws from leadership election,22 November 1990 CE,https://en.wikipedia.org/wiki/November_22,November 22,London,,Wikipedia — November date page,Exact,Government leadership transition,United Kingdom,Gregorian (modern date listing),Below target,Margaret Thatcher,Conservative Party,National,Secondary reference chronology,20,Verified against cited chronology,17,5
22,CE,2004,November,,Europe,GHC-NOV-22-17,Social,"The Orange Revolution begins in Ukraine, resulting from the presidential elections. [36]",Orange Revolution begins,22 November 2004 CE,https://en.wikipedia.org/wiki/November_22,November 22,,,Wikipedia — November date page,Exact,Mass protest movement,Ukraine,Gregorian (modern date listing),Below target,,Orange Revolution movement,National,Secondary reference chronology,20,Verified against cited chronology,17,5
23,CE,1248,November,,Europe,GHC-NOV-23-01,Military,Conquest of Seville by Christian troops under King Ferdinand III of Castile.,Christian conquest of Seville,23 November 1248 CE,https://en.wikipedia.org/wiki/November_23,November 23,Seville,,Wikipedia — November date page,Exact,Conquest,Spain,Gregorian (modern date listing),Target met,Ferdinand III,Crown of Castile,Regional,Secondary reference chronology,20,Verified against cited chronology,20,5
23,CE,1644,November,,Europe,GHC-NOV-23-02,Cultural,"John Milton publishes Areopagitica, a pamphlet decrying censorship. [3]",Publication of Areopagitica,23 November 1644 CE,https://en.wikipedia.org/wiki/November_23,November 23,,,Wikipedia — November date page,Exact,Freedom of the press,United Kingdom,Gregorian (modern date listing),Target met,John Milton,Kingdom of England,Regional,Secondary reference chronology,20,Verified against cited chronology,20,4
23,CE,1733,November,,Caribbean,GHC-NOV-23-03,Social,The start of the 1733 slave insurrection on St. John in what was then the Danish West Indies.,St. John slave insurrection begins,23 November 1733 CE,https://en.wikipedia.org/wiki/November_23,November 23,St. John,,Wikipedia — November date page,Exact,Slave rebellion,United States Virgin Islands,Gregorian (modern date listing),Target met,,Danish West Indies,Regional,Secondary reference chronology,20,Verified against cited chronology,20,4
23,CE,1863,November,,North America,GHC-NOV-23-04,Military,"American Civil War: Battle of Chattanooga begins: Union forces led by General Ulysses S. Grant reinforce troops at Chattanooga, Tennessee, and counter-attack Confederate troops. [4]",Battle of Chattanooga begins,23 November 1863 CE,https://en.wikipedia.org/wiki/November_23,November 23,Chattanooga,,Wikipedia — November date page,Exact,Civil War battle,United States,Gregorian (modern date listing),Target met,Ulysses S. Grant,Union Army; Confederate States Army,National,Secondary reference chronology,20,Verified against cited chronology,20,5
23,CE,1890,November,,Europe,GHC-NOV-23-05,Political,King William III of the Netherlands dies without a male heir and a special law is passed to allow his daughter Princess Wilhelmina to succeed him.,Wilhelmina succeeds to the Dutch throne,23 November 1890 CE,https://en.wikipedia.org/wiki/November_23,November 23,,,Wikipedia — November date page,Exact,Monarchical succession,Netherlands,Gregorian (modern date listing),Target met,William III; Wilhelmina,Kingdom of the Netherlands,National,Secondary reference chronology,20,Verified against cited chronology,20,4
23,CE,1914,November,,North America,GHC-NOV-23-06,Military,"Mexican Revolution: The last of U.S. forces withdraw from Veracruz, occupied seven months earlier in response to the Tampico Affair.",U.S. withdrawal from Veracruz,23 November 1914 CE,https://en.wikipedia.org/wiki/November_23,November 23,Veracruz,,Wikipedia — November date page,Exact,Foreign intervention,Mexico; United States,Gregorian (modern date listing),Target met,,United States Armed Forces,Regional,Secondary reference chronology,20,Verified against cited chronology,20,4
23,CE,1921,November,,North America,GHC-NOV-23-07,Political,"Warren G. Harding, 29th President of the United States, signs the Willis–Campbell Act into law, prohibiting doctors from prescribing beer or liquor for medicinal purposes. [6]",Willis–Campbell Act signed,23 November 1921 CE,https://en.wikipedia.org/wiki/November_23,November 23,"Washington, D.C.",,Wikipedia — November date page,Exact,Legislation,United States,Gregorian (modern date listing),Target met,Warren G. Harding,United States federal government,National,Secondary reference chronology,20,Verified against cited chronology,20,4
23,CE,1924,November,,North America,GHC-NOV-23-08,Scientific,"Edwin Hubble's discovery, that the Andromeda ""nebula"" is actually another island galaxy far outside our own Milky Way, is first published in The New York Times. [8]",Hubble's Andromeda discovery publicized,23 November 1924 CE,https://en.wikipedia.org/wiki/November_23,November 23,,,Wikipedia — November date page,Exact,Astronomy,United States,Gregorian (modern date listing),Target met,Edwin Hubble,Mount Wilson Observatory,Global,Secondary reference chronology,20,Verified against cited chronology,20,5
23,CE,1934,November,,Africa,GHC-NOV-23-09,Political,"An Anglo-Ethiopian boundary commission in the Ogaden discovers an Italian garrison at Walwal, well within Ethiopian territory. This leads to the Abyssinia Crisis.",Walwal incident begins the Abyssinia Crisis,23 November 1934 CE,https://en.wikipedia.org/wiki/November_23,November 23,Walwal,,Wikipedia — November date page,Exact,International dispute,Ethiopia; Italy,Gregorian (modern date listing),Target met,,League of Nations,Regional,Secondary reference chronology,20,Verified against cited chronology,20,5
23,CE,1940,November,,Europe,GHC-NOV-23-10,Political,"World War II: Romania becomes a signatory of the Tripartite Pact, officially joining the Axis powers.",Romania joins the Tripartite Pact,23 November 1940 CE,https://en.wikipedia.org/wiki/November_23,November 23,,,Wikipedia — November date page,Exact,Alliance,Romania,Gregorian (modern date listing),Target met,,Kingdom of Romania; Axis powers,Global,Secondary reference chronology,20,Verified against cited chronology,20,5
23,CE,1943,November,,Oceania,GHC-NOV-23-11,Military,World War II: Tarawa and Makin atolls fall to American forces.,American capture of Tarawa and Makin,23 November 1943 CE,https://en.wikipedia.org/wiki/November_23,November 23,Tarawa; Makin,,Wikipedia — November date page,Exact,Pacific campaign,Kiribati,Gregorian (modern date listing),Target met,,United States Armed Forces; Imperial Japanese forces,Global,Secondary reference chronology,20,Verified against cited chronology,20,5
23,CE,1946,November,,Southeast Asia,GHC-NOV-23-12,Military,"French naval bombardment of Hai Phong, Vietnam, kills thousands of civilians.",French bombardment of Hai Phong,23 November 1946 CE,https://en.wikipedia.org/wiki/November_23,November 23,Hai Phong,,Wikipedia — November date page,Exact,Colonial conflict,Vietnam; France,Gregorian (modern date listing),Target met,,French Navy,Regional,Secondary reference chronology,20,Verified against cited chronology,20,5
23,CE,1971,November,,Asia,GHC-NOV-23-13,Political,"Representatives of the People's Republic of China attend the United Nations, including the United Nations Security Council, for the first time.",People's Republic of China takes its UN seat,23 November 1971 CE,https://en.wikipedia.org/wiki/November_23,November 23,New York City,,Wikipedia — November date page,Exact,International representation,China,Gregorian (modern date listing),Target met,,United Nations; People's Republic of China,Global,Secondary reference chronology,20,Verified against cited chronology,20,5
23,CE,1978,November,,South Asia,GHC-NOV-23-14,Disaster,"Cyclone kills about 1,000 people in eastern Sri Lanka.",Sri Lanka cyclone disaster,23 November 1978 CE,https://en.wikipedia.org/wiki/November_23,November 23,,,Wikipedia — November date page,Exact,Tropical cyclone,Sri Lanka,Gregorian (modern date listing),Target met,,,National,Secondary reference chronology,20,Verified against cited chronology,20,4
23,CE,1980,November,Death toll and injury figures are ranges.,Europe,GHC-NOV-23-15,Disaster,"The 6.9 M w Irpinia earthquake shakes southern Italy with a maximum Mercalli intensity of X (Extreme), killing 2,483–4,900, and injuring 7,700–8,934.",Irpinia earthquake,23 November 1980 CE,https://en.wikipedia.org/wiki/November_23,November 23,Irpinia,,Wikipedia — November date page,Exact,Earthquake,Italy,Gregorian (modern date listing),Target met,,,National,Secondary reference chronology,20,Verified against cited chronology,20,5
23,CE,1992,November,,North America,GHC-NOV-23-16,Scientific,"The first smartphone, the IBM Simon, is introduced at COMDEX in Las Vegas, Nevada.",IBM Simon smartphone introduced,23 November 1992 CE,https://en.wikipedia.org/wiki/November_23,November 23,Las Vegas,,Wikipedia — November date page,Exact,Information technology,United States,Gregorian (modern date listing),Target met,,IBM,Global,Secondary reference chronology,20,Verified against cited chronology,20,5
23,CE,2001,November,,Europe,GHC-NOV-23-17,Political,"The Budapest Convention on Cybercrime is signed in Budapest, Hungary.",Budapest Convention on Cybercrime signed,23 November 2001 CE,https://en.wikipedia.org/wiki/November_23,November 23,Budapest,,Wikipedia — November date page,Exact,International law,Hungary,Gregorian (modern date listing),Target met,,Council of Europe,Global,Secondary reference chronology,20,Verified against cited chronology,20,5
23,CE,2003,November,,Caucasus,GHC-NOV-23-18,Political,Rose Revolution: Georgian president Eduard Shevardnadze resigns following weeks of mass protests over flawed elections.,Shevardnadze resigns during the Rose Revolution,23 November 2003 CE,https://en.wikipedia.org/wiki/November_23,November 23,Tbilisi,,Wikipedia — November date page,Disputed,Democratic transition,Georgia,Gregorian (modern date listing),Target met,Eduard Shevardnadze,Government of Georgia,National,Secondary reference chronology,20,Verified against cited chronology,20,5
23,CE,2005,November,,West Africa,GHC-NOV-23-19,Political,Ellen Johnson Sirleaf is elected president of Liberia and becomes the first woman to lead an African country.,Ellen Johnson Sirleaf elected president,23 November 2005 CE,https://en.wikipedia.org/wiki/November_23,November 23,Monrovia,,Wikipedia — November date page,Exact,Election,Liberia,Gregorian (modern date listing),Target met,Ellen Johnson Sirleaf,Government of Liberia,Regional,Secondary reference chronology,20,Verified against cited chronology,20,5
23,CE,2009,November,,Southeast Asia,GHC-NOV-23-20,Social,"The Maguindanao massacre occurs in Ampatuan, Philippines; 58 opponents of Andal Ampatuan Jr. are kidnapped and killed. [18]",Maguindanao massacre,23 November 2009 CE,https://en.wikipedia.org/wiki/November_23,November 23,Ampatuan,,Wikipedia — November date page,Exact,Political violence,Philippines,Gregorian (modern date listing),Target met,Andal Ampatuan Jr.,Ampatuan clan,National,Secondary reference chronology,20,Verified against cited chronology,20,5
24,CE,1221,November,,Central Asia,GHC-NOV-24-01,Military,"Genghis Khan defeats the renegade Khwarazmian prince Jalal al-Din at the Battle of the Indus, completing the Mongol conquest of Central Asia. [4]",Battle of the Indus,24 November 1221 CE,https://en.wikipedia.org/wiki/November_24,November 24,,,Wikipedia — November date page,Exact,Conquest,Mongolia; Afghanistan; Iran; Central Asia,Gregorian (modern date listing),Below target,Genghis Khan; Jalal al-Din,Mongol Empire,Regional,Secondary reference chronology,20,Verified against cited chronology,15,5
24,CE,1642,November,,Oceania,GHC-NOV-24-02,Exploration,Abel Tasman becomes the first European to discover the island Van Diemen's Land (later renamed Tasmania).,Tasman reaches Van Diemen’s Land,24 November 1642 CE,https://en.wikipedia.org/wiki/November_24,November 24,Tasmania,,Wikipedia — November date page,Exact,European exploration,Australia; Netherlands,Gregorian (modern date listing),Below target,Abel Tasman,Dutch East India Company,Global,Secondary reference chronology,20,Verified against cited chronology,15,4
24,CE,1832,November,,North America,GHC-NOV-24-03,Political,"South Carolina passes the Ordinance of Nullification, declaring that the Tariffs of 1828 and 1832 were null and void in the state, beginning the Nullification Crisis. [7]",South Carolina Ordinance of Nullification,24 November 1832 CE,https://en.wikipedia.org/wiki/November_24,November 24,Columbia,,Wikipedia — November date page,Exact,Federalism and constitutional crisis,United States,Gregorian (modern date listing),Below target,,South Carolina,National,Secondary reference chronology,20,Verified against cited chronology,15,5
24,CE,1859,November,,Europe,GHC-NOV-24-04,Scientific,British naturalist Charles Darwin's On the Origin of Species is published. [8] [9] [10] [11],Publication of On the Origin of Species,24 November 1859 CE,https://en.wikipedia.org/wiki/November_24,November 24,London,,Wikipedia — November date page,Exact,Evolutionary biology,United Kingdom,Gregorian (modern date listing),Below target,Charles Darwin,John Murray,Global,Secondary reference chronology,20,Verified against cited chronology,15,5
24,CE,1863,November,,North America,GHC-NOV-24-05,Military,"American Civil War: Battle of Lookout Mountain: Near Chattanooga, Tennessee, Union forces under General Ulysses S. Grant capture Lookout Mountain and begin to break the Confederate siege of the city led by General Braxton Bragg.",Battle of Lookout Mountain,24 November 1863 CE,https://en.wikipedia.org/wiki/November_24,November 24,"Chattanooga, Tennessee",,Wikipedia — November date page,Exact,American Civil War,United States,Gregorian (modern date listing),Below target,Ulysses S. Grant; Braxton Bragg,Union Army; Confederate States,National,Secondary reference chronology,20,Verified against cited chronology,15,5
24,CE,1917,November,,North America,GHC-NOV-24-06,Disaster,"In Milwaukee, nine members of the Milwaukee Police Department are killed by a bomb, the most deaths in a single event in U.S. police history until the September 11 attacks in 2001.",Milwaukee police bombing,24 November 1917 CE,https://en.wikipedia.org/wiki/November_24,November 24,Milwaukee,,Wikipedia — November date page,Exact,Bombing,United States,Gregorian (modern date listing),Below target,,Milwaukee Police Department,National,Secondary reference chronology,20,Verified against cited chronology,15,4
24,CE,1940,November,,Europe,GHC-NOV-24-07,Political,"World War II: The First Slovak Republic becomes a signatory to the Tripartite Pact, officially joining the Axis powers.",Slovakia joins the Tripartite Pact,24 November 1940 CE,https://en.wikipedia.org/wiki/November_24,November 24,Berlin,,Wikipedia — November date page,Exact,Alliance and diplomacy,Slovakia; Germany; Italy; Japan,Gregorian (modern date listing),Below target,,First Slovak Republic; Axis powers,Regional,Secondary reference chronology,20,Verified against cited chronology,15,4
24,CE,1943,November,,Pacific Ocean,GHC-NOV-24-08,Military,"World War II: At the battle of Makin the USS Liscome Bay is torpedoed near Tarawa and sinks, killing 650 men.",Sinking of USS Liscome Bay,24 November 1943 CE,https://en.wikipedia.org/wiki/November_24,November 24,Near Tarawa,,Wikipedia — November date page,Exact,Naval warfare,United States; Japan,Gregorian (modern date listing),Below target,,United States Navy,Regional,Secondary reference chronology,20,Verified against cited chronology,15,4
24,CE,1944,November,,East Asia,GHC-NOV-24-09,Military,World War II: The 73rd Bombardment Wing launches the first attack on Tokyo from the Northern Mariana Islands.,First Mariana Islands raid on Tokyo,24 November 1944 CE,https://en.wikipedia.org/wiki/November_24,November 24,Tokyo,,Wikipedia — November date page,Exact,Strategic bombing,United States; Japan,Gregorian (modern date listing),Below target,,United States Army Air Forces,Regional,Secondary reference chronology,20,Verified against cited chronology,15,5
24,CE,1963,November,,North America,GHC-NOV-24-10,Political,"Lee Harvey Oswald, the assassin of President John F. Kennedy, is killed by Jack Ruby on live television. Robert H. Jackson takes a photograph of the shooting that will win the 1964 Pulitzer Prize in Photography.",Lee Harvey Oswald is killed,24 November 1963 CE,https://en.wikipedia.org/wiki/November_24,November 24,Dallas,,Wikipedia — November date page,Exact,Political assassination,United States,Gregorian (modern date listing),Below target,Lee Harvey Oswald; Jack Ruby,Dallas Police Department,Global,Secondary reference chronology,20,Verified against cited chronology,15,5
24,CE,1965,November,,Central Africa,GHC-NOV-24-11,Political,"Joseph-Désiré Mobutu seizes power in the Democratic Republic of the Congo and becomes President; he rules the country (which he renames Zaire in 1971) for over 30 years, until being overthrown by rebels in 1997.",Mobutu seizes power in Congo,24 November 1965 CE,https://en.wikipedia.org/wiki/November_24,November 24,Kinshasa,,Wikipedia — November date page,Exact,Coup d’état,Democratic Republic of the Congo,Gregorian (modern date listing),Below target,Joseph-Désiré Mobutu,Government of the Democratic Republic of the Congo,Regional,Secondary reference chronology,20,Verified against cited chronology,15,5
24,CE,1969,November,,Pacific Ocean,GHC-NOV-24-12,Scientific,"Apollo program: The Apollo 12 command module splashes down safely in the Pacific Ocean, ending the second crewed mission to land on the Moon.",Apollo 12 returns to Earth,24 November 1969 CE,https://en.wikipedia.org/wiki/November_24,November 24,,,Wikipedia — November date page,Exact,Space exploration,United States,Gregorian (modern date listing),Below target,,NASA,Global,Secondary reference chronology,20,Verified against cited chronology,15,5
24,CE,1974,November,,East Africa,GHC-NOV-24-13,Scientific,"Donald Johanson and Tom Gray discover the 40% complete Australopithecus afarensis skeleton, nicknamed "" Lucy"" (after The Beatles song "" Lucy in the Sky with Diamonds""), in the Awash Valley of Ethiopia's Afar Depression.",Discovery of Lucy,24 November 1974 CE,https://en.wikipedia.org/wiki/November_24,November 24,Hadar,,Wikipedia — November date page,Exact,Paleoanthropology,Ethiopia,Gregorian (modern date listing),Below target,Donald Johanson; Tom Gray,Cleveland Museum of Natural History,Global,Secondary reference chronology,20,Verified against cited chronology,15,5
24,CE,1976,November,,Middle East,GHC-NOV-24-14,Disaster,"The Çaldıran–Muradiye earthquake in eastern Turkey kills between 4,000 and 5,000 people.",Çaldıran–Muradiye earthquake,24 November 1976 CE,https://en.wikipedia.org/wiki/November_24,November 24,Çaldıran; Muradiye,,Wikipedia — November date page,Exact,Earthquake,Turkey,Gregorian (modern date listing),Below target,,,National,Secondary reference chronology,20,Verified against cited chronology,15,5
24,CE,1989,November,,Central Europe,GHC-NOV-24-15,Political,"After a week of mass protests against the Communist regime known as the Velvet Revolution, Miloš Jakeš and the entire Politburo of the Czechoslovak Communist Party resign from office. This brings an effective end to Communist rule in Czechoslovakia. [13]",Czechoslovak Communist leadership resigns,24 November 1989 CE,https://en.wikipedia.org/wiki/November_24,November 24,Prague,,Wikipedia — November date page,Exact,Democratic revolution,Czechoslovakia,Gregorian (modern date listing),Below target,Miloš Jakeš,Communist Party of Czechoslovakia,Regional,Secondary reference chronology,20,Verified against cited chronology,15,5
25,CE,1120,November,,Europe,GHC-NOV-25-01,Disaster,"The White Ship sinks in the English Channel, drowning William Adelin, son and heir of Henry I of England. [2]",White Ship disaster,25 November 1120 CE,https://en.wikipedia.org/wiki/November_25,November 25,English Channel,,Wikipedia — November date page,Exact,Maritime disaster,United Kingdom,Gregorian (modern date listing),Target met,William Adelin; Henry I,Kingdom of England,National,Secondary reference chronology,20,Verified against cited chronology,20,5
25,CE,1177,November,,Middle East,GHC-NOV-25-02,Military,Baldwin IV of Jerusalem and Raynald of Châtillon defeat Saladin at the Battle of Montgisard. [3],Battle of Montgisard,25 November 1177 CE,https://en.wikipedia.org/wiki/November_25,November 25,Montgisard,,Wikipedia — November date page,Exact,Battle,Israel; Palestine; Egypt,Gregorian (modern date listing),Target met,Baldwin IV; Raynald of Châtillon; Saladin,Kingdom of Jerusalem; Ayyubid dynasty,Regional,Secondary reference chronology,20,Verified against cited chronology,20,4
25,CE,1343,November,,Europe,GHC-NOV-25-03,Disaster,"A tsunami, caused by an earthquake in the Tyrrhenian Sea, devastates Naples and the Maritime Republic of Amalfi, among other places.",Tyrrhenian Sea tsunami,25 November 1343 CE,https://en.wikipedia.org/wiki/November_25,November 25,Naples; Amalfi,,Wikipedia — November date page,Exact,Earthquake and tsunami,Italy,Gregorian (modern date listing),Target met,,,Regional,Secondary reference chronology,20,Verified against cited chronology,20,4
25,CE,1491,November,,Europe,GHC-NOV-25-04,Political,"The siege of Granada, the last Moorish stronghold in Spain, ends with the Treaty of Granada.",Treaty of Granada,25 November 1491 CE,https://en.wikipedia.org/wiki/November_25,November 25,Granada,,Wikipedia — November date page,Exact,Treaty,Spain,Gregorian (modern date listing),Target met,,Emirate of Granada; Crown of Castile,National,Secondary reference chronology,20,Verified against cited chronology,20,5
25,CE,1510,November,,South Asia,GHC-NOV-25-05,Military,"Portuguese conquest of Goa: Portuguese naval forces under the command of Afonso de Albuquerque, and local mercenaries working for privateer Timoji, seize Goa from the Bijapur Sultanate, resulting in 451 years of Portuguese colonial rule.",Portuguese conquest of Goa,25 November 1510 CE,https://en.wikipedia.org/wiki/November_25,November 25,Goa,,Wikipedia — November date page,Exact,Colonial conquest,India; Portugal,Gregorian (modern date listing),Target met,Afonso de Albuquerque; Timoji,Portuguese Empire; Bijapur Sultanate,Regional,Secondary reference chronology,20,Verified against cited chronology,20,5
25,CE,1667,November,,Caucasus,GHC-NOV-25-06,Disaster,"A deadly earthquake rocks Shemakha in the Caucasus, killing 80,000 people.",Shemakha earthquake,25 November 1667 CE,https://en.wikipedia.org/wiki/November_25,November 25,Shemakha,,Wikipedia — November date page,Exact,Earthquake,Azerbaijan,Gregorian (modern date listing),Target met,,,Regional,Secondary reference chronology,20,Verified against cited chronology,20,4
25,CE,1758,November,,North America,GHC-NOV-25-07,Military,"French and Indian War: British forces capture Fort Duquesne from French control. Later, Fort Pitt will be built nearby and grow into modern Pittsburgh.",Capture of Fort Duquesne,25 November 1758 CE,https://en.wikipedia.org/wiki/November_25,November 25,Pittsburgh,,Wikipedia — November date page,Exact,Fortress capture,United States; France; United Kingdom,Gregorian (modern date listing),Target met,,British Empire; Kingdom of France,Regional,Secondary reference chronology,20,Verified against cited chronology,20,4
25,CE,1759,November,,Middle East,GHC-NOV-25-08,Disaster,"An earthquake hits the Mediterranean destroying Beirut and Damascus and killing 30,000–40,000.",Mediterranean earthquake,25 November 1759 CE,https://en.wikipedia.org/wiki/November_25,November 25,Beirut; Damascus,,Wikipedia — November date page,Exact,Earthquake,Lebanon; Syria,Gregorian (modern date listing),Target met,,,Regional,Secondary reference chronology,20,Verified against cited chronology,20,5
25,CE,1783,November,,North America,GHC-NOV-25-09,Military,"American Revolutionary War: The last British troops leave New York City, three months after the signing of the Treaty of Paris.",British evacuation of New York,25 November 1783 CE,https://en.wikipedia.org/wiki/November_25,November 25,New York City,,Wikipedia — November date page,Exact,War termination,United States; United Kingdom,Gregorian (modern date listing),Target met,,United States; British Empire,National,Secondary reference chronology,20,Verified against cited chronology,20,5
25,CE,1795,November,,Europe,GHC-NOV-25-10,Political,"Partitions of Poland: Stanisław August Poniatowski, the last king of independent Poland, is forced to abdicate and is exiled to Russia.",Abdication of Stanisław August,25 November 1795 CE,https://en.wikipedia.org/wiki/November_25,November 25,,,Wikipedia — November date page,Exact,Monarchical abdication,Poland; Russia,Gregorian (modern date listing),Target met,Stanisław August Poniatowski,Polish–Lithuanian Commonwealth; Russian Empire,Regional,Secondary reference chronology,20,Verified against cited chronology,20,5
25,CE,1833,November,Estimated magnitude 8.7–9.2,Southeast Asia,GHC-NOV-25-11,Disaster,"A massive undersea earthquake, estimated magnitude between 8.7 and 9.2, rocks Sumatra, producing a massive tsunami all along the Indonesian coast.",Sumatra earthquake and tsunami,25 November 1833 CE,https://en.wikipedia.org/wiki/November_25,November 25,Sumatra,,Wikipedia — November date page,Exact,Earthquake and tsunami,Indonesia,Gregorian (modern date listing),Target met,,,Regional,Secondary reference chronology,20,Verified against cited chronology,20,5
25,CE,1839,November,,South Asia,GHC-NOV-25-12,Disaster,"A cyclone slams into south-eastern India. An estimated 300,000 deaths resulted from the disaster. [7]",India cyclone disaster,25 November 1839 CE,https://en.wikipedia.org/wiki/November_25,November 25,,,Wikipedia — November date page,Exact,Tropical cyclone,India,Gregorian (modern date listing),Target met,,,Regional,Secondary reference chronology,20,Verified against cited chronology,20,5
25,CE,1863,November,,North America,GHC-NOV-25-13,Military,American Civil War: Battle of Missionary Ridge: Union forces led by General Ulysses S. Grant break the Siege of Chattanooga by routing Confederate troops under General Braxton Bragg at Missionary Ridge in Tennessee.,Battle of Missionary Ridge,25 November 1863 CE,https://en.wikipedia.org/wiki/November_25,November 25,Chattanooga,,Wikipedia — November date page,Exact,Battle,United States,Gregorian (modern date listing),Target met,Ulysses S. Grant; Braxton Bragg,Union; Confederate States of America,National,Secondary reference chronology,20,Verified against cited chronology,20,5
25,CE,1915,November,,Europe,GHC-NOV-25-14,Scientific,Albert Einstein presents the field equations of general relativity to the Prussian Academy of Sciences.,Einstein presents general relativity equations,25 November 1915 CE,https://en.wikipedia.org/wiki/November_25,November 25,Berlin,,Wikipedia — November date page,Exact,Physics,Germany,Gregorian (modern date listing),Target met,Albert Einstein,Prussian Academy of Sciences,Global,Secondary reference chronology,20,Verified against cited chronology,20,5
25,CE,1918,November,,Europe,GHC-NOV-25-15,Political,"Vojvodina, formerly Austro-Hungarian crown land, proclaims its secession from Austria-Hungary to join the Kingdom of Serbia.",Vojvodina joins Serbia,25 November 1918 CE,https://en.wikipedia.org/wiki/November_25,November 25,,,Wikipedia — November date page,Exact,Territorial integration,Serbia; Austria; Hungary,Gregorian (modern date listing),Target met,,Kingdom of Serbia; Austria-Hungary,Regional,Secondary reference chronology,20,Verified against cited chronology,20,5
25,CE,1936,November,,Europe; East Asia,GHC-NOV-25-16,Political,"In Berlin, Germany and Japan sign the Anti-Comintern Pact, agreeing to consult on measures ""to safeguard their common interests"" in the case of an unprovoked attack by the Soviet Union against either nation.",Anti-Comintern Pact signed,25 November 1936 CE,https://en.wikipedia.org/wiki/November_25,November 25,Berlin,,Wikipedia — November date page,Exact,International alliance,Germany; Japan,Gregorian (modern date listing),Target met,,Nazi Germany; Empire of Japan,Global,Secondary reference chronology,20,Verified against cited chronology,20,5
25,CE,1943,November,,Europe,GHC-NOV-25-17,Political,World War II: Statehood of Bosnia and Herzegovina is re-established at the State Anti-fascist Council for the National Liberation of Bosnia and Herzegovina.,Re-establishment of Bosnia and Herzegovina,25 November 1943 CE,https://en.wikipedia.org/wiki/November_25,November 25,,,Wikipedia — November date page,Exact,Statehood,Bosnia and Herzegovina,Gregorian (modern date listing),Target met,,State Anti-fascist Council for the National Liberation of Bosnia and Herzegovina,Regional,Secondary reference chronology,20,Verified against cited chronology,20,4
25,CE,1947,November,,Oceania,GHC-NOV-25-18,Political,New Zealand ratifies the Statute of Westminster and thus becomes independent of legislative control by the United Kingdom.,New Zealand adopts the Statute of Westminster,25 November 1947 CE,https://en.wikipedia.org/wiki/November_25,November 25,,,Wikipedia — November date page,Exact,Constitutional independence,New Zealand; United Kingdom,Gregorian (modern date listing),Target met,,Dominion of New Zealand; British Empire,National,Secondary reference chronology,20,Verified against cited chronology,20,5
25,CE,1960,November,,Caribbean,GHC-NOV-25-19,Social,The Mirabal sisters of the Dominican Republic are assassinated.,Assassination of the Mirabal sisters,25 November 1960 CE,https://en.wikipedia.org/wiki/November_25,November 25,,,Wikipedia — November date page,Exact,Political repression,Dominican Republic,Gregorian (modern date listing),Target met,Patria Mirabal; Minerva Mirabal; María Teresa Mirabal,Dominican Republic,National,Secondary reference chronology,20,Verified against cited chronology,20,5
25,CE,1975,November,,South America,GHC-NOV-25-20,Political,Suriname gains independence from the Netherlands.,Suriname gains independence,25 November 1975 CE,https://en.wikipedia.org/wiki/November_25,November 25,Paramaribo,,Wikipedia — November date page,Exact,Independence,Suriname; Netherlands,Gregorian (modern date listing),Target met,,Republic of Suriname; Kingdom of the Netherlands,National,Secondary reference chronology,20,Verified against cited chronology,20,5
26,CE,1161,November,,East Asia,GHC-NOV-26-01,Military,Battle of Caishi: A Song dynasty fleet fights a naval engagement with Jin dynasty ships on the Yangtze river during the Jin–Song Wars.,Battle of Caishi,26 November 1161 CE,https://en.wikipedia.org/wiki/November_26,November 26,Caishi,,Wikipedia — November date page,Exact,Naval warfare,China,Gregorian (modern date listing),Target met,,Song dynasty; Jin dynasty,Regional,Secondary reference chronology,20,Verified against cited chronology,20,4
26,CE,1778,November,,Oceania,GHC-NOV-26-02,Exploration,"In the Hawaiian Islands, Captain James Cook becomes the first European to visit Maui.",Cook reaches Maui,26 November 1778 CE,https://en.wikipedia.org/wiki/November_26,November 26,Maui,,Wikipedia — November date page,Exact,European exploration,United States,Gregorian (modern date listing),Target met,James Cook,Kingdom of Great Britain,Global,Secondary reference chronology,20,Verified against cited chronology,20,4
26,CE,1789,November,,North America,GHC-NOV-26-03,Political,A national Thanksgiving Day is observed in the United States as proclaimed by President George Washington at the request of Congress.,First national Thanksgiving observance,26 November 1789 CE,https://en.wikipedia.org/wiki/November_26,November 26,,,Wikipedia — November date page,Exact,National observance,United States,Gregorian (modern date listing),Target met,George Washington,United States government,National,Secondary reference chronology,20,Verified against cited chronology,20,4
26,CE,1805,November,,Europe,GHC-NOV-26-04,Scientific,Official opening of Thomas Telford's Pontcysyllte Aqueduct.,Pontcysyllte Aqueduct opens,26 November 1805 CE,https://en.wikipedia.org/wiki/November_26,November 26,Pontcysyllte,,Wikipedia — November date page,Exact,Civil engineering,United Kingdom,Gregorian (modern date listing),Target met,Thomas Telford,Ellesmere Canal,Regional,Secondary reference chronology,20,Verified against cited chronology,20,3
26,CE,1812,November,,Eastern Europe,GHC-NOV-26-05,Military,The Battle of Berezina begins during Napoleon's retreat from Russia.,Battle of Berezina begins,26 November 1812 CE,https://en.wikipedia.org/wiki/November_26,November 26,Berezina,,Wikipedia — November date page,Exact,Napoleonic Wars,Belarus,Gregorian (modern date listing),Target met,Napoleon Bonaparte,First French Empire; Russian Empire,Regional,Secondary reference chronology,20,Verified against cited chronology,20,4
26,CE,1852,November,,Southeast Asia,GHC-NOV-26-06,Disaster,"An earthquake as high as magnitude 8.8 rocks the Banda Sea, triggering a tsunami and killing at least 60 in the Dutch East Indies. [2]",Banda Sea earthquake and tsunami,26 November 1852 CE,https://en.wikipedia.org/wiki/November_26,November 26,Banda Sea,,Wikipedia — November date page,Exact,Earthquake and tsunami,Indonesia,Gregorian (modern date listing),Target met,,Dutch East Indies,Regional,Secondary reference chronology,20,Verified against cited chronology,20,4
26,CE,1863,November,,North America,GHC-NOV-26-07,Political,"United States President Abraham Lincoln proclaims November 26 as a national Thanksgiving Day, to be celebrated annually on the final Thursday of November. Following the Franksgiving controversy from 1939 to 1941, it has been observed on the fourth Thursday in 1942 and subsequent years.",Thanksgiving proclaimed as a national observance,26 November 1863 CE,https://en.wikipedia.org/wiki/November_26,November 26,,,Wikipedia — November date page,Exact,National observance,United States,Gregorian (modern date listing),Target met,Abraham Lincoln,United States government,National,Secondary reference chronology,20,Verified against cited chronology,20,4
26,CE,1917,November,,Middle East,GHC-NOV-26-08,Political,The Manchester Guardian publishes the 1916 secret Sykes-Picot Agreement between the United Kingdom and France. [4],Sykes–Picot Agreement published,26 November 1917 CE,https://en.wikipedia.org/wiki/November_26,November 26,Manchester,,Wikipedia — November date page,Exact,Diplomacy,United Kingdom; France,Gregorian (modern date listing),Target met,,British government; French government,Global,Secondary reference chronology,20,Verified against cited chronology,20,5
26,CE,1917,November,,North America,GHC-NOV-26-09,Cultural,"The National Hockey League is formed, with the Montreal Canadiens, Montreal Wanderers, Ottawa Senators, Quebec Bulldogs, and Toronto Arenas as its first teams.",National Hockey League formed,26 November 1917 CE,https://en.wikipedia.org/wiki/November_26,November 26,Montreal,,Wikipedia — November date page,Exact,Sport,Canada,Gregorian (modern date listing),Target met,,National Hockey League,Regional,Secondary reference chronology,20,Verified against cited chronology,20,4
26,CE,1922,November,,North Africa,GHC-NOV-26-10,Exploration,"Howard Carter and Lord Carnarvon become the first people to enter the tomb of Pharaoh Tutankhamun in over 3,000 years. [6]",Tutankhamun's tomb entered,26 November 1922 CE,https://en.wikipedia.org/wiki/November_26,November 26,Luxor,,Wikipedia — November date page,Exact,Archaeology,Egypt,Gregorian (modern date listing),Target met,Howard Carter; Lord Carnarvon,Egyptian royal necropolis,Global,Secondary reference chronology,20,Verified against cited chronology,20,5
26,CE,1924,November,,East Asia,GHC-NOV-26-11,Political,"The Mongolian People's Republic is officially established after a new constitution, passed by the first State Great Khural, abolishes the monarchy. [7]",Mongolian People's Republic established,26 November 1924 CE,https://en.wikipedia.org/wiki/November_26,November 26,Ulaanbaatar,,Wikipedia — November date page,Exact,Constitutional change,Mongolia,Gregorian (modern date listing),Target met,,Mongolian People's Republic,National,Secondary reference chronology,20,Verified against cited chronology,20,5
26,CE,1941,November,,East Asia,GHC-NOV-26-12,Political,"World War II: The Hull note is given to the Japanese ambassador, demanding that Japan withdraw from China and French Indochina, in return for which the United States would lift economic sanctions. [8] On the same day, Japan's 1st Air Fleet departs Hitokappu Bay for Hawaii. [9]",Hull note delivered to Japan,26 November 1941 CE,https://en.wikipedia.org/wiki/November_26,November 26,"Washington, D.C.",,Wikipedia — November date page,Exact,Diplomacy,United States; Japan,Gregorian (modern date listing),Target met,Cordell Hull,United States Department of State; Empire of Japan,Global,Secondary reference chronology,20,Verified against cited chronology,20,5
26,CE,1942,November,,Southeastern Europe,GHC-NOV-26-13,Political,World War II: Yugoslav Partisans convene the first meeting of the Anti-Fascist Council for the National Liberation of Yugoslavia at Bihać in northwestern Bosnia.,Anti-Fascist Council of National Liberation of Yugoslavia convenes,26 November 1942 CE,https://en.wikipedia.org/wiki/November_26,November 26,Bihać,,Wikipedia — November date page,Exact,Resistance government,Bosnia and Herzegovina,Gregorian (modern date listing),Target met,,Yugoslav Partisans; AVNOJ,Regional,Secondary reference chronology,20,Verified against cited chronology,20,4
26,CE,1944,November,,Europe,GHC-NOV-26-14,Military,"World War II: A German V-2 rocket hits a Woolworth's shop in New Cross, London, killing 168 people.",V-2 rocket strikes New Cross,26 November 1944 CE,https://en.wikipedia.org/wiki/November_26,November 26,London,,Wikipedia — November date page,Exact,Rocket attack,United Kingdom,Gregorian (modern date listing),Target met,,Nazi Germany,National,Secondary reference chronology,20,Verified against cited chronology,20,4
26,CE,1949,November,,South Asia,GHC-NOV-26-15,Political,The Constituent Assembly of India adopts the constitution presented by Dr. B. R. Ambedkar.,Constitution of India adopted,26 November 1949 CE,https://en.wikipedia.org/wiki/November_26,November 26,New Delhi,,Wikipedia — November date page,Exact,Constitutional law,India,Gregorian (modern date listing),Target met,B. R. Ambedkar,Constituent Assembly of India,National,Secondary reference chronology,20,Verified against cited chronology,20,5
26,CE,1950,November,,East Asia,GHC-NOV-26-16,Military,Korean War: Communist Chinese troops launch a massive counterattack (Battle of the Ch'ongch'on River and Battle of Chosin Reservoir) against United Nations and South Korean forces.,Chinese counteroffensive in the Korean War,26 November 1950 CE,https://en.wikipedia.org/wiki/November_26,November 26,,,Wikipedia — November date page,Exact,Korean War,North Korea; South Korea; China,Gregorian (modern date listing),Target met,,People's Republic of China; United Nations Command,Global,Secondary reference chronology,20,Verified against cited chronology,20,5
26,CE,1965,November,,Europe,GHC-NOV-26-17,Scientific,"France launches Astérix, becoming the third nation to put an object in orbit using its own booster.",France launches Astérix,26 November 1965 CE,https://en.wikipedia.org/wiki/November_26,November 26,,,Wikipedia — November date page,Exact,Spaceflight,France,Gregorian (modern date listing),Target met,,French space program,Global,Secondary reference chronology,20,Verified against cited chronology,20,5
26,CE,1991,November,,Caucasus,GHC-NOV-26-18,Political,National Assembly of Azerbaijan abolishes the autonomous status of Nagorno-Karabakh Autonomous Oblast of Azerbaijan and renames several cities with Azeri names.,Azerbaijan abolishes Nagorno-Karabakh's autonomous status,26 November 1991 CE,https://en.wikipedia.org/wiki/November_26,November 26,Baku,,Wikipedia — November date page,Exact,Territorial administration,Azerbaijan,Gregorian (modern date listing),Target met,,National Assembly of Azerbaijan,National,Secondary reference chronology,20,Verified against cited chronology,20,4
26,CE,2003,November,,Europe,GHC-NOV-26-19,Scientific,"The Concorde makes its final flight, over Bristol, England. [14]",Concorde makes final flight,26 November 2003 CE,https://en.wikipedia.org/wiki/November_26,November 26,Bristol,,Wikipedia — November date page,Exact,Aviation technology,United Kingdom,Gregorian (modern date listing),Target met,,Concorde,Global,Secondary reference chronology,20,Verified against cited chronology,20,4
26,CE,2008,November,,South Asia,GHC-NOV-26-20,Military,"Mumbai attacks, a series of terrorist attacks killing approximately 175 citizens by 10 members of Lashkar-e-Taiba, a Pakistan based extremist Islamist terrorist organisation.",Mumbai attacks begin,26 November 2008 CE,https://en.wikipedia.org/wiki/November_26,November 26,Mumbai,,Wikipedia — November date page,Exact,Terrorism,India,Gregorian (modern date listing),Target met,,Lashkar-e-Taiba,Global,Secondary reference chronology,20,Verified against cited chronology,20,5
27,CE,1095,November,,Europe,GHC-NOV-27-01,Religious,Pope Urban II declares the First Crusade at the Council of Clermont.,Council of Clermont declares the First Crusade,27 November 1095 CE,https://en.wikipedia.org/wiki/November_27,November 27,Clermont,,Wikipedia — November date page,Exact,Crusades,France,Gregorian (modern date listing),Target met,Pope Urban II,Catholic Church,Global,Secondary reference chronology,20,Verified against cited chronology,20,5
27,CE,1755,November,,North Africa,GHC-NOV-27-02,Disaster,An earthquake in northern Morocco devastates the cities of Fes and Meknes. [3],Earthquake devastates northern Morocco,27 November 1755 CE,https://en.wikipedia.org/wiki/November_27,November 27,Fes; Meknes,,Wikipedia — November date page,Exact,Earthquake,Morocco,Gregorian (modern date listing),Target met,,,National,Secondary reference chronology,20,Verified against cited chronology,20,4
27,CE,1815,November,,Europe,GHC-NOV-27-03,Political,Adoption of the Constitution of the Kingdom of Poland.,Constitution of the Kingdom of Poland adopted,27 November 1815 CE,https://en.wikipedia.org/wiki/November_27,November 27,,,Wikipedia — November date page,Exact,Constitution,Poland,Gregorian (modern date listing),Target met,,Kingdom of Poland,National,Secondary reference chronology,20,Verified against cited chronology,20,4
27,CE,1835,November,,Europe,GHC-NOV-27-04,Social,James Pratt and John Smith are hanged in London; they are the last two to be executed for sodomy in England.,Last executions for sodomy in England,27 November 1835 CE,https://en.wikipedia.org/wiki/November_27,November 27,London,,Wikipedia — November date page,Exact,LGBTQ+ history,United Kingdom,Gregorian (modern date listing),Target met,James Pratt; John Smith,Kingdom of Great Britain,National,Secondary reference chronology,20,Verified against cited chronology,20,4
27,CE,1868,November,,North America,GHC-NOV-27-05,Military,American Indian Wars: Battle of Washita River: United States Army Lieutenant Colonel George Armstrong Custer leads an attack on Cheyenne living on reservation land.,Battle of Washita River,27 November 1868 CE,https://en.wikipedia.org/wiki/November_27,November 27,Washita River,,Wikipedia — November date page,Exact,Indigenous peoples conflict,United States,Gregorian (modern date listing),Target met,George Armstrong Custer,United States Army,National,Secondary reference chronology,20,Verified against cited chronology,20,4
27,CE,1895,November,,Europe,GHC-NOV-27-06,Cultural,"At the Swedish–Norwegian Club in Paris, Alfred Nobel signs his last will and testament, setting aside his estate to establish the Nobel Prize after he dies.",Alfred Nobel signs his final will,27 November 1895 CE,https://en.wikipedia.org/wiki/November_27,November 27,Paris,,Wikipedia — November date page,Exact,Scientific and cultural institutions,France,Gregorian (modern date listing),Target met,Alfred Nobel,Nobel Foundation,Global,Secondary reference chronology,20,Verified against cited chronology,20,5
27,CE,1901,November,,North America,GHC-NOV-27-07,Military,The U.S. Army War College is established.,U.S. Army War College established,27 November 1901 CE,https://en.wikipedia.org/wiki/November_27,November 27,,,Wikipedia — November date page,Exact,Military education,United States,Gregorian (modern date listing),Target met,,United States Army War College,National,Secondary reference chronology,20,Verified against cited chronology,20,4
27,CE,1912,November,,North Africa,GHC-NOV-27-08,Political,Spain declares a protectorate over the north shore of Morocco.,Spain declares a protectorate over northern Morocco,27 November 1912 CE,https://en.wikipedia.org/wiki/November_27,November 27,,,Wikipedia — November date page,Exact,Colonialism,Spain; Morocco,Gregorian (modern date listing),Target met,,Spanish protectorate in Morocco,Regional,Secondary reference chronology,20,Verified against cited chronology,20,4
27,CE,1924,November,,North America,GHC-NOV-27-09,Cultural,"In New York City, the first Macy's Thanksgiving Day Parade is held.",First Macy’s Thanksgiving Day Parade,27 November 1924 CE,https://en.wikipedia.org/wiki/November_27,November 27,New York City,,Wikipedia — November date page,Exact,Public celebrations,United States,Gregorian (modern date listing),Target met,,Macy's,National,Secondary reference chronology,20,Verified against cited chronology,20,3
27,CE,1940,November,,Europe,GHC-NOV-27-10,Political,"In Romania, the ruling Iron Guard fascist party assassinates over 60 of arrested King Carol II of Romania's aides and other political dissidents.",Iron Guard assassinations in Romania,27 November 1940 CE,https://en.wikipedia.org/wiki/November_27,November 27,,,Wikipedia — November date page,Exact,Political violence,Romania,Gregorian (modern date listing),Target met,Carol II of Romania,Iron Guard,National,Secondary reference chronology,20,Verified against cited chronology,20,5
27,CE,1940,November,,Mediterranean,GHC-NOV-27-11,Military,"World War II: At the Battle of Cape Spartivento, the Royal Navy engages the Regia Marina in the Mediterranean Sea.",Battle of Cape Spartivento,27 November 1940 CE,https://en.wikipedia.org/wiki/November_27,November 27,Cape Spartivento,,Wikipedia — November date page,Exact,Naval battle,United Kingdom; Italy,Gregorian (modern date listing),Target met,,Royal Navy; Regia Marina,Regional,Secondary reference chronology,20,Verified against cited chronology,20,4
27,CE,1942,November,,Europe,GHC-NOV-27-12,Military,"World War II: At Toulon, the French navy scuttles its ships and submarines to keep them out of Nazi hands.",French fleet scuttled at Toulon,27 November 1942 CE,https://en.wikipedia.org/wiki/November_27,November 27,Toulon,,Wikipedia — November date page,Exact,Naval warfare,France; Germany,Gregorian (modern date listing),Target met,,French Navy,Regional,Secondary reference chronology,20,Verified against cited chronology,20,5
27,CE,1944,November,,Europe,GHC-NOV-27-13,Disaster,World War II: RAF Fauld explosion: An explosion at a Royal Air Force ammunition dump in Staffordshire kills seventy people.,RAF Fauld explosion,27 November 1944 CE,https://en.wikipedia.org/wiki/November_27,November 27,Staffordshire,,Wikipedia — November date page,Exact,Industrial and military accident,United Kingdom,Gregorian (modern date listing),Target met,,Royal Air Force,National,Secondary reference chronology,20,Verified against cited chronology,20,4
27,CE,1945,November,,North America; Europe,GHC-NOV-27-14,Social,CARE (then the Cooperative for American Remittances to Europe) is founded to send CARE Packages of food relief to Europe after World War II.,CARE founded,27 November 1945 CE,https://en.wikipedia.org/wiki/November_27,November 27,,,Wikipedia — November date page,Exact,Humanitarian aid,United States,Gregorian (modern date listing),Target met,,CARE,Global,Secondary reference chronology,20,Verified against cited chronology,20,4
27,CE,1971,November,,Solar System,GHC-NOV-27-15,Scientific,"The Soviet space program's Mars 2 orbiter releases a descent module. It malfunctions and crashes, but it is the first man-made object to reach the surface of Mars.",Mars 2 reaches the Martian surface,27 November 1971 CE,https://en.wikipedia.org/wiki/November_27,November 27,Mars,,Wikipedia — November date page,Exact,Space exploration,Russia,Gregorian (modern date listing),Target met,,Soviet space program,Global,Secondary reference chronology,20,Verified against cited chronology,20,5
27,CE,1973,November,,North America,GHC-NOV-27-16,Political,"Twenty-fifth Amendment: The United States Senate votes 92–3 to confirm Gerald Ford as Vice President of the United States. (On December 6, the House will confirm him 387–35).",Gerald Ford confirmed as vice president,27 November 1973 CE,https://en.wikipedia.org/wiki/November_27,November 27,"Washington, D.C.",,Wikipedia — November date page,Exact,Executive succession,United States,Gregorian (modern date listing),Target met,Gerald Ford,United States Senate,National,Secondary reference chronology,20,Verified against cited chronology,20,5
27,CE,1978,November,,North America,GHC-NOV-27-17,Political,"In San Francisco, city mayor George Moscone and openly gay city supervisor Harvey Milk are assassinated by former supervisor Dan White.",Assassinations of George Moscone and Harvey Milk,27 November 1978 CE,https://en.wikipedia.org/wiki/November_27,November 27,San Francisco,,Wikipedia — November date page,Exact,Political assassination,United States,Gregorian (modern date listing),Target met,George Moscone; Harvey Milk; Dan White,City and County of San Francisco,National,Secondary reference chronology,20,Verified against cited chronology,20,5
27,CE,1978,November,,Middle East,GHC-NOV-27-18,Political,The Kurdistan Workers' Party (PKK) is founded in the Turkish village of Fis.,PKK founded,27 November 1978 CE,https://en.wikipedia.org/wiki/November_27,November 27,Fis,,Wikipedia — November date page,Exact,Separatist movements,Turkey,Gregorian (modern date listing),Target met,,Kurdistan Workers' Party,Regional,Secondary reference chronology,20,Verified against cited chronology,20,4
27,CE,1984,November,,Europe,GHC-NOV-27-19,Political,"Under the Brussels Agreement signed between the governments of the United Kingdom and Spain, the former agrees to enter into discussions with Spain over Gibraltar, including sovereignty.",Brussels Agreement on Gibraltar,27 November 1984 CE,https://en.wikipedia.org/wiki/November_27,November 27,Brussels,,Wikipedia — November date page,Exact,Diplomacy and territorial dispute,United Kingdom; Spain,Gregorian (modern date listing),Target met,,Governments of the United Kingdom and Spain,Regional,Secondary reference chronology,20,Verified against cited chronology,20,4
27,CE,2001,November,,Solar System,GHC-NOV-27-20,Scientific,"A hydrogen atmosphere is discovered on the extrasolar planet Osiris by the Hubble Space Telescope, the first atmosphere detected on an extrasolar planet.",First exoplanet atmosphere detected,27 November 2001 CE,https://en.wikipedia.org/wiki/November_27,November 27,,,Wikipedia — November date page,Exact,Astronomy,United States,Gregorian (modern date listing),Target met,,Hubble Space Telescope,Global,Secondary reference chronology,20,Verified against cited chronology,20,5
28,CE,1443,November,,Europe/Balkans,GHC-NOV-28-01,Military,Skanderbeg and his forces liberate Kruja in central Albania and raise the Albanian flag. [3],Liberation of Kruja,28 November 1443 CE,https://en.wikipedia.org/wiki/November_28,November 28,Kruja,,Wikipedia — November date page,Exact,War of Albanian resistance,Albania,Gregorian (modern date listing),Target met,Skanderbeg,League of Lezhë,National,Secondary reference chronology,20,Verified against cited chronology,20,4
28,CE,1520,November,,South America,GHC-NOV-28-02,Exploration,"After 38 days, an expedition under the command of Ferdinand Magellan completes the first passage through the Strait of Magellan and enters the Pacific Ocean. [5]",Passage through the Strait of Magellan,28 November 1520 CE,https://en.wikipedia.org/wiki/November_28,November 28,Strait of Magellan,,Wikipedia — November date page,Exact,Maritime exploration,Chile,Gregorian (modern date listing),Target met,Ferdinand Magellan,Spanish expedition,Global,Secondary reference chronology,20,Verified against cited chronology,20,5
28,CE,1660,November,,Europe,GHC-NOV-28-03,Scientific,"At Gresham College, twelve men, including Christopher Wren, Robert Boyle, John Wilkins, and Sir Robert Moray decide to found what is later known as the Royal Society.",Founding decision of the Royal Society,28 November 1660 CE,https://en.wikipedia.org/wiki/November_28,November 28,London,,Wikipedia — November date page,Exact,Scientific institution,United Kingdom,Gregorian (modern date listing),Target met,Christopher Wren; Robert Boyle; John Wilkins; Robert Moray,Royal Society,Global,Secondary reference chronology,20,Verified against cited chronology,20,5
28,CE,1785,November,,North America,GHC-NOV-28-04,Political,"The first Treaty of Hopewell is signed, by which the United States acknowledges Cherokee lands in what is now East Tennessee.",First Treaty of Hopewell,28 November 1785 CE,https://en.wikipedia.org/wiki/November_28,November 28,Hopewell,,Wikipedia — November date page,Exact,Indigenous treaty,United States,Gregorian (modern date listing),Target met,,United States; Cherokee Nation,National,Secondary reference chronology,20,Verified against cited chronology,20,4
28,CE,1814,November,,Europe,GHC-NOV-28-05,Scientific,"The Times of London becomes the first newspaper to be produced on a steam-powered printing press, built by the German team of Koenig & Bauer.",Steam-powered newspaper printing,28 November 1814 CE,https://en.wikipedia.org/wiki/November_28,November 28,London,,Wikipedia — November date page,Exact,Printing technology,United Kingdom,Gregorian (modern date listing),Target met,Koenig; Bauer,The Times,Global,Secondary reference chronology,20,Verified against cited chronology,20,4
28,CE,1821,November,,Central America,GHC-NOV-28-06,Political,Panama Independence Day: Panama separates from Spain and joins Gran Colombia.,Panama separates from Spain,28 November 1821 CE,https://en.wikipedia.org/wiki/November_28,November 28,Panama City,,Wikipedia — November date page,Exact,Independence,Panama; Colombia,Gregorian (modern date listing),Target met,,Gran Colombia,Regional,Secondary reference chronology,20,Verified against cited chronology,20,4
28,CE,1843,November,,Oceania,GHC-NOV-28-07,Political,Ka Lā Hui (Hawaiian Independence Day): The Kingdom of Hawaii is officially recognized by the United Kingdom and France as an independent nation.,Recognition of Hawaiian independence,28 November 1843 CE,https://en.wikipedia.org/wiki/November_28,November 28,,,Wikipedia — November date page,Exact,International recognition,United Kingdom; France; United States,Gregorian (modern date listing),Target met,,Kingdom of Hawaii,Global,Secondary reference chronology,20,Verified against cited chronology,20,4
28,CE,1893,November,,Oceania,GHC-NOV-28-08,Social,Women's suffrage in New Zealand concludes with the 1893 New Zealand general election.,New Zealand general election,28 November 1893 CE,https://en.wikipedia.org/wiki/November_28,November 28,,,Wikipedia — November date page,Exact,Women's suffrage,New Zealand,Gregorian (modern date listing),Target met,,New Zealand Parliament,Global,Secondary reference chronology,20,Verified against cited chronology,20,5
28,CE,1899,November,,Africa,GHC-NOV-28-09,Military,"The Second Boer War: A British column is engaged by Boer forces at the Battle of Modder River; although the Boers withdraw, the British suffer heavy casualties.",Battle of Modder River,28 November 1899 CE,https://en.wikipedia.org/wiki/November_28,November 28,Modder River,,Wikipedia — November date page,Exact,Second Boer War,South Africa,Gregorian (modern date listing),Target met,,British Army; Boer forces,Regional,Secondary reference chronology,20,Verified against cited chronology,20,4
28,CE,1905,November,,Europe,GHC-NOV-28-10,Political,Irish nationalist Arthur Griffith founds Sinn Féin as a political party with the main aim of establishing a dual monarchy in Ireland.,Founding of Sinn Féin,28 November 1905 CE,https://en.wikipedia.org/wiki/November_28,November 28,Dublin,,Wikipedia — November date page,Exact,Nationalist movement,Ireland,Gregorian (modern date listing),Target met,Arthur Griffith,Sinn Féin,National,Secondary reference chronology,20,Verified against cited chronology,20,4
28,CE,1912,November,,Europe/Balkans,GHC-NOV-28-11,Political,Albania declares its independence from the Ottoman Empire.,Albanian declaration of independence,28 November 1912 CE,https://en.wikipedia.org/wiki/November_28,November 28,,,Wikipedia — November date page,Exact,Independence,Albania; Turkey,Gregorian (modern date listing),Target met,,Provisional Government of Albania; Ottoman Empire,Regional,Secondary reference chronology,20,Verified against cited chronology,20,5
28,CE,1917,November,,Europe,GHC-NOV-28-12,Political,The Estonian Provincial Assembly declares itself the sovereign power of Estonia.,Estonian Provincial Assembly claims sovereignty,28 November 1917 CE,https://en.wikipedia.org/wiki/November_28,November 28,Tallinn,,Wikipedia — November date page,Exact,National sovereignty,Estonia,Gregorian (modern date listing),Target met,,Estonian Provincial Assembly,National,Secondary reference chronology,20,Verified against cited chronology,20,4
28,CE,1918,November,,Europe,GHC-NOV-28-13,Military,"The Soviet Forces move against Estonia when the 6th Red Rifle Division strikes the border town of Narva, marking the beginning of the Estonian War of Independence. [9]",Beginning of the Estonian War of Independence,28 November 1918 CE,https://en.wikipedia.org/wiki/November_28,November 28,Narva,,Wikipedia — November date page,Exact,War of independence,Estonia; Russia,Gregorian (modern date listing),Target met,,Soviet Russia; Estonian forces,Regional,Secondary reference chronology,20,Verified against cited chronology,20,4
28,CE,1919,November,,Europe,GHC-NOV-28-14,Political,"Lady Astor is elected as a Member of the Parliament of the United Kingdom. She is the first woman to sit in the House of Commons. (Countess Markievicz, the first to be elected, refused to sit.)",Lady Astor enters the House of Commons,28 November 1919 CE,https://en.wikipedia.org/wiki/November_28,November 28,London,,Wikipedia — November date page,Exact,Women's political representation,United Kingdom,Gregorian (modern date listing),Target met,Lady Astor,House of Commons,Global,Secondary reference chronology,20,Verified against cited chronology,20,5
28,CE,1920,November,,Europe,GHC-NOV-28-15,Military,Irish War of Independence: Kilmichael Ambush: The Irish Republican Army ambush a convoy of British Auxiliaries and kill seventeen.,Kilmichael Ambush,28 November 1920 CE,https://en.wikipedia.org/wiki/November_28,November 28,Kilmichael,,Wikipedia — November date page,Exact,Irish War of Independence,Ireland; United Kingdom,Gregorian (modern date listing),Target met,,Irish Republican Army; British Auxiliaries,National,Secondary reference chronology,20,Verified against cited chronology,20,4
28,CE,1942,November,,North America,GHC-NOV-28-16,Disaster,"In Boston, Massachusetts, a fire in the Cocoanut Grove nightclub kills 492 people.",Cocoanut Grove fire,28 November 1942 CE,https://en.wikipedia.org/wiki/November_28,November 28,Boston,,Wikipedia — November date page,Exact,Nightclub fire,United States,Gregorian (modern date listing),Target met,,Cocoanut Grove nightclub,National,Secondary reference chronology,20,Verified against cited chronology,20,5
28,CE,1943,November,,Middle East,GHC-NOV-28-17,Political,"World War II: Tehran Conference: U.S. President Franklin D. Roosevelt, British Prime Minister Winston Churchill and Soviet Premier Joseph Stalin meet in Tehran, Iran, to discuss war strategy.",Tehran Conference begins,28 November 1943 CE,https://en.wikipedia.org/wiki/November_28,November 28,Tehran,,Wikipedia — November date page,Exact,Allied wartime conference,Iran; United States; United Kingdom; Russia,Gregorian (modern date listing),Target met,Franklin D. Roosevelt; Winston Churchill; Joseph Stalin,Allied powers,Global,Secondary reference chronology,20,Verified against cited chronology,20,5
28,CE,1958,November,,North America,GHC-NOV-28-18,Scientific,"First successful flight of SM-65 Atlas; the first operational intercontinental ballistic missile (ICBM), developed by the United States and the first member of the Atlas rocket family. [10]",First successful Atlas flight,28 November 1958 CE,https://en.wikipedia.org/wiki/November_28,November 28,,,Wikipedia — November date page,Exact,Rocket technology,United States,Gregorian (modern date listing),Target met,,United States Air Force,Global,Secondary reference chronology,20,Verified against cited chronology,20,5
28,CE,1960,November,,Africa/West Africa,GHC-NOV-28-19,Political,Mauritania becomes independent of France.,Mauritanian independence,28 November 1960 CE,https://en.wikipedia.org/wiki/November_28,November 28,,,Wikipedia — November date page,Exact,Decolonization,Mauritania; France,Gregorian (modern date listing),Target met,,Islamic Republic of Mauritania,National,Secondary reference chronology,20,Verified against cited chronology,20,4
28,CE,1964,November,,North America; Solar System,GHC-NOV-28-20,Scientific,Mariner program: NASA launches the Mariner 4 probe toward Mars.,Mariner 4 launch,28 November 1964 CE,https://en.wikipedia.org/wiki/November_28,November 28,,,Wikipedia — November date page,Exact,Space exploration,United States,Gregorian (modern date listing),Target met,,NASA,Global,Secondary reference chronology,20,Verified against cited chronology,20,5
29,CE,528,November,,Middle East,GHC-NOV-29-01,Disaster,"Antioch suffers its second major earthquake in two years, killing thousands and destroying its remaining edifice. [1]",Antioch earthquake,29 November 528 CE,https://en.wikipedia.org/wiki/November_29,November 29,Antioch,,Wikipedia — November date page,Exact,Earthquake,Turkey,Gregorian (modern date listing),Target met,,,Regional,Secondary reference chronology,20,Verified against cited chronology,20,4
29,CE,561,November,,Western Europe,GHC-NOV-29-02,Political,"Following the death of King Chlothar I at Compiègne, his four sons, Charibert I, Guntram, Sigebert I and Chilperic I, divide the Frankish Kingdom. [2]",Division of the Frankish Kingdom,29 November 561 CE,https://en.wikipedia.org/wiki/November_29,November 29,Compiègne,,Wikipedia — November date page,Exact,Succession,France; Belgium; Germany,Gregorian (modern date listing),Target met,Chlothar I; Charibert I; Guntram; Sigebert I; Chilperic I,Frankish Kingdom,Regional,Secondary reference chronology,20,Verified against cited chronology,20,4
29,CE,1549,November,,Southern Europe,GHC-NOV-29-03,Religious,The papal conclave of 1549–50 begins. [6],Papal conclave begins,29 November 1549 CE,https://en.wikipedia.org/wiki/November_29,November 29,Rome,,Wikipedia — November date page,Exact,Papal election,Vatican City,Gregorian (modern date listing),Target met,,Catholic Church,Global,Secondary reference chronology,20,Verified against cited chronology,20,4
29,CE,1612,November,,South Asia,GHC-NOV-29-04,Military,"The Battle of Swally takes place, which loosens the Portuguese Empire's hold on India. [7]",Battle of Swally,29 November 1612 CE,https://en.wikipedia.org/wiki/November_29,November 29,Swally,,Wikipedia — November date page,Exact,Naval battle,India,Gregorian (modern date listing),Target met,,Portuguese Empire; English East India Company,Regional,Secondary reference chronology,20,Verified against cited chronology,20,4
29,CE,1729,November,,North America,GHC-NOV-29-05,Military,"Natchez Indians massacre 138 Frenchmen, 35 French women, and 56 children at Fort Rosalie, near the site of modern-day Natchez, Mississippi. [8]",Fort Rosalie massacre,29 November 1729 CE,https://en.wikipedia.org/wiki/November_29,November 29,Natchez,,Wikipedia — November date page,Exact,Massacre,United States,Gregorian (modern date listing),Target met,,Natchez; French colonial Louisiana,Regional,Secondary reference chronology,20,Verified against cited chronology,20,4
29,CE,1732,November,,Southern Europe,GHC-NOV-29-06,Disaster,"The magnitude 6.6 Irpinia earthquake causes 1,940 deaths in the former Kingdom of Naples, southern Italy. [9]",Irpinia earthquake,29 November 1732 CE,https://en.wikipedia.org/wiki/November_29,November 29,Irpinia,,Wikipedia — November date page,Exact,Earthquake,Italy,Gregorian (modern date listing),Target met,,Kingdom of Naples,National,Secondary reference chronology,20,Verified against cited chronology,20,4
29,CE,1777,November,,North America,GHC-NOV-29-07,Exploration,"San Jose, California, is founded as Pueblo de San José de Guadalupe by José Joaquín Moraga. It is the first civilian settlement, or pueblo, in Alta California. [11]",Founding of San José,29 November 1777 CE,https://en.wikipedia.org/wiki/November_29,November 29,San José,,Wikipedia — November date page,Exact,Settlement foundation,United States,Gregorian (modern date listing),Target met,José Joaquín Moraga,Spanish Empire,Regional,Secondary reference chronology,20,Verified against cited chronology,20,4
29,CE,1781,November,,Atlantic World,GHC-NOV-29-08,Social,"The crew of the British slave ship Zong murders 54 Africans by dumping them into the sea to claim insurance, beginning the Zong massacre. [12]",Zong massacre begins,29 November 1781 CE,https://en.wikipedia.org/wiki/November_29,November 29,,,Wikipedia — November date page,Exact,Transatlantic slavery,United Kingdom; Ghana,Gregorian (modern date listing),Target met,,Zong,Global,Secondary reference chronology,20,Verified against cited chronology,20,5
29,CE,1807,November,,Europe; South America,GHC-NOV-29-09,Political,"John VI of Portugal flees Lisbon from advancing Napoleonic forces during the Peninsular War, transferring the Portuguese court to Brazil. [14]",Portuguese court transfers to Brazil,29 November 1807 CE,https://en.wikipedia.org/wiki/November_29,November 29,Lisbon,,Wikipedia — November date page,Exact,Government relocation,Portugal; Brazil,Gregorian (modern date listing),Target met,John VI,Portuguese monarchy,Global,Secondary reference chronology,20,Verified against cited chronology,20,5
29,CE,1830,November,,Eastern Europe,GHC-NOV-29-10,Military,An armed rebellion against Russia's rule in Poland begins. [15],November Uprising begins,29 November 1830 CE,https://en.wikipedia.org/wiki/November_29,November 29,,,Wikipedia — November date page,Exact,National uprising,Poland; Russia,Gregorian (modern date listing),Target met,,Congress Poland; Russian Empire,Regional,Secondary reference chronology,20,Verified against cited chronology,20,5
29,CE,1850,November,,Central Europe,GHC-NOV-29-11,Political,"The treaty, Punctation of Olmütz, is signed in Olomouc. Prussia capitulates to Austria, which will take over the leadership of the German Confederation. [18]",Punctation of Olmütz,29 November 1850 CE,https://en.wikipedia.org/wiki/November_29,November 29,Olomouc,,Wikipedia — November date page,Exact,Diplomatic settlement,Germany; Austria,Gregorian (modern date listing),Target met,,Prussia; Austrian Empire; German Confederation,Regional,Secondary reference chronology,20,Verified against cited chronology,20,5
29,CE,1864,November,,North America,GHC-NOV-29-12,Military,Colorado War: Colorado volunteers led by Colonel John Chivington massacre at least 150 Cheyenne and Arapaho noncombatants at Sand Creek inside Colorado Territory. [20],Sand Creek massacre,29 November 1864 CE,https://en.wikipedia.org/wiki/November_29,November 29,Sand Creek,,Wikipedia — November date page,Exact,Massacre,United States,Gregorian (modern date listing),Target met,John Chivington,Colorado Territory; Cheyenne; Arapaho,National,Secondary reference chronology,20,Verified against cited chronology,20,5
29,CE,1877,November,,North America,GHC-NOV-29-13,Scientific,Thomas Edison demonstrates his phonograph for the first time. [23],First phonograph demonstration,29 November 1877 CE,https://en.wikipedia.org/wiki/November_29,November 29,,,Wikipedia — November date page,Exact,Sound recording,United States,Gregorian (modern date listing),Target met,Thomas Edison,,Global,Secondary reference chronology,20,Verified against cited chronology,20,5
29,CE,1890,November,,East Asia,GHC-NOV-29-14,Political,"The Meiji Constitution goes into effect in Japan, and the first Diet convenes. [24]",Meiji Constitution takes effect,29 November 1890 CE,https://en.wikipedia.org/wiki/November_29,November 29,,,Wikipedia — November date page,Exact,Constitutional government,Japan,Gregorian (modern date listing),Target met,,Empire of Japan,National,Secondary reference chronology,20,Verified against cited chronology,20,5
29,CE,1929,November,,Antarctica,GHC-NOV-29-15,Exploration,U.S. Admiral Richard E. Byrd leads the first expedition to fly over the South Pole. [27],First flight over the South Pole,29 November 1929 CE,https://en.wikipedia.org/wiki/November_29,November 29,South Pole,,Wikipedia — November date page,Exact,Polar exploration,Antarctica,Gregorian (modern date listing),Target met,Richard E. Byrd,Byrd Antarctic Expedition,Global,Secondary reference chronology,20,Verified against cited chronology,20,5
29,CE,1943,November,,Southeastern Europe,GHC-NOV-29-16,Political,"The second session of the Anti-Fascist Council for the National Liberation of Yugoslavia (AVNOJ), held to determine the post-war ordering of the country, concludes in Jajce (present-day Bosnia and Herzegovina). [28]",AVNOJ second session concludes,29 November 1943 CE,https://en.wikipedia.org/wiki/November_29,November 29,Jajce,,Wikipedia — November date page,Exact,State formation,Bosnia and Herzegovina; Yugoslavia,Gregorian (modern date listing),Target met,,AVNOJ,Regional,Secondary reference chronology,20,Verified against cited chronology,20,5
29,CE,1947,November,,Middle East,GHC-NOV-29-17,Political,The United Nations General Assembly approve the United Nations Partition Plan for Palestine. [31],UN Partition Plan for Palestine approved,29 November 1947 CE,https://en.wikipedia.org/wiki/November_29,November 29,New York City,,Wikipedia — November date page,Exact,International partition plan,Israel; Palestine,Gregorian (modern date listing),Target met,,United Nations,Global,Secondary reference chronology,20,Verified against cited chronology,20,5
29,CE,1961,November,,North America; Outer space,GHC-NOV-29-18,Scientific,"Enos, a chimpanzee, is launched into space. The spacecraft orbits the Earth twice and splashes down off the coast of Puerto Rico. [34]",Enos launched into space,29 November 1961 CE,https://en.wikipedia.org/wiki/November_29,November 29,,,Wikipedia — November date page,Exact,Spaceflight,United States,Gregorian (modern date listing),Target met,Enos,NASA,Global,Secondary reference chronology,20,Verified against cited chronology,20,4
29,CE,1963,November,,North America,GHC-NOV-29-19,Political,U.S. President Lyndon B. Johnson establishes the Warren Commission to investigate the assassination of President John F. Kennedy. [35],Warren Commission established,29 November 1963 CE,https://en.wikipedia.org/wiki/November_29,November 29,"Washington, D.C.",,Wikipedia — November date page,Exact,Government investigation,United States,Gregorian (modern date listing),Target met,Lyndon B. Johnson; John F. Kennedy,Warren Commission,National,Secondary reference chronology,20,Verified against cited chronology,20,5
29,CE,1972,November,,North America,GHC-NOV-29-20,Cultural,"Atari releases Pong, the first commercially successful video game. [39]",Pong released,29 November 1972 CE,https://en.wikipedia.org/wiki/November_29,November 29,,,Wikipedia — November date page,Exact,Video game industry,United States,Gregorian (modern date listing),Target met,,Atari,Global,Secondary reference chronology,20,Verified against cited chronology,20,5
30,CE,1718,November,,Northern Europe,GHC-NOV-30-01,Military,Great Northern War: King Charles XII of Sweden dies during a siege of the fortress of Fredriksten in Norway. [4],Death of Charles XII of Sweden,30 November 1718 CE,https://en.wikipedia.org/wiki/November_30,November 30,Fredriksten,,Wikipedia — November date page,Exact,Monarch killed in war,Sweden; Norway,Gregorian (modern date listing),Below target,Charles XII,Swedish Empire,Regional,Secondary reference chronology,20,Verified against cited chronology,18,4
30,CE,1782,November,Later formalized as the 1783 Treaty of Paris.,Western Europe; North America,GHC-NOV-30-02,Political,"American Revolutionary War: Treaty of Paris: In Paris, representatives from the United States and Great Britain sign preliminary peace articles (later formalized as the 1783 Treaty of Paris). [5]",Preliminary Treaty of Paris signed,30 November 1782 CE,https://en.wikipedia.org/wiki/November_30,November 30,Paris,,Wikipedia — November date page,Exact,Peace treaty,United States; United Kingdom; France,Gregorian (modern date listing),Below target,,United States; Kingdom of Great Britain,Global,Secondary reference chronology,20,Verified against cited chronology,18,5
30,CE,1786,November,,Southern Europe,GHC-NOV-30-03,Political,"The Grand Duchy of Tuscany, under Pietro Leopoldo I, becomes the first modern state to abolish the death penalty (later commemorated as Cities for Life Day). [6]",Tuscany abolishes the death penalty,30 November 1786 CE,https://en.wikipedia.org/wiki/November_30,November 30,,,Wikipedia — November date page,Exact,Criminal justice reform,Italy,Gregorian (modern date listing),Below target,Pietro Leopoldo I,Grand Duchy of Tuscany,Regional,Secondary reference chronology,20,Verified against cited chronology,18,5
30,CE,1803,November,,Europe; Latin America; Southeast Asia,GHC-NOV-30-04,Scientific,The Balmis Expedition starts in Spain with the aim of vaccinating millions against smallpox in Spanish America and Philippines. [7],Balmis Expedition begins,30 November 1803 CE,https://en.wikipedia.org/wiki/November_30,November 30,,,Wikipedia — November date page,Exact,Vaccination campaign,Spain; Mexico; Philippines; Latin America,Gregorian (modern date listing),Below target,Francisco Javier de Balmis,Spanish Empire,Global,Secondary reference chronology,20,Verified against cited chronology,18,5
30,CE,1803,November,,North America,GHC-NOV-30-05,Political,"In New Orleans, Spanish representatives officially transfer the Louisiana Territory to the French First Republic. [8]",Louisiana Territory transferred to France,30 November 1803 CE,https://en.wikipedia.org/wiki/November_30,November 30,New Orleans,,Wikipedia — November date page,Exact,Territorial transfer,United States; Spain; France,Gregorian (modern date listing),Below target,,Spanish Empire; French First Republic,Regional,Secondary reference chronology,20,Verified against cited chronology,18,4
30,CE,1853,November,,Eastern Europe; Middle East,GHC-NOV-30-06,Military,"Crimean War: Battle of Sinop: The Imperial Russian Navy under Pavel Nakhimov destroys the Ottoman fleet under Osman Pasha at Sinop, a sea port in northern Turkey. [9]",Battle of Sinop,30 November 1853 CE,https://en.wikipedia.org/wiki/November_30,November 30,Sinop,,Wikipedia — November date page,Exact,Naval battle,Russia; Turkey,Gregorian (modern date listing),Below target,Pavel Nakhimov; Osman Pasha,Russian Empire; Ottoman Empire,Regional,Secondary reference chronology,20,Verified against cited chronology,18,5
30,CE,1864,November,,North America,GHC-NOV-30-07,Military,American Civil War: The Confederate Army of Tennessee led by General John Bell Hood suffers heavy losses in an attack on the Union Army of the Ohio under General John Schofield in the Battle of Franklin. [10],Battle of Franklin,30 November 1864 CE,https://en.wikipedia.org/wiki/November_30,November 30,Franklin,,Wikipedia — November date page,Exact,Civil war battle,United States,Gregorian (modern date listing),Below target,John Bell Hood; John Schofield,Confederate States of America; United States,National,Secondary reference chronology,20,Verified against cited chronology,18,5
30,CE,1872,November,,Western Europe,GHC-NOV-30-08,Cultural,"The first-ever international football match takes place at Hamilton Crescent, Glasgow, between Scotland and England. [11]",First international football match,30 November 1872 CE,https://en.wikipedia.org/wiki/November_30,November 30,Glasgow,,Wikipedia — November date page,Exact,International sport,United Kingdom,Gregorian (modern date listing),Below target,,Scotland national football team; England national football team,Global,Secondary reference chronology,20,Verified against cited chronology,18,4
30,CE,1939,November,,Northern Europe,GHC-NOV-30-09,Military,"World War II: The Soviet Red Army crosses the Finnish border in several places, bombing Helsinki and several other Finnish cities, starting the Winter War.",Winter War begins,30 November 1939 CE,https://en.wikipedia.org/wiki/November_30,November 30,Helsinki,,Wikipedia — November date page,Exact,Invasion,Finland; Russia,Gregorian (modern date listing),Below target,,Soviet Union; Finland,Regional,Secondary reference chronology,20,Verified against cited chronology,18,5
30,CE,1941,November,,Northern Europe,GHC-NOV-30-10,Military,"The Holocaust: The SS-Einsatzgruppen round up roughly 25,000 Jews from the Riga Ghetto and kill them in the Rumbula massacre. [14]",Rumbula massacre,30 November 1941 CE,https://en.wikipedia.org/wiki/November_30,November 30,Riga,,Wikipedia — November date page,Exact,Holocaust mass killing,Latvia,Gregorian (modern date listing),Below target,,Nazi Germany; SS Einsatzgruppen,Global,Secondary reference chronology,20,Verified against cited chronology,18,5
30,CE,1942,November,,Oceania,GHC-NOV-30-11,Military,World War II: Battle of Tassafaronga; A smaller squadron of Imperial Japanese Navy destroyers led by Raizō Tanaka defeats a U.S. Navy cruiser force under Carleton H. Wright.,Battle of Tassafaronga,30 November 1942 CE,https://en.wikipedia.org/wiki/November_30,November 30,Tassafaronga,,Wikipedia — November date page,Exact,Naval battle,Japan; United States; Solomon Islands,Gregorian (modern date listing),Below target,Raizō Tanaka; Carleton H. Wright,Imperial Japanese Navy; United States Navy,Regional,Secondary reference chronology,20,Verified against cited chronology,18,5
30,CE,1947,November,,Middle East,GHC-NOV-30-12,Military,"Civil War in Mandatory Palestine begins, leading up to the creation of the State of Israel and the 1948 Arab–Israeli War.",Civil war begins in Mandatory Palestine,30 November 1947 CE,https://en.wikipedia.org/wiki/November_30,November 30,,,Wikipedia — November date page,Exact,Civil war,Israel; Palestine,Gregorian (modern date listing),Below target,,Mandatory Palestine,Regional,Secondary reference chronology,20,Verified against cited chronology,18,5
30,CE,1966,November,,Caribbean,GHC-NOV-30-13,Political,Decolonization: Barbados becomes independent from the United Kingdom.,Barbados becomes independent,30 November 1966 CE,https://en.wikipedia.org/wiki/November_30,November 30,,,Wikipedia — November date page,Exact,Decolonization,Barbados; United Kingdom,Gregorian (modern date listing),Below target,,Barbados,Global,Secondary reference chronology,20,Verified against cited chronology,18,5
30,CE,1967,November,,Middle East,GHC-NOV-30-14,Political,The People's Republic of Southern Yemen gains its independence from the United Kingdom [16],South Yemen becomes independent,30 November 1967 CE,https://en.wikipedia.org/wiki/November_30,November 30,,,Wikipedia — November date page,Exact,Decolonization,Yemen; United Kingdom,Gregorian (modern date listing),Below target,,People's Republic of Southern Yemen,Global,Secondary reference chronology,20,Verified against cited chronology,18,5
30,CE,1971,November,,Middle East,GHC-NOV-30-15,Military,Iran seizes the Greater and Lesser Tunbs from the Emirates of Sharjah and Ras Al Khaimah.,Iran seizes the Tunbs,30 November 1971 CE,https://en.wikipedia.org/wiki/November_30,November 30,,,Wikipedia — November date page,Exact,Territorial dispute,Iran; United Arab Emirates,Gregorian (modern date listing),Below target,,Iran; Emirate of Sharjah; Emirate of Ras Al Khaimah,Regional,Secondary reference chronology,20,Verified against cited chronology,18,4
30,CE,1981,November,The meetings ended inconclusively on December 17.,Europe,GHC-NOV-30-16,Political,"Cold War: In Geneva, representatives from the United States and the Soviet Union begin to negotiate intermediate-range nuclear weapon reductions in Europe. (The meetings end inconclusively on December 17.)",U.S.–Soviet nuclear arms talks begin,30 November 1981 CE,https://en.wikipedia.org/wiki/November_30,November 30,Geneva,,Wikipedia — November date page,Exact,Arms control negotiations,United States; Russia; Switzerland,Gregorian (modern date listing),Below target,,United States; Soviet Union,Global,Secondary reference chronology,20,Verified against cited chronology,18,5
30,CE,1999,November,,North America,GHC-NOV-30-17,Social,"In Seattle, United States, demonstrations against a World Trade Organization meeting by anti-globalization protesters catch police unprepared and force the cancellation of opening ceremonies.",Seattle WTO protests,30 November 1999 CE,https://en.wikipedia.org/wiki/November_30,November 30,Seattle,,Wikipedia — November date page,Exact,抗-globalization protest,United States,Gregorian (modern date listing),Below target,,World Trade Organization,Global,Secondary reference chronology,20,Verified against cited chronology,18,4
30,CE,2000,November,,North America; Outer space,GHC-NOV-30-18,Scientific,"NASA launches STS-97, the 101st Space Shuttle mission. [18]",Launch of Space Shuttle mission STS-97,30 November 2000 CE,https://en.wikipedia.org/wiki/November_30,November 30,,,Wikipedia — November date page,Exact,Spaceflight,United States,Gregorian (modern date listing),Below target,,NASA,Global,Secondary reference chronology,20,Verified against cited chronology,18,4