Day,Era,Year,Month,Notes,Region,Event ID,Event type,Description,Event title,Date display,Source 1 URL,Calendar date,Original date,Source 1 name,Date certainty,Event category,Calendar system,Coverage status,Significance scope,Source reliability,Target event count,Verification status,Verified event count,Historical significance score
1,CE,366,October,Date follows the Gregorian day chronology used by the source; for early events this may be a conventional/proleptic date.,,GHC-OCT-01-01,Religious event,Pope Damasus I is consecrated.,Pope Damasus I is consecrated.,"October 1, 366 CE",https://en.wikipedia.org/wiki/October_1,0366-10-01,"October 1, 366 CE",October 1 — Wikipedia,Exact day in source chronology,Religion and philosophy,Gregorian (source chronology),Target met,National or regional,Secondary reference chronology,20,Verified against source chronology,20,70
1,CE,959,October,Date follows the Gregorian day chronology used by the source; for early events this may be a conventional/proleptic date.,Europe,GHC-OCT-01-02,Political event,"Edgar the Peaceful becomes king of all England, in succession to Eadwig.","Edgar the Peaceful becomes king of all England, in succession to Eadwig.","October 1, 959 CE",https://en.wikipedia.org/wiki/October_1,0959-10-01,"October 1, 959 CE",October 1 — Wikipedia,Exact day in source chronology,Political and independence history,Gregorian (source chronology),Target met,National or regional,Secondary reference chronology,20,Verified against source chronology,20,70
1,CE,965,October,Date follows the Gregorian day chronology used by the source; for early events this may be a conventional/proleptic date.,,GHC-OCT-01-03,Religious event,Pope John XIII is consecrated.,Pope John XIII is consecrated.,"October 1, 965 CE",https://en.wikipedia.org/wiki/October_1,0965-10-01,"October 1, 965 CE",October 1 — Wikipedia,Exact day in source chronology,Religion and philosophy,Gregorian (source chronology),Target met,National or regional,Secondary reference chronology,20,Verified against source chronology,20,70
1,CE,1553,October,Date follows the Gregorian day chronology used by the source; for early events this may be a conventional/proleptic date.,Europe,GHC-OCT-01-04,Historical event,The coronation of Queen Mary I of England is held at Westminster Abbey.,The coronation of Queen Mary I of England is held at Westminster Abbey.,"October 1, 1553 CE",https://en.wikipedia.org/wiki/October_1,1553-10-01,"October 1, 1553 CE",October 1 — Wikipedia,Exact day in source chronology,General historical chronology,Gregorian (source chronology),Target met,National or regional,Secondary reference chronology,20,Verified against source chronology,20,70
1,CE,1588,October,Date follows the Gregorian day chronology used by the source; for early events this may be a conventional/proleptic date.,Middle East,GHC-OCT-01-05,Historical event,The coronation of Shah Abbas I of Persia occurs.,The coronation of Shah Abbas I of Persia occurs.,"October 1, 1588 CE",https://en.wikipedia.org/wiki/October_1,1588-10-01,"October 1, 1588 CE",October 1 — Wikipedia,Exact day in source chronology,General historical chronology,Gregorian (source chronology),Target met,International,Secondary reference chronology,20,Verified against source chronology,20,70
1,CE,208,October,Date follows the Gregorian day chronology used by the source; for early events this may be a conventional/proleptic date.,,GHC-OCT-01-06,Political event,"Alexander Severus, Roman emperor (died 235)","Alexander Severus, Roman emperor (died 235)","October 1, 208 CE",https://en.wikipedia.org/wiki/October_1,0208-10-01,"October 1, 208 CE",October 1 — Wikipedia,Exact day in source chronology,Political and independence history,Gregorian (source chronology),Target met,National or regional,Secondary reference chronology,20,Verified against source chronology,20,70
1,CE,1730,October,Date follows the Gregorian day chronology used by the source; for early events this may be a conventional/proleptic date.,Middle East,GHC-OCT-01-07,Historical event,Ahmed III is forced to abdicate as the Ottoman sultan.,Ahmed III is forced to abdicate as the Ottoman sultan.,"October 1, 1730 CE",https://en.wikipedia.org/wiki/October_1,1730-10-01,"October 1, 1730 CE",October 1 — Wikipedia,Exact day in source chronology,General historical chronology,Gregorian (source chronology),Target met,International,Secondary reference chronology,20,Verified against source chronology,20,70
1,CE,1779,October,Date follows the Gregorian day chronology used by the source; for early events this may be a conventional/proleptic date.,Europe,GHC-OCT-01-08,Political event,"The city of Tampere, Finland (belonging to Sweden at this time) is founded by King Gustav III of Sweden.","The city of Tampere, Finland (belonging to Sweden at this time) is founded by King Gustav III of Sweden.","October 1, 1779 CE",https://en.wikipedia.org/wiki/October_1,1779-10-01,"October 1, 1779 CE",October 1 — Wikipedia,Exact day in source chronology,Political and independence history,Gregorian (source chronology),Target met,National or regional,Secondary reference chronology,20,Verified against source chronology,20,70
1,CE,1787,October,Date follows the Gregorian day chronology used by the source; for early events this may be a conventional/proleptic date.,Europe,GHC-OCT-01-09,Historical event,Russians under Alexander Suvorov defeat the Turks at Kinburn.,Russians under Alexander Suvorov defeat the Turks at Kinburn.,"October 1, 1787 CE",https://en.wikipedia.org/wiki/October_1,1787-10-01,"October 1, 1787 CE",October 1 — Wikipedia,Exact day in source chronology,General historical chronology,Gregorian (source chronology),Target met,National or regional,Secondary reference chronology,20,Verified against source chronology,20,70
1,CE,1791,October,Date follows the Gregorian day chronology used by the source; for early events this may be a conventional/proleptic date.,,GHC-OCT-01-10,Historical event,First session of the French Legislative Assembly.,First session of the French Legislative Assembly.,"October 1, 1791 CE",https://en.wikipedia.org/wiki/October_1,1791-10-01,"October 1, 1791 CE",October 1 — Wikipedia,Exact day in source chronology,General historical chronology,Gregorian (source chronology),Target met,National or regional,Secondary reference chronology,20,Verified against source chronology,20,70
1,CE,1795,October,Date follows the Gregorian day chronology used by the source; for early events this may be a conventional/proleptic date.,Europe,GHC-OCT-01-11,Conflict or political event,"More than a year after the Battle of Sprimont, the Austrian Netherlands (present-day Belgium) are officially annexed by Revolutionary France.","More than a year after the Battle of Sprimont, the Austrian Netherlands (present-day Belgium) are officially annexed by Revolutionary France.","October 1, 1795 CE",https://en.wikipedia.org/wiki/October_1,1795-10-01,"October 1, 1795 CE",October 1 — Wikipedia,Exact day in source chronology,Military and political history,Gregorian (source chronology),Target met,National or regional,Secondary reference chronology,20,Verified against source chronology,20,70
1,CE,1800,October,Date follows the Gregorian day chronology used by the source; for early events this may be a conventional/proleptic date.,Europe,GHC-OCT-01-12,Political event,"Via the Third Treaty of San Ildefonso, Spain cedes Louisiana to France, which would sell the land to the United States thirty months later.","Via the Third Treaty of San Ildefonso, Spain cedes Louisiana to France, which would sell the land to the United States thirty months later.","October 1, 1800 CE",https://en.wikipedia.org/wiki/October_1,1800-10-01,"October 1, 1800 CE",October 1 — Wikipedia,Exact day in source chronology,Political and independence history,Gregorian (source chronology),Target met,International,Secondary reference chronology,20,Verified against source chronology,20,70
1,CE,1814,October,Date follows the Gregorian day chronology used by the source; for early events this may be a conventional/proleptic date.,,GHC-OCT-01-13,Historical event,The Congress of Vienna opens with the intention of redrawing Europe's political map after the defeat of Napoleon in the previous spring.,The Congress of Vienna opens with the intention of redrawing Europe's political map after the defeat of Napoleon in the previous spring.,"October 1, 1814 CE",https://en.wikipedia.org/wiki/October_1,1814-10-01,"October 1, 1814 CE",October 1 — Wikipedia,Exact day in source chronology,General historical chronology,Gregorian (source chronology),Target met,National or regional,Secondary reference chronology,20,Verified against source chronology,20,70
1,CE,1903,October,Date follows the Gregorian day chronology used by the source; for early events this may be a conventional/proleptic date.,Americas,GHC-OCT-01-14,Historical event,Baseball: The Boston Americans play the Pittsburgh Pirates in the first game of the modern World Series.,Baseball: The Boston Americans play the Pittsburgh Pirates in the first game of the modern World Series.,"October 1, 1903 CE",https://en.wikipedia.org/wiki/October_1,1903-10-01,"October 1, 1903 CE",October 1 — Wikipedia,Exact day in source chronology,General historical chronology,Gregorian (source chronology),Target met,National or regional,Secondary reference chronology,20,Verified against source chronology,20,70
1,CE,1908,October,Date follows the Gregorian day chronology used by the source; for early events this may be a conventional/proleptic date.,,GHC-OCT-01-15,Historical event,Ford Model T automobiles are offered for sale at a price of US$825.,Ford Model T automobiles are offered for sale at a price of US$825.,"October 1, 1908 CE",https://en.wikipedia.org/wiki/October_1,1908-10-01,"October 1, 1908 CE",October 1 — Wikipedia,Exact day in source chronology,General historical chronology,Gregorian (source chronology),Target met,National or regional,Secondary reference chronology,20,Verified against source chronology,20,70
1,CE,1910,October,Date follows the Gregorian day chronology used by the source; for early events this may be a conventional/proleptic date.,,GHC-OCT-01-16,Historical event,"A large bomb destroys the Los Angeles Times building, killing 21.","A large bomb destroys the Los Angeles Times building, killing 21.","October 1, 1910 CE",https://en.wikipedia.org/wiki/October_1,1910-10-01,"October 1, 1910 CE",October 1 — Wikipedia,Exact day in source chronology,General historical chronology,Gregorian (source chronology),Target met,National or regional,Secondary reference chronology,20,Verified against source chronology,20,70
1,CE,1915,October,Date follows the Gregorian day chronology used by the source; for early events this may be a conventional/proleptic date.,,GHC-OCT-01-17,Cultural or educational event,The Metamorphosis written by Franz Kafka is published in the German journal Die Weißen Blätter,The Metamorphosis written by Franz Kafka is published in the German journal Die Weißen Blätter,"October 1, 1915 CE",https://en.wikipedia.org/wiki/October_1,1915-10-01,"October 1, 1915 CE",October 1 — Wikipedia,Exact day in source chronology,"Culture, literature and education",Gregorian (source chronology),Target met,National or regional,Secondary reference chronology,20,Verified against source chronology,20,70
1,CE,1918,October,Date follows the Gregorian day chronology used by the source; for early events this may be a conventional/proleptic date.,Africa,GHC-OCT-01-18,Conflict or political event,World War I: The Egyptian Expeditionary Force captures Damascus.,World War I: The Egyptian Expeditionary Force captures Damascus.,"October 1, 1918 CE",https://en.wikipedia.org/wiki/October_1,1918-10-01,"October 1, 1918 CE",October 1 — Wikipedia,Exact day in source chronology,Military and political history,Gregorian (source chronology),Target met,International,Secondary reference chronology,20,Verified against source chronology,20,70
1,CE,1918,October,Date follows the Gregorian day chronology used by the source; for early events this may be a conventional/proleptic date.,,GHC-OCT-01-19,Historical event,Sayid Abdullah becomes the last Khan of Khiva.,Sayid Abdullah becomes the last Khan of Khiva.,"October 1, 1918 CE",https://en.wikipedia.org/wiki/October_1,1918-10-01,"October 1, 1918 CE",October 1 — Wikipedia,Exact day in source chronology,General historical chronology,Gregorian (source chronology),Target met,National or regional,Secondary reference chronology,20,Verified against source chronology,20,70
1,CE,1923,October,Date follows the Gregorian day chronology used by the source; for early events this may be a conventional/proleptic date.,Europe,GHC-OCT-01-20,Historical event,The 1923 Imperial Conference opened in London.,The 1923 Imperial Conference opened in London.,"October 1, 1923 CE",https://en.wikipedia.org/wiki/October_1,1923-10-01,"October 1, 1923 CE",October 1 — Wikipedia,Exact day in source chronology,General historical chronology,Gregorian (source chronology),Target met,National or regional,Secondary reference chronology,20,Verified against source chronology,20,70
2,CE,829,October,Date follows the Gregorian day chronology used by the source; for early events this may be a conventional/proleptic date.,Middle East,GHC-OCT-02-01,Political event,Theophilos succeeds his father Michael II as Byzantine Emperor.,Theophilos succeeds his father Michael II as Byzantine Emperor.,"October 2, 829 CE",https://en.wikipedia.org/wiki/October_2,0829-10-02,"October 2, 829 CE",October 2 — Wikipedia,Exact day in source chronology,Political and independence history,Gregorian (source chronology),Target met,International,Secondary reference chronology,20,Verified against source chronology,20,70
2,CE,939,October,Date follows the Gregorian day chronology used by the source; for early events this may be a conventional/proleptic date.,,GHC-OCT-02-02,Conflict or political event,"Battle of Andernach: Otto I, Holy Roman Emperor, crushes a rebellion against his rule, by a coalition of Eberhard of Franconia and other Frankish dukes.","Battle of Andernach: Otto I, Holy Roman Emperor, crushes a rebellion against his rule, by a coalition of Eberhard of Franconia and other Frankish dukes.","October 2, 939 CE",https://en.wikipedia.org/wiki/October_2,0939-10-02,"October 2, 939 CE",October 2 — Wikipedia,Exact day in source chronology,Military and political history,Gregorian (source chronology),Target met,National or regional,Secondary reference chronology,20,Verified against source chronology,20,70
2,CE,1187,October,Date follows the Gregorian day chronology used by the source; for early events this may be a conventional/proleptic date.,Middle East,GHC-OCT-02-03,Conflict or political event,Saladin won Jerusalem after the city surrendered to his forces following a prolonged siege.,Saladin won Jerusalem after the city surrendered to his forces following a prolonged siege.,"October 2, 1187 CE",https://en.wikipedia.org/wiki/October_2,1187-10-02,"October 2, 1187 CE",October 2 — Wikipedia,Exact day in source chronology,Military and political history,Gregorian (source chronology),Target met,International,Secondary reference chronology,20,Verified against source chronology,20,70
2,CE,1263,October,Date follows the Gregorian day chronology used by the source; for early events this may be a conventional/proleptic date.,,GHC-OCT-02-04,Conflict or political event,The Battle of Largs is fought between Norwegians and Scots.,The Battle of Largs is fought between Norwegians and Scots.,"October 2, 1263 CE",https://en.wikipedia.org/wiki/October_2,1263-10-02,"October 2, 1263 CE",October 2 — Wikipedia,Exact day in source chronology,Military and political history,Gregorian (source chronology),Target met,National or regional,Secondary reference chronology,20,Verified against source chronology,20,70
2,CE,1470,October,Date follows the Gregorian day chronology used by the source; for early events this may be a conventional/proleptic date.,Europe,GHC-OCT-02-05,Conflict or political event,"The Earl of Warwick's rebellion forces King Edward IV of England to flee to the Netherlands, restoring Henry VI to the throne.","The Earl of Warwick's rebellion forces King Edward IV of England to flee to the Netherlands, restoring Henry VI to the throne.","October 2, 1470 CE",https://en.wikipedia.org/wiki/October_2,1470-10-02,"October 2, 1470 CE",October 2 — Wikipedia,Exact day in source chronology,Military and political history,Gregorian (source chronology),Target met,National or regional,Secondary reference chronology,20,Verified against source chronology,20,70
2,CE,1552,October,Date follows the Gregorian day chronology used by the source; for early events this may be a conventional/proleptic date.,Europe,GHC-OCT-02-06,Conflict or political event,Russo-Kazan Wars: Russian troops enter Kazan.,Russo-Kazan Wars: Russian troops enter Kazan.,"October 2, 1552 CE",https://en.wikipedia.org/wiki/October_2,1552-10-02,"October 2, 1552 CE",October 2 — Wikipedia,Exact day in source chronology,Military and political history,Gregorian (source chronology),Target met,National or regional,Secondary reference chronology,20,Verified against source chronology,20,70
2,CE,1766,October,Date follows the Gregorian day chronology used by the source; for early events this may be a conventional/proleptic date.,,GHC-OCT-02-07,Historical event,"The Nottingham Cheese Riot breaks out at the Goose Fair in Nottingham, UK, in response to the excessive cost of cheese.","The Nottingham Cheese Riot breaks out at the Goose Fair in Nottingham, UK, in response to the excessive cost of cheese.","October 2, 1766 CE",https://en.wikipedia.org/wiki/October_2,1766-10-02,"October 2, 1766 CE",October 2 — Wikipedia,Exact day in source chronology,General historical chronology,Gregorian (source chronology),Target met,National or regional,Secondary reference chronology,20,Verified against source chronology,20,70
2,CE,1780,October,Date follows the Gregorian day chronology used by the source; for early events this may be a conventional/proleptic date.,Americas,GHC-OCT-02-08,Conflict or political event,"American Revolutionary War: John André, a British Army officer, is hanged as a spy by the Continental Army.","American Revolutionary War: John André, a British Army officer, is hanged as a spy by the Continental Army.","October 2, 1780 CE",https://en.wikipedia.org/wiki/October_2,1780-10-02,"October 2, 1780 CE",October 2 — Wikipedia,Exact day in source chronology,Military and political history,Gregorian (source chronology),Target met,National or regional,Secondary reference chronology,20,Verified against source chronology,20,70
2,CE,1789,October,Date follows the Gregorian day chronology used by the source; for early events this may be a conventional/proleptic date.,Americas,GHC-OCT-02-09,Historical event,The United States Bill of Rights is sent to the various States for ratification.,The United States Bill of Rights is sent to the various States for ratification.,"October 2, 1789 CE",https://en.wikipedia.org/wiki/October_2,1789-10-02,"October 2, 1789 CE",October 2 — Wikipedia,Exact day in source chronology,General historical chronology,Gregorian (source chronology),Target met,National or regional,Secondary reference chronology,20,Verified against source chronology,20,70
2,CE,1835,October,Date follows the Gregorian day chronology used by the source; for early events this may be a conventional/proleptic date.,,GHC-OCT-02-10,Conflict or political event,"Texas Revolution: Mexican troops attempt to disarm the people of Gonzales, but encounter stiff resistance from a hastily assembled militia.","Texas Revolution: Mexican troops attempt to disarm the people of Gonzales, but encounter stiff resistance from a hastily assembled militia.","October 2, 1835 CE",https://en.wikipedia.org/wiki/October_2,1835-10-02,"October 2, 1835 CE",October 2 — Wikipedia,Exact day in source chronology,Military and political history,Gregorian (source chronology),Target met,National or regional,Secondary reference chronology,20,Verified against source chronology,20,70
2,CE,1864,October,Date follows the Gregorian day chronology used by the source; for early events this may be a conventional/proleptic date.,Americas,GHC-OCT-02-11,Conflict or political event,"American Civil War: Confederates defeat a Union attack on Saltville, Virginia. A massacre of wounded Union prisoners ensues.","American Civil War: Confederates defeat a Union attack on Saltville, Virginia. A massacre of wounded Union prisoners ensues.","October 2, 1864 CE",https://en.wikipedia.org/wiki/October_2,1864-10-02,"October 2, 1864 CE",October 2 — Wikipedia,Exact day in source chronology,Military and political history,Gregorian (source chronology),Target met,National or regional,Secondary reference chronology,20,Verified against source chronology,20,70
2,CE,1870,October,Date follows the Gregorian day chronology used by the source; for early events this may be a conventional/proleptic date.,Europe,GHC-OCT-02-12,Political event,"By plebiscite, the citizens of the Papal States accept annexation by the Kingdom of Italy.","By plebiscite, the citizens of the Papal States accept annexation by the Kingdom of Italy.","October 2, 1870 CE",https://en.wikipedia.org/wiki/October_2,1870-10-02,"October 2, 1870 CE",October 2 — Wikipedia,Exact day in source chronology,Political and independence history,Gregorian (source chronology),Target met,National or regional,Secondary reference chronology,20,Verified against source chronology,20,70
2,CE,1718,October,Date follows the Gregorian day chronology used by the source; for early events this may be a conventional/proleptic date.,,GHC-OCT-02-13,Historical event,"Elizabeth Montagu, English author and critic (died 1800)","Elizabeth Montagu, English author and critic (died 1800)","October 2, 1718 CE",https://en.wikipedia.org/wiki/October_2,1718-10-02,"October 2, 1718 CE",October 2 — Wikipedia,Exact day in source chronology,General historical chronology,Gregorian (source chronology),Target met,National or regional,Secondary reference chronology,20,Verified against source chronology,20,70
2,CE,1919,October,Date follows the Gregorian day chronology used by the source; for early events this may be a conventional/proleptic date.,Americas,GHC-OCT-02-14,Political event,"Seven days after suffering a "" physical collapse"" following a speech in Pueblo, Colorado, U.S. president Woodrow Wilson has a catastrophic stroke at the White House, leaving him physically and mentally incapacitated for the remainder of his presidency.","Seven days after suffering a "" physical collapse"" following a speech in Pueblo, Colorado, U.S. president Woodrow Wilson has a catastrophic stroke at the White House, leaving him physically and mentally incapacitated for ","October 2, 1919 CE",https://en.wikipedia.org/wiki/October_2,1919-10-02,"October 2, 1919 CE",October 2 — Wikipedia,Exact day in source chronology,Political and independence history,Gregorian (source chronology),Target met,National or regional,Secondary reference chronology,20,Verified against source chronology,20,70
2,CE,1920,October,Date follows the Gregorian day chronology used by the source; for early events this may be a conventional/proleptic date.,Europe,GHC-OCT-02-15,Conflict or political event,Ukrainian War of Independence: Mikhail Frunze orders the Red Army to immediately cease hostilities with the Revolutionary Insurgent Army of Ukraine.,Ukrainian War of Independence: Mikhail Frunze orders the Red Army to immediately cease hostilities with the Revolutionary Insurgent Army of Ukraine.,"October 2, 1920 CE",https://en.wikipedia.org/wiki/October_2,1920-10-02,"October 2, 1920 CE",October 2 — Wikipedia,Exact day in source chronology,Military and political history,Gregorian (source chronology),Target met,National or regional,Secondary reference chronology,20,Verified against source chronology,20,70
2,CE,1928,October,Date follows the Gregorian day chronology used by the source; for early events this may be a conventional/proleptic date.,,GHC-OCT-02-16,Historical event,"The ""Prelature of the Holy Cross and the Work of God"", commonly known as Opus Dei, is founded.","The ""Prelature of the Holy Cross and the Work of God"", commonly known as Opus Dei, is founded.","October 2, 1928 CE",https://en.wikipedia.org/wiki/October_2,1928-10-02,"October 2, 1928 CE",October 2 — Wikipedia,Exact day in source chronology,General historical chronology,Gregorian (source chronology),Target met,National or regional,Secondary reference chronology,20,Verified against source chronology,20,70
2,CE,1937,October,Date follows the Gregorian day chronology used by the source; for early events this may be a conventional/proleptic date.,Americas,GHC-OCT-02-17,Historical event,Rafael Trujillo orders the execution of Haitians living in the border region of the Dominican Republic.,Rafael Trujillo orders the execution of Haitians living in the border region of the Dominican Republic.,"October 2, 1937 CE",https://en.wikipedia.org/wiki/October_2,1937-10-02,"October 2, 1937 CE",October 2 — Wikipedia,Exact day in source chronology,General historical chronology,Gregorian (source chronology),Target met,National or regional,Secondary reference chronology,20,Verified against source chronology,20,70
2,CE,1942,October,Date follows the Gregorian day chronology used by the source; for early events this may be a conventional/proleptic date.,,GHC-OCT-02-18,Conflict or political event,"World War II: Ocean Liner RMS Queen Mary accidentally rams and sinks HMS Curacoa, killing over 300 crewmen aboard Curacoa.","World War II: Ocean Liner RMS Queen Mary accidentally rams and sinks HMS Curacoa, killing over 300 crewmen aboard Curacoa.","October 2, 1942 CE",https://en.wikipedia.org/wiki/October_2,1942-10-02,"October 2, 1942 CE",October 2 — Wikipedia,Exact day in source chronology,Military and political history,Gregorian (source chronology),Target met,International,Secondary reference chronology,20,Verified against source chronology,20,70
2,CE,1944,October,Date follows the Gregorian day chronology used by the source; for early events this may be a conventional/proleptic date.,,GHC-OCT-02-19,Conflict or political event,World War II: German troops end the Warsaw Uprising.,World War II: German troops end the Warsaw Uprising.,"October 2, 1944 CE",https://en.wikipedia.org/wiki/October_2,1944-10-02,"October 2, 1944 CE",October 2 — Wikipedia,Exact day in source chronology,Military and political history,Gregorian (source chronology),Target met,International,Secondary reference chronology,20,Verified against source chronology,20,70
2,CE,1958,October,Date follows the Gregorian day chronology used by the source; for early events this may be a conventional/proleptic date.,Europe,GHC-OCT-02-20,Political event,Guinea declares its independence from France.,Guinea declares its independence from France.,"October 2, 1958 CE",https://en.wikipedia.org/wiki/October_2,1958-10-02,"October 2, 1958 CE",October 2 — Wikipedia,Exact day in source chronology,Political and independence history,Gregorian (source chronology),Target met,National or regional,Secondary reference chronology,20,Verified against source chronology,20,70
3,CE,382,October,Date follows the Gregorian day chronology used by the source; for early events this may be a conventional/proleptic date.,,GHC-OCT-03-01,Political event,Roman Emperor Theodosius I concludes a peace treaty with the Goths and settles them in the Balkans.,Roman Emperor Theodosius I concludes a peace treaty with the Goths and settles them in the Balkans.,"October 3, 382 CE",https://en.wikipedia.org/wiki/3_October,0382-10-03,"October 3, 382 CE",October 3 — Wikipedia,Exact day in source chronology,Political and independence history,Gregorian (source chronology),Target met,National or regional,Secondary reference chronology,20,Verified against source chronology,20,70
3,CE,1392,October,Date follows the Gregorian day chronology used by the source; for early events this may be a conventional/proleptic date.,,GHC-OCT-03-02,Historical event,Muhammed VII becomes the twelfth sultan of the Emirate of Granada.,Muhammed VII becomes the twelfth sultan of the Emirate of Granada.,"October 3, 1392 CE",https://en.wikipedia.org/wiki/3_October,1392-10-03,"October 3, 1392 CE",October 3 — Wikipedia,Exact day in source chronology,General historical chronology,Gregorian (source chronology),Target met,National or regional,Secondary reference chronology,20,Verified against source chronology,20,70
3,CE,1574,October,Date follows the Gregorian day chronology used by the source; for early events this may be a conventional/proleptic date.,,GHC-OCT-03-03,Conflict or political event,The Siege of Leiden is lifted by the Watergeuzen.,The Siege of Leiden is lifted by the Watergeuzen.,"October 3, 1574 CE",https://en.wikipedia.org/wiki/3_October,1574-10-03,"October 3, 1574 CE",October 3 — Wikipedia,Exact day in source chronology,Military and political history,Gregorian (source chronology),Target met,National or regional,Secondary reference chronology,20,Verified against source chronology,20,70
3,CE,1390,October,Date follows the Gregorian day chronology used by the source; for early events this may be a conventional/proleptic date.,,GHC-OCT-03-04,Historical event,"Humphrey, Duke of Gloucester(died 1447)","Humphrey, Duke of Gloucester(died 1447)","October 3, 1390 CE",https://en.wikipedia.org/wiki/3_October,1390-10-03,"October 3, 1390 CE",October 3 — Wikipedia,Exact day in source chronology,General historical chronology,Gregorian (source chronology),Target met,National or regional,Secondary reference chronology,20,Verified against source chronology,20,70
3,CE,1458,October,Date follows the Gregorian day chronology used by the source; for early events this may be a conventional/proleptic date.,Europe,GHC-OCT-03-05,Religious event,"Saint Casimir, Prince of Poland and Duke of Lithuania (died 1484)","Saint Casimir, Prince of Poland and Duke of Lithuania (died 1484)","October 3, 1458 CE",https://en.wikipedia.org/wiki/3_October,1458-10-03,"October 3, 1458 CE",October 3 — Wikipedia,Exact day in source chronology,Religion and philosophy,Gregorian (source chronology),Target met,National or regional,Secondary reference chronology,20,Verified against source chronology,20,70
3,CE,1554,October,Date follows the Gregorian day chronology used by the source; for early events this may be a conventional/proleptic date.,,GHC-OCT-03-06,Historical event,"Fulke Greville, 1st Baron Brooke, English poet (died 1628)","Fulke Greville, 1st Baron Brooke, English poet (died 1628)","October 3, 1554 CE",https://en.wikipedia.org/wiki/3_October,1554-10-03,"October 3, 1554 CE",October 3 — Wikipedia,Exact day in source chronology,General historical chronology,Gregorian (source chronology),Target met,National or regional,Secondary reference chronology,20,Verified against source chronology,20,70
3,CE,1683,October,Date follows the Gregorian day chronology used by the source; for early events this may be a conventional/proleptic date.,Asia,GHC-OCT-03-07,Conflict or political event,Qing dynasty naval commander Shi Lang receives the surrender of the Tungning kingdom on Taiwan after the Battle of Penghu.,Qing dynasty naval commander Shi Lang receives the surrender of the Tungning kingdom on Taiwan after the Battle of Penghu.,"October 3, 1683 CE",https://en.wikipedia.org/wiki/3_October,1683-10-03,"October 3, 1683 CE",October 3 — Wikipedia,Exact day in source chronology,Military and political history,Gregorian (source chronology),Target met,International,Secondary reference chronology,20,Verified against source chronology,20,70
3,CE,1712,October,Date follows the Gregorian day chronology used by the source; for early events this may be a conventional/proleptic date.,,GHC-OCT-03-08,Conflict or political event,The Duke of Montrose issues a warrant for the arrest of Rob Roy MacGregor.,The Duke of Montrose issues a warrant for the arrest of Rob Roy MacGregor.,"October 3, 1712 CE",https://en.wikipedia.org/wiki/3_October,1712-10-03,"October 3, 1712 CE",October 3 — Wikipedia,Exact day in source chronology,Military and political history,Gregorian (source chronology),Target met,National or regional,Secondary reference chronology,20,Verified against source chronology,20,70
3,CE,1739,October,Date follows the Gregorian day chronology used by the source; for early events this may be a conventional/proleptic date.,Europe,GHC-OCT-03-09,Conflict or political event,The Treaty of Niš is signed by the Ottoman Empire and Russia ending the Russian–Turkish War.,The Treaty of Niš is signed by the Ottoman Empire and Russia ending the Russian–Turkish War.,"October 3, 1739 CE",https://en.wikipedia.org/wiki/3_October,1739-10-03,"October 3, 1739 CE",October 3 — Wikipedia,Exact day in source chronology,Military and political history,Gregorian (source chronology),Target met,International,Secondary reference chronology,20,Verified against source chronology,20,70
3,CE,1789,October,Date follows the Gregorian day chronology used by the source; for early events this may be a conventional/proleptic date.,Americas,GHC-OCT-03-10,Historical event,"George Washington proclaims Thursday November 26, 1789 as Thanksgiving Day.","George Washington proclaims Thursday November 26, 1789 as Thanksgiving Day.","October 3, 1789 CE",https://en.wikipedia.org/wiki/3_October,1789-10-03,"October 3, 1789 CE",October 3 — Wikipedia,Exact day in source chronology,General historical chronology,Gregorian (source chronology),Target met,National or regional,Secondary reference chronology,20,Verified against source chronology,20,70
3,CE,1792,October,Date follows the Gregorian day chronology used by the source; for early events this may be a conventional/proleptic date.,Americas,GHC-OCT-03-11,Historical event,A militia departs from the Spanish stronghold of Valdivia to quell a Huilliche uprising in southern Chile.,A militia departs from the Spanish stronghold of Valdivia to quell a Huilliche uprising in southern Chile.,"October 3, 1792 CE",https://en.wikipedia.org/wiki/3_October,1792-10-03,"October 3, 1792 CE",October 3 — Wikipedia,Exact day in source chronology,General historical chronology,Gregorian (source chronology),Target met,National or regional,Secondary reference chronology,20,Verified against source chronology,20,70
3,CE,1862,October,Date follows the Gregorian day chronology used by the source; for early events this may be a conventional/proleptic date.,Americas,GHC-OCT-03-12,Conflict or political event,"American Civil War: The two-day Second Battle of Corinth begins as Confederate forces under General Earl Van Dorn attack Union defenses led by General William Rosecrans around Corinth, Mississippi.","American Civil War: The two-day Second Battle of Corinth begins as Confederate forces under General Earl Van Dorn attack Union defenses led by General William Rosecrans around Corinth, Mississippi.","October 3, 1862 CE",https://en.wikipedia.org/wiki/3_October,1862-10-03,"October 3, 1862 CE",October 3 — Wikipedia,Exact day in source chronology,Military and political history,Gregorian (source chronology),Target met,National or regional,Secondary reference chronology,20,Verified against source chronology,20,70
3,CE,1863,October,Date follows the Gregorian day chronology used by the source; for early events this may be a conventional/proleptic date.,Americas,GHC-OCT-03-13,Political event,The last Thursday in November is declared as Thanksgiving Day by U.S. President Abraham Lincoln.,The last Thursday in November is declared as Thanksgiving Day by U.S. President Abraham Lincoln.,"October 3, 1863 CE",https://en.wikipedia.org/wiki/3_October,1863-10-03,"October 3, 1863 CE",October 3 — Wikipedia,Exact day in source chronology,Political and independence history,Gregorian (source chronology),Target met,National or regional,Secondary reference chronology,20,Verified against source chronology,20,70
3,CE,1912,October,Date follows the Gregorian day chronology used by the source; for early events this may be a conventional/proleptic date.,Americas,GHC-OCT-03-14,Conflict or political event,U.S. forces defeat Nicaraguan rebels at the Battle of Coyotepe Hill.,U.S. forces defeat Nicaraguan rebels at the Battle of Coyotepe Hill.,"October 3, 1912 CE",https://en.wikipedia.org/wiki/3_October,1912-10-03,"October 3, 1912 CE",October 3 — Wikipedia,Exact day in source chronology,Military and political history,Gregorian (source chronology),Target met,National or regional,Secondary reference chronology,20,Verified against source chronology,20,70
3,CE,1918,October,Date follows the Gregorian day chronology used by the source; for early events this may be a conventional/proleptic date.,,GHC-OCT-03-15,Historical event,Tsar Boris III of Bulgaria accedes to the throne.,Tsar Boris III of Bulgaria accedes to the throne.,"October 3, 1918 CE",https://en.wikipedia.org/wiki/3_October,1918-10-03,"October 3, 1918 CE",October 3 — Wikipedia,Exact day in source chronology,General historical chronology,Gregorian (source chronology),Target met,National or regional,Secondary reference chronology,20,Verified against source chronology,20,70
3,CE,1919,October,Date follows the Gregorian day chronology used by the source; for early events this may be a conventional/proleptic date.,Americas,GHC-OCT-03-16,Historical event,Cincinnati Reds pitcher Adolfo Luque becomes the first Latin American player to appear in a World Series.,Cincinnati Reds pitcher Adolfo Luque becomes the first Latin American player to appear in a World Series.,"October 3, 1919 CE",https://en.wikipedia.org/wiki/3_October,1919-10-03,"October 3, 1919 CE",October 3 — Wikipedia,Exact day in source chronology,General historical chronology,Gregorian (source chronology),Target met,National or regional,Secondary reference chronology,20,Verified against source chronology,20,70
3,CE,1929,October,Date follows the Gregorian day chronology used by the source; for early events this may be a conventional/proleptic date.,,GHC-OCT-03-17,Political event,"The Kingdom of Serbs, Croats and Slovenes is renamed to Yugoslavia by King Alexander I.","The Kingdom of Serbs, Croats and Slovenes is renamed to Yugoslavia by King Alexander I.","October 3, 1929 CE",https://en.wikipedia.org/wiki/3_October,1929-10-03,"October 3, 1929 CE",October 3 — Wikipedia,Exact day in source chronology,Political and independence history,Gregorian (source chronology),Target met,National or regional,Secondary reference chronology,20,Verified against source chronology,20,70
3,CE,1932,October,Date follows the Gregorian day chronology used by the source; for early events this may be a conventional/proleptic date.,Middle East,GHC-OCT-03-18,Political event,The Kingdom of Iraq gains independence from the United Kingdom.,The Kingdom of Iraq gains independence from the United Kingdom.,"October 3, 1932 CE",https://en.wikipedia.org/wiki/3_October,1932-10-03,"October 3, 1932 CE",October 3 — Wikipedia,Exact day in source chronology,Political and independence history,Gregorian (source chronology),Target met,International,Secondary reference chronology,20,Verified against source chronology,20,70
3,CE,1935,October,Date follows the Gregorian day chronology used by the source; for early events this may be a conventional/proleptic date.,Africa,GHC-OCT-03-19,Conflict or political event,Second Italo-Abyssinian War: Italy invades Ethiopia.,Second Italo-Abyssinian War: Italy invades Ethiopia.,"October 3, 1935 CE",https://en.wikipedia.org/wiki/3_October,1935-10-03,"October 3, 1935 CE",October 3 — Wikipedia,Exact day in source chronology,Military and political history,Gregorian (source chronology),Target met,International,Secondary reference chronology,20,Verified against source chronology,20,70
3,CE,1942,October,Date follows the Gregorian day chronology used by the source; for early events this may be a conventional/proleptic date.,,GHC-OCT-03-20,Scientific or technological event,A German V-2 rocket reaches a record 85 km (46 nm) in altitude.,A German V-2 rocket reaches a record 85 km (46 nm) in altitude.,"October 3, 1942 CE",https://en.wikipedia.org/wiki/3_October,1942-10-03,"October 3, 1942 CE",October 3 — Wikipedia,Exact day in source chronology,"Science, technology and space",Gregorian (source chronology),Target met,National or regional,Secondary reference chronology,20,Verified against source chronology,20,70
4,CE,1209,October,Date follows the Gregorian day chronology used by the source; for early events this may be a conventional/proleptic date.,,GHC-OCT-04-01,Political event,Otto IV is crowned Emperor of the Holy Roman Empire by Pope Innocent III.,Otto IV is crowned Emperor of the Holy Roman Empire by Pope Innocent III.,"October 4, 1209 CE",https://en.wikipedia.org/wiki/October_4,1209-10-04,"October 4, 1209 CE",October 4 — Wikipedia,Exact day in source chronology,Political and independence history,Gregorian (source chronology),Target met,International,Secondary reference chronology,20,Verified against source chronology,20,70
4,CE,1302,October,Date follows the Gregorian day chronology used by the source; for early events this may be a conventional/proleptic date.,Middle East,GHC-OCT-04-02,Conflict or political event,The Byzantine–Venetian War comes to an end.,The Byzantine–Venetian War comes to an end.,"October 4, 1302 CE",https://en.wikipedia.org/wiki/October_4,1302-10-04,"October 4, 1302 CE",October 4 — Wikipedia,Exact day in source chronology,Military and political history,Gregorian (source chronology),Target met,International,Secondary reference chronology,20,Verified against source chronology,20,70
4,CE,1363,October,Date follows the Gregorian day chronology used by the source; for early events this may be a conventional/proleptic date.,,GHC-OCT-04-03,Conflict or political event,"Battle of Lake Poyang: In one of the largest naval battles in history, Zhu Yuanzhang's rebels defeat rival Chen Youliang.","Battle of Lake Poyang: In one of the largest naval battles in history, Zhu Yuanzhang's rebels defeat rival Chen Youliang.","October 4, 1363 CE",https://en.wikipedia.org/wiki/October_4,1363-10-04,"October 4, 1363 CE",October 4 — Wikipedia,Exact day in source chronology,Military and political history,Gregorian (source chronology),Target met,National or regional,Secondary reference chronology,20,Verified against source chronology,20,70
4,CE,1511,October,Date follows the Gregorian day chronology used by the source; for early events this may be a conventional/proleptic date.,Europe,GHC-OCT-04-04,Historical event,"Formation of the Holy League of Aragon, the Papal States and Venice against France.","Formation of the Holy League of Aragon, the Papal States and Venice against France.","October 4, 1511 CE",https://en.wikipedia.org/wiki/October_4,1511-10-04,"October 4, 1511 CE",October 4 — Wikipedia,Exact day in source chronology,General historical chronology,Gregorian (source chronology),Target met,National or regional,Secondary reference chronology,20,Verified against source chronology,20,70
4,CE,1535,October,Date follows the Gregorian day chronology used by the source; for early events this may be a conventional/proleptic date.,,GHC-OCT-04-05,Historical event,"The Coverdale Bible is printed, with translations into English by William Tyndale and Myles Coverdale.","The Coverdale Bible is printed, with translations into English by William Tyndale and Myles Coverdale.","October 4, 1535 CE",https://en.wikipedia.org/wiki/October_4,1535-10-04,"October 4, 1535 CE",October 4 — Wikipedia,Exact day in source chronology,General historical chronology,Gregorian (source chronology),Target met,National or regional,Secondary reference chronology,20,Verified against source chronology,20,70
4,CE,1582,October,Date follows the Gregorian day chronology used by the source; for early events this may be a conventional/proleptic date.,,GHC-OCT-04-06,Religious event,The Gregorian Calendar is introduced by Pope Gregory XIII.,The Gregorian Calendar is introduced by Pope Gregory XIII.,"October 4, 1582 CE",https://en.wikipedia.org/wiki/October_4,1582-10-04,"October 4, 1582 CE",October 4 — Wikipedia,Exact day in source chronology,Religion and philosophy,Gregorian (source chronology),Target met,National or regional,Secondary reference chronology,20,Verified against source chronology,20,70
4,CE,1602,October,Date follows the Gregorian day chronology used by the source; for early events this may be a conventional/proleptic date.,,GHC-OCT-04-07,Conflict or political event,Eighty Years' War and the Anglo-Spanish War: A fleet of Spanish galleys are defeated by English and Dutch galleons in the English Channel.,Eighty Years' War and the Anglo-Spanish War: A fleet of Spanish galleys are defeated by English and Dutch galleons in the English Channel.,"October 4, 1602 CE",https://en.wikipedia.org/wiki/October_4,1602-10-04,"October 4, 1602 CE",October 4 — Wikipedia,Exact day in source chronology,Military and political history,Gregorian (source chronology),Target met,National or regional,Secondary reference chronology,20,Verified against source chronology,20,70
4,CE,1636,October,Date follows the Gregorian day chronology used by the source; for early events this may be a conventional/proleptic date.,,GHC-OCT-04-08,Conflict or political event,Thirty Years' War: The Swedish Army defeats the armies of Saxony and the Holy Roman Empire at the Battle of Wittstock.,Thirty Years' War: The Swedish Army defeats the armies of Saxony and the Holy Roman Empire at the Battle of Wittstock.,"October 4, 1636 CE",https://en.wikipedia.org/wiki/October_4,1636-10-04,"October 4, 1636 CE",October 4 — Wikipedia,Exact day in source chronology,Military and political history,Gregorian (source chronology),Target met,International,Secondary reference chronology,20,Verified against source chronology,20,70
4,CE,1693,October,Date follows the Gregorian day chronology used by the source; for early events this may be a conventional/proleptic date.,,GHC-OCT-04-09,Conflict or political event,Nine Years' War: Piedmontese troops are defeated by the French.,Nine Years' War: Piedmontese troops are defeated by the French.,"October 4, 1693 CE",https://en.wikipedia.org/wiki/October_4,1693-10-04,"October 4, 1693 CE",October 4 — Wikipedia,Exact day in source chronology,Military and political history,Gregorian (source chronology),Target met,National or regional,Secondary reference chronology,20,Verified against source chronology,20,70
4,CE,1777,October,Date follows the Gregorian day chronology used by the source; for early events this may be a conventional/proleptic date.,Americas,GHC-OCT-04-10,Conflict or political event,American Revolutionary War: Troops under George Washington are repelled by British troops under William Howe.,American Revolutionary War: Troops under George Washington are repelled by British troops under William Howe.,"October 4, 1777 CE",https://en.wikipedia.org/wiki/October_4,1777-10-04,"October 4, 1777 CE",October 4 — Wikipedia,Exact day in source chronology,Military and political history,Gregorian (source chronology),Target met,National or regional,Secondary reference chronology,20,Verified against source chronology,20,70
4,CE,1795,October,Date follows the Gregorian day chronology used by the source; for early events this may be a conventional/proleptic date.,,GHC-OCT-04-11,Conflict or political event,Napoleon first rises to prominence by suppressing counter-revolutionary rioters threatening the National Convention.,Napoleon first rises to prominence by suppressing counter-revolutionary rioters threatening the National Convention.,"October 4, 1795 CE",https://en.wikipedia.org/wiki/October_4,1795-10-04,"October 4, 1795 CE",October 4 — Wikipedia,Exact day in source chronology,Military and political history,Gregorian (source chronology),Target met,National or regional,Secondary reference chronology,20,Verified against source chronology,20,70
4,CE,1824,October,Date follows the Gregorian day chronology used by the source; for early events this may be a conventional/proleptic date.,Americas,GHC-OCT-04-12,Political event,Mexico adopts a new constitution and becomes a federal republic.,Mexico adopts a new constitution and becomes a federal republic.,"October 4, 1824 CE",https://en.wikipedia.org/wiki/October_4,1824-10-04,"October 4, 1824 CE",October 4 — Wikipedia,Exact day in source chronology,Political and independence history,Gregorian (source chronology),Target met,National or regional,Secondary reference chronology,20,Verified against source chronology,20,70
4,CE,1830,October,Date follows the Gregorian day chronology used by the source; for early events this may be a conventional/proleptic date.,Europe,GHC-OCT-04-13,Conflict or political event,The Belgian Revolution takes legal form when the provisional government secedes from the Netherlands.,The Belgian Revolution takes legal form when the provisional government secedes from the Netherlands.,"October 4, 1830 CE",https://en.wikipedia.org/wiki/October_4,1830-10-04,"October 4, 1830 CE",October 4 — Wikipedia,Exact day in source chronology,Military and political history,Gregorian (source chronology),Target met,National or regional,Secondary reference chronology,20,Verified against source chronology,20,70
4,CE,1917,October,Date follows the Gregorian day chronology used by the source; for early events this may be a conventional/proleptic date.,,GHC-OCT-04-14,Conflict or political event,World War I: The Battle of Broodseinde is fought between the British and German armies in Flanders.,World War I: The Battle of Broodseinde is fought between the British and German armies in Flanders.,"October 4, 1917 CE",https://en.wikipedia.org/wiki/October_4,1917-10-04,"October 4, 1917 CE",October 4 — Wikipedia,Exact day in source chronology,Military and political history,Gregorian (source chronology),Target met,International,Secondary reference chronology,20,Verified against source chronology,20,70
4,CE,1918,October,Date follows the Gregorian day chronology used by the source; for early events this may be a conventional/proleptic date.,,GHC-OCT-04-15,Conflict or political event,World War I: An explosion kills more than 100 people and destroys a Shell Loading Plant in New Jersey.,World War I: An explosion kills more than 100 people and destroys a Shell Loading Plant in New Jersey.,"October 4, 1918 CE",https://en.wikipedia.org/wiki/October_4,1918-10-04,"October 4, 1918 CE",October 4 — Wikipedia,Exact day in source chronology,Military and political history,Gregorian (source chronology),Target met,International,Secondary reference chronology,20,Verified against source chronology,20,70
4,CE,1920,October,Date follows the Gregorian day chronology used by the source; for early events this may be a conventional/proleptic date.,,GHC-OCT-04-16,Historical event,"The Mannerheim League for Child Welfare, a Finnish non-governmental organization, is founded on the initiative of Sophie Mannerheim.","The Mannerheim League for Child Welfare, a Finnish non-governmental organization, is founded on the initiative of Sophie Mannerheim.","October 4, 1920 CE",https://en.wikipedia.org/wiki/October_4,1920-10-04,"October 4, 1920 CE",October 4 — Wikipedia,Exact day in source chronology,General historical chronology,Gregorian (source chronology),Target met,National or regional,Secondary reference chronology,20,Verified against source chronology,20,70
4,CE,1925,October,Date follows the Gregorian day chronology used by the source; for early events this may be a conventional/proleptic date.,Middle East,GHC-OCT-04-17,Historical event,Great Syrian Revolt: Rebels led by Fawzi al-Qawuqji capture Hama from the French Mandate of Syria.,Great Syrian Revolt: Rebels led by Fawzi al-Qawuqji capture Hama from the French Mandate of Syria.,"October 4, 1925 CE",https://en.wikipedia.org/wiki/October_4,1925-10-04,"October 4, 1925 CE",October 4 — Wikipedia,Exact day in source chronology,General historical chronology,Gregorian (source chronology),Target met,International,Secondary reference chronology,20,Verified against source chronology,20,70
4,CE,1925,October,Date follows the Gregorian day chronology used by the source; for early events this may be a conventional/proleptic date.,,GHC-OCT-04-18,Political event,"S2, a Finnish Sokol class torpedo boat, sinks during a fierce storm near the coast of Pori in the Gulf of Bothnia, taking with it the whole crew of 53.","S2, a Finnish Sokol class torpedo boat, sinks during a fierce storm near the coast of Pori in the Gulf of Bothnia, taking with it the whole crew of 53.","October 4, 1925 CE",https://en.wikipedia.org/wiki/October_4,1925-10-04,"October 4, 1925 CE",October 4 — Wikipedia,Exact day in source chronology,Political and independence history,Gregorian (source chronology),Target met,National or regional,Secondary reference chronology,20,Verified against source chronology,20,70
4,CE,1927,October,Date follows the Gregorian day chronology used by the source; for early events this may be a conventional/proleptic date.,,GHC-OCT-04-19,Historical event,Gutzon Borglum begins sculpting Mount Rushmore.,Gutzon Borglum begins sculpting Mount Rushmore.,"October 4, 1927 CE",https://en.wikipedia.org/wiki/October_4,1927-10-04,"October 4, 1927 CE",October 4 — Wikipedia,Exact day in source chronology,General historical chronology,Gregorian (source chronology),Target met,National or regional,Secondary reference chronology,20,Verified against source chronology,20,70
4,CE,1936,October,Date follows the Gregorian day chronology used by the source; for early events this may be a conventional/proleptic date.,,GHC-OCT-04-20,Conflict or political event,The Metropolitan Police and various anti-fascist organizations violently clash in the Battle of Cable Street.,The Metropolitan Police and various anti-fascist organizations violently clash in the Battle of Cable Street.,"October 4, 1936 CE",https://en.wikipedia.org/wiki/October_4,1936-10-04,"October 4, 1936 CE",October 4 — Wikipedia,Exact day in source chronology,Military and political history,Gregorian (source chronology),Target met,National or regional,Secondary reference chronology,20,Verified against source chronology,20,70
5,CE,610,October,Date follows the Gregorian day chronology used by the source; for early events this may be a conventional/proleptic date.,Middle East,GHC-OCT-05-01,Political event,"Heraclius arrives at Constantinople, kills Byzantine Emperor Phocas, and becomes emperor.","Heraclius arrives at Constantinople, kills Byzantine Emperor Phocas, and becomes emperor.","October 5, 610 CE",https://en.wikipedia.org/wiki/October_5,0610-10-05,"October 5, 610 CE",October 5 — Wikipedia,Exact day in source chronology,Political and independence history,Gregorian (source chronology),Target met,International,Secondary reference chronology,20,Verified against source chronology,20,70
5,CE,816,October,Date follows the Gregorian day chronology used by the source; for early events this may be a conventional/proleptic date.,,GHC-OCT-05-02,Political event,King Louis the Pious is crowned emperor of the Holy Roman Empire by the Pope.,King Louis the Pious is crowned emperor of the Holy Roman Empire by the Pope.,"October 5, 816 CE",https://en.wikipedia.org/wiki/October_5,0816-10-05,"October 5, 816 CE",October 5 — Wikipedia,Exact day in source chronology,Political and independence history,Gregorian (source chronology),Target met,International,Secondary reference chronology,20,Verified against source chronology,20,70
5,CE,869,October,Date follows the Gregorian day chronology used by the source; for early events this may be a conventional/proleptic date.,,GHC-OCT-05-03,Historical event,The Fourth Council of Constantinople is convened to depose patriarch Photios I.,The Fourth Council of Constantinople is convened to depose patriarch Photios I.,"October 5, 869 CE",https://en.wikipedia.org/wiki/October_5,0869-10-05,"October 5, 869 CE",October 5 — Wikipedia,Exact day in source chronology,General historical chronology,Gregorian (source chronology),Target met,National or regional,Secondary reference chronology,20,Verified against source chronology,20,70
5,CE,1143,October,Date follows the Gregorian day chronology used by the source; for early events this may be a conventional/proleptic date.,Europe,GHC-OCT-05-04,Political event,"With the signing of the Treaty of Zamora, King Alfonso VII of León and Castile recognises Portugal as a Kingdom.","With the signing of the Treaty of Zamora, King Alfonso VII of León and Castile recognises Portugal as a Kingdom.","October 5, 1143 CE",https://en.wikipedia.org/wiki/October_5,1143-10-05,"October 5, 1143 CE",October 5 — Wikipedia,Exact day in source chronology,Political and independence history,Gregorian (source chronology),Target met,International,Secondary reference chronology,20,Verified against source chronology,20,70
5,CE,1450,October,Date follows the Gregorian day chronology used by the source; for early events this may be a conventional/proleptic date.,,GHC-OCT-05-05,Historical event,"Louis IX, Duke of Bavaria expels Jews from his jurisdiction.","Louis IX, Duke of Bavaria expels Jews from his jurisdiction.","October 5, 1450 CE",https://en.wikipedia.org/wiki/October_5,1450-10-05,"October 5, 1450 CE",October 5 — Wikipedia,Exact day in source chronology,General historical chronology,Gregorian (source chronology),Target met,National or regional,Secondary reference chronology,20,Verified against source chronology,20,70
5,CE,1274,October,Date follows the Gregorian day chronology used by the source; for early events this may be a conventional/proleptic date.,Middle East,GHC-OCT-05-06,Historical event,"Al-Dhahabi, Syrian scholar and historian (died 1348)","Al-Dhahabi, Syrian scholar and historian (died 1348)","October 5, 1274 CE",https://en.wikipedia.org/wiki/October_5,1274-10-05,"October 5, 1274 CE",October 5 — Wikipedia,Exact day in source chronology,General historical chronology,Gregorian (source chronology),Target met,International,Secondary reference chronology,20,Verified against source chronology,20,70
5,CE,1607,October,Date follows the Gregorian day chronology used by the source; for early events this may be a conventional/proleptic date.,,GHC-OCT-05-07,Historical event,Assassins attempt to kill Venetian statesman and scientist Paolo Sarpi.,Assassins attempt to kill Venetian statesman and scientist Paolo Sarpi.,"October 5, 1607 CE",https://en.wikipedia.org/wiki/October_5,1607-10-05,"October 5, 1607 CE",October 5 — Wikipedia,Exact day in source chronology,General historical chronology,Gregorian (source chronology),Target met,National or regional,Secondary reference chronology,20,Verified against source chronology,20,70
5,CE,1789,October,Date follows the Gregorian day chronology used by the source; for early events this may be a conventional/proleptic date.,,GHC-OCT-05-08,Conflict or political event,French Revolution: The Women's March on Versailles effectively terminates royal authority.,French Revolution: The Women's March on Versailles effectively terminates royal authority.,"October 5, 1789 CE",https://en.wikipedia.org/wiki/October_5,1789-10-05,"October 5, 1789 CE",October 5 — Wikipedia,Exact day in source chronology,Military and political history,Gregorian (source chronology),Target met,National or regional,Secondary reference chronology,20,Verified against source chronology,20,70
5,CE,1813,October,Date follows the Gregorian day chronology used by the source; for early events this may be a conventional/proleptic date.,,GHC-OCT-05-09,Conflict or political event,War of 1812: The Army of the Northwest defeats a British and Native Canadian force threatening Detroit.,War of 1812: The Army of the Northwest defeats a British and Native Canadian force threatening Detroit.,"October 5, 1813 CE",https://en.wikipedia.org/wiki/October_5,1813-10-05,"October 5, 1813 CE",October 5 — Wikipedia,Exact day in source chronology,Military and political history,Gregorian (source chronology),Target met,National or regional,Secondary reference chronology,20,Verified against source chronology,20,70
5,CE,1869,October,Date follows the Gregorian day chronology used by the source; for early events this may be a conventional/proleptic date.,Americas,GHC-OCT-05-10,Historical event,The Saxby Gale devastates the Bay of Fundy region in Canada.,The Saxby Gale devastates the Bay of Fundy region in Canada.,"October 5, 1869 CE",https://en.wikipedia.org/wiki/October_5,1869-10-05,"October 5, 1869 CE",October 5 — Wikipedia,Exact day in source chronology,General historical chronology,Gregorian (source chronology),Target met,National or regional,Secondary reference chronology,20,Verified against source chronology,20,70
5,CE,1869,October,Date follows the Gregorian day chronology used by the source; for early events this may be a conventional/proleptic date.,Americas,GHC-OCT-05-11,Historical event,"The Eastman tunnel, in Minnesota, United States, collapses during construction, causing a landslide that nearly destroys St. Anthony Falls.","The Eastman tunnel, in Minnesota, United States, collapses during construction, causing a landslide that nearly destroys St. Anthony Falls.","October 5, 1869 CE",https://en.wikipedia.org/wiki/October_5,1869-10-05,"October 5, 1869 CE",October 5 — Wikipedia,Exact day in source chronology,General historical chronology,Gregorian (source chronology),Target met,National or regional,Secondary reference chronology,20,Verified against source chronology,20,70
5,CE,1877,October,Date follows the Gregorian day chronology used by the source; for early events this may be a conventional/proleptic date.,Americas,GHC-OCT-05-12,Conflict or political event,The Nez Perce War in the northwestern United States comes to an end.,The Nez Perce War in the northwestern United States comes to an end.,"October 5, 1877 CE",https://en.wikipedia.org/wiki/October_5,1877-10-05,"October 5, 1877 CE",October 5 — Wikipedia,Exact day in source chronology,Military and political history,Gregorian (source chronology),Target met,National or regional,Secondary reference chronology,20,Verified against source chronology,20,70
5,CE,1900,October,Date follows the Gregorian day chronology used by the source; for early events this may be a conventional/proleptic date.,Africa,GHC-OCT-05-13,Historical event,Peace congress in Paris condemns British policy in South Africa and asserts Boer Republic's right to self-determination.,Peace congress in Paris condemns British policy in South Africa and asserts Boer Republic's right to self-determination.,"October 5, 1900 CE",https://en.wikipedia.org/wiki/October_5,1900-10-05,"October 5, 1900 CE",October 5 — Wikipedia,Exact day in source chronology,General historical chronology,Gregorian (source chronology),Target met,International,Secondary reference chronology,20,Verified against source chronology,20,70
5,CE,1905,October,Date follows the Gregorian day chronology used by the source; for early events this may be a conventional/proleptic date.,,GHC-OCT-05-14,Historical event,The Wright brothers pilot the Wright Flyer III in a new world record flight of 24 miles in 39 minutes.,The Wright brothers pilot the Wright Flyer III in a new world record flight of 24 miles in 39 minutes.,"October 5, 1905 CE",https://en.wikipedia.org/wiki/October_5,1905-10-05,"October 5, 1905 CE",October 5 — Wikipedia,Exact day in source chronology,General historical chronology,Gregorian (source chronology),Target met,National or regional,Secondary reference chronology,20,Verified against source chronology,20,70
5,CE,1910,October,Date follows the Gregorian day chronology used by the source; for early events this may be a conventional/proleptic date.,Europe,GHC-OCT-05-15,Conflict or political event,In a revolution in Portugal the monarchy is overthrown and a republic is declared.,In a revolution in Portugal the monarchy is overthrown and a republic is declared.,"October 5, 1910 CE",https://en.wikipedia.org/wiki/October_5,1910-10-05,"October 5, 1910 CE",October 5 — Wikipedia,Exact day in source chronology,Military and political history,Gregorian (source chronology),Target met,National or regional,Secondary reference chronology,20,Verified against source chronology,20,70
5,CE,1911,October,Date follows the Gregorian day chronology used by the source; for early events this may be a conventional/proleptic date.,,GHC-OCT-05-16,Historical event,The Kowloon–Canton Railway commences service.,The Kowloon–Canton Railway commences service.,"October 5, 1911 CE",https://en.wikipedia.org/wiki/October_5,1911-10-05,"October 5, 1911 CE",October 5 — Wikipedia,Exact day in source chronology,General historical chronology,Gregorian (source chronology),Target met,National or regional,Secondary reference chronology,20,Verified against source chronology,20,70
5,CE,1914,October,Date follows the Gregorian day chronology used by the source; for early events this may be a conventional/proleptic date.,,GHC-OCT-05-17,Conflict or political event,World War I: An aircraft successfully destroys another aircraft with gunfire for the first time.,World War I: An aircraft successfully destroys another aircraft with gunfire for the first time.,"October 5, 1914 CE",https://en.wikipedia.org/wiki/October_5,1914-10-05,"October 5, 1914 CE",October 5 — Wikipedia,Exact day in source chronology,Military and political history,Gregorian (source chronology),Target met,International,Secondary reference chronology,20,Verified against source chronology,20,70
5,CE,1921,October,Date follows the Gregorian day chronology used by the source; for early events this may be a conventional/proleptic date.,,GHC-OCT-05-18,Cultural or educational event,The World Series is the first to be broadcast on radio.,The World Series is the first to be broadcast on radio.,"October 5, 1921 CE",https://en.wikipedia.org/wiki/October_5,1921-10-05,"October 5, 1921 CE",October 5 — Wikipedia,Exact day in source chronology,"Culture, literature and education",Gregorian (source chronology),Target met,National or regional,Secondary reference chronology,20,Verified against source chronology,20,70
5,CE,1930,October,Date follows the Gregorian day chronology used by the source; for early events this may be a conventional/proleptic date.,Asia,GHC-OCT-05-19,Disaster,British airship R101 crashes in France en route to India on its maiden voyage killing 48 people.,British airship R101 crashes in France en route to India on its maiden voyage killing 48 people.,"October 5, 1930 CE",https://en.wikipedia.org/wiki/October_5,1930-10-05,"October 5, 1930 CE",October 5 — Wikipedia,Exact day in source chronology,Disaster history,Gregorian (source chronology),Target met,International,Secondary reference chronology,20,Verified against source chronology,20,70
5,CE,1931,October,Date follows the Gregorian day chronology used by the source; for early events this may be a conventional/proleptic date.,,GHC-OCT-05-20,Conflict or political event,"Clyde Edward Pangborn and Hugh Herndon, Jr. make the first nonstop flight across the Pacific Ocean in the plane Miss Veedol.","Clyde Edward Pangborn and Hugh Herndon, Jr. make the first nonstop flight across the Pacific Ocean in the plane Miss Veedol.","October 5, 1931 CE",https://en.wikipedia.org/wiki/October_5,1931-10-05,"October 5, 1931 CE",October 5 — Wikipedia,Exact day in source chronology,Military and political history,Gregorian (source chronology),Target met,National or regional,Secondary reference chronology,20,Verified against source chronology,20,70
6,CE,404,October,Date follows the Gregorian day chronology used by the source; for early events this may be a conventional/proleptic date.,Middle East,GHC-OCT-06-01,Historical event,Byzantine Empress Eudoxia dies from the miscarriage of her seventh pregnancy.,Byzantine Empress Eudoxia dies from the miscarriage of her seventh pregnancy.,"October 6, 404 CE",https://en.wikipedia.org/wiki/October_6,0404-10-06,"October 6, 404 CE",October 6 — Wikipedia,Exact day in source chronology,General historical chronology,Gregorian (source chronology),Target met,International,Secondary reference chronology,20,Verified against source chronology,20,70
6,CE,618,October,Date follows the Gregorian day chronology used by the source; for early events this may be a conventional/proleptic date.,,GHC-OCT-06-02,Conflict or political event,Transition from Sui to Tang: Wang Shichong decisively defeats Li Mi at the Battle of Yanshi.,Transition from Sui to Tang: Wang Shichong decisively defeats Li Mi at the Battle of Yanshi.,"October 6, 618 CE",https://en.wikipedia.org/wiki/October_6,0618-10-06,"October 6, 618 CE",October 6 — Wikipedia,Exact day in source chronology,Military and political history,Gregorian (source chronology),Target met,National or regional,Secondary reference chronology,20,Verified against source chronology,20,70
6,CE,1539,October,Date follows the Gregorian day chronology used by the source; for early events this may be a conventional/proleptic date.,Europe,GHC-OCT-06-03,Historical event,Spain's DeSoto expedition takes over the Apalachee capital of Anhaica for their winter quarters.,Spain's DeSoto expedition takes over the Apalachee capital of Anhaica for their winter quarters.,"October 6, 1539 CE",https://en.wikipedia.org/wiki/October_6,1539-10-06,"October 6, 1539 CE",October 6 — Wikipedia,Exact day in source chronology,General historical chronology,Gregorian (source chronology),Target met,National or regional,Secondary reference chronology,20,Verified against source chronology,20,70
6,CE,649,October,Date follows the Gregorian day chronology used by the source; for early events this may be a conventional/proleptic date.,,GHC-OCT-06-04,Historical event,Yuknoom Yichʼaak Kʼahkʼ (died around 696),Yuknoom Yichʼaak Kʼahkʼ (died around 696),"October 6, 649 CE",https://en.wikipedia.org/wiki/October_6,0649-10-06,"October 6, 649 CE",October 6 — Wikipedia,Exact day in source chronology,General historical chronology,Gregorian (source chronology),Target met,National or regional,Secondary reference chronology,20,Verified against source chronology,20,70
6,CE,1289,October,Date follows the Gregorian day chronology used by the source; for early events this may be a conventional/proleptic date.,,GHC-OCT-06-05,Historical event,Wenceslaus III of Bohemia (died 1306),Wenceslaus III of Bohemia (died 1306),"October 6, 1289 CE",https://en.wikipedia.org/wiki/October_6,1289-10-06,"October 6, 1289 CE",October 6 — Wikipedia,Exact day in source chronology,General historical chronology,Gregorian (source chronology),Target met,National or regional,Secondary reference chronology,20,Verified against source chronology,20,70
6,CE,1459,October,Date follows the Gregorian day chronology used by the source; for early events this may be a conventional/proleptic date.,,GHC-OCT-06-06,Historical event,"Martin Behaim, German navigator and geographer (died 1507)","Martin Behaim, German navigator and geographer (died 1507)","October 6, 1459 CE",https://en.wikipedia.org/wiki/October_6,1459-10-06,"October 6, 1459 CE",October 6 — Wikipedia,Exact day in source chronology,General historical chronology,Gregorian (source chronology),Target met,National or regional,Secondary reference chronology,20,Verified against source chronology,20,70
6,CE,1600,October,Date follows the Gregorian day chronology used by the source; for early events this may be a conventional/proleptic date.,,GHC-OCT-06-07,Cultural or educational event,"Euridice, the earliest surviving opera, receives its première performance, beginning the Baroque period.","Euridice, the earliest surviving opera, receives its première performance, beginning the Baroque period.","October 6, 1600 CE",https://en.wikipedia.org/wiki/October_6,1600-10-06,"October 6, 1600 CE",October 6 — Wikipedia,Exact day in source chronology,"Culture, literature and education",Gregorian (source chronology),Target met,National or regional,Secondary reference chronology,20,Verified against source chronology,20,70
6,CE,1683,October,Date follows the Gregorian day chronology used by the source; for early events this may be a conventional/proleptic date.,,GHC-OCT-06-08,Historical event,"Immigrant families found Germantown, Pennsylvania in the first major immigration of German people to America.","Immigrant families found Germantown, Pennsylvania in the first major immigration of German people to America.","October 6, 1683 CE",https://en.wikipedia.org/wiki/October_6,1683-10-06,"October 6, 1683 CE",October 6 — Wikipedia,Exact day in source chronology,General historical chronology,Gregorian (source chronology),Target met,National or regional,Secondary reference chronology,20,Verified against source chronology,20,70
6,CE,1762,October,Date follows the Gregorian day chronology used by the source; for early events this may be a conventional/proleptic date.,Europe,GHC-OCT-06-09,Conflict or political event,Seven Years' War: The British capture Manila from Spain and occupy it.,Seven Years' War: The British capture Manila from Spain and occupy it.,"October 6, 1762 CE",https://en.wikipedia.org/wiki/October_6,1762-10-06,"October 6, 1762 CE",October 6 — Wikipedia,Exact day in source chronology,Military and political history,Gregorian (source chronology),Target met,National or regional,Secondary reference chronology,20,Verified against source chronology,20,70
6,CE,1777,October,Date follows the Gregorian day chronology used by the source; for early events this may be a conventional/proleptic date.,Americas,GHC-OCT-06-10,Conflict or political event,American Revolutionary War: British forces capture Forts Clinton and Montgomery on the Hudson River.,American Revolutionary War: British forces capture Forts Clinton and Montgomery on the Hudson River.,"October 6, 1777 CE",https://en.wikipedia.org/wiki/October_6,1777-10-06,"October 6, 1777 CE",October 6 — Wikipedia,Exact day in source chronology,Military and political history,Gregorian (source chronology),Target met,National or regional,Secondary reference chronology,20,Verified against source chronology,20,70
6,CE,1789,October,Date follows the Gregorian day chronology used by the source; for early events this may be a conventional/proleptic date.,,GHC-OCT-06-11,Conflict or political event,French Revolution: King Louis XVI is forced to change his residence from Versailles to the Tuileries Palace.,French Revolution: King Louis XVI is forced to change his residence from Versailles to the Tuileries Palace.,"October 6, 1789 CE",https://en.wikipedia.org/wiki/October_6,1789-10-06,"October 6, 1789 CE",October 6 — Wikipedia,Exact day in source chronology,Military and political history,Gregorian (source chronology),Target met,National or regional,Secondary reference chronology,20,Verified against source chronology,20,70
6,CE,1810,October,Date follows the Gregorian day chronology used by the source; for early events this may be a conventional/proleptic date.,Europe,GHC-OCT-06-12,Disaster,A large fire destroys a third of all the buildings in the town of Raahe in the Grand Duchy of Finland.,A large fire destroys a third of all the buildings in the town of Raahe in the Grand Duchy of Finland.,"October 6, 1810 CE",https://en.wikipedia.org/wiki/October_6,1810-10-06,"October 6, 1810 CE",October 6 — Wikipedia,Exact day in source chronology,Disaster history,Gregorian (source chronology),Target met,National or regional,Secondary reference chronology,20,Verified against source chronology,20,70
6,CE,1849,October,Date follows the Gregorian day chronology used by the source; for early events this may be a conventional/proleptic date.,,GHC-OCT-06-13,Conflict or political event,The execution of the 13 Martyrs of Arad after the Hungarian war of independence.,The execution of the 13 Martyrs of Arad after the Hungarian war of independence.,"October 6, 1849 CE",https://en.wikipedia.org/wiki/October_6,1849-10-06,"October 6, 1849 CE",October 6 — Wikipedia,Exact day in source chronology,Military and political history,Gregorian (source chronology),Target met,National or regional,Secondary reference chronology,20,Verified against source chronology,20,70
6,CE,1903,October,Date follows the Gregorian day chronology used by the source; for early events this may be a conventional/proleptic date.,Oceania,GHC-OCT-06-14,Historical event,The High Court of Australia sits for the first time.,The High Court of Australia sits for the first time.,"October 6, 1903 CE",https://en.wikipedia.org/wiki/October_6,1903-10-06,"October 6, 1903 CE",October 6 — Wikipedia,Exact day in source chronology,General historical chronology,Gregorian (source chronology),Target met,National or regional,Secondary reference chronology,20,Verified against source chronology,20,70
6,CE,1908,October,Date follows the Gregorian day chronology used by the source; for early events this may be a conventional/proleptic date.,Europe,GHC-OCT-06-15,Political event,The Bosnian crisis erupts when Austria-Hungary formally annexes Bosnia and Herzegovina.,The Bosnian crisis erupts when Austria-Hungary formally annexes Bosnia and Herzegovina.,"October 6, 1908 CE",https://en.wikipedia.org/wiki/October_6,1908-10-06,"October 6, 1908 CE",October 6 — Wikipedia,Exact day in source chronology,Political and independence history,Gregorian (source chronology),Target met,National or regional,Secondary reference chronology,20,Verified against source chronology,20,70
6,CE,1910,October,Date follows the Gregorian day chronology used by the source; for early events this may be a conventional/proleptic date.,Europe,GHC-OCT-06-16,Historical event,Eleftherios Venizelos is elected Prime Minister of Greece for the first of seven times.,Eleftherios Venizelos is elected Prime Minister of Greece for the first of seven times.,"October 6, 1910 CE",https://en.wikipedia.org/wiki/October_6,1910-10-06,"October 6, 1910 CE",October 6 — Wikipedia,Exact day in source chronology,General historical chronology,Gregorian (source chronology),Target met,National or regional,Secondary reference chronology,20,Verified against source chronology,20,70
6,CE,1915,October,Date follows the Gregorian day chronology used by the source; for early events this may be a conventional/proleptic date.,Europe,GHC-OCT-06-17,Conflict or political event,"World War I: Combined Austro-Hungarian and German Central Powers, reinforced by the recently joined Bulgaria launched a new offensive against Serbia under command of August von Mackensen.","World War I: Combined Austro-Hungarian and German Central Powers, reinforced by the recently joined Bulgaria launched a new offensive against Serbia under command of August von Mackensen.","October 6, 1915 CE",https://en.wikipedia.org/wiki/October_6,1915-10-06,"October 6, 1915 CE",October 6 — Wikipedia,Exact day in source chronology,Military and political history,Gregorian (source chronology),Target met,International,Secondary reference chronology,20,Verified against source chronology,20,70
6,CE,1915,October,Date follows the Gregorian day chronology used by the source; for early events this may be a conventional/proleptic date.,,GHC-OCT-06-18,Conflict or political event,"World War I: Entente forces land in Thessaloniki, to open the Macedonian front against the Central Powers.","World War I: Entente forces land in Thessaloniki, to open the Macedonian front against the Central Powers.","October 6, 1915 CE",https://en.wikipedia.org/wiki/October_6,1915-10-06,"October 6, 1915 CE",October 6 — Wikipedia,Exact day in source chronology,Military and political history,Gregorian (source chronology),Target met,International,Secondary reference chronology,20,Verified against source chronology,20,70
6,CE,1920,October,Date follows the Gregorian day chronology used by the source; for early events this may be a conventional/proleptic date.,Asia,GHC-OCT-06-19,Conflict or political event,Ukrainian War of Independence: The Starobilsk agreement is signed by representatives of the Ukrainian Soviet Socialist Republic and the Makhnovshchina.,Ukrainian War of Independence: The Starobilsk agreement is signed by representatives of the Ukrainian Soviet Socialist Republic and the Makhnovshchina.,"October 6, 1920 CE",https://en.wikipedia.org/wiki/October_6,1920-10-06,"October 6, 1920 CE",October 6 — Wikipedia,Exact day in source chronology,Military and political history,Gregorian (source chronology),Target met,International,Secondary reference chronology,20,Verified against source chronology,20,70
6,CE,1923,October,Date follows the Gregorian day chronology used by the source; for early events this may be a conventional/proleptic date.,,GHC-OCT-06-20,Historical event,The Turkish National Movement enters Constantinople.,The Turkish National Movement enters Constantinople.,"October 6, 1923 CE",https://en.wikipedia.org/wiki/October_6,1923-10-06,"October 6, 1923 CE",October 6 — Wikipedia,Exact day in source chronology,General historical chronology,Gregorian (source chronology),Target met,National or regional,Secondary reference chronology,20,Verified against source chronology,20,70
7,CE,1403,October,Date follows the Gregorian day chronology used by the source; for early events this may be a conventional/proleptic date.,,GHC-OCT-07-01,Conflict or political event,Venetian–Genoese wars: The Genoese fleet under a French admiral is defeated by a Venetian fleet at the Battle of Modon.,Venetian–Genoese wars: The Genoese fleet under a French admiral is defeated by a Venetian fleet at the Battle of Modon.,"October 7, 1403 CE",https://en.wikipedia.org/wiki/October_7,1403-10-07,"October 7, 1403 CE",October 7 — Wikipedia,Exact day in source chronology,Military and political history,Gregorian (source chronology),Target met,National or regional,Secondary reference chronology,20,Verified against source chronology,20,70
7,CE,1477,October,Date follows the Gregorian day chronology used by the source; for early events this may be a conventional/proleptic date.,,GHC-OCT-07-02,Cultural or educational event,Uppsala University is inaugurated after receiving its corporate rights from Pope Sixtus IV in February the same year.,Uppsala University is inaugurated after receiving its corporate rights from Pope Sixtus IV in February the same year.,"October 7, 1477 CE",https://en.wikipedia.org/wiki/October_7,1477-10-07,"October 7, 1477 CE",October 7 — Wikipedia,Exact day in source chronology,"Culture, literature and education",Gregorian (source chronology),Target met,National or regional,Secondary reference chronology,20,Verified against source chronology,20,70
7,CE,1513,October,Date follows the Gregorian day chronology used by the source; for early events this may be a conventional/proleptic date.,Europe,GHC-OCT-07-03,Conflict or political event,War of the League of Cambrai: Spain defeats Venice.,War of the League of Cambrai: Spain defeats Venice.,"October 7, 1513 CE",https://en.wikipedia.org/wiki/October_7,1513-10-07,"October 7, 1513 CE",October 7 — Wikipedia,Exact day in source chronology,Military and political history,Gregorian (source chronology),Target met,National or regional,Secondary reference chronology,20,Verified against source chronology,20,70
7,CE,1571,October,Date follows the Gregorian day chronology used by the source; for early events this may be a conventional/proleptic date.,Middle East,GHC-OCT-07-04,Conflict or political event,"The Battle of Lepanto is fought, and the Ottoman Navy suffers its first defeat.","The Battle of Lepanto is fought, and the Ottoman Navy suffers its first defeat.","October 7, 1571 CE",https://en.wikipedia.org/wiki/October_7,1571-10-07,"October 7, 1571 CE",October 7 — Wikipedia,Exact day in source chronology,Military and political history,Gregorian (source chronology),Target met,International,Secondary reference chronology,20,Verified against source chronology,20,70
7,CE,1301,October,Date follows the Gregorian day chronology used by the source; for early events this may be a conventional/proleptic date.,,GHC-OCT-07-05,Historical event,Grand Prince Aleksandr Mikhailovich of Tver (died 1339),Grand Prince Aleksandr Mikhailovich of Tver (died 1339),"October 7, 1301 CE",https://en.wikipedia.org/wiki/October_7,1301-10-07,"October 7, 1301 CE",October 7 — Wikipedia,Exact day in source chronology,General historical chronology,Gregorian (source chronology),Target met,National or regional,Secondary reference chronology,20,Verified against source chronology,20,70
7,CE,1409,October,Date follows the Gregorian day chronology used by the source; for early events this may be a conventional/proleptic date.,,GHC-OCT-07-06,Historical event,Elizabeth of Luxembourg (died 1442),Elizabeth of Luxembourg (died 1442),"October 7, 1409 CE",https://en.wikipedia.org/wiki/October_7,1409-10-07,"October 7, 1409 CE",October 7 — Wikipedia,Exact day in source chronology,General historical chronology,Gregorian (source chronology),Target met,National or regional,Secondary reference chronology,20,Verified against source chronology,20,70
7,CE,1691,October,Date follows the Gregorian day chronology used by the source; for early events this may be a conventional/proleptic date.,,GHC-OCT-07-07,Historical event,The charter for the Province of Massachusetts Bay is issued.,The charter for the Province of Massachusetts Bay is issued.,"October 7, 1691 CE",https://en.wikipedia.org/wiki/October_7,1691-10-07,"October 7, 1691 CE",October 7 — Wikipedia,Exact day in source chronology,General historical chronology,Gregorian (source chronology),Target met,National or regional,Secondary reference chronology,20,Verified against source chronology,20,70
7,CE,1763,October,Date follows the Gregorian day chronology used by the source; for early events this may be a conventional/proleptic date.,,GHC-OCT-07-08,Political event,"King George III issues the Royal Proclamation of 1763, closing Indigenous lands in North America north and west of the Alleghenies to white settlements.","King George III issues the Royal Proclamation of 1763, closing Indigenous lands in North America north and west of the Alleghenies to white settlements.","October 7, 1763 CE",https://en.wikipedia.org/wiki/October_7,1763-10-07,"October 7, 1763 CE",October 7 — Wikipedia,Exact day in source chronology,Political and independence history,Gregorian (source chronology),Target met,National or regional,Secondary reference chronology,20,Verified against source chronology,20,70
7,CE,1777,October,Date follows the Gregorian day chronology used by the source; for early events this may be a conventional/proleptic date.,Americas,GHC-OCT-07-09,Conflict or political event,"American Revolutionary War: The Americans defeat British forces under general John Burgoyne in the Second Battle of Saratoga, also known as the Battle of Bemis Heights, compelling Burgoyne's eventual surrender.","American Revolutionary War: The Americans defeat British forces under general John Burgoyne in the Second Battle of Saratoga, also known as the Battle of Bemis Heights, compelling Burgoyne's eventual surrender.","October 7, 1777 CE",https://en.wikipedia.org/wiki/October_7,1777-10-07,"October 7, 1777 CE",October 7 — Wikipedia,Exact day in source chronology,Military and political history,Gregorian (source chronology),Target met,National or regional,Secondary reference chronology,20,Verified against source chronology,20,70
7,CE,1780,October,Date follows the Gregorian day chronology used by the source; for early events this may be a conventional/proleptic date.,Americas,GHC-OCT-07-10,Conflict or political event,"American Revolutionary War: American militia defeat royalist irregulars led by British major Patrick Ferguson at the Battle of Kings Mountain in South Carolina, often regarded as the turning point in the war's Southern theater.","American Revolutionary War: American militia defeat royalist irregulars led by British major Patrick Ferguson at the Battle of Kings Mountain in South Carolina, often regarded as the turning point in the war's Southern t","October 7, 1780 CE",https://en.wikipedia.org/wiki/October_7,1780-10-07,"October 7, 1780 CE",October 7 — Wikipedia,Exact day in source chronology,Military and political history,Gregorian (source chronology),Target met,National or regional,Secondary reference chronology,20,Verified against source chronology,20,70
7,CE,1800,October,Date follows the Gregorian day chronology used by the source; for early events this may be a conventional/proleptic date.,,GHC-OCT-07-11,Historical event,"French corsair Robert Surcouf, commander of the 18-gun ship La Confiance, captures the British 38-gun Kent.","French corsair Robert Surcouf, commander of the 18-gun ship La Confiance, captures the British 38-gun Kent.","October 7, 1800 CE",https://en.wikipedia.org/wiki/October_7,1800-10-07,"October 7, 1800 CE",October 7 — Wikipedia,Exact day in source chronology,General historical chronology,Gregorian (source chronology),Target met,National or regional,Secondary reference chronology,20,Verified against source chronology,20,70
7,CE,1826,October,Date follows the Gregorian day chronology used by the source; for early events this may be a conventional/proleptic date.,Americas,GHC-OCT-07-12,Cultural or educational event,The Granite Railway begins operations as the first chartered railway in the U.S.,The Granite Railway begins operations as the first chartered railway in the U.S.,"October 7, 1826 CE",https://en.wikipedia.org/wiki/October_7,1826-10-07,"October 7, 1826 CE",October 7 — Wikipedia,Exact day in source chronology,"Culture, literature and education",Gregorian (source chronology),Target met,National or regional,Secondary reference chronology,20,Verified against source chronology,20,70
7,CE,1828,October,Date follows the Gregorian day chronology used by the source; for early events this may be a conventional/proleptic date.,Europe,GHC-OCT-07-13,Historical event,"Morea expedition: The city of Patras, Greece, is liberated by the French expeditionary force.","Morea expedition: The city of Patras, Greece, is liberated by the French expeditionary force.","October 7, 1828 CE",https://en.wikipedia.org/wiki/October_7,1828-10-07,"October 7, 1828 CE",October 7 — Wikipedia,Exact day in source chronology,General historical chronology,Gregorian (source chronology),Target met,National or regional,Secondary reference chronology,20,Verified against source chronology,20,70
7,CE,1912,October,Date follows the Gregorian day chronology used by the source; for early events this may be a conventional/proleptic date.,,GHC-OCT-07-14,Historical event,The Helsinki Stock Exchange sees its first transaction.,The Helsinki Stock Exchange sees its first transaction.,"October 7, 1912 CE",https://en.wikipedia.org/wiki/October_7,1912-10-07,"October 7, 1912 CE",October 7 — Wikipedia,Exact day in source chronology,General historical chronology,Gregorian (source chronology),Target met,National or regional,Secondary reference chronology,20,Verified against source chronology,20,70
7,CE,1913,October,Date follows the Gregorian day chronology used by the source; for early events this may be a conventional/proleptic date.,,GHC-OCT-07-15,Historical event,Ford Motor Company introduces the first moving vehicle assembly line.,Ford Motor Company introduces the first moving vehicle assembly line.,"October 7, 1913 CE",https://en.wikipedia.org/wiki/October_7,1913-10-07,"October 7, 1913 CE",October 7 — Wikipedia,Exact day in source chronology,General historical chronology,Gregorian (source chronology),Target met,National or regional,Secondary reference chronology,20,Verified against source chronology,20,70
7,CE,1916,October,Date follows the Gregorian day chronology used by the source; for early events this may be a conventional/proleptic date.,Americas,GHC-OCT-07-16,Cultural or educational event,Georgia Tech defeats Cumberland University 222–0 in the most lopsided college football game in American history.,Georgia Tech defeats Cumberland University 222–0 in the most lopsided college football game in American history.,"October 7, 1916 CE",https://en.wikipedia.org/wiki/October_7,1916-10-07,"October 7, 1916 CE",October 7 — Wikipedia,Exact day in source chronology,"Culture, literature and education",Gregorian (source chronology),Target met,National or regional,Secondary reference chronology,20,Verified against source chronology,20,70
7,CE,1919,October,Date follows the Gregorian day chronology used by the source; for early events this may be a conventional/proleptic date.,Europe,GHC-OCT-07-17,Cultural or educational event,"KLM, the flag carrier of the Netherlands, is founded. It is the oldest airline still operating under its original name.","KLM, the flag carrier of the Netherlands, is founded. It is the oldest airline still operating under its original name.","October 7, 1919 CE",https://en.wikipedia.org/wiki/October_7,1919-10-07,"October 7, 1919 CE",October 7 — Wikipedia,Exact day in source chronology,"Culture, literature and education",Gregorian (source chronology),Target met,National or regional,Secondary reference chronology,20,Verified against source chronology,20,70
7,CE,1924,October,Date follows the Gregorian day chronology used by the source; for early events this may be a conventional/proleptic date.,Europe,GHC-OCT-07-18,Historical event,Andreas Michalakopoulos becomes prime minister of Greece for a short period of time.,Andreas Michalakopoulos becomes prime minister of Greece for a short period of time.,"October 7, 1924 CE",https://en.wikipedia.org/wiki/October_7,1924-10-07,"October 7, 1924 CE",October 7 — Wikipedia,Exact day in source chronology,General historical chronology,Gregorian (source chronology),Target met,National or regional,Secondary reference chronology,20,Verified against source chronology,20,70
7,CE,1929,October,Date follows the Gregorian day chronology used by the source; for early events this may be a conventional/proleptic date.,,GHC-OCT-07-19,Historical event,Photius II becomes Ecumenical Patriarch of Constantinople.,Photius II becomes Ecumenical Patriarch of Constantinople.,"October 7, 1929 CE",https://en.wikipedia.org/wiki/October_7,1929-10-07,"October 7, 1929 CE",October 7 — Wikipedia,Exact day in source chronology,General historical chronology,Gregorian (source chronology),Target met,National or regional,Secondary reference chronology,20,Verified against source chronology,20,70
7,CE,1940,October,Date follows the Gregorian day chronology used by the source; for early events this may be a conventional/proleptic date.,Asia,GHC-OCT-07-20,Conflict or political event,World War II: The McCollum memo proposes bringing the United States into the war in Europe by provoking the Japanese to attack the United States.,World War II: The McCollum memo proposes bringing the United States into the war in Europe by provoking the Japanese to attack the United States.,"October 7, 1940 CE",https://en.wikipedia.org/wiki/October_7,1940-10-07,"October 7, 1940 CE",October 7 — Wikipedia,Exact day in source chronology,Military and political history,Gregorian (source chronology),Target met,International,Secondary reference chronology,20,Verified against source chronology,20,70
8,CE,316,October,Date follows the Gregorian day chronology used by the source; for early events this may be a conventional/proleptic date.,,GHC-OCT-08-01,Historical event,"Constantine I defeats Licinius, who loses his European territories.","Constantine I defeats Licinius, who loses his European territories.","October 8, 316 CE",https://en.wikipedia.org/wiki/October_8,0316-10-08,"October 8, 316 CE",October 8 — Wikipedia,Exact day in source chronology,General historical chronology,Gregorian (source chronology),Target met,National or regional,Secondary reference chronology,20,Verified against source chronology,20,70
8,CE,451,October,Date follows the Gregorian day chronology used by the source; for early events this may be a conventional/proleptic date.,,GHC-OCT-08-02,Historical event,The first session of the Council of Chalcedon begins.,The first session of the Council of Chalcedon begins.,"October 8, 451 CE",https://en.wikipedia.org/wiki/October_8,0451-10-08,"October 8, 451 CE",October 8 — Wikipedia,Exact day in source chronology,General historical chronology,Gregorian (source chronology),Target met,National or regional,Secondary reference chronology,20,Verified against source chronology,20,70
8,CE,876,October,Date follows the Gregorian day chronology used by the source; for early events this may be a conventional/proleptic date.,,GHC-OCT-08-03,Political event,"Frankish forces led by Louis the Younger prevent a West Frankish invasion and defeat emperor Charles II (""the Bald"").","Frankish forces led by Louis the Younger prevent a West Frankish invasion and defeat emperor Charles II (""the Bald"").","October 8, 876 CE",https://en.wikipedia.org/wiki/October_8,0876-10-08,"October 8, 876 CE",October 8 — Wikipedia,Exact day in source chronology,Political and independence history,Gregorian (source chronology),Target met,National or regional,Secondary reference chronology,20,Verified against source chronology,20,70
8,CE,1075,October,Date follows the Gregorian day chronology used by the source; for early events this may be a conventional/proleptic date.,Europe,GHC-OCT-08-04,Political event,Dmitar Zvonimir is crowned King of Croatia.,Dmitar Zvonimir is crowned King of Croatia.,"October 8, 1075 CE",https://en.wikipedia.org/wiki/October_8,1075-10-08,"October 8, 1075 CE",October 8 — Wikipedia,Exact day in source chronology,Political and independence history,Gregorian (source chronology),Target met,National or regional,Secondary reference chronology,20,Verified against source chronology,20,70
8,CE,1200,October,Date follows the Gregorian day chronology used by the source; for early events this may be a conventional/proleptic date.,Europe,GHC-OCT-08-05,Historical event,Isabella of Angoulême is crowned Queen consort of England.,Isabella of Angoulême is crowned Queen consort of England.,"October 8, 1200 CE",https://en.wikipedia.org/wiki/October_8,1200-10-08,"October 8, 1200 CE",October 8 — Wikipedia,Exact day in source chronology,General historical chronology,Gregorian (source chronology),Target met,National or regional,Secondary reference chronology,20,Verified against source chronology,20,70
8,CE,1322,October,Date follows the Gregorian day chronology used by the source; for early events this may be a conventional/proleptic date.,Europe,GHC-OCT-08-06,Conflict or political event,Mladen II Šubić of Bribir is deposed as the Croatian Ban after the Battle of Bliska.,Mladen II Šubić of Bribir is deposed as the Croatian Ban after the Battle of Bliska.,"October 8, 1322 CE",https://en.wikipedia.org/wiki/October_8,1322-10-08,"October 8, 1322 CE",October 8 — Wikipedia,Exact day in source chronology,Military and political history,Gregorian (source chronology),Target met,National or regional,Secondary reference chronology,20,Verified against source chronology,20,70
8,CE,1645,October,Date follows the Gregorian day chronology used by the source; for early events this may be a conventional/proleptic date.,,GHC-OCT-08-07,Social or medical event,Jeanne Mance opens the first lay hospital of North America in Montreal.,Jeanne Mance opens the first lay hospital of North America in Montreal.,"October 8, 1645 CE",https://en.wikipedia.org/wiki/October_8,1645-10-08,"October 8, 1645 CE",October 8 — Wikipedia,Exact day in source chronology,Medicine and social history,Gregorian (source chronology),Target met,National or regional,Secondary reference chronology,20,Verified against source chronology,20,70
8,CE,1813,October,Date follows the Gregorian day chronology used by the source; for early events this may be a conventional/proleptic date.,Europe,GHC-OCT-08-08,Political event,The Treaty of Ried is signed between Bavaria and Austria.,The Treaty of Ried is signed between Bavaria and Austria.,"October 8, 1813 CE",https://en.wikipedia.org/wiki/October_8,1813-10-08,"October 8, 1813 CE",October 8 — Wikipedia,Exact day in source chronology,Political and independence history,Gregorian (source chronology),Target met,International,Secondary reference chronology,20,Verified against source chronology,20,70
8,CE,1821,October,Date follows the Gregorian day chronology used by the source; for early events this may be a conventional/proleptic date.,Americas,GHC-OCT-08-09,Conflict or political event,The Peruvian Navy is established during the War of Independence.,The Peruvian Navy is established during the War of Independence.,"October 8, 1821 CE",https://en.wikipedia.org/wiki/October_8,1821-10-08,"October 8, 1821 CE",October 8 — Wikipedia,Exact day in source chronology,Military and political history,Gregorian (source chronology),Target met,National or regional,Secondary reference chronology,20,Verified against source chronology,20,70
8,CE,1829,October,Date follows the Gregorian day chronology used by the source; for early events this may be a conventional/proleptic date.,,GHC-OCT-08-10,Scientific or technological event,Stephenson's Rocket wins the Rainhill Trials.,Stephenson's Rocket wins the Rainhill Trials.,"October 8, 1829 CE",https://en.wikipedia.org/wiki/October_8,1829-10-08,"October 8, 1829 CE",October 8 — Wikipedia,Exact day in source chronology,"Science, technology and space",Gregorian (source chronology),Target met,National or regional,Secondary reference chronology,20,Verified against source chronology,20,70
8,CE,1856,October,Date follows the Gregorian day chronology used by the source; for early events this may be a conventional/proleptic date.,Asia,GHC-OCT-08-11,Conflict or political event,The Second Opium War between several western powers and China begins with the Arrow Incident.,The Second Opium War between several western powers and China begins with the Arrow Incident.,"October 8, 1856 CE",https://en.wikipedia.org/wiki/October_8,1856-10-08,"October 8, 1856 CE",October 8 — Wikipedia,Exact day in source chronology,Military and political history,Gregorian (source chronology),Target met,International,Secondary reference chronology,20,Verified against source chronology,20,70
8,CE,1862,October,Date follows the Gregorian day chronology used by the source; for early events this may be a conventional/proleptic date.,Americas,GHC-OCT-08-12,Conflict or political event,American Civil War: The Confederate invasion of Kentucky is halted at the Battle of Perryville.,American Civil War: The Confederate invasion of Kentucky is halted at the Battle of Perryville.,"October 8, 1862 CE",https://en.wikipedia.org/wiki/October_8,1862-10-08,"October 8, 1862 CE",October 8 — Wikipedia,Exact day in source chronology,Military and political history,Gregorian (source chronology),Target met,National or regional,Secondary reference chronology,20,Verified against source chronology,20,70
8,CE,1871,October,Date follows the Gregorian day chronology used by the source; for early events this may be a conventional/proleptic date.,,GHC-OCT-08-13,Disaster,"Slash-and-burn land management, months of drought, and the passage of a strong cold front cause the Peshtigo Fire, the Great Chicago Fire and the Great Michigan Fires to break out.","Slash-and-burn land management, months of drought, and the passage of a strong cold front cause the Peshtigo Fire, the Great Chicago Fire and the Great Michigan Fires to break out.","October 8, 1871 CE",https://en.wikipedia.org/wiki/October_8,1871-10-08,"October 8, 1871 CE",October 8 — Wikipedia,Exact day in source chronology,Disaster history,Gregorian (source chronology),Target met,National or regional,Secondary reference chronology,20,Verified against source chronology,20,70
8,CE,1912,October,Date follows the Gregorian day chronology used by the source; for early events this may be a conventional/proleptic date.,Middle East,GHC-OCT-08-14,Conflict or political event,The First Balkan War begins when Montenegro declares war against the Ottoman Empire.,The First Balkan War begins when Montenegro declares war against the Ottoman Empire.,"October 8, 1912 CE",https://en.wikipedia.org/wiki/October_8,1912-10-08,"October 8, 1912 CE",October 8 — Wikipedia,Exact day in source chronology,Military and political history,Gregorian (source chronology),Target met,International,Secondary reference chronology,20,Verified against source chronology,20,70
8,CE,1918,October,Date follows the Gregorian day chronology used by the source; for early events this may be a conventional/proleptic date.,,GHC-OCT-08-15,Conflict or political event,"World War I: Corporal Alvin C. York kills 28 German soldiers and captures 132, for which he was awarded the Medal of Honor.","World War I: Corporal Alvin C. York kills 28 German soldiers and captures 132, for which he was awarded the Medal of Honor.","October 8, 1918 CE",https://en.wikipedia.org/wiki/October_8,1918-10-08,"October 8, 1918 CE",October 8 — Wikipedia,Exact day in source chronology,Military and political history,Gregorian (source chronology),Target met,International,Secondary reference chronology,20,Verified against source chronology,20,70
8,CE,1921,October,Date follows the Gregorian day chronology used by the source; for early events this may be a conventional/proleptic date.,,GHC-OCT-08-16,Cultural or educational event,KDKA in Pittsburgh's Forbes Field conducts the first live broadcast of a football game.,KDKA in Pittsburgh's Forbes Field conducts the first live broadcast of a football game.,"October 8, 1921 CE",https://en.wikipedia.org/wiki/October_8,1921-10-08,"October 8, 1921 CE",October 8 — Wikipedia,Exact day in source chronology,"Culture, literature and education",Gregorian (source chronology),Target met,National or regional,Secondary reference chronology,20,Verified against source chronology,20,70
8,CE,1939,October,Date follows the Gregorian day chronology used by the source; for early events this may be a conventional/proleptic date.,Europe,GHC-OCT-08-17,Conflict or political event,World War II: Germany annexes western Poland.,World War II: Germany annexes western Poland.,"October 8, 1939 CE",https://en.wikipedia.org/wiki/October_8,1939-10-08,"October 8, 1939 CE",October 8 — Wikipedia,Exact day in source chronology,Military and political history,Gregorian (source chronology),Target met,International,Secondary reference chronology,20,Verified against source chronology,20,70
8,CE,1941,October,Date follows the Gregorian day chronology used by the source; for early events this may be a conventional/proleptic date.,,GHC-OCT-08-18,Conflict or political event,"World War II: During the preliminaries of the Battle of Rostov, German forces reach the Sea of Azov with the capture of Mariupol.","World War II: During the preliminaries of the Battle of Rostov, German forces reach the Sea of Azov with the capture of Mariupol.","October 8, 1941 CE",https://en.wikipedia.org/wiki/October_8,1941-10-08,"October 8, 1941 CE",October 8 — Wikipedia,Exact day in source chronology,Military and political history,Gregorian (source chronology),Target met,International,Secondary reference chronology,20,Verified against source chronology,20,70
8,CE,1943,October,Date follows the Gregorian day chronology used by the source; for early events this may be a conventional/proleptic date.,,GHC-OCT-08-19,Conflict or political event,"World War II: Around 30 civilians are executed by Friedrich Schubert's paramilitary group in Kallikratis, Crete.","World War II: Around 30 civilians are executed by Friedrich Schubert's paramilitary group in Kallikratis, Crete.","October 8, 1943 CE",https://en.wikipedia.org/wiki/October_8,1943-10-08,"October 8, 1943 CE",October 8 — Wikipedia,Exact day in source chronology,Military and political history,Gregorian (source chronology),Target met,International,Secondary reference chronology,20,Verified against source chronology,20,70
8,CE,1944,October,Date follows the Gregorian day chronology used by the source; for early events this may be a conventional/proleptic date.,,GHC-OCT-08-20,Conflict or political event,"World War II: Captain Bobbie Brown earns a Medal of Honor for his actions during the Battle of Crucifix Hill, just outside Aachen.","World War II: Captain Bobbie Brown earns a Medal of Honor for his actions during the Battle of Crucifix Hill, just outside Aachen.","October 8, 1944 CE",https://en.wikipedia.org/wiki/October_8,1944-10-08,"October 8, 1944 CE",October 8 — Wikipedia,Exact day in source chronology,Military and political history,Gregorian (source chronology),Target met,International,Secondary reference chronology,20,Verified against source chronology,20,70
9,CE,768,October,Date follows the Gregorian day chronology used by the source; for early events this may be a conventional/proleptic date.,,GHC-OCT-09-01,Political event,Carloman I and Charlemagne are crowned kings of the Franks.,Carloman I and Charlemagne are crowned kings of the Franks.,"October 9, 768 CE",https://en.wikipedia.org/wiki/October_9,0768-10-09,"October 9, 768 CE",October 9 — Wikipedia,Exact day in source chronology,Political and independence history,Gregorian (source chronology),Target met,National or regional,Secondary reference chronology,20,Verified against source chronology,20,70
9,CE,1238,October,Date follows the Gregorian day chronology used by the source; for early events this may be a conventional/proleptic date.,,GHC-OCT-09-02,Political event,James I of Aragon founds the Kingdom of Valencia.,James I of Aragon founds the Kingdom of Valencia.,"October 9, 1238 CE",https://en.wikipedia.org/wiki/October_9,1238-10-09,"October 9, 1238 CE",October 9 — Wikipedia,Exact day in source chronology,Political and independence history,Gregorian (source chronology),Target met,National or regional,Secondary reference chronology,20,Verified against source chronology,20,70
9,CE,1410,October,Date follows the Gregorian day chronology used by the source; for early events this may be a conventional/proleptic date.,,GHC-OCT-09-03,Scientific or technological event,The first known mention of the Prague astronomical clock.,The first known mention of the Prague astronomical clock.,"October 9, 1410 CE",https://en.wikipedia.org/wiki/October_9,1410-10-09,"October 9, 1410 CE",October 9 — Wikipedia,Exact day in source chronology,"Science, technology and space",Gregorian (source chronology),Target met,National or regional,Secondary reference chronology,20,Verified against source chronology,20,70
9,CE,1594,October,Date follows the Gregorian day chronology used by the source; for early events this may be a conventional/proleptic date.,Asia,GHC-OCT-09-04,Conflict or political event,"Troops of the Portuguese Empire are defeated on Sri Lanka, bringing an end to the Campaign of Danture.","Troops of the Portuguese Empire are defeated on Sri Lanka, bringing an end to the Campaign of Danture.","October 9, 1594 CE",https://en.wikipedia.org/wiki/October_9,1594-10-09,"October 9, 1594 CE",October 9 — Wikipedia,Exact day in source chronology,Military and political history,Gregorian (source chronology),Target met,International,Secondary reference chronology,20,Verified against source chronology,20,70
9,CE,1201,October,Date follows the Gregorian day chronology used by the source; for early events this may be a conventional/proleptic date.,,GHC-OCT-09-05,Historical event,"Robert de Sorbon, French minister and theologian, founded the Collège de Sorbonne (died 1274)","Robert de Sorbon, French minister and theologian, founded the Collège de Sorbonne (died 1274)","October 9, 1201 CE",https://en.wikipedia.org/wiki/October_9,1201-10-09,"October 9, 1201 CE",October 9 — Wikipedia,Exact day in source chronology,General historical chronology,Gregorian (source chronology),Target met,National or regional,Secondary reference chronology,20,Verified against source chronology,20,70
9,CE,1221,October,Date follows the Gregorian day chronology used by the source; for early events this may be a conventional/proleptic date.,,GHC-OCT-09-06,Historical event,"Salimbene di Adam, Italian historian and scholar (died 1290)","Salimbene di Adam, Italian historian and scholar (died 1290)","October 9, 1221 CE",https://en.wikipedia.org/wiki/October_9,1221-10-09,"October 9, 1221 CE",October 9 — Wikipedia,Exact day in source chronology,General historical chronology,Gregorian (source chronology),Target met,National or regional,Secondary reference chronology,20,Verified against source chronology,20,70
9,CE,1604,October,Date follows the Gregorian day chronology used by the source; for early events this may be a conventional/proleptic date.,,GHC-OCT-09-07,Historical event,Kepler's Supernova is the most recent supernova to be observed within the Milky Way.,Kepler's Supernova is the most recent supernova to be observed within the Milky Way.,"October 9, 1604 CE",https://en.wikipedia.org/wiki/October_9,1604-10-09,"October 9, 1604 CE",October 9 — Wikipedia,Exact day in source chronology,General historical chronology,Gregorian (source chronology),Target met,National or regional,Secondary reference chronology,20,Verified against source chronology,20,70
9,CE,1635,October,Date follows the Gregorian day chronology used by the source; for early events this may be a conventional/proleptic date.,,GHC-OCT-09-08,Religious event,Roger Williams is banished from the Massachusetts Bay Colony after religious and policy disagreements.,Roger Williams is banished from the Massachusetts Bay Colony after religious and policy disagreements.,"October 9, 1635 CE",https://en.wikipedia.org/wiki/October_9,1635-10-09,"October 9, 1635 CE",October 9 — Wikipedia,Exact day in source chronology,Religion and philosophy,Gregorian (source chronology),Target met,National or regional,Secondary reference chronology,20,Verified against source chronology,20,70
9,CE,1701,October,Date follows the Gregorian day chronology used by the source; for early events this may be a conventional/proleptic date.,,GHC-OCT-09-09,Cultural or educational event,"The Collegiate School of Connecticut (later renamed Yale University) is chartered in Old Saybrook, Connecticut.","The Collegiate School of Connecticut (later renamed Yale University) is chartered in Old Saybrook, Connecticut.","October 9, 1701 CE",https://en.wikipedia.org/wiki/October_9,1701-10-09,"October 9, 1701 CE",October 9 — Wikipedia,Exact day in source chronology,"Culture, literature and education",Gregorian (source chronology),Target met,National or regional,Secondary reference chronology,20,Verified against source chronology,20,70
9,CE,1708,October,Date follows the Gregorian day chronology used by the source; for early events this may be a conventional/proleptic date.,,GHC-OCT-09-10,Conflict or political event,Peter the Great defeats the Swedes at the Battle of Lesnaya.,Peter the Great defeats the Swedes at the Battle of Lesnaya.,"October 9, 1708 CE",https://en.wikipedia.org/wiki/October_9,1708-10-09,"October 9, 1708 CE",October 9 — Wikipedia,Exact day in source chronology,Military and political history,Gregorian (source chronology),Target met,National or regional,Secondary reference chronology,20,Verified against source chronology,20,70
9,CE,1740,October,Date follows the Gregorian day chronology used by the source; for early events this may be a conventional/proleptic date.,,GHC-OCT-09-11,Historical event,"Dutch colonists and Javanese natives begin a massacre of the ethnic Chinese population in Batavia, eventually killing at least 10,000.","Dutch colonists and Javanese natives begin a massacre of the ethnic Chinese population in Batavia, eventually killing at least 10,000.","October 9, 1740 CE",https://en.wikipedia.org/wiki/October_9,1740-10-09,"October 9, 1740 CE",October 9 — Wikipedia,Exact day in source chronology,General historical chronology,Gregorian (source chronology),Target met,National or regional,Secondary reference chronology,20,Verified against source chronology,20,70
9,CE,1760,October,Date follows the Gregorian day chronology used by the source; for early events this may be a conventional/proleptic date.,Europe,GHC-OCT-09-12,Conflict or political event,Seven Years' War: Russian and Austrian troops briefly occupy Berlin.,Seven Years' War: Russian and Austrian troops briefly occupy Berlin.,"October 9, 1760 CE",https://en.wikipedia.org/wiki/October_9,1760-10-09,"October 9, 1760 CE",October 9 — Wikipedia,Exact day in source chronology,Military and political history,Gregorian (source chronology),Target met,National or regional,Secondary reference chronology,20,Verified against source chronology,20,70
9,CE,1779,October,Date follows the Gregorian day chronology used by the source; for early events this may be a conventional/proleptic date.,Americas,GHC-OCT-09-13,Conflict or political event,American Revolutionary War: A combined Franco-American assault on British defenses during the Siege of Savannah is repulsed with heavy casualties.,American Revolutionary War: A combined Franco-American assault on British defenses during the Siege of Savannah is repulsed with heavy casualties.,"October 9, 1779 CE",https://en.wikipedia.org/wiki/October_9,1779-10-09,"October 9, 1779 CE",October 9 — Wikipedia,Exact day in source chronology,Military and political history,Gregorian (source chronology),Target met,National or regional,Secondary reference chronology,20,Verified against source chronology,20,70
9,CE,1911,October,Date follows the Gregorian day chronology used by the source; for early events this may be a conventional/proleptic date.,,GHC-OCT-09-14,Conflict or political event,"An accidental bomb explosion triggers the Wuchang Uprising against the Qing dynasty, beginning the Xinhai Revolution.","An accidental bomb explosion triggers the Wuchang Uprising against the Qing dynasty, beginning the Xinhai Revolution.","October 9, 1911 CE",https://en.wikipedia.org/wiki/October_9,1911-10-09,"October 9, 1911 CE",October 9 — Wikipedia,Exact day in source chronology,Military and political history,Gregorian (source chronology),Target met,National or regional,Secondary reference chronology,20,Verified against source chronology,20,70
9,CE,1913,October,Date follows the Gregorian day chronology used by the source; for early events this may be a conventional/proleptic date.,,GHC-OCT-09-15,Disaster,The steamship SS Volturno catches fire in the mid-Atlantic.,The steamship SS Volturno catches fire in the mid-Atlantic.,"October 9, 1913 CE",https://en.wikipedia.org/wiki/October_9,1913-10-09,"October 9, 1913 CE",October 9 — Wikipedia,Exact day in source chronology,Disaster history,Gregorian (source chronology),Target met,National or regional,Secondary reference chronology,20,Verified against source chronology,20,70
9,CE,1914,October,Date follows the Gregorian day chronology used by the source; for early events this may be a conventional/proleptic date.,,GHC-OCT-09-16,Conflict or political event,World War I: The Siege of Antwerp comes to an end.,World War I: The Siege of Antwerp comes to an end.,"October 9, 1914 CE",https://en.wikipedia.org/wiki/October_9,1914-10-09,"October 9, 1914 CE",October 9 — Wikipedia,Exact day in source chronology,Military and political history,Gregorian (source chronology),Target met,International,Secondary reference chronology,20,Verified against source chronology,20,70
9,CE,1918,October,Date follows the Gregorian day chronology used by the source; for early events this may be a conventional/proleptic date.,Europe,GHC-OCT-09-17,Conflict or political event,"The Finnish Parliament elects Prince Frederick Charles of Hesse as King of Finland, but he never accedes to the throne due to Germany's defeat in World War I.","The Finnish Parliament elects Prince Frederick Charles of Hesse as King of Finland, but he never accedes to the throne due to Germany's defeat in World War I.","October 9, 1918 CE",https://en.wikipedia.org/wiki/October_9,1918-10-09,"October 9, 1918 CE",October 9 — Wikipedia,Exact day in source chronology,Military and political history,Gregorian (source chronology),Target met,International,Secondary reference chronology,20,Verified against source chronology,20,70
9,CE,1919,October,Date follows the Gregorian day chronology used by the source; for early events this may be a conventional/proleptic date.,,GHC-OCT-09-18,Historical event,"The Cincinnati Reds win the World Series, resulting in the Black Sox Scandal.","The Cincinnati Reds win the World Series, resulting in the Black Sox Scandal.","October 9, 1919 CE",https://en.wikipedia.org/wiki/October_9,1919-10-09,"October 9, 1919 CE",October 9 — Wikipedia,Exact day in source chronology,General historical chronology,Gregorian (source chronology),Target met,National or regional,Secondary reference chronology,20,Verified against source chronology,20,70
9,CE,1934,October,Date follows the Gregorian day chronology used by the source; for early events this may be a conventional/proleptic date.,Europe,GHC-OCT-09-19,Political event,"An Ustashe assassin kills King Alexander I of Yugoslavia and Louis Barthou, Foreign Minister of France, in Marseille.","An Ustashe assassin kills King Alexander I of Yugoslavia and Louis Barthou, Foreign Minister of France, in Marseille.","October 9, 1934 CE",https://en.wikipedia.org/wiki/October_9,1934-10-09,"October 9, 1934 CE",October 9 — Wikipedia,Exact day in source chronology,Political and independence history,Gregorian (source chronology),Target met,National or regional,Secondary reference chronology,20,Verified against source chronology,20,70
9,CE,1936,October,Date follows the Gregorian day chronology used by the source; for early events this may be a conventional/proleptic date.,,GHC-OCT-09-20,Historical event,Boulder Dam (later Hoover Dam) begins to generate electricity and transmit it to Los Angeles.,Boulder Dam (later Hoover Dam) begins to generate electricity and transmit it to Los Angeles.,"October 9, 1936 CE",https://en.wikipedia.org/wiki/October_9,1936-10-09,"October 9, 1936 CE",October 9 — Wikipedia,Exact day in source chronology,General historical chronology,Gregorian (source chronology),Target met,National or regional,Secondary reference chronology,20,Verified against source chronology,20,70
10,CE,19,October,Date follows the Gregorian day chronology used by the source; for early events this may be a conventional/proleptic date.,Middle East,GHC-OCT-10-01,Historical event,"The Roman general Germanicus dies near Antioch. He was convinced that the mysterious illness that ended in his death was a result of poisoning by the Syrian governor Gnaeus Calpurnius Piso, whom he had ordered to leave the province.","The Roman general Germanicus dies near Antioch. He was convinced that the mysterious illness that ended in his death was a result of poisoning by the Syrian governor Gnaeus Calpurnius Piso, whom he had ordered to leave t","October 10, 19 CE",https://en.wikipedia.org/wiki/October_10,0019-10-10,"October 10, 19 CE",October 10 — Wikipedia,Exact day in source chronology,General historical chronology,Gregorian (source chronology),Target met,International,Secondary reference chronology,20,Verified against source chronology,20,70
10,CE,680,October,Date follows the Gregorian day chronology used by the source; for early events this may be a conventional/proleptic date.,,GHC-OCT-10-02,Conflict or political event,The Battle of Karbala marks the martyrdom of Husayn ibn Ali.,The Battle of Karbala marks the martyrdom of Husayn ibn Ali.,"October 10, 680 CE",https://en.wikipedia.org/wiki/October_10,0680-10-10,"October 10, 680 CE",October 10 — Wikipedia,Exact day in source chronology,Military and political history,Gregorian (source chronology),Target met,National or regional,Secondary reference chronology,20,Verified against source chronology,20,70
10,CE,732,October,Date follows the Gregorian day chronology used by the source; for early events this may be a conventional/proleptic date.,Europe,GHC-OCT-10-03,Conflict or political event,"Charles Martel's forces defeat an Umayyad army near Tours, France.","Charles Martel's forces defeat an Umayyad army near Tours, France.","October 10, 732 CE",https://en.wikipedia.org/wiki/October_10,0732-10-10,"October 10, 732 CE",October 10 — Wikipedia,Exact day in source chronology,Military and political history,Gregorian (source chronology),Target met,National or regional,Secondary reference chronology,20,Verified against source chronology,20,70
10,CE,1471,October,Date follows the Gregorian day chronology used by the source; for early events this may be a conventional/proleptic date.,Europe,GHC-OCT-10-04,Political event,"Sten Sture the Elder, the Regent of Sweden, with the help of farmers and miners, repels an attack by King Christian I of Denmark.","Sten Sture the Elder, the Regent of Sweden, with the help of farmers and miners, repels an attack by King Christian I of Denmark.","October 10, 1471 CE",https://en.wikipedia.org/wiki/October_10,1471-10-10,"October 10, 1471 CE",October 10 — Wikipedia,Exact day in source chronology,Political and independence history,Gregorian (source chronology),Target met,National or regional,Secondary reference chronology,20,Verified against source chronology,20,70
10,CE,1492,October,Date follows the Gregorian day chronology used by the source; for early events this may be a conventional/proleptic date.,,GHC-OCT-10-05,Historical event,"The crew of Christopher Columbus's ship, the Santa Maria, attempt a mutiny.","The crew of Christopher Columbus's ship, the Santa Maria, attempt a mutiny.","October 10, 1492 CE",https://en.wikipedia.org/wiki/October_10,1492-10-10,"October 10, 1492 CE",October 10 — Wikipedia,Exact day in source chronology,General historical chronology,Gregorian (source chronology),Target met,National or regional,Secondary reference chronology,20,Verified against source chronology,20,70
10,CE,1575,October,Date follows the Gregorian day chronology used by the source; for early events this may be a conventional/proleptic date.,,GHC-OCT-10-06,Religious event,"Roman Catholic forces under Henry I, Duke of Guise, defeat the Protestants, capturing Philippe de Mornay among others.","Roman Catholic forces under Henry I, Duke of Guise, defeat the Protestants, capturing Philippe de Mornay among others.","October 10, 1575 CE",https://en.wikipedia.org/wiki/October_10,1575-10-10,"October 10, 1575 CE",October 10 — Wikipedia,Exact day in source chronology,Religion and philosophy,Gregorian (source chronology),Target met,National or regional,Secondary reference chronology,20,Verified against source chronology,20,70
10,CE,1760,October,Date follows the Gregorian day chronology used by the source; for early events this may be a conventional/proleptic date.,,GHC-OCT-10-07,Political event,"In a treaty with the Dutch colonial authorities, the Ndyuka people of Suriname – descended from escaped slaves– gain territorial autonomy.","In a treaty with the Dutch colonial authorities, the Ndyuka people of Suriname – descended from escaped slaves– gain territorial autonomy.","October 10, 1760 CE",https://en.wikipedia.org/wiki/October_10,1760-10-10,"October 10, 1760 CE",October 10 — Wikipedia,Exact day in source chronology,Political and independence history,Gregorian (source chronology),Target met,National or regional,Secondary reference chronology,20,Verified against source chronology,20,70
10,CE,1780,October,Date follows the Gregorian day chronology used by the source; for early events this may be a conventional/proleptic date.,,GHC-OCT-10-08,Disaster,"The Great Hurricane of 1780 kills 20,000–30,000 in the Caribbean.","The Great Hurricane of 1780 kills 20,000–30,000 in the Caribbean.","October 10, 1780 CE",https://en.wikipedia.org/wiki/October_10,1780-10-10,"October 10, 1780 CE",October 10 — Wikipedia,Exact day in source chronology,Disaster history,Gregorian (source chronology),Target met,National or regional,Secondary reference chronology,20,Verified against source chronology,20,70
10,CE,1814,October,Date follows the Gregorian day chronology used by the source; for early events this may be a conventional/proleptic date.,Americas,GHC-OCT-10-09,Conflict or political event,War of 1812: The United States Revenue Marine attempts to defend the cutter Eagle from the Royal Navy.,War of 1812: The United States Revenue Marine attempts to defend the cutter Eagle from the Royal Navy.,"October 10, 1814 CE",https://en.wikipedia.org/wiki/October_10,1814-10-10,"October 10, 1814 CE",October 10 — Wikipedia,Exact day in source chronology,Military and political history,Gregorian (source chronology),Target met,National or regional,Secondary reference chronology,20,Verified against source chronology,20,70
10,CE,1845,October,Date follows the Gregorian day chronology used by the source; for early events this may be a conventional/proleptic date.,Americas,GHC-OCT-10-10,Cultural or educational event,"In Annapolis, Maryland, the Naval School (later the United States Naval Academy) opens with 50 students.","In Annapolis, Maryland, the Naval School (later the United States Naval Academy) opens with 50 students.","October 10, 1845 CE",https://en.wikipedia.org/wiki/October_10,1845-10-10,"October 10, 1845 CE",October 10 — Wikipedia,Exact day in source chronology,"Culture, literature and education",Gregorian (source chronology),Target met,National or regional,Secondary reference chronology,20,Verified against source chronology,20,70
10,CE,1846,October,Date follows the Gregorian day chronology used by the source; for early events this may be a conventional/proleptic date.,,GHC-OCT-10-11,Scientific or technological event,"Triton, the largest moon of the planet Neptune, is discovered by English astronomer William Lassell.","Triton, the largest moon of the planet Neptune, is discovered by English astronomer William Lassell.","October 10, 1846 CE",https://en.wikipedia.org/wiki/October_10,1846-10-10,"October 10, 1846 CE",October 10 — Wikipedia,Exact day in source chronology,"Science, technology and space",Gregorian (source chronology),Target met,National or regional,Secondary reference chronology,20,Verified against source chronology,20,70
10,CE,1868,October,Date follows the Gregorian day chronology used by the source; for early events this may be a conventional/proleptic date.,Americas,GHC-OCT-10-12,Conflict or political event,The Ten Years' War begins against Spanish rule in Cuba.,The Ten Years' War begins against Spanish rule in Cuba.,"October 10, 1868 CE",https://en.wikipedia.org/wiki/October_10,1868-10-10,"October 10, 1868 CE",October 10 — Wikipedia,Exact day in source chronology,Military and political history,Gregorian (source chronology),Target met,National or regional,Secondary reference chronology,20,Verified against source chronology,20,70
10,CE,1629,October,Date follows the Gregorian day chronology used by the source; for early events this may be a conventional/proleptic date.,,GHC-OCT-10-13,Scientific or technological event,"Richard Towneley, English mathematician and astronomer (died 1707)","Richard Towneley, English mathematician and astronomer (died 1707)","October 10, 1629 CE",https://en.wikipedia.org/wiki/October_10,1629-10-10,"October 10, 1629 CE",October 10 — Wikipedia,Exact day in source chronology,"Science, technology and space",Gregorian (source chronology),Target met,National or regional,Secondary reference chronology,20,Verified against source chronology,20,70
10,CE,1903,October,Date follows the Gregorian day chronology used by the source; for early events this may be a conventional/proleptic date.,,GHC-OCT-10-14,Historical event,The Women's Social and Political Union is founded in support of the enfranchisement of British women.,The Women's Social and Political Union is founded in support of the enfranchisement of British women.,"October 10, 1903 CE",https://en.wikipedia.org/wiki/October_10,1903-10-10,"October 10, 1903 CE",October 10 — Wikipedia,Exact day in source chronology,General historical chronology,Gregorian (source chronology),Target met,National or regional,Secondary reference chronology,20,Verified against source chronology,20,70
10,CE,1911,October,Date follows the Gregorian day chronology used by the source; for early events this may be a conventional/proleptic date.,,GHC-OCT-10-15,Historical event,"The day after a bomb explodes prematurely, the Wuchang Uprising begins against the Chinese monarchy.","The day after a bomb explodes prematurely, the Wuchang Uprising begins against the Chinese monarchy.","October 10, 1911 CE",https://en.wikipedia.org/wiki/October_10,1911-10-10,"October 10, 1911 CE",October 10 — Wikipedia,Exact day in source chronology,General historical chronology,Gregorian (source chronology),Target met,National or regional,Secondary reference chronology,20,Verified against source chronology,20,70
10,CE,1913,October,Date follows the Gregorian day chronology used by the source; for early events this may be a conventional/proleptic date.,Americas,GHC-OCT-10-16,Political event,"U.S. President Woodrow Wilson triggers the explosion of the Gamboa Dike, completing major construction on the Panama Canal.","U.S. President Woodrow Wilson triggers the explosion of the Gamboa Dike, completing major construction on the Panama Canal.","October 10, 1913 CE",https://en.wikipedia.org/wiki/October_10,1913-10-10,"October 10, 1913 CE",October 10 — Wikipedia,Exact day in source chronology,Political and independence history,Gregorian (source chronology),Target met,National or regional,Secondary reference chronology,20,Verified against source chronology,20,70
10,CE,1918,October,Date follows the Gregorian day chronology used by the source; for early events this may be a conventional/proleptic date.,,GHC-OCT-10-17,Historical event,"RMS Leinster is torpedoed and sunk by UB-123, killing 564, the largest loss of life on the Irish Sea.","RMS Leinster is torpedoed and sunk by UB-123, killing 564, the largest loss of life on the Irish Sea.","October 10, 1918 CE",https://en.wikipedia.org/wiki/October_10,1918-10-10,"October 10, 1918 CE",October 10 — Wikipedia,Exact day in source chronology,General historical chronology,Gregorian (source chronology),Target met,National or regional,Secondary reference chronology,20,Verified against source chronology,20,70
10,CE,1920,October,Date follows the Gregorian day chronology used by the source; for early events this may be a conventional/proleptic date.,Europe,GHC-OCT-10-18,Historical event,The Carinthian plebiscite determines that the larger part of the Duchy of Carinthia should remain part of Austria.,The Carinthian plebiscite determines that the larger part of the Duchy of Carinthia should remain part of Austria.,"October 10, 1920 CE",https://en.wikipedia.org/wiki/October_10,1920-10-10,"October 10, 1920 CE",October 10 — Wikipedia,Exact day in source chronology,General historical chronology,Gregorian (source chronology),Target met,National or regional,Secondary reference chronology,20,Verified against source chronology,20,70
10,CE,1928,October,Date follows the Gregorian day chronology used by the source; for early events this may be a conventional/proleptic date.,Asia,GHC-OCT-10-19,Historical event,Chiang Kai-shek becomes Chairman of the Republic of China.,Chiang Kai-shek becomes Chairman of the Republic of China.,"October 10, 1928 CE",https://en.wikipedia.org/wiki/October_10,1928-10-10,"October 10, 1928 CE",October 10 — Wikipedia,Exact day in source chronology,General historical chronology,Gregorian (source chronology),Target met,International,Secondary reference chronology,20,Verified against source chronology,20,70
10,CE,1933,October,Date follows the Gregorian day chronology used by the source; for early events this may be a conventional/proleptic date.,,GHC-OCT-10-20,Historical event,"A United Airlines Boeing 247 is destroyed by sabotage, the first such proven case in the history of commercial aviation.","A United Airlines Boeing 247 is destroyed by sabotage, the first such proven case in the history of commercial aviation.","October 10, 1933 CE",https://en.wikipedia.org/wiki/October_10,1933-10-10,"October 10, 1933 CE",October 10 — Wikipedia,Exact day in source chronology,General historical chronology,Gregorian (source chronology),Target met,National or regional,Secondary reference chronology,20,Verified against source chronology,20,70
11,CE,1138,October,Date follows the Gregorian day chronology used by the source; for early events this may be a conventional/proleptic date.,,GHC-OCT-11-01,Disaster,A massive earthquake strikes Aleppo; it is one of the most destructive earthquakes ever.,A massive earthquake strikes Aleppo; it is one of the most destructive earthquakes ever.,"October 11, 1138 CE",https://en.wikipedia.org/wiki/October_11,1138-10-11,"October 11, 1138 CE",October 11 — Wikipedia,Exact day in source chronology,Disaster history,Gregorian (source chronology),Target met,National or regional,Secondary reference chronology,20,Verified against source chronology,20,70
11,CE,1142,October,Date follows the Gregorian day chronology used by the source; for early events this may be a conventional/proleptic date.,,GHC-OCT-11-02,Conflict or political event,A peace treaty ends the Jin–Song wars.,A peace treaty ends the Jin–Song wars.,"October 11, 1142 CE",https://en.wikipedia.org/wiki/October_11,1142-10-11,"October 11, 1142 CE",October 11 — Wikipedia,Exact day in source chronology,Military and political history,Gregorian (source chronology),Target met,National or regional,Secondary reference chronology,20,Verified against source chronology,20,70
11,CE,1311,October,Date follows the Gregorian day chronology used by the source; for early events this may be a conventional/proleptic date.,,GHC-OCT-11-03,Political event,The peerage and clergy restrict the authority of English kings with the Ordinances of 1311.,The peerage and clergy restrict the authority of English kings with the Ordinances of 1311.,"October 11, 1311 CE",https://en.wikipedia.org/wiki/October_11,1311-10-11,"October 11, 1311 CE",October 11 — Wikipedia,Exact day in source chronology,Political and independence history,Gregorian (source chronology),Target met,National or regional,Secondary reference chronology,20,Verified against source chronology,20,70
11,CE,1492,October,Date follows the Gregorian day chronology used by the source; for early events this may be a conventional/proleptic date.,Europe,GHC-OCT-11-04,Historical event,"Charles Orlando, Dauphin of France, French noble (died 1495)","Charles Orlando, Dauphin of France, French noble (died 1495)","October 11, 1492 CE",https://en.wikipedia.org/wiki/October_11,1492-10-11,"October 11, 1492 CE",October 11 — Wikipedia,Exact day in source chronology,General historical chronology,Gregorian (source chronology),Target met,National or regional,Secondary reference chronology,20,Verified against source chronology,20,70
11,CE,1552,October,Date follows the Gregorian day chronology used by the source; for early events this may be a conventional/proleptic date.,Europe,GHC-OCT-11-05,Historical event,"Tsarevich Dmitry Ivanovich of Russia, Grand Prince of Moscow (died 1553)","Tsarevich Dmitry Ivanovich of Russia, Grand Prince of Moscow (died 1553)","October 11, 1552 CE",https://en.wikipedia.org/wiki/October_11,1552-10-11,"October 11, 1552 CE",October 11 — Wikipedia,Exact day in source chronology,General historical chronology,Gregorian (source chronology),Target met,National or regional,Secondary reference chronology,20,Verified against source chronology,20,70
11,CE,965,October,Date follows the Gregorian day chronology used by the source; for early events this may be a conventional/proleptic date.,,GHC-OCT-11-06,Historical event,"Bruno the Great, Archbishop of Cologne (born 925)","Bruno the Great, Archbishop of Cologne (born 925)","October 11, 965 CE",https://en.wikipedia.org/wiki/October_11,0965-10-11,"October 11, 965 CE",October 11 — Wikipedia,Exact day in source chronology,General historical chronology,Gregorian (source chronology),Target met,National or regional,Secondary reference chronology,20,Verified against source chronology,20,70
11,CE,1614,October,Date follows the Gregorian day chronology used by the source; for early events this may be a conventional/proleptic date.,Europe,GHC-OCT-11-07,Historical event,The New Netherland Company applies to the States General of the Netherlands for exclusive trading rights in what is now the northeastern United States.,The New Netherland Company applies to the States General of the Netherlands for exclusive trading rights in what is now the northeastern United States.,"October 11, 1614 CE",https://en.wikipedia.org/wiki/October_11,1614-10-11,"October 11, 1614 CE",October 11 — Wikipedia,Exact day in source chronology,General historical chronology,Gregorian (source chronology),Target met,National or regional,Secondary reference chronology,20,Verified against source chronology,20,70
11,CE,1634,October,Date follows the Gregorian day chronology used by the source; for early events this may be a conventional/proleptic date.,Europe,GHC-OCT-11-08,Disaster,"The Burchardi flood kills around 15,000 in North Friesland, Denmark and Germany.","The Burchardi flood kills around 15,000 in North Friesland, Denmark and Germany.","October 11, 1634 CE",https://en.wikipedia.org/wiki/October_11,1634-10-11,"October 11, 1634 CE",October 11 — Wikipedia,Exact day in source chronology,Disaster history,Gregorian (source chronology),Target met,National or regional,Secondary reference chronology,20,Verified against source chronology,20,70
11,CE,1649,October,Date follows the Gregorian day chronology used by the source; for early events this may be a conventional/proleptic date.,,GHC-OCT-11-09,Conflict or political event,"Cromwell's New Model Army sacks Wexford, killing over 2,000 Irish Confederate troops and 1,500 civilians.","Cromwell's New Model Army sacks Wexford, killing over 2,000 Irish Confederate troops and 1,500 civilians.","October 11, 1649 CE",https://en.wikipedia.org/wiki/October_11,1649-10-11,"October 11, 1649 CE",October 11 — Wikipedia,Exact day in source chronology,Military and political history,Gregorian (source chronology),Target met,National or regional,Secondary reference chronology,20,Verified against source chronology,20,70
11,CE,1776,October,Date follows the Gregorian day chronology used by the source; for early events this may be a conventional/proleptic date.,Americas,GHC-OCT-11-10,Conflict or political event,"American Revolution: A fleet of American boats on Lake Champlain is defeated by the Royal Navy, but delays the British advance until 1777.","American Revolution: A fleet of American boats on Lake Champlain is defeated by the Royal Navy, but delays the British advance until 1777.","October 11, 1776 CE",https://en.wikipedia.org/wiki/October_11,1776-10-11,"October 11, 1776 CE",October 11 — Wikipedia,Exact day in source chronology,Military and political history,Gregorian (source chronology),Target met,National or regional,Secondary reference chronology,20,Verified against source chronology,20,70
11,CE,1797,October,Date follows the Gregorian day chronology used by the source; for early events this may be a conventional/proleptic date.,,GHC-OCT-11-11,Conflict or political event,The Royal Navy decisively defeats the Batavian Navy at Camperdown during the French Revolutionary Wars.,The Royal Navy decisively defeats the Batavian Navy at Camperdown during the French Revolutionary Wars.,"October 11, 1797 CE",https://en.wikipedia.org/wiki/October_11,1797-10-11,"October 11, 1797 CE",October 11 — Wikipedia,Exact day in source chronology,Military and political history,Gregorian (source chronology),Target met,National or regional,Secondary reference chronology,20,Verified against source chronology,20,70
11,CE,1811,October,Date follows the Gregorian day chronology used by the source; for early events this may be a conventional/proleptic date.,Americas,GHC-OCT-11-12,Cultural or educational event,The Juliana begins operation as the first steam-powered ferry in New York harbor.,The Juliana begins operation as the first steam-powered ferry in New York harbor.,"October 11, 1811 CE",https://en.wikipedia.org/wiki/October_11,1811-10-11,"October 11, 1811 CE",October 11 — Wikipedia,Exact day in source chronology,"Culture, literature and education",Gregorian (source chronology),Target met,National or regional,Secondary reference chronology,20,Verified against source chronology,20,70
11,CE,1840,October,Date follows the Gregorian day chronology used by the source; for early events this may be a conventional/proleptic date.,Middle East,GHC-OCT-11-13,Historical event,The Maronite leader Bashir Shihab II surrenders to the Ottoman Empire and later is sent to Malta in exile.,The Maronite leader Bashir Shihab II surrenders to the Ottoman Empire and later is sent to Malta in exile.,"October 11, 1840 CE",https://en.wikipedia.org/wiki/October_11,1840-10-11,"October 11, 1840 CE",October 11 — Wikipedia,Exact day in source chronology,General historical chronology,Gregorian (source chronology),Target met,International,Secondary reference chronology,20,Verified against source chronology,20,70
11,CE,1906,October,Date follows the Gregorian day chronology used by the source; for early events this may be a conventional/proleptic date.,Asia,GHC-OCT-11-14,Cultural or educational event,San Francisco sparks a diplomatic crisis between the United States and Japan by ordering segregated schools for Japanese students.,San Francisco sparks a diplomatic crisis between the United States and Japan by ordering segregated schools for Japanese students.,"October 11, 1906 CE",https://en.wikipedia.org/wiki/October_11,1906-10-11,"October 11, 1906 CE",October 11 — Wikipedia,Exact day in source chronology,"Culture, literature and education",Gregorian (source chronology),Target met,International,Secondary reference chronology,20,Verified against source chronology,20,70
11,CE,1910,October,Date follows the Gregorian day chronology used by the source; for early events this may be a conventional/proleptic date.,Americas,GHC-OCT-11-15,Political event,"Piloted by Arch Hoxsey, Theodore Roosevelt becomes the first U.S. president to fly in an airplane.","Piloted by Arch Hoxsey, Theodore Roosevelt becomes the first U.S. president to fly in an airplane.","October 11, 1910 CE",https://en.wikipedia.org/wiki/October_11,1910-10-11,"October 11, 1910 CE",October 11 — Wikipedia,Exact day in source chronology,Political and independence history,Gregorian (source chronology),Target met,National or regional,Secondary reference chronology,20,Verified against source chronology,20,70
11,CE,1912,October,Date follows the Gregorian day chronology used by the source; for early events this may be a conventional/proleptic date.,,GHC-OCT-11-16,Conflict or political event,"First Balkan War: The day after the Battle of Sarantaporo, Greek troops liberate the city of Kozani.","First Balkan War: The day after the Battle of Sarantaporo, Greek troops liberate the city of Kozani.","October 11, 1912 CE",https://en.wikipedia.org/wiki/October_11,1912-10-11,"October 11, 1912 CE",October 11 — Wikipedia,Exact day in source chronology,Military and political history,Gregorian (source chronology),Target met,National or regional,Secondary reference chronology,20,Verified against source chronology,20,70
11,CE,1918,October,Date follows the Gregorian day chronology used by the source; for early events this may be a conventional/proleptic date.,,GHC-OCT-11-17,Disaster,The 7.1 M w San Fermín earthquake shakes Puerto Rico. The quake and resulting tsunami kill up to 116 people.,The 7.1 M w San Fermín earthquake shakes Puerto Rico. The quake and resulting tsunami kill up to 116 people.,"October 11, 1918 CE",https://en.wikipedia.org/wiki/October_11,1918-10-11,"October 11, 1918 CE",October 11 — Wikipedia,Exact day in source chronology,Disaster history,Gregorian (source chronology),Target met,National or regional,Secondary reference chronology,20,Verified against source chronology,20,70
11,CE,1937,October,Date follows the Gregorian day chronology used by the source; for early events this may be a conventional/proleptic date.,Europe,GHC-OCT-11-18,Historical event,The Duke and Duchess of Windsor tour Nazi Germany for 12 days and meet Adolf Hitler on 22 October.,The Duke and Duchess of Windsor tour Nazi Germany for 12 days and meet Adolf Hitler on 22 October.,"October 11, 1937 CE",https://en.wikipedia.org/wiki/October_11,1937-10-11,"October 11, 1937 CE",October 11 — Wikipedia,Exact day in source chronology,General historical chronology,Gregorian (source chronology),Target met,National or regional,Secondary reference chronology,20,Verified against source chronology,20,70
11,CE,1941,October,Date follows the Gregorian day chronology used by the source; for early events this may be a conventional/proleptic date.,,GHC-OCT-11-19,Conflict or political event,Beginning of the National Liberation War of Macedonia.,Beginning of the National Liberation War of Macedonia.,"October 11, 1941 CE",https://en.wikipedia.org/wiki/October_11,1941-10-11,"October 11, 1941 CE",October 11 — Wikipedia,Exact day in source chronology,Military and political history,Gregorian (source chronology),Target met,National or regional,Secondary reference chronology,20,Verified against source chronology,20,70
11,CE,1942,October,Date follows the Gregorian day chronology used by the source; for early events this may be a conventional/proleptic date.,Asia,GHC-OCT-11-20,Conflict or political event,"World War II: Off Guadalcanal, United States Navy ships intercept and defeat a Japanese force.","World War II: Off Guadalcanal, United States Navy ships intercept and defeat a Japanese force.","October 11, 1942 CE",https://en.wikipedia.org/wiki/October_11,1942-10-11,"October 11, 1942 CE",October 11 — Wikipedia,Exact day in source chronology,Military and political history,Gregorian (source chronology),Target met,International,Secondary reference chronology,20,Verified against source chronology,20,70
12,CE,633,October,Date follows the Gregorian day chronology used by the source; for early events this may be a conventional/proleptic date.,,GHC-OCT-12-01,Conflict or political event,Battle of Hatfield Chase: King Edwin of Northumbria is defeated and killed by an alliance under Penda of Mercia and Cadwallon of Gwynedd.,Battle of Hatfield Chase: King Edwin of Northumbria is defeated and killed by an alliance under Penda of Mercia and Cadwallon of Gwynedd.,"October 12, 633 CE",https://en.wikipedia.org/wiki/October_12,0633-10-12,"October 12, 633 CE",October 12 — Wikipedia,Exact day in source chronology,Military and political history,Gregorian (source chronology),Target met,National or regional,Secondary reference chronology,20,Verified against source chronology,20,70
12,CE,1279,October,Date follows the Gregorian day chronology used by the source; for early events this may be a conventional/proleptic date.,Asia,GHC-OCT-12-02,Historical event,The Nichiren Shōshū branch of Buddhism is founded in Japan.,The Nichiren Shōshū branch of Buddhism is founded in Japan.,"October 12, 1279 CE",https://en.wikipedia.org/wiki/October_12,1279-10-12,"October 12, 1279 CE",October 12 — Wikipedia,Exact day in source chronology,General historical chronology,Gregorian (source chronology),Target met,International,Secondary reference chronology,20,Verified against source chronology,20,70
12,CE,1398,October,Date follows the Gregorian day chronology used by the source; for early events this may be a conventional/proleptic date.,,GHC-OCT-12-03,Political event,"In the Treaty of Salynas, Lithuania cedes Samogitia to the Teutonic Knights.","In the Treaty of Salynas, Lithuania cedes Samogitia to the Teutonic Knights.","October 12, 1398 CE",https://en.wikipedia.org/wiki/October_12,1398-10-12,"October 12, 1398 CE",October 12 — Wikipedia,Exact day in source chronology,Political and independence history,Gregorian (source chronology),Target met,International,Secondary reference chronology,20,Verified against source chronology,20,70
12,CE,1406,October,Date follows the Gregorian day chronology used by the source; for early events this may be a conventional/proleptic date.,Asia,GHC-OCT-12-04,Historical event,"Chen Yanxiang, the only person from Indonesia known to have visited dynastic Korea, reaches Seoul after having set out from Java four months before.","Chen Yanxiang, the only person from Indonesia known to have visited dynastic Korea, reaches Seoul after having set out from Java four months before.","October 12, 1406 CE",https://en.wikipedia.org/wiki/October_12,1406-10-12,"October 12, 1406 CE",October 12 — Wikipedia,Exact day in source chronology,General historical chronology,Gregorian (source chronology),Target met,International,Secondary reference chronology,20,Verified against source chronology,20,70
12,CE,1492,October,Date follows the Gregorian day chronology used by the source; for early events this may be a conventional/proleptic date.,,GHC-OCT-12-05,Historical event,Christopher Columbus's first expedition makes landfall on San Salvador Island in the Caribbean. (Julian calendar),Christopher Columbus's first expedition makes landfall on San Salvador Island in the Caribbean. (Julian calendar),"October 12, 1492 CE",https://en.wikipedia.org/wiki/October_12,1492-10-12,"October 12, 1492 CE",October 12 — Wikipedia,Exact day in source chronology,General historical chronology,Gregorian (source chronology),Target met,National or regional,Secondary reference chronology,20,Verified against source chronology,20,70
12,CE,1008,October,Date follows the Gregorian day chronology used by the source; for early events this may be a conventional/proleptic date.,Asia,GHC-OCT-12-06,Political event,"Go-Ichijō, emperor of Japan (died 1036)","Go-Ichijō, emperor of Japan (died 1036)","October 12, 1008 CE",https://en.wikipedia.org/wiki/October_12,1008-10-12,"October 12, 1008 CE",October 12 — Wikipedia,Exact day in source chronology,Political and independence history,Gregorian (source chronology),Target met,International,Secondary reference chronology,20,Verified against source chronology,20,70
12,CE,1654,October,Date follows the Gregorian day chronology used by the source; for early events this may be a conventional/proleptic date.,Europe,GHC-OCT-12-07,Historical event,"The Delft Explosion devastates the city in the Netherlands, killing more than 100 people.","The Delft Explosion devastates the city in the Netherlands, killing more than 100 people.","October 12, 1654 CE",https://en.wikipedia.org/wiki/October_12,1654-10-12,"October 12, 1654 CE",October 12 — Wikipedia,Exact day in source chronology,General historical chronology,Gregorian (source chronology),Target met,National or regional,Secondary reference chronology,20,Verified against source chronology,20,70
12,CE,1692,October,Date follows the Gregorian day chronology used by the source; for early events this may be a conventional/proleptic date.,,GHC-OCT-12-08,Historical event,The Salem witch trials are ended by a letter from Province of Massachusetts Bay Governor William Phips.,The Salem witch trials are ended by a letter from Province of Massachusetts Bay Governor William Phips.,"October 12, 1692 CE",https://en.wikipedia.org/wiki/October_12,1692-10-12,"October 12, 1692 CE",October 12 — Wikipedia,Exact day in source chronology,General historical chronology,Gregorian (source chronology),Target met,National or regional,Secondary reference chronology,20,Verified against source chronology,20,70
12,CE,1748,October,Date follows the Gregorian day chronology used by the source; for early events this may be a conventional/proleptic date.,,GHC-OCT-12-09,Conflict or political event,War of Jenkins' Ear: A British squadron wins a tactical victory over a Spanish squadron off Havana.,War of Jenkins' Ear: A British squadron wins a tactical victory over a Spanish squadron off Havana.,"October 12, 1748 CE",https://en.wikipedia.org/wiki/October_12,1748-10-12,"October 12, 1748 CE",October 12 — Wikipedia,Exact day in source chronology,Military and political history,Gregorian (source chronology),Target met,National or regional,Secondary reference chronology,20,Verified against source chronology,20,70
12,CE,1773,October,Date follows the Gregorian day chronology used by the source; for early events this may be a conventional/proleptic date.,,GHC-OCT-12-10,Historical event,America's first insane asylum opens.,America's first insane asylum opens.,"October 12, 1773 CE",https://en.wikipedia.org/wiki/October_12,1773-10-12,"October 12, 1773 CE",October 12 — Wikipedia,Exact day in source chronology,General historical chronology,Gregorian (source chronology),Target met,National or regional,Secondary reference chronology,20,Verified against source chronology,20,70
12,CE,1792,October,Date follows the Gregorian day chronology used by the source; for early events this may be a conventional/proleptic date.,Americas,GHC-OCT-12-11,Historical event,The first celebration of Columbus Day is held in New York City.,The first celebration of Columbus Day is held in New York City.,"October 12, 1792 CE",https://en.wikipedia.org/wiki/October_12,1792-10-12,"October 12, 1792 CE",October 12 — Wikipedia,Exact day in source chronology,General historical chronology,Gregorian (source chronology),Target met,National or regional,Secondary reference chronology,20,Verified against source chronology,20,70
12,CE,1793,October,Date follows the Gregorian day chronology used by the source; for early events this may be a conventional/proleptic date.,Americas,GHC-OCT-12-12,Cultural or educational event,"The cornerstone of Old East, the oldest state university building in the United States, is laid at the University of North Carolina at Chapel Hill.","The cornerstone of Old East, the oldest state university building in the United States, is laid at the University of North Carolina at Chapel Hill.","October 12, 1793 CE",https://en.wikipedia.org/wiki/October_12,1793-10-12,"October 12, 1793 CE",October 12 — Wikipedia,Exact day in source chronology,"Culture, literature and education",Gregorian (source chronology),Target met,National or regional,Secondary reference chronology,20,Verified against source chronology,20,70
12,CE,1798,October,Date follows the Gregorian day chronology used by the source; for early events this may be a conventional/proleptic date.,,GHC-OCT-12-13,Conflict or political event,Flemish and Luxembourgish peasants launch the rebellion against French rule known as the Peasants' War.,Flemish and Luxembourgish peasants launch the rebellion against French rule known as the Peasants' War.,"October 12, 1798 CE",https://en.wikipedia.org/wiki/October_12,1798-10-12,"October 12, 1798 CE",October 12 — Wikipedia,Exact day in source chronology,Military and political history,Gregorian (source chronology),Target met,National or regional,Secondary reference chronology,20,Verified against source chronology,20,70
12,CE,1901,October,Date follows the Gregorian day chronology used by the source; for early events this may be a conventional/proleptic date.,,GHC-OCT-12-14,Political event,"President Theodore Roosevelt officially renames the ""Executive Mansion"" to the White House.","President Theodore Roosevelt officially renames the ""Executive Mansion"" to the White House.","October 12, 1901 CE",https://en.wikipedia.org/wiki/October_12,1901-10-12,"October 12, 1901 CE",October 12 — Wikipedia,Exact day in source chronology,Political and independence history,Gregorian (source chronology),Target met,National or regional,Secondary reference chronology,20,Verified against source chronology,20,70
12,CE,1909,October,Date follows the Gregorian day chronology used by the source; for early events this may be a conventional/proleptic date.,,GHC-OCT-12-15,Historical event,Foundation of Coritiba Foot Ball Club.,Foundation of Coritiba Foot Ball Club.,"October 12, 1909 CE",https://en.wikipedia.org/wiki/October_12,1909-10-12,"October 12, 1909 CE",October 12 — Wikipedia,Exact day in source chronology,General historical chronology,Gregorian (source chronology),Target met,National or regional,Secondary reference chronology,20,Verified against source chronology,20,70
12,CE,1915,October,Date follows the Gregorian day chronology used by the source; for early events this may be a conventional/proleptic date.,Europe,GHC-OCT-12-16,Conflict or political event,World War I: British nurse Edith Cavell is executed by a German firing squad for helping Allied soldiers escape from occupied Belgium.,World War I: British nurse Edith Cavell is executed by a German firing squad for helping Allied soldiers escape from occupied Belgium.,"October 12, 1915 CE",https://en.wikipedia.org/wiki/October_12,1915-10-12,"October 12, 1915 CE",October 12 — Wikipedia,Exact day in source chronology,Military and political history,Gregorian (source chronology),Target met,International,Secondary reference chronology,20,Verified against source chronology,20,70
12,CE,1917,October,Date follows the Gregorian day chronology used by the source; for early events this may be a conventional/proleptic date.,Oceania,GHC-OCT-12-17,Conflict or political event,World War I: The First Battle of Passchendaele takes place resulting in the largest single-day loss of life in New Zealand history.,World War I: The First Battle of Passchendaele takes place resulting in the largest single-day loss of life in New Zealand history.,"October 12, 1917 CE",https://en.wikipedia.org/wiki/October_12,1917-10-12,"October 12, 1917 CE",October 12 — Wikipedia,Exact day in source chronology,Military and political history,Gregorian (source chronology),Target met,International,Secondary reference chronology,20,Verified against source chronology,20,70
12,CE,1918,October,Date follows the Gregorian day chronology used by the source; for early events this may be a conventional/proleptic date.,,GHC-OCT-12-18,Disaster,A massive forest fire kills 453 people in Minnesota.,A massive forest fire kills 453 people in Minnesota.,"October 12, 1918 CE",https://en.wikipedia.org/wiki/October_12,1918-10-12,"October 12, 1918 CE",October 12 — Wikipedia,Exact day in source chronology,Disaster history,Gregorian (source chronology),Target met,National or regional,Secondary reference chronology,20,Verified against source chronology,20,70
12,CE,1928,October,Date follows the Gregorian day chronology used by the source; for early events this may be a conventional/proleptic date.,,GHC-OCT-12-19,Social or medical event,An iron lung respirator is used for the first time at Boston Children's Hospital.,An iron lung respirator is used for the first time at Boston Children's Hospital.,"October 12, 1928 CE",https://en.wikipedia.org/wiki/October_12,1928-10-12,"October 12, 1928 CE",October 12 — Wikipedia,Exact day in source chronology,Medicine and social history,Gregorian (source chronology),Target met,National or regional,Secondary reference chronology,20,Verified against source chronology,20,70
12,CE,1933,October,Date follows the Gregorian day chronology used by the source; for early events this may be a conventional/proleptic date.,,GHC-OCT-12-20,Conflict or political event,The military Alcatraz Citadel becomes the civilian Alcatraz Federal Penitentiary.,The military Alcatraz Citadel becomes the civilian Alcatraz Federal Penitentiary.,"October 12, 1933 CE",https://en.wikipedia.org/wiki/October_12,1933-10-12,"October 12, 1933 CE",October 12 — Wikipedia,Exact day in source chronology,Military and political history,Gregorian (source chronology),Target met,National or regional,Secondary reference chronology,20,Verified against source chronology,20,70
13,CE,54,October,Date follows the Gregorian day chronology used by the source; for early events this may be a conventional/proleptic date.,,GHC-OCT-13-01,Political event,"Roman emperor Claudius dies from poisoning under mysterious circumstances. He is succeeded by his adopted son Nero, rather than by Britannicus, his son with Messalina.","Roman emperor Claudius dies from poisoning under mysterious circumstances. He is succeeded by his adopted son Nero, rather than by Britannicus, his son with Messalina.","October 13, 54 CE",https://en.wikipedia.org/wiki/October_13,0054-10-13,"October 13, 54 CE",October 13 — Wikipedia,Exact day in source chronology,Political and independence history,Gregorian (source chronology),Target met,National or regional,Secondary reference chronology,20,Verified against source chronology,20,70
13,CE,409,October,Date follows the Gregorian day chronology used by the source; for early events this may be a conventional/proleptic date.,,GHC-OCT-13-02,Historical event,Vandals and Alans cross the Pyrenees and appear in Hispania.,Vandals and Alans cross the Pyrenees and appear in Hispania.,"October 13, 409 CE",https://en.wikipedia.org/wiki/October_13,0409-10-13,"October 13, 409 CE",October 13 — Wikipedia,Exact day in source chronology,General historical chronology,Gregorian (source chronology),Target met,National or regional,Secondary reference chronology,20,Verified against source chronology,20,70
13,CE,1269,October,Date follows the Gregorian day chronology used by the source; for early events this may be a conventional/proleptic date.,,GHC-OCT-13-03,Religious event,The present church building at Westminster Abbey is consecrated.,The present church building at Westminster Abbey is consecrated.,"October 13, 1269 CE",https://en.wikipedia.org/wiki/October_13,1269-10-13,"October 13, 1269 CE",October 13 — Wikipedia,Exact day in source chronology,Religion and philosophy,Gregorian (source chronology),Target met,National or regional,Secondary reference chronology,20,Verified against source chronology,20,70
13,CE,1307,October,Date follows the Gregorian day chronology used by the source; for early events this may be a conventional/proleptic date.,Europe,GHC-OCT-13-04,Political event,"Hundreds of the Knights Templar in France are arrested at dawn by King Philip the Fair, and later confess under torture to heresy.","Hundreds of the Knights Templar in France are arrested at dawn by King Philip the Fair, and later confess under torture to heresy.","October 13, 1307 CE",https://en.wikipedia.org/wiki/October_13,1307-10-13,"October 13, 1307 CE",October 13 — Wikipedia,Exact day in source chronology,Political and independence history,Gregorian (source chronology),Target met,National or regional,Secondary reference chronology,20,Verified against source chronology,20,70
13,CE,1332,October,Date follows the Gregorian day chronology used by the source; for early events this may be a conventional/proleptic date.,,GHC-OCT-13-05,Political event,"Rinchinbal Khan becomes the Khagan of the Mongols and Emperor of the Yuan dynasty, reigning for only 53 days.","Rinchinbal Khan becomes the Khagan of the Mongols and Emperor of the Yuan dynasty, reigning for only 53 days.","October 13, 1332 CE",https://en.wikipedia.org/wiki/October_13,1332-10-13,"October 13, 1332 CE",October 13 — Wikipedia,Exact day in source chronology,Political and independence history,Gregorian (source chronology),Target met,National or regional,Secondary reference chronology,20,Verified against source chronology,20,70
13,CE,1399,October,Date follows the Gregorian day chronology used by the source; for early events this may be a conventional/proleptic date.,Europe,GHC-OCT-13-06,Historical event,Coronation of Henry IV of England at Westminster Abbey.,Coronation of Henry IV of England at Westminster Abbey.,"October 13, 1399 CE",https://en.wikipedia.org/wiki/October_13,1399-10-13,"October 13, 1399 CE",October 13 — Wikipedia,Exact day in source chronology,General historical chronology,Gregorian (source chronology),Target met,National or regional,Secondary reference chronology,20,Verified against source chronology,20,70
13,CE,1644,October,Date follows the Gregorian day chronology used by the source; for early events this may be a conventional/proleptic date.,,GHC-OCT-13-07,Historical event,"A Swedish–Dutch fleet defeats the Danish fleet at Fehmarn and captures about 1,000 prisoners.","A Swedish–Dutch fleet defeats the Danish fleet at Fehmarn and captures about 1,000 prisoners.","October 13, 1644 CE",https://en.wikipedia.org/wiki/October_13,1644-10-13,"October 13, 1644 CE",October 13 — Wikipedia,Exact day in source chronology,General historical chronology,Gregorian (source chronology),Target met,National or regional,Secondary reference chronology,20,Verified against source chronology,20,70
13,CE,1710,October,Date follows the Gregorian day chronology used by the source; for early events this may be a conventional/proleptic date.,,GHC-OCT-13-08,Conflict or political event,"Port Royal, the capital of French Acadia, falls in a siege by British forces.","Port Royal, the capital of French Acadia, falls in a siege by British forces.","October 13, 1710 CE",https://en.wikipedia.org/wiki/October_13,1710-10-13,"October 13, 1710 CE",October 13 — Wikipedia,Exact day in source chronology,Military and political history,Gregorian (source chronology),Target met,National or regional,Secondary reference chronology,20,Verified against source chronology,20,70
13,CE,1775,October,Date follows the Gregorian day chronology used by the source; for early events this may be a conventional/proleptic date.,Americas,GHC-OCT-13-09,Historical event,The Continental Congress establishes the Continental Navy (predecessor of the United States Navy).,The Continental Congress establishes the Continental Navy (predecessor of the United States Navy).,"October 13, 1775 CE",https://en.wikipedia.org/wiki/October_13,1775-10-13,"October 13, 1775 CE",October 13 — Wikipedia,Exact day in source chronology,General historical chronology,Gregorian (source chronology),Target met,National or regional,Secondary reference chronology,20,Verified against source chronology,20,70
13,CE,1792,October,Date follows the Gregorian day chronology used by the source; for early events this may be a conventional/proleptic date.,Americas,GHC-OCT-13-10,Historical event,"In Washington, D.C., the cornerstone of the United States Executive Mansion (known as the White House since 1818) is laid.","In Washington, D.C., the cornerstone of the United States Executive Mansion (known as the White House since 1818) is laid.","October 13, 1792 CE",https://en.wikipedia.org/wiki/October_13,1792-10-13,"October 13, 1792 CE",October 13 — Wikipedia,Exact day in source chronology,General historical chronology,Gregorian (source chronology),Target met,National or regional,Secondary reference chronology,20,Verified against source chronology,20,70
13,CE,1793,October,Date follows the Gregorian day chronology used by the source; for early events this may be a conventional/proleptic date.,Europe,GHC-OCT-13-11,Conflict or political event,French Revolutionary Wars: Austro-Prussian victory over Republican France at the First Battle of Wissembourg.,French Revolutionary Wars: Austro-Prussian victory over Republican France at the First Battle of Wissembourg.,"October 13, 1793 CE",https://en.wikipedia.org/wiki/October_13,1793-10-13,"October 13, 1793 CE",October 13 — Wikipedia,Exact day in source chronology,Military and political history,Gregorian (source chronology),Target met,National or regional,Secondary reference chronology,20,Verified against source chronology,20,70
13,CE,1812,October,Date follows the Gregorian day chronology used by the source; for early events this may be a conventional/proleptic date.,Americas,GHC-OCT-13-12,Conflict or political event,War of 1812: Sir Isaac Brock's British and native forces repel an invasion of Canada by General Rensselaer's United States forces.,War of 1812: Sir Isaac Brock's British and native forces repel an invasion of Canada by General Rensselaer's United States forces.,"October 13, 1812 CE",https://en.wikipedia.org/wiki/October_13,1812-10-13,"October 13, 1812 CE",October 13 — Wikipedia,Exact day in source chronology,Military and political history,Gregorian (source chronology),Target met,National or regional,Secondary reference chronology,20,Verified against source chronology,20,70
13,CE,1821,October,Date follows the Gregorian day chronology used by the source; for early events this may be a conventional/proleptic date.,,GHC-OCT-13-13,Political event,The Declaration of Independence of the Mexican Empire is publicly proclaimed.,The Declaration of Independence of the Mexican Empire is publicly proclaimed.,"October 13, 1821 CE",https://en.wikipedia.org/wiki/October_13,1821-10-13,"October 13, 1821 CE",October 13 — Wikipedia,Exact day in source chronology,Political and independence history,Gregorian (source chronology),Target met,International,Secondary reference chronology,20,Verified against source chronology,20,70
13,CE,1903,October,Date follows the Gregorian day chronology used by the source; for early events this may be a conventional/proleptic date.,,GHC-OCT-13-14,Historical event,"The Boston Red Sox win the first modern World Series, defeating the Pittsburgh Pirates in the eighth game.","The Boston Red Sox win the first modern World Series, defeating the Pittsburgh Pirates in the eighth game.","October 13, 1903 CE",https://en.wikipedia.org/wiki/October_13,1903-10-13,"October 13, 1903 CE",October 13 — Wikipedia,Exact day in source chronology,General historical chronology,Gregorian (source chronology),Target met,National or regional,Secondary reference chronology,20,Verified against source chronology,20,70
13,CE,1908,October,Date follows the Gregorian day chronology used by the source; for early events this may be a conventional/proleptic date.,,GHC-OCT-13-15,Political event,Margaret Travers Symons bursts into the UK parliament and becomes the first woman to speak there.,Margaret Travers Symons bursts into the UK parliament and becomes the first woman to speak there.,"October 13, 1908 CE",https://en.wikipedia.org/wiki/October_13,1908-10-13,"October 13, 1908 CE",October 13 — Wikipedia,Exact day in source chronology,Political and independence history,Gregorian (source chronology),Target met,National or regional,Secondary reference chronology,20,Verified against source chronology,20,70
13,CE,1911,October,Date follows the Gregorian day chronology used by the source; for early events this may be a conventional/proleptic date.,Americas,GHC-OCT-13-16,Historical event,"Prince Arthur, Duke of Connaught and Strathearn, becomes the first Governor General of Canada of royal descent.","Prince Arthur, Duke of Connaught and Strathearn, becomes the first Governor General of Canada of royal descent.","October 13, 1911 CE",https://en.wikipedia.org/wiki/October_13,1911-10-13,"October 13, 1911 CE",October 13 — Wikipedia,Exact day in source chronology,General historical chronology,Gregorian (source chronology),Target met,National or regional,Secondary reference chronology,20,Verified against source chronology,20,70
13,CE,1915,October,Date follows the Gregorian day chronology used by the source; for early events this may be a conventional/proleptic date.,,GHC-OCT-13-17,Conflict or political event,First World War: The Battle of the Hohenzollern Redoubt marks the end of the Battle of Loos.,First World War: The Battle of the Hohenzollern Redoubt marks the end of the Battle of Loos.,"October 13, 1915 CE",https://en.wikipedia.org/wiki/October_13,1915-10-13,"October 13, 1915 CE",October 13 — Wikipedia,Exact day in source chronology,Military and political history,Gregorian (source chronology),Target met,International,Secondary reference chronology,20,Verified against source chronology,20,70
13,CE,1917,October,Date follows the Gregorian day chronology used by the source; for early events this may be a conventional/proleptic date.,Europe,GHC-OCT-13-18,Historical event,"The "" Miracle of the Sun"" is witnessed by an estimated 70,000 people in the Cova da Iria in Portugal.","The "" Miracle of the Sun"" is witnessed by an estimated 70,000 people in the Cova da Iria in Portugal.","October 13, 1917 CE",https://en.wikipedia.org/wiki/October_13,1917-10-13,"October 13, 1917 CE",October 13 — Wikipedia,Exact day in source chronology,General historical chronology,Gregorian (source chronology),Target met,National or regional,Secondary reference chronology,20,Verified against source chronology,20,70
13,CE,1921,October,Date follows the Gregorian day chronology used by the source; for early events this may be a conventional/proleptic date.,Africa,GHC-OCT-13-19,Political event,Soviet republics sign the Treaty of Kars to formalize the borders between Turkey and the South Caucasus states.,Soviet republics sign the Treaty of Kars to formalize the borders between Turkey and the South Caucasus states.,"October 13, 1921 CE",https://en.wikipedia.org/wiki/October_13,1921-10-13,"October 13, 1921 CE",October 13 — Wikipedia,Exact day in source chronology,Political and independence history,Gregorian (source chronology),Target met,International,Secondary reference chronology,20,Verified against source chronology,20,70
13,CE,1923,October,Date follows the Gregorian day chronology used by the source; for early events this may be a conventional/proleptic date.,Middle East,GHC-OCT-13-20,Historical event,Ankara becomes the capital of Turkey.,Ankara becomes the capital of Turkey.,"October 13, 1923 CE",https://en.wikipedia.org/wiki/October_13,1923-10-13,"October 13, 1923 CE",October 13 — Wikipedia,Exact day in source chronology,General historical chronology,Gregorian (source chronology),Target met,International,Secondary reference chronology,20,Verified against source chronology,20,70
14,CE,1066,October,Date follows the Gregorian day chronology used by the source; for early events this may be a conventional/proleptic date.,Europe,GHC-OCT-14-01,Conflict or political event,The Norman conquest of England begins with the Battle of Hastings.,The Norman conquest of England begins with the Battle of Hastings.,"October 14, 1066 CE",https://en.wikipedia.org/wiki/October_14,1066-10-14,"October 14, 1066 CE",October 14 — Wikipedia,Exact day in source chronology,Military and political history,Gregorian (source chronology),Target met,National or regional,Secondary reference chronology,20,Verified against source chronology,20,70
14,CE,1322,October,Date follows the Gregorian day chronology used by the source; for early events this may be a conventional/proleptic date.,Europe,GHC-OCT-14-02,Conflict or political event,"Robert the Bruce of Scotland defeats King Edward II of England at the Battle of Old Byland, forcing Edward to accept Scotland's independence.","Robert the Bruce of Scotland defeats King Edward II of England at the Battle of Old Byland, forcing Edward to accept Scotland's independence.","October 14, 1322 CE",https://en.wikipedia.org/wiki/October_14,1322-10-14,"October 14, 1322 CE",October 14 — Wikipedia,Exact day in source chronology,Military and political history,Gregorian (source chronology),Target met,National or regional,Secondary reference chronology,20,Verified against source chronology,20,70
14,CE,1586,October,Date follows the Gregorian day chronology used by the source; for early events this may be a conventional/proleptic date.,Europe,GHC-OCT-14-03,Historical event,"Mary, Queen of Scots, goes on trial for conspiracy against Queen Elizabeth I of England.","Mary, Queen of Scots, goes on trial for conspiracy against Queen Elizabeth I of England.","October 14, 1586 CE",https://en.wikipedia.org/wiki/October_14,1586-10-14,"October 14, 1586 CE",October 14 — Wikipedia,Exact day in source chronology,General historical chronology,Gregorian (source chronology),Target met,National or regional,Secondary reference chronology,20,Verified against source chronology,20,70
14,CE,1257,October,Date follows the Gregorian day chronology used by the source; for early events this may be a conventional/proleptic date.,Europe,GHC-OCT-14-04,Historical event,Przemysł II of Poland (died 1296),Przemysł II of Poland (died 1296),"October 14, 1257 CE",https://en.wikipedia.org/wiki/October_14,1257-10-14,"October 14, 1257 CE",October 14 — Wikipedia,Exact day in source chronology,General historical chronology,Gregorian (source chronology),Target met,National or regional,Secondary reference chronology,20,Verified against source chronology,20,70
14,CE,1404,October,Date follows the Gregorian day chronology used by the source; for early events this may be a conventional/proleptic date.,,GHC-OCT-14-05,Historical event,Marie of Anjou (died 1463),Marie of Anjou (died 1463),"October 14, 1404 CE",https://en.wikipedia.org/wiki/October_14,1404-10-14,"October 14, 1404 CE",October 14 — Wikipedia,Exact day in source chronology,General historical chronology,Gregorian (source chronology),Target met,National or regional,Secondary reference chronology,20,Verified against source chronology,20,70
14,CE,1425,October,Date follows the Gregorian day chronology used by the source; for early events this may be a conventional/proleptic date.,,GHC-OCT-14-06,Historical event,"Alesso Baldovinetti, Italian painter (died 1499)","Alesso Baldovinetti, Italian painter (died 1499)","October 14, 1425 CE",https://en.wikipedia.org/wiki/October_14,1425-10-14,"October 14, 1425 CE",October 14 — Wikipedia,Exact day in source chronology,General historical chronology,Gregorian (source chronology),Target met,National or regional,Secondary reference chronology,20,Verified against source chronology,20,70
14,CE,1656,October,Date follows the Gregorian day chronology used by the source; for early events this may be a conventional/proleptic date.,,GHC-OCT-14-07,Religious event,The General Court of the Massachusetts Bay Colony enacts the first punitive legislation against the Religious Society of Friends.,The General Court of the Massachusetts Bay Colony enacts the first punitive legislation against the Religious Society of Friends.,"October 14, 1656 CE",https://en.wikipedia.org/wiki/October_14,1656-10-14,"October 14, 1656 CE",October 14 — Wikipedia,Exact day in source chronology,Religion and philosophy,Gregorian (source chronology),Target met,National or regional,Secondary reference chronology,20,Verified against source chronology,20,70
14,CE,1758,October,Date follows the Gregorian day chronology used by the source; for early events this may be a conventional/proleptic date.,,GHC-OCT-14-08,Conflict or political event,Seven Years' War: Frederick the Great suffers a rare defeat at the Battle of Hochkirch.,Seven Years' War: Frederick the Great suffers a rare defeat at the Battle of Hochkirch.,"October 14, 1758 CE",https://en.wikipedia.org/wiki/October_14,1758-10-14,"October 14, 1758 CE",October 14 — Wikipedia,Exact day in source chronology,Military and political history,Gregorian (source chronology),Target met,National or regional,Secondary reference chronology,20,Verified against source chronology,20,70
14,CE,1773,October,Date follows the Gregorian day chronology used by the source; for early events this may be a conventional/proleptic date.,,GHC-OCT-14-09,Historical event,"The first recorded ministry of education, the Commission of National Education, is formed in the Polish–Lithuanian Commonwealth.","The first recorded ministry of education, the Commission of National Education, is formed in the Polish–Lithuanian Commonwealth.","October 14, 1773 CE",https://en.wikipedia.org/wiki/October_14,1773-10-14,"October 14, 1773 CE",October 14 — Wikipedia,Exact day in source chronology,General historical chronology,Gregorian (source chronology),Target met,National or regional,Secondary reference chronology,20,Verified against source chronology,20,70
14,CE,1774,October,Date follows the Gregorian day chronology used by the source; for early events this may be a conventional/proleptic date.,Americas,GHC-OCT-14-10,Conflict or political event,American Revolution: The First Continental Congress denounces the British Parliament's Intolerable Acts and demands British concessions.,American Revolution: The First Continental Congress denounces the British Parliament's Intolerable Acts and demands British concessions.,"October 14, 1774 CE",https://en.wikipedia.org/wiki/October_14,1774-10-14,"October 14, 1774 CE",October 14 — Wikipedia,Exact day in source chronology,Military and political history,Gregorian (source chronology),Target met,National or regional,Secondary reference chronology,20,Verified against source chronology,20,70
14,CE,1791,October,Date follows the Gregorian day chronology used by the source; for early events this may be a conventional/proleptic date.,Europe,GHC-OCT-14-11,Conflict or political event,"The revolutionary group the United Irishmen is formed in Belfast, Ireland leading to the Irish Rebellion of 1798.","The revolutionary group the United Irishmen is formed in Belfast, Ireland leading to the Irish Rebellion of 1798.","October 14, 1791 CE",https://en.wikipedia.org/wiki/October_14,1791-10-14,"October 14, 1791 CE",October 14 — Wikipedia,Exact day in source chronology,Military and political history,Gregorian (source chronology),Target met,National or regional,Secondary reference chronology,20,Verified against source chronology,20,70
14,CE,1805,October,Date follows the Gregorian day chronology used by the source; for early events this may be a conventional/proleptic date.,Europe,GHC-OCT-14-12,Conflict or political event,War of the Third Coalition: A French corps defeats an Austrian attempt to escape encirclement at Ulm.,War of the Third Coalition: A French corps defeats an Austrian attempt to escape encirclement at Ulm.,"October 14, 1805 CE",https://en.wikipedia.org/wiki/October_14,1805-10-14,"October 14, 1805 CE",October 14 — Wikipedia,Exact day in source chronology,Military and political history,Gregorian (source chronology),Target met,National or regional,Secondary reference chronology,20,Verified against source chronology,20,70
14,CE,1806,October,Date follows the Gregorian day chronology used by the source; for early events this may be a conventional/proleptic date.,Europe,GHC-OCT-14-13,Conflict or political event,War of the Fourth Coalition: Napoleon decisively defeats Prussia at the Battle of Jena–Auerstedt.,War of the Fourth Coalition: Napoleon decisively defeats Prussia at the Battle of Jena–Auerstedt.,"October 14, 1806 CE",https://en.wikipedia.org/wiki/October_14,1806-10-14,"October 14, 1806 CE",October 14 — Wikipedia,Exact day in source chronology,Military and political history,Gregorian (source chronology),Target met,National or regional,Secondary reference chronology,20,Verified against source chronology,20,70
14,CE,1908,October,Date follows the Gregorian day chronology used by the source; for early events this may be a conventional/proleptic date.,,GHC-OCT-14-14,Historical event,"The Chicago Cubs defeat the Detroit Tigers, 2–0, clinching the 1908 World Series; this would be their last until winning the 2016 World Series.","The Chicago Cubs defeat the Detroit Tigers, 2–0, clinching the 1908 World Series; this would be their last until winning the 2016 World Series.","October 14, 1908 CE",https://en.wikipedia.org/wiki/October_14,1908-10-14,"October 14, 1908 CE",October 14 — Wikipedia,Exact day in source chronology,General historical chronology,Gregorian (source chronology),Target met,National or regional,Secondary reference chronology,20,Verified against source chronology,20,70
14,CE,1910,October,Date follows the Gregorian day chronology used by the source; for early events this may be a conventional/proleptic date.,Americas,GHC-OCT-14-15,Historical event,"English aviator Claude Grahame-White lands his aircraft on Executive Avenue near the White House in Washington, D.C.","English aviator Claude Grahame-White lands his aircraft on Executive Avenue near the White House in Washington, D.C.","October 14, 1910 CE",https://en.wikipedia.org/wiki/October_14,1910-10-14,"October 14, 1910 CE",October 14 — Wikipedia,Exact day in source chronology,General historical chronology,Gregorian (source chronology),Target met,National or regional,Secondary reference chronology,20,Verified against source chronology,20,70
14,CE,1912,October,Date follows the Gregorian day chronology used by the source; for early events this may be a conventional/proleptic date.,,GHC-OCT-14-16,Political event,"Former president Theodore Roosevelt is shot and mildly wounded by John Flammang Schrank in Milwaukee, Wisconsin. With the fresh wound in his chest, and the bullet still within it, Roosevelt delivers his scheduled speech.","Former president Theodore Roosevelt is shot and mildly wounded by John Flammang Schrank in Milwaukee, Wisconsin. With the fresh wound in his chest, and the bullet still within it, Roosevelt delivers his scheduled speech.","October 14, 1912 CE",https://en.wikipedia.org/wiki/October_14,1912-10-14,"October 14, 1912 CE",October 14 — Wikipedia,Exact day in source chronology,Political and independence history,Gregorian (source chronology),Target met,National or regional,Secondary reference chronology,20,Verified against source chronology,20,70
14,CE,1913,October,Date follows the Gregorian day chronology used by the source; for early events this may be a conventional/proleptic date.,,GHC-OCT-14-17,Political event,"Senghenydd colliery disaster, the United Kingdom's worst coal mining accident, claims the lives of 439 miners.","Senghenydd colliery disaster, the United Kingdom's worst coal mining accident, claims the lives of 439 miners.","October 14, 1913 CE",https://en.wikipedia.org/wiki/October_14,1913-10-14,"October 14, 1913 CE",October 14 — Wikipedia,Exact day in source chronology,Political and independence history,Gregorian (source chronology),Target met,National or regional,Secondary reference chronology,20,Verified against source chronology,20,70
14,CE,1915,October,Date follows the Gregorian day chronology used by the source; for early events this may be a conventional/proleptic date.,,GHC-OCT-14-18,Conflict or political event,World War I: Bulgaria joins the Central Powers.,World War I: Bulgaria joins the Central Powers.,"October 14, 1915 CE",https://en.wikipedia.org/wiki/October_14,1915-10-14,"October 14, 1915 CE",October 14 — Wikipedia,Exact day in source chronology,Military and political history,Gregorian (source chronology),Target met,International,Secondary reference chronology,20,Verified against source chronology,20,70
14,CE,1920,October,Date follows the Gregorian day chronology used by the source; for early events this may be a conventional/proleptic date.,Europe,GHC-OCT-14-19,Political event,"Finland and Soviet Russia sign the Treaty of Tartu, exchanging some territories.","Finland and Soviet Russia sign the Treaty of Tartu, exchanging some territories.","October 14, 1920 CE",https://en.wikipedia.org/wiki/October_14,1920-10-14,"October 14, 1920 CE",October 14 — Wikipedia,Exact day in source chronology,Political and independence history,Gregorian (source chronology),Target met,International,Secondary reference chronology,20,Verified against source chronology,20,70
14,CE,1923,October,Date follows the Gregorian day chronology used by the source; for early events this may be a conventional/proleptic date.,,GHC-OCT-14-20,Conflict or political event,After the Irish Civil War the 1923 Irish hunger strikes were undertaken by thousands of Irish republican prisoners protesting the continuation of their internment without trial.,After the Irish Civil War the 1923 Irish hunger strikes were undertaken by thousands of Irish republican prisoners protesting the continuation of their internment without trial.,"October 14, 1923 CE",https://en.wikipedia.org/wiki/October_14,1923-10-14,"October 14, 1923 CE",October 14 — Wikipedia,Exact day in source chronology,Military and political history,Gregorian (source chronology),Target met,National or regional,Secondary reference chronology,20,Verified against source chronology,20,70
15,CE,1066,October,Date follows the Gregorian day chronology used by the source; for early events this may be a conventional/proleptic date.,Europe,GHC-OCT-15-01,Conflict or political event,"Following the death of Harold II at the Battle of Hastings, Edgar the Ætheling is proclaimed King of England by the Witan; he is never crowned, and concedes power to William the Conqueror two months later.","Following the death of Harold II at the Battle of Hastings, Edgar the Ætheling is proclaimed King of England by the Witan; he is never crowned, and concedes power to William the Conqueror two months later.","October 15, 1066 CE",https://en.wikipedia.org/wiki/October_15,1066-10-15,"October 15, 1066 CE",October 15 — Wikipedia,Exact day in source chronology,Military and political history,Gregorian (source chronology),Target met,National or regional,Secondary reference chronology,20,Verified against source chronology,20,70
15,CE,1211,October,Date follows the Gregorian day chronology used by the source; for early events this may be a conventional/proleptic date.,,GHC-OCT-15-02,Conflict or political event,Battle of the Rhyndacus: The Latin emperor Henry of Flanders defeats the Nicaean emperor Theodore I Laskaris.,Battle of the Rhyndacus: The Latin emperor Henry of Flanders defeats the Nicaean emperor Theodore I Laskaris.,"October 15, 1211 CE",https://en.wikipedia.org/wiki/October_15,1211-10-15,"October 15, 1211 CE",October 15 — Wikipedia,Exact day in source chronology,Military and political history,Gregorian (source chronology),Target met,National or regional,Secondary reference chronology,20,Verified against source chronology,20,70
15,CE,1529,October,Date follows the Gregorian day chronology used by the source; for early events this may be a conventional/proleptic date.,Europe,GHC-OCT-15-03,Conflict or political event,"The Siege of Vienna ends when Austria routs the invading Ottoman forces, ending its European expansion.","The Siege of Vienna ends when Austria routs the invading Ottoman forces, ending its European expansion.","October 15, 1529 CE",https://en.wikipedia.org/wiki/October_15,1529-10-15,"October 15, 1529 CE",October 15 — Wikipedia,Exact day in source chronology,Military and political history,Gregorian (source chronology),Target met,National or regional,Secondary reference chronology,20,Verified against source chronology,20,70
15,CE,1582,October,Date follows the Gregorian day chronology used by the source; for early events this may be a conventional/proleptic date.,,GHC-OCT-15-04,Historical event,"Adoption of the Gregorian calendar begins, eventually leading to near-universal adoption.","Adoption of the Gregorian calendar begins, eventually leading to near-universal adoption.","October 15, 1582 CE",https://en.wikipedia.org/wiki/October_15,1582-10-15,"October 15, 1582 CE",October 15 — Wikipedia,Exact day in source chronology,General historical chronology,Gregorian (source chronology),Target met,National or regional,Secondary reference chronology,20,Verified against source chronology,20,70
15,CE,1265,October,Date follows the Gregorian day chronology used by the source; for early events this may be a conventional/proleptic date.,,GHC-OCT-15-05,Political event,"Temür Khan, Emperor Chengzong of Yuan (died 1307)","Temür Khan, Emperor Chengzong of Yuan (died 1307)","October 15, 1265 CE",https://en.wikipedia.org/wiki/October_15,1265-10-15,"October 15, 1265 CE",October 15 — Wikipedia,Exact day in source chronology,Political and independence history,Gregorian (source chronology),Target met,National or regional,Secondary reference chronology,20,Verified against source chronology,20,70
15,CE,1440,October,Date follows the Gregorian day chronology used by the source; for early events this may be a conventional/proleptic date.,,GHC-OCT-15-06,Historical event,"Henry III, Landgrave of Upper Hesse, German noble (died 1483)","Henry III, Landgrave of Upper Hesse, German noble (died 1483)","October 15, 1440 CE",https://en.wikipedia.org/wiki/October_15,1440-10-15,"October 15, 1440 CE",October 15 — Wikipedia,Exact day in source chronology,General historical chronology,Gregorian (source chronology),Target met,National or regional,Secondary reference chronology,20,Verified against source chronology,20,70
15,CE,1651,October,Date follows the Gregorian day chronology used by the source; for early events this may be a conventional/proleptic date.,,GHC-OCT-15-07,Historical event,"Qing forces capture the island of Zhoushan. Zhu Yihai, Prince of Lu, resident of the island and regent of the Southern Ming, flees to Kinmen.","Qing forces capture the island of Zhoushan. Zhu Yihai, Prince of Lu, resident of the island and regent of the Southern Ming, flees to Kinmen.","October 15, 1651 CE",https://en.wikipedia.org/wiki/October_15,1651-10-15,"October 15, 1651 CE",October 15 — Wikipedia,Exact day in source chronology,General historical chronology,Gregorian (source chronology),Target met,National or regional,Secondary reference chronology,20,Verified against source chronology,20,70
15,CE,1781,October,Date follows the Gregorian day chronology used by the source; for early events this may be a conventional/proleptic date.,Americas,GHC-OCT-15-08,Conflict or political event,The Battle of Raft Swamp marks the last battle fought in North Carolina during the American Revolutionary War with a Patriot victory. It occurred four days before the British surrender at Yorktown.,The Battle of Raft Swamp marks the last battle fought in North Carolina during the American Revolutionary War with a Patriot victory. It occurred four days before the British surrender at Yorktown.,"October 15, 1781 CE",https://en.wikipedia.org/wiki/October_15,1781-10-15,"October 15, 1781 CE",October 15 — Wikipedia,Exact day in source chronology,Military and political history,Gregorian (source chronology),Target met,National or regional,Secondary reference chronology,20,Verified against source chronology,20,70
15,CE,1783,October,Date follows the Gregorian day chronology used by the source; for early events this may be a conventional/proleptic date.,,GHC-OCT-15-09,Historical event,"The Montgolfier brothers' hot air balloon makes the first human ascent, piloted by Jean-François Pilâtre de Rozier.","The Montgolfier brothers' hot air balloon makes the first human ascent, piloted by Jean-François Pilâtre de Rozier.","October 15, 1783 CE",https://en.wikipedia.org/wiki/October_15,1783-10-15,"October 15, 1783 CE",October 15 — Wikipedia,Exact day in source chronology,General historical chronology,Gregorian (source chronology),Target met,National or regional,Secondary reference chronology,20,Verified against source chronology,20,70
15,CE,1793,October,Date follows the Gregorian day chronology used by the source; for early events this may be a conventional/proleptic date.,Europe,GHC-OCT-15-10,Historical event,Queen Marie Antoinette of France is tried and convicted of treason.,Queen Marie Antoinette of France is tried and convicted of treason.,"October 15, 1793 CE",https://en.wikipedia.org/wiki/October_15,1793-10-15,"October 15, 1793 CE",October 15 — Wikipedia,Exact day in source chronology,General historical chronology,Gregorian (source chronology),Target met,National or regional,Secondary reference chronology,20,Verified against source chronology,20,70
15,CE,1815,October,Date follows the Gregorian day chronology used by the source; for early events this may be a conventional/proleptic date.,,GHC-OCT-15-11,Religious event,Napoleon begins his exile on Saint Helena in the South Atlantic Ocean.,Napoleon begins his exile on Saint Helena in the South Atlantic Ocean.,"October 15, 1815 CE",https://en.wikipedia.org/wiki/October_15,1815-10-15,"October 15, 1815 CE",October 15 — Wikipedia,Exact day in source chronology,Religion and philosophy,Gregorian (source chronology),Target met,National or regional,Secondary reference chronology,20,Verified against source chronology,20,70
15,CE,1864,October,Date follows the Gregorian day chronology used by the source; for early events this may be a conventional/proleptic date.,Americas,GHC-OCT-15-12,Conflict or political event,"American Civil War: The Union garrison of Glasgow, Missouri surrenders to Confederate forces.","American Civil War: The Union garrison of Glasgow, Missouri surrenders to Confederate forces.","October 15, 1864 CE",https://en.wikipedia.org/wiki/October_15,1864-10-15,"October 15, 1864 CE",October 15 — Wikipedia,Exact day in source chronology,Military and political history,Gregorian (source chronology),Target met,National or regional,Secondary reference chronology,20,Verified against source chronology,20,70
15,CE,1888,October,Date follows the Gregorian day chronology used by the source; for early events this may be a conventional/proleptic date.,,GHC-OCT-15-13,Historical event,"The ""From Hell"" letter allegedly sent by Jack the Ripper is received by investigators.","The ""From Hell"" letter allegedly sent by Jack the Ripper is received by investigators.","October 15, 1888 CE",https://en.wikipedia.org/wiki/October_15,1888-10-15,"October 15, 1888 CE",October 15 — Wikipedia,Exact day in source chronology,General historical chronology,Gregorian (source chronology),Target met,National or regional,Secondary reference chronology,20,Verified against source chronology,20,70
15,CE,1910,October,Date follows the Gregorian day chronology used by the source; for early events this may be a conventional/proleptic date.,,GHC-OCT-15-14,Historical event,Airship America is launched from New Jersey in the first attempt to cross the Atlantic by a powered aircraft.,Airship America is launched from New Jersey in the first attempt to cross the Atlantic by a powered aircraft.,"October 15, 1910 CE",https://en.wikipedia.org/wiki/October_15,1910-10-15,"October 15, 1910 CE",October 15 — Wikipedia,Exact day in source chronology,General historical chronology,Gregorian (source chronology),Target met,National or regional,Secondary reference chronology,20,Verified against source chronology,20,70
15,CE,1923,October,Date follows the Gregorian day chronology used by the source; for early events this may be a conventional/proleptic date.,Europe,GHC-OCT-15-15,Historical event,The German Rentenmark is introduced in Germany to counter hyperinflation in the Weimar Republic.,The German Rentenmark is introduced in Germany to counter hyperinflation in the Weimar Republic.,"October 15, 1923 CE",https://en.wikipedia.org/wiki/October_15,1923-10-15,"October 15, 1923 CE",October 15 — Wikipedia,Exact day in source chronology,General historical chronology,Gregorian (source chronology),Target met,National or regional,Secondary reference chronology,20,Verified against source chronology,20,70
15,CE,1928,October,Date follows the Gregorian day chronology used by the source; for early events this may be a conventional/proleptic date.,Americas,GHC-OCT-15-16,Historical event,"The airship Graf Zeppelin completes its first trans-Atlantic flight, landing at Lakehurst, New Jersey, United States.","The airship Graf Zeppelin completes its first trans-Atlantic flight, landing at Lakehurst, New Jersey, United States.","October 15, 1928 CE",https://en.wikipedia.org/wiki/October_15,1928-10-15,"October 15, 1928 CE",October 15 — Wikipedia,Exact day in source chronology,General historical chronology,Gregorian (source chronology),Target met,National or regional,Secondary reference chronology,20,Verified against source chronology,20,70
15,CE,1932,October,Date follows the Gregorian day chronology used by the source; for early events this may be a conventional/proleptic date.,Asia,GHC-OCT-15-17,Historical event,Tata Airlines (later to become Air India) makes its first flight.,Tata Airlines (later to become Air India) makes its first flight.,"October 15, 1932 CE",https://en.wikipedia.org/wiki/October_15,1932-10-15,"October 15, 1932 CE",October 15 — Wikipedia,Exact day in source chronology,General historical chronology,Gregorian (source chronology),Target met,International,Secondary reference chronology,20,Verified against source chronology,20,70
15,CE,1939,October,Date follows the Gregorian day chronology used by the source; for early events this may be a conventional/proleptic date.,Americas,GHC-OCT-15-18,Historical event,The New York Municipal Airport (later renamed LaGuardia Airport) is dedicated.,The New York Municipal Airport (later renamed LaGuardia Airport) is dedicated.,"October 15, 1939 CE",https://en.wikipedia.org/wiki/October_15,1939-10-15,"October 15, 1939 CE",October 15 — Wikipedia,Exact day in source chronology,General historical chronology,Gregorian (source chronology),Target met,National or regional,Secondary reference chronology,20,Verified against source chronology,20,70
15,CE,1940,October,Date follows the Gregorian day chronology used by the source; for early events this may be a conventional/proleptic date.,,GHC-OCT-15-19,Political event,President Lluís Companys of Catalonia is executed by the Francoist government.,President Lluís Companys of Catalonia is executed by the Francoist government.,"October 15, 1940 CE",https://en.wikipedia.org/wiki/October_15,1940-10-15,"October 15, 1940 CE",October 15 — Wikipedia,Exact day in source chronology,Political and independence history,Gregorian (source chronology),Target met,National or regional,Secondary reference chronology,20,Verified against source chronology,20,70
15,CE,1944,October,Date follows the Gregorian day chronology used by the source; for early events this may be a conventional/proleptic date.,Europe,GHC-OCT-15-20,Conflict or political event,World War II: Germany replaces the Hungarian government after Hungary announces an armistice with the Soviet Union.,World War II: Germany replaces the Hungarian government after Hungary announces an armistice with the Soviet Union.,"October 15, 1944 CE",https://en.wikipedia.org/wiki/October_15,1944-10-15,"October 15, 1944 CE",October 15 — Wikipedia,Exact day in source chronology,Military and political history,Gregorian (source chronology),Target met,International,Secondary reference chronology,20,Verified against source chronology,20,70
16,CE,456,October,Date follows the Gregorian day chronology used by the source; for early events this may be a conventional/proleptic date.,,GHC-OCT-16-01,Historical event,Ricimer defeats Avitus at Piacenza and becomes master of the Western Roman Empire.,Ricimer defeats Avitus at Piacenza and becomes master of the Western Roman Empire.,"October 16, 456 CE",https://en.wikipedia.org/wiki/October_16,0456-10-16,"October 16, 456 CE",October 16 — Wikipedia,Exact day in source chronology,General historical chronology,Gregorian (source chronology),Target met,International,Secondary reference chronology,20,Verified against source chronology,20,70
16,CE,690,October,Date follows the Gregorian day chronology used by the source; for early events this may be a conventional/proleptic date.,,GHC-OCT-16-02,Historical event,Empress Wu Zetian ascends to the throne of the Tang dynasty and proclaims herself ruler of the Chinese Empire.,Empress Wu Zetian ascends to the throne of the Tang dynasty and proclaims herself ruler of the Chinese Empire.,"October 16, 690 CE",https://en.wikipedia.org/wiki/October_16,0690-10-16,"October 16, 690 CE",October 16 — Wikipedia,Exact day in source chronology,General historical chronology,Gregorian (source chronology),Target met,International,Secondary reference chronology,20,Verified against source chronology,20,70
16,CE,912,October,Date follows the Gregorian day chronology used by the source; for early events this may be a conventional/proleptic date.,,GHC-OCT-16-03,Historical event,Abd ar-Rahman III becomes the eighth Emir of Córdoba.,Abd ar-Rahman III becomes the eighth Emir of Córdoba.,"October 16, 912 CE",https://en.wikipedia.org/wiki/October_16,0912-10-16,"October 16, 912 CE",October 16 — Wikipedia,Exact day in source chronology,General historical chronology,Gregorian (source chronology),Target met,National or regional,Secondary reference chronology,20,Verified against source chronology,20,70
16,CE,955,October,Date follows the Gregorian day chronology used by the source; for early events this may be a conventional/proleptic date.,,GHC-OCT-16-04,Political event,King Otto I defeats a Slavic revolt in what is now Mecklenburg-Vorpommern.,King Otto I defeats a Slavic revolt in what is now Mecklenburg-Vorpommern.,"October 16, 955 CE",https://en.wikipedia.org/wiki/October_16,0955-10-16,"October 16, 955 CE",October 16 — Wikipedia,Exact day in source chronology,Political and independence history,Gregorian (source chronology),Target met,National or regional,Secondary reference chronology,20,Verified against source chronology,20,70
16,CE,1311,October,Date follows the Gregorian day chronology used by the source; for early events this may be a conventional/proleptic date.,,GHC-OCT-16-05,Historical event,The Council of Vienne convenes for the first time.,The Council of Vienne convenes for the first time.,"October 16, 1311 CE",https://en.wikipedia.org/wiki/October_16,1311-10-16,"October 16, 1311 CE",October 16 — Wikipedia,Exact day in source chronology,General historical chronology,Gregorian (source chronology),Target met,National or regional,Secondary reference chronology,20,Verified against source chronology,20,70
16,CE,1384,October,Date follows the Gregorian day chronology used by the source; for early events this may be a conventional/proleptic date.,Europe,GHC-OCT-16-06,Political event,"Jadwiga is crowned King of Poland, although she is a woman.","Jadwiga is crowned King of Poland, although she is a woman.","October 16, 1384 CE",https://en.wikipedia.org/wiki/October_16,1384-10-16,"October 16, 1384 CE",October 16 — Wikipedia,Exact day in source chronology,Political and independence history,Gregorian (source chronology),Target met,National or regional,Secondary reference chronology,20,Verified against source chronology,20,70
16,CE,1736,October,Date follows the Gregorian day chronology used by the source; for early events this may be a conventional/proleptic date.,,GHC-OCT-16-07,Historical event,Mathematician William Whiston's predicted comet fails to strike the Earth.,Mathematician William Whiston's predicted comet fails to strike the Earth.,"October 16, 1736 CE",https://en.wikipedia.org/wiki/October_16,1736-10-16,"October 16, 1736 CE",October 16 — Wikipedia,Exact day in source chronology,General historical chronology,Gregorian (source chronology),Target met,National or regional,Secondary reference chronology,20,Verified against source chronology,20,70
16,CE,1780,October,Date follows the Gregorian day chronology used by the source; for early events this may be a conventional/proleptic date.,Europe,GHC-OCT-16-08,Conflict or political event,American Revolutionary War: The British-led Royalton raid is the last Native American raid on New England.,American Revolutionary War: The British-led Royalton raid is the last Native American raid on New England.,"October 16, 1780 CE",https://en.wikipedia.org/wiki/October_16,1780-10-16,"October 16, 1780 CE",October 16 — Wikipedia,Exact day in source chronology,Military and political history,Gregorian (source chronology),Target met,National or regional,Secondary reference chronology,20,Verified against source chronology,20,70
16,CE,1780,October,Date follows the Gregorian day chronology used by the source; for early events this may be a conventional/proleptic date.,,GHC-OCT-16-09,Disaster,"The Great Hurricane of 1780 finishes after its sixth day, killing between 20,000 and 24,000 residents of the Lesser Antilles.","The Great Hurricane of 1780 finishes after its sixth day, killing between 20,000 and 24,000 residents of the Lesser Antilles.","October 16, 1780 CE",https://en.wikipedia.org/wiki/October_16,1780-10-16,"October 16, 1780 CE",October 16 — Wikipedia,Exact day in source chronology,Disaster history,Gregorian (source chronology),Target met,National or regional,Secondary reference chronology,20,Verified against source chronology,20,70
16,CE,1793,October,Date follows the Gregorian day chronology used by the source; for early events this may be a conventional/proleptic date.,,GHC-OCT-16-10,Conflict or political event,French Revolution: Queen Marie Antoinette is executed.,French Revolution: Queen Marie Antoinette is executed.,"October 16, 1793 CE",https://en.wikipedia.org/wiki/October_16,1793-10-16,"October 16, 1793 CE",October 16 — Wikipedia,Exact day in source chronology,Military and political history,Gregorian (source chronology),Target met,National or regional,Secondary reference chronology,20,Verified against source chronology,20,70
16,CE,1793,October,Date follows the Gregorian day chronology used by the source; for early events this may be a conventional/proleptic date.,Europe,GHC-OCT-16-11,Conflict or political event,War of the First Coalition: French victory at the Battle of Wattignies forces Austria to raise the siege of Maubeuge.,War of the First Coalition: French victory at the Battle of Wattignies forces Austria to raise the siege of Maubeuge.,"October 16, 1793 CE",https://en.wikipedia.org/wiki/October_16,1793-10-16,"October 16, 1793 CE",October 16 — Wikipedia,Exact day in source chronology,Military and political history,Gregorian (source chronology),Target met,National or regional,Secondary reference chronology,20,Verified against source chronology,20,70
16,CE,1805,October,Date follows the Gregorian day chronology used by the source; for early events this may be a conventional/proleptic date.,Europe,GHC-OCT-16-12,Conflict or political event,War of the Third Coalition: Napoleon surrounds the Austrian army at Ulm.,War of the Third Coalition: Napoleon surrounds the Austrian army at Ulm.,"October 16, 1805 CE",https://en.wikipedia.org/wiki/October_16,1805-10-16,"October 16, 1805 CE",October 16 — Wikipedia,Exact day in source chronology,Military and political history,Gregorian (source chronology),Target met,National or regional,Secondary reference chronology,20,Verified against source chronology,20,70
16,CE,1813,October,Date follows the Gregorian day chronology used by the source; for early events this may be a conventional/proleptic date.,,GHC-OCT-16-13,Conflict or political event,The Sixth Coalition attacks Napoleon in the four-day Battle of Leipzig.,The Sixth Coalition attacks Napoleon in the four-day Battle of Leipzig.,"October 16, 1813 CE",https://en.wikipedia.org/wiki/October_16,1813-10-16,"October 16, 1813 CE",October 16 — Wikipedia,Exact day in source chronology,Military and political history,Gregorian (source chronology),Target met,National or regional,Secondary reference chronology,20,Verified against source chronology,20,70
16,CE,1905,October,Date follows the Gregorian day chronology used by the source; for early events this may be a conventional/proleptic date.,Asia,GHC-OCT-16-14,Historical event,The Partition of Bengal in India takes place.,The Partition of Bengal in India takes place.,"October 16, 1905 CE",https://en.wikipedia.org/wiki/October_16,1905-10-16,"October 16, 1905 CE",October 16 — Wikipedia,Exact day in source chronology,General historical chronology,Gregorian (source chronology),Target met,International,Secondary reference chronology,20,Verified against source chronology,20,70
16,CE,1909,October,Date follows the Gregorian day chronology used by the source; for early events this may be a conventional/proleptic date.,Americas,GHC-OCT-16-15,Conflict or political event,William Howard Taft and Porfirio Díaz hold the first summit between a U.S. and a Mexican president. They narrowly escape assassination.,William Howard Taft and Porfirio Díaz hold the first summit between a U.S. and a Mexican president. They narrowly escape assassination.,"October 16, 1909 CE",https://en.wikipedia.org/wiki/October_16,1909-10-16,"October 16, 1909 CE",October 16 — Wikipedia,Exact day in source chronology,Military and political history,Gregorian (source chronology),Target met,National or regional,Secondary reference chronology,20,Verified against source chronology,20,70
16,CE,1916,October,Date follows the Gregorian day chronology used by the source; for early events this may be a conventional/proleptic date.,Americas,GHC-OCT-16-16,Historical event,Margaret Sanger opens the first family planning clinic in the United States.,Margaret Sanger opens the first family planning clinic in the United States.,"October 16, 1916 CE",https://en.wikipedia.org/wiki/October_16,1916-10-16,"October 16, 1916 CE",October 16 — Wikipedia,Exact day in source chronology,General historical chronology,Gregorian (source chronology),Target met,National or regional,Secondary reference chronology,20,Verified against source chronology,20,70
16,CE,1919,October,Date follows the Gregorian day chronology used by the source; for early events this may be a conventional/proleptic date.,,GHC-OCT-16-17,Historical event,Adolf Hitler delivers his first public address at a meeting of the German Workers' Party.,Adolf Hitler delivers his first public address at a meeting of the German Workers' Party.,"October 16, 1919 CE",https://en.wikipedia.org/wiki/October_16,1919-10-16,"October 16, 1919 CE",October 16 — Wikipedia,Exact day in source chronology,General historical chronology,Gregorian (source chronology),Target met,National or regional,Secondary reference chronology,20,Verified against source chronology,20,70
16,CE,1923,October,Date follows the Gregorian day chronology used by the source; for early events this may be a conventional/proleptic date.,,GHC-OCT-16-18,Historical event,"Walt Disney and his brother, Roy, found the Disney Brothers Cartoon Studio, today known as The Walt Disney Company.","Walt Disney and his brother, Roy, found the Disney Brothers Cartoon Studio, today known as The Walt Disney Company.","October 16, 1923 CE",https://en.wikipedia.org/wiki/October_16,1923-10-16,"October 16, 1923 CE",October 16 — Wikipedia,Exact day in source chronology,General historical chronology,Gregorian (source chronology),Target met,National or regional,Secondary reference chronology,20,Verified against source chronology,20,70
16,CE,1934,October,Date follows the Gregorian day chronology used by the source; for early events this may be a conventional/proleptic date.,,GHC-OCT-16-19,Historical event,Chinese Communists begin the Long March to escape Nationalist encirclement.,Chinese Communists begin the Long March to escape Nationalist encirclement.,"October 16, 1934 CE",https://en.wikipedia.org/wiki/October_16,1934-10-16,"October 16, 1934 CE",October 16 — Wikipedia,Exact day in source chronology,General historical chronology,Gregorian (source chronology),Target met,National or regional,Secondary reference chronology,20,Verified against source chronology,20,70
16,CE,1939,October,Date follows the Gregorian day chronology used by the source; for early events this may be a conventional/proleptic date.,Europe,GHC-OCT-16-20,Conflict or political event,World War II: No. 603 Squadron RAF intercepts the first Luftwaffe raid on Britain.,World War II: No. 603 Squadron RAF intercepts the first Luftwaffe raid on Britain.,"October 16, 1939 CE",https://en.wikipedia.org/wiki/October_16,1939-10-16,"October 16, 1939 CE",October 16 — Wikipedia,Exact day in source chronology,Military and political history,Gregorian (source chronology),Target met,International,Secondary reference chronology,20,Verified against source chronology,20,70
17,CE,690,October,Date follows the Gregorian day chronology used by the source; for early events this may be a conventional/proleptic date.,Asia,GHC-OCT-17-01,Historical event,Empress Wu Zetian establishes the Zhou Dynasty of China.,Empress Wu Zetian establishes the Zhou Dynasty of China.,"October 17, 690 CE",https://en.wikipedia.org/wiki/17_October,0690-10-17,"October 17, 690 CE",October 17 — Wikipedia,Exact day in source chronology,General historical chronology,Gregorian (source chronology),Target met,International,Secondary reference chronology,20,Verified against source chronology,20,70
17,CE,1091,October,Date follows the Gregorian day chronology used by the source; for early events this may be a conventional/proleptic date.,Europe,GHC-OCT-17-02,Historical event,London tornado of 1091: A tornado thought to be of strength T8/F4 strikes the heart of London.,London tornado of 1091: A tornado thought to be of strength T8/F4 strikes the heart of London.,"October 17, 1091 CE",https://en.wikipedia.org/wiki/17_October,1091-10-17,"October 17, 1091 CE",October 17 — Wikipedia,Exact day in source chronology,General historical chronology,Gregorian (source chronology),Target met,National or regional,Secondary reference chronology,20,Verified against source chronology,20,70
17,CE,1346,October,Date follows the Gregorian day chronology used by the source; for early events this may be a conventional/proleptic date.,Europe,GHC-OCT-17-03,Political event,The English capture King David II of Scotland at Neville's Cross and imprison him for eleven years.,The English capture King David II of Scotland at Neville's Cross and imprison him for eleven years.,"October 17, 1346 CE",https://en.wikipedia.org/wiki/17_October,1346-10-17,"October 17, 1346 CE",October 17 — Wikipedia,Exact day in source chronology,Political and independence history,Gregorian (source chronology),Target met,National or regional,Secondary reference chronology,20,Verified against source chronology,20,70
17,CE,1448,October,Date follows the Gregorian day chronology used by the source; for early events this may be a conventional/proleptic date.,Middle East,GHC-OCT-17-04,Conflict or political event,An Ottoman army defeats a Hungarian army at the Second Battle of Kosovo.,An Ottoman army defeats a Hungarian army at the Second Battle of Kosovo.,"October 17, 1448 CE",https://en.wikipedia.org/wiki/17_October,1448-10-17,"October 17, 1448 CE",October 17 — Wikipedia,Exact day in source chronology,Military and political history,Gregorian (source chronology),Target met,International,Secondary reference chronology,20,Verified against source chronology,20,70
17,CE,1456,October,Date follows the Gregorian day chronology used by the source; for early events this may be a conventional/proleptic date.,,GHC-OCT-17-05,Cultural or educational event,The University of Greifswald is established as the second oldest university in northern Europe.,The University of Greifswald is established as the second oldest university in northern Europe.,"October 17, 1456 CE",https://en.wikipedia.org/wiki/17_October,1456-10-17,"October 17, 1456 CE",October 17 — Wikipedia,Exact day in source chronology,"Culture, literature and education",Gregorian (source chronology),Target met,National or regional,Secondary reference chronology,20,Verified against source chronology,20,70
17,CE,1534,October,Date follows the Gregorian day chronology used by the source; for early events this may be a conventional/proleptic date.,,GHC-OCT-17-06,Religious event,Anti-Catholic posters appear in Paris and other cities supporting Huldrych Zwingli's position on the Mass.,Anti-Catholic posters appear in Paris and other cities supporting Huldrych Zwingli's position on the Mass.,"October 17, 1534 CE",https://en.wikipedia.org/wiki/17_October,1534-10-17,"October 17, 1534 CE",October 17 — Wikipedia,Exact day in source chronology,Religion and philosophy,Gregorian (source chronology),Target met,National or regional,Secondary reference chronology,20,Verified against source chronology,20,70
17,CE,1604,October,Date follows the Gregorian day chronology used by the source; for early events this may be a conventional/proleptic date.,,GHC-OCT-17-07,Historical event,Kepler's Supernova is observed in the constellation of Ophiuchus.,Kepler's Supernova is observed in the constellation of Ophiuchus.,"October 17, 1604 CE",https://en.wikipedia.org/wiki/17_October,1604-10-17,"October 17, 1604 CE",October 17 — Wikipedia,Exact day in source chronology,General historical chronology,Gregorian (source chronology),Target met,National or regional,Secondary reference chronology,20,Verified against source chronology,20,70
17,CE,1610,October,Date follows the Gregorian day chronology used by the source; for early events this may be a conventional/proleptic date.,,GHC-OCT-17-08,Political event,French king Louis XIII is crowned in Reims Cathedral.,French king Louis XIII is crowned in Reims Cathedral.,"October 17, 1610 CE",https://en.wikipedia.org/wiki/17_October,1610-10-17,"October 17, 1610 CE",October 17 — Wikipedia,Exact day in source chronology,Political and independence history,Gregorian (source chronology),Target met,National or regional,Secondary reference chronology,20,Verified against source chronology,20,70
17,CE,1660,October,Date follows the Gregorian day chronology used by the source; for early events this may be a conventional/proleptic date.,Europe,GHC-OCT-17-09,Conflict or political event,"The nine regicides who signed the death warrant of Charles I of England are hanged, drawn and quartered.","The nine regicides who signed the death warrant of Charles I of England are hanged, drawn and quartered.","October 17, 1660 CE",https://en.wikipedia.org/wiki/17_October,1660-10-17,"October 17, 1660 CE",October 17 — Wikipedia,Exact day in source chronology,Military and political history,Gregorian (source chronology),Target met,National or regional,Secondary reference chronology,20,Verified against source chronology,20,70
17,CE,1662,October,Date follows the Gregorian day chronology used by the source; for early events this may be a conventional/proleptic date.,Europe,GHC-OCT-17-10,Historical event,"Charles II of England sells Dunkirk to Louis XIV of France for 40,000 pounds.","Charles II of England sells Dunkirk to Louis XIV of France for 40,000 pounds.","October 17, 1662 CE",https://en.wikipedia.org/wiki/17_October,1662-10-17,"October 17, 1662 CE",October 17 — Wikipedia,Exact day in source chronology,General historical chronology,Gregorian (source chronology),Target met,National or regional,Secondary reference chronology,20,Verified against source chronology,20,70
17,CE,1713,October,Date follows the Gregorian day chronology used by the source; for early events this may be a conventional/proleptic date.,Europe,GHC-OCT-17-11,Conflict or political event,Great Northern War: Russia defeats Sweden in the Battle of Kostianvirta in Pälkäne.,Great Northern War: Russia defeats Sweden in the Battle of Kostianvirta in Pälkäne.,"October 17, 1713 CE",https://en.wikipedia.org/wiki/17_October,1713-10-17,"October 17, 1713 CE",October 17 — Wikipedia,Exact day in source chronology,Military and political history,Gregorian (source chronology),Target met,National or regional,Secondary reference chronology,20,Verified against source chronology,20,70
17,CE,1771,October,Date follows the Gregorian day chronology used by the source; for early events this may be a conventional/proleptic date.,,GHC-OCT-17-12,Cultural or educational event,"Premiere in Milan of the opera Ascanio in Alba, composed by Mozart at age 15.","Premiere in Milan of the opera Ascanio in Alba, composed by Mozart at age 15.","October 17, 1771 CE",https://en.wikipedia.org/wiki/17_October,1771-10-17,"October 17, 1771 CE",October 17 — Wikipedia,Exact day in source chronology,"Culture, literature and education",Gregorian (source chronology),Target met,National or regional,Secondary reference chronology,20,Verified against source chronology,20,70
17,CE,1777,October,Date follows the Gregorian day chronology used by the source; for early events this may be a conventional/proleptic date.,Americas,GHC-OCT-17-13,Conflict or political event,"American Revolutionary War: British General John Burgoyne surrenders his army at Saratoga, New York.","American Revolutionary War: British General John Burgoyne surrenders his army at Saratoga, New York.","October 17, 1777 CE",https://en.wikipedia.org/wiki/17_October,1777-10-17,"October 17, 1777 CE",October 17 — Wikipedia,Exact day in source chronology,Military and political history,Gregorian (source chronology),Target met,National or regional,Secondary reference chronology,20,Verified against source chronology,20,70
17,CE,1907,October,Date follows the Gregorian day chronology used by the source; for early events this may be a conventional/proleptic date.,,GHC-OCT-17-14,Historical event,Marconi begins the first commercial transatlantic wireless service.,Marconi begins the first commercial transatlantic wireless service.,"October 17, 1907 CE",https://en.wikipedia.org/wiki/17_October,1907-10-17,"October 17, 1907 CE",October 17 — Wikipedia,Exact day in source chronology,General historical chronology,Gregorian (source chronology),Target met,National or regional,Secondary reference chronology,20,Verified against source chronology,20,70
17,CE,1912,October,Date follows the Gregorian day chronology used by the source; for early events this may be a conventional/proleptic date.,Europe,GHC-OCT-17-15,Conflict or political event,"Bulgaria, Greece and Serbia declare war on the Ottoman Empire, joining Montenegro in the First Balkan War.","Bulgaria, Greece and Serbia declare war on the Ottoman Empire, joining Montenegro in the First Balkan War.","October 17, 1912 CE",https://en.wikipedia.org/wiki/17_October,1912-10-17,"October 17, 1912 CE",October 17 — Wikipedia,Exact day in source chronology,Military and political history,Gregorian (source chronology),Target met,International,Secondary reference chronology,20,Verified against source chronology,20,70
17,CE,1919,October,Date follows the Gregorian day chronology used by the source; for early events this may be a conventional/proleptic date.,,GHC-OCT-17-16,Conflict or political event,"Leeds United F.C. founded at Salem Chapel, Holbeck after the winding up of Leeds City F.C. for making illegal payments to players during World War I","Leeds United F.C. founded at Salem Chapel, Holbeck after the winding up of Leeds City F.C. for making illegal payments to players during World War I","October 17, 1919 CE",https://en.wikipedia.org/wiki/17_October,1919-10-17,"October 17, 1919 CE",October 17 — Wikipedia,Exact day in source chronology,Military and political history,Gregorian (source chronology),Target met,International,Secondary reference chronology,20,Verified against source chronology,20,70
17,CE,1931,October,Date follows the Gregorian day chronology used by the source; for early events this may be a conventional/proleptic date.,,GHC-OCT-17-17,Historical event,Al Capone is convicted of income tax evasion.,Al Capone is convicted of income tax evasion.,"October 17, 1931 CE",https://en.wikipedia.org/wiki/17_October,1931-10-17,"October 17, 1931 CE",October 17 — Wikipedia,Exact day in source chronology,General historical chronology,Gregorian (source chronology),Target met,National or regional,Secondary reference chronology,20,Verified against source chronology,20,70
17,CE,1933,October,Date follows the Gregorian day chronology used by the source; for early events this may be a conventional/proleptic date.,Europe,GHC-OCT-17-18,Historical event,Albert Einstein flees Nazi Germany and moves to the United States.,Albert Einstein flees Nazi Germany and moves to the United States.,"October 17, 1933 CE",https://en.wikipedia.org/wiki/17_October,1933-10-17,"October 17, 1933 CE",October 17 — Wikipedia,Exact day in source chronology,General historical chronology,Gregorian (source chronology),Target met,National or regional,Secondary reference chronology,20,Verified against source chronology,20,70
17,CE,1940,October,Date follows the Gregorian day chronology used by the source; for early events this may be a conventional/proleptic date.,Europe,GHC-OCT-17-19,Historical event,"The body of Communist propagandist Willi Münzenberg is found in South France, starting a never-resolved mystery.","The body of Communist propagandist Willi Münzenberg is found in South France, starting a never-resolved mystery.","October 17, 1940 CE",https://en.wikipedia.org/wiki/17_October,1940-10-17,"October 17, 1940 CE",October 17 — Wikipedia,Exact day in source chronology,General historical chronology,Gregorian (source chronology),Target met,National or regional,Secondary reference chronology,20,Verified against source chronology,20,70
17,CE,1941,October,Date follows the Gregorian day chronology used by the source; for early events this may be a conventional/proleptic date.,Americas,GHC-OCT-17-20,Conflict or political event,World War II: The USS Kearny becomes the first U.S. Navy vessel to be torpedoed by a U-boat.,World War II: The USS Kearny becomes the first U.S. Navy vessel to be torpedoed by a U-boat.,"October 17, 1941 CE",https://en.wikipedia.org/wiki/17_October,1941-10-17,"October 17, 1941 CE",October 17 — Wikipedia,Exact day in source chronology,Military and political history,Gregorian (source chronology),Target met,International,Secondary reference chronology,20,Verified against source chronology,20,70
18,CE,33,October,Date follows the Gregorian day chronology used by the source; for early events this may be a conventional/proleptic date.,,GHC-OCT-18-01,Historical event,"Heartbroken by the deaths of her sons Nero and Drusus, and banished to the island of Pandateria by Tiberius, Agrippina the Elder dies of self-inflicted starvation.","Heartbroken by the deaths of her sons Nero and Drusus, and banished to the island of Pandateria by Tiberius, Agrippina the Elder dies of self-inflicted starvation.","October 18, 33 CE",https://en.wikipedia.org/wiki/October_18,0033-10-18,"October 18, 33 CE",October 18 — Wikipedia,Exact day in source chronology,General historical chronology,Gregorian (source chronology),Target met,National or regional,Secondary reference chronology,20,Verified against source chronology,20,70
18,CE,320,October,Date follows the Gregorian day chronology used by the source; for early events this may be a conventional/proleptic date.,,GHC-OCT-18-02,Scientific or technological event,"Pappus of Alexandria, Greek philosopher, observes an eclipse of the Sun and writes a commentary on The Great Astronomer (Almagest).","Pappus of Alexandria, Greek philosopher, observes an eclipse of the Sun and writes a commentary on The Great Astronomer (Almagest).","October 18, 320 CE",https://en.wikipedia.org/wiki/October_18,0320-10-18,"October 18, 320 CE",October 18 — Wikipedia,Exact day in source chronology,"Science, technology and space",Gregorian (source chronology),Target met,National or regional,Secondary reference chronology,20,Verified against source chronology,20,70
18,CE,614,October,Date follows the Gregorian day chronology used by the source; for early events this may be a conventional/proleptic date.,,GHC-OCT-18-03,Political event,"King Chlothar II promulgates the Edict of Paris (Edictum Chlotacharii), a sort of Frankish Magna Carta that defends the rights of the Frankish nobles while it excludes Jews from all civil employment in the Frankish Kingdom.","King Chlothar II promulgates the Edict of Paris (Edictum Chlotacharii), a sort of Frankish Magna Carta that defends the rights of the Frankish nobles while it excludes Jews from all civil employment in the Frankish Kingd","October 18, 614 CE",https://en.wikipedia.org/wiki/October_18,0614-10-18,"October 18, 614 CE",October 18 — Wikipedia,Exact day in source chronology,Political and independence history,Gregorian (source chronology),Target met,National or regional,Secondary reference chronology,20,Verified against source chronology,20,70
18,CE,629,October,Date follows the Gregorian day chronology used by the source; for early events this may be a conventional/proleptic date.,,GHC-OCT-18-04,Political event,Dagobert I is crowned King of the Franks.,Dagobert I is crowned King of the Franks.,"October 18, 629 CE",https://en.wikipedia.org/wiki/October_18,0629-10-18,"October 18, 629 CE",October 18 — Wikipedia,Exact day in source chronology,Political and independence history,Gregorian (source chronology),Target met,National or regional,Secondary reference chronology,20,Verified against source chronology,20,70
18,CE,1009,October,Date follows the Gregorian day chronology used by the source; for early events this may be a conventional/proleptic date.,Middle East,GHC-OCT-18-05,Religious event,"The Church of the Holy Sepulchre, a Christian church in Jerusalem, is completely destroyed by the Fatimid caliph Al-Hakim bi-Amr Allah, who hacks the Church's foundations down to bedrock.","The Church of the Holy Sepulchre, a Christian church in Jerusalem, is completely destroyed by the Fatimid caliph Al-Hakim bi-Amr Allah, who hacks the Church's foundations down to bedrock.","October 18, 1009 CE",https://en.wikipedia.org/wiki/October_18,1009-10-18,"October 18, 1009 CE",October 18 — Wikipedia,Exact day in source chronology,Religion and philosophy,Gregorian (source chronology),Target met,International,Secondary reference chronology,20,Verified against source chronology,20,70
18,CE,1016,October,Date follows the Gregorian day chronology used by the source; for early events this may be a conventional/proleptic date.,,GHC-OCT-18-06,Conflict or political event,The Danes defeat the English in the Battle of Assandun.,The Danes defeat the English in the Battle of Assandun.,"October 18, 1016 CE",https://en.wikipedia.org/wiki/October_18,1016-10-18,"October 18, 1016 CE",October 18 — Wikipedia,Exact day in source chronology,Military and political history,Gregorian (source chronology),Target met,National or regional,Secondary reference chronology,20,Verified against source chronology,20,70
18,CE,1630,October,Date follows the Gregorian day chronology used by the source; for early events this may be a conventional/proleptic date.,Europe,GHC-OCT-18-07,Historical event,"Frendraught Castle in Scotland, the home of James Crichton of Frendraught, burns down.","Frendraught Castle in Scotland, the home of James Crichton of Frendraught, burns down.","October 18, 1630 CE",https://en.wikipedia.org/wiki/October_18,1630-10-18,"October 18, 1630 CE",October 18 — Wikipedia,Exact day in source chronology,General historical chronology,Gregorian (source chronology),Target met,National or regional,Secondary reference chronology,20,Verified against source chronology,20,70
18,CE,1648,October,Date follows the Gregorian day chronology used by the source; for early events this may be a conventional/proleptic date.,Americas,GHC-OCT-18-08,Historical event,Boston shoemakers form the first American labor organization.,Boston shoemakers form the first American labor organization.,"October 18, 1648 CE",https://en.wikipedia.org/wiki/October_18,1648-10-18,"October 18, 1648 CE",October 18 — Wikipedia,Exact day in source chronology,General historical chronology,Gregorian (source chronology),Target met,National or regional,Secondary reference chronology,20,Verified against source chronology,20,70
18,CE,1748,October,Date follows the Gregorian day chronology used by the source; for early events this may be a conventional/proleptic date.,Europe,GHC-OCT-18-09,Conflict or political event,Signing of the Treaty of Aix-la-Chapelle ends the War of the Austrian Succession.,Signing of the Treaty of Aix-la-Chapelle ends the War of the Austrian Succession.,"October 18, 1748 CE",https://en.wikipedia.org/wiki/October_18,1748-10-18,"October 18, 1748 CE",October 18 — Wikipedia,Exact day in source chronology,Military and political history,Gregorian (source chronology),Target met,International,Secondary reference chronology,20,Verified against source chronology,20,70
18,CE,1775,October,Date follows the Gregorian day chronology used by the source; for early events this may be a conventional/proleptic date.,Americas,GHC-OCT-18-10,Historical event,African-American poet Phillis Wheatley is freed from slavery.,African-American poet Phillis Wheatley is freed from slavery.,"October 18, 1775 CE",https://en.wikipedia.org/wiki/October_18,1775-10-18,"October 18, 1775 CE",October 18 — Wikipedia,Exact day in source chronology,General historical chronology,Gregorian (source chronology),Target met,National or regional,Secondary reference chronology,20,Verified against source chronology,20,70
18,CE,1775,October,Date follows the Gregorian day chronology used by the source; for early events this may be a conventional/proleptic date.,Americas,GHC-OCT-18-11,Conflict or political event,"American Revolutionary War: The Burning of Falmouth (now Portland, Maine).","American Revolutionary War: The Burning of Falmouth (now Portland, Maine).","October 18, 1775 CE",https://en.wikipedia.org/wiki/October_18,1775-10-18,"October 18, 1775 CE",October 18 — Wikipedia,Exact day in source chronology,Military and political history,Gregorian (source chronology),Target met,National or regional,Secondary reference chronology,20,Verified against source chronology,20,70
18,CE,1779,October,Date follows the Gregorian day chronology used by the source; for early events this may be a conventional/proleptic date.,Americas,GHC-OCT-18-12,Conflict or political event,American Revolutionary War: The Franco-American Siege of Savannah is lifted.,American Revolutionary War: The Franco-American Siege of Savannah is lifted.,"October 18, 1779 CE",https://en.wikipedia.org/wiki/October_18,1779-10-18,"October 18, 1779 CE",October 18 — Wikipedia,Exact day in source chronology,Military and political history,Gregorian (source chronology),Target met,National or regional,Secondary reference chronology,20,Verified against source chronology,20,70
18,CE,1851,October,Date follows the Gregorian day chronology used by the source; for early events this may be a conventional/proleptic date.,Europe,GHC-OCT-18-13,Cultural or educational event,Herman Melville's Moby-Dick is first published as The Whale by Richard Bentley of London.,Herman Melville's Moby-Dick is first published as The Whale by Richard Bentley of London.,"October 18, 1851 CE",https://en.wikipedia.org/wiki/October_18,1851-10-18,"October 18, 1851 CE",October 18 — Wikipedia,Exact day in source chronology,"Culture, literature and education",Gregorian (source chronology),Target met,National or regional,Secondary reference chronology,20,Verified against source chronology,20,70
18,CE,1912,October,Date follows the Gregorian day chronology used by the source; for early events this may be a conventional/proleptic date.,Europe,GHC-OCT-18-14,Conflict or political event,"First Balkan War: King Peter I of Serbia issues a declaration ""To the Serbian People"", as his country joins the war.","First Balkan War: King Peter I of Serbia issues a declaration ""To the Serbian People"", as his country joins the war.","October 18, 1912 CE",https://en.wikipedia.org/wiki/October_18,1912-10-18,"October 18, 1912 CE",October 18 — Wikipedia,Exact day in source chronology,Military and political history,Gregorian (source chronology),Target met,National or regional,Secondary reference chronology,20,Verified against source chronology,20,70
18,CE,1914,October,Date follows the Gregorian day chronology used by the source; for early events this may be a conventional/proleptic date.,Europe,GHC-OCT-18-15,Historical event,The Schoenstatt Apostolic Movement is founded in Germany.,The Schoenstatt Apostolic Movement is founded in Germany.,"October 18, 1914 CE",https://en.wikipedia.org/wiki/October_18,1914-10-18,"October 18, 1914 CE",October 18 — Wikipedia,Exact day in source chronology,General historical chronology,Gregorian (source chronology),Target met,National or regional,Secondary reference chronology,20,Verified against source chronology,20,70
18,CE,1921,October,Date follows the Gregorian day chronology used by the source; for early events this may be a conventional/proleptic date.,Europe,GHC-OCT-18-16,Historical event,The Crimean Autonomous Soviet Socialist Republic is formed as part of the Russian Soviet Federative Socialist Republic.,The Crimean Autonomous Soviet Socialist Republic is formed as part of the Russian Soviet Federative Socialist Republic.,"October 18, 1921 CE",https://en.wikipedia.org/wiki/October_18,1921-10-18,"October 18, 1921 CE",October 18 — Wikipedia,Exact day in source chronology,General historical chronology,Gregorian (source chronology),Target met,National or regional,Secondary reference chronology,20,Verified against source chronology,20,70
18,CE,1922,October,Date follows the Gregorian day chronology used by the source; for early events this may be a conventional/proleptic date.,,GHC-OCT-18-17,Cultural or educational event,"The British Broadcasting Company (later Corporation) is founded by a consortium, to establish a nationwide network of radio transmitters to provide a national broadcasting service.","The British Broadcasting Company (later Corporation) is founded by a consortium, to establish a nationwide network of radio transmitters to provide a national broadcasting service.","October 18, 1922 CE",https://en.wikipedia.org/wiki/October_18,1922-10-18,"October 18, 1922 CE",October 18 — Wikipedia,Exact day in source chronology,"Culture, literature and education",Gregorian (source chronology),Target met,National or regional,Secondary reference chronology,20,Verified against source chronology,20,70
18,CE,1929,October,Date follows the Gregorian day chronology used by the source; for early events this may be a conventional/proleptic date.,Americas,GHC-OCT-18-18,Conflict or political event,"The Judicial Committee of the Privy Council overrules the Supreme Court of Canada in Edwards v. Canada when it declares that women are considered ""Persons"" under Canadian law.","The Judicial Committee of the Privy Council overrules the Supreme Court of Canada in Edwards v. Canada when it declares that women are considered ""Persons"" under Canadian law.","October 18, 1929 CE",https://en.wikipedia.org/wiki/October_18,1929-10-18,"October 18, 1929 CE",October 18 — Wikipedia,Exact day in source chronology,Military and political history,Gregorian (source chronology),Target met,National or regional,Secondary reference chronology,20,Verified against source chronology,20,70
18,CE,1944,October,Date follows the Gregorian day chronology used by the source; for early events this may be a conventional/proleptic date.,Europe,GHC-OCT-18-19,Conflict or political event,World War II: Soviet Union begins the liberation of Czechoslovakia from Nazi Germany.,World War II: Soviet Union begins the liberation of Czechoslovakia from Nazi Germany.,"October 18, 1944 CE",https://en.wikipedia.org/wiki/October_18,1944-10-18,"October 18, 1944 CE",October 18 — Wikipedia,Exact day in source chronology,Military and political history,Gregorian (source chronology),Target met,International,Secondary reference chronology,20,Verified against source chronology,20,70
18,CE,1944,October,Date follows the Gregorian day chronology used by the source; for early events this may be a conventional/proleptic date.,Europe,GHC-OCT-18-20,Conflict or political event,"World War II: The state funeral of Field Marshal Erwin Rommel takes place in Ulm, Germany.","World War II: The state funeral of Field Marshal Erwin Rommel takes place in Ulm, Germany.","October 18, 1944 CE",https://en.wikipedia.org/wiki/October_18,1944-10-18,"October 18, 1944 CE",October 18 — Wikipedia,Exact day in source chronology,Military and political history,Gregorian (source chronology),Target met,International,Secondary reference chronology,20,Verified against source chronology,20,70
19,CE,439,October,Date follows the Gregorian day chronology used by the source; for early events this may be a conventional/proleptic date.,,GHC-OCT-19-01,Political event,"The Vandals, led by King Gaiseric, take Carthage in North Africa.","The Vandals, led by King Gaiseric, take Carthage in North Africa.","October 19, 439 CE",https://en.wikipedia.org/wiki/October_19,0439-10-19,"October 19, 439 CE",October 19 — Wikipedia,Exact day in source chronology,Political and independence history,Gregorian (source chronology),Target met,National or regional,Secondary reference chronology,20,Verified against source chronology,20,70
19,CE,1386,October,Date follows the Gregorian day chronology used by the source; for early events this may be a conventional/proleptic date.,,GHC-OCT-19-02,Political event,"The Universität Heidelberg holds its first lecture, making it the oldest German university.","The Universität Heidelberg holds its first lecture, making it the oldest German university.","October 19, 1386 CE",https://en.wikipedia.org/wiki/October_19,1386-10-19,"October 19, 1386 CE",October 19 — Wikipedia,Exact day in source chronology,Political and independence history,Gregorian (source chronology),Target met,National or regional,Secondary reference chronology,20,Verified against source chronology,20,70
19,CE,1453,October,Date follows the Gregorian day chronology used by the source; for early events this may be a conventional/proleptic date.,Europe,GHC-OCT-19-03,Conflict or political event,"Hundred Years' War: Three months after the Battle of Castillon, England loses its last possessions in southern France.","Hundred Years' War: Three months after the Battle of Castillon, England loses its last possessions in southern France.","October 19, 1453 CE",https://en.wikipedia.org/wiki/October_19,1453-10-19,"October 19, 1453 CE",October 19 — Wikipedia,Exact day in source chronology,Military and political history,Gregorian (source chronology),Target met,National or regional,Secondary reference chronology,20,Verified against source chronology,20,70
19,CE,1466,October,Date follows the Gregorian day chronology used by the source; for early events this may be a conventional/proleptic date.,Europe,GHC-OCT-19-04,Conflict or political event,The Thirteen Years' War between Poland and the Teutonic Order ends with the Second Treaty of Thorn.,The Thirteen Years' War between Poland and the Teutonic Order ends with the Second Treaty of Thorn.,"October 19, 1466 CE",https://en.wikipedia.org/wiki/October_19,1466-10-19,"October 19, 1466 CE",October 19 — Wikipedia,Exact day in source chronology,Military and political history,Gregorian (source chronology),Target met,International,Secondary reference chronology,20,Verified against source chronology,20,70
19,CE,1469,October,Date follows the Gregorian day chronology used by the source; for early events this may be a conventional/proleptic date.,Europe,GHC-OCT-19-05,Historical event,"Ferdinand II of Aragon marries Isabella I of Castile, a marriage that paves the way to the unification of Aragon and Castile into a single country, Spain.","Ferdinand II of Aragon marries Isabella I of Castile, a marriage that paves the way to the unification of Aragon and Castile into a single country, Spain.","October 19, 1469 CE",https://en.wikipedia.org/wiki/October_19,1469-10-19,"October 19, 1469 CE",October 19 — Wikipedia,Exact day in source chronology,General historical chronology,Gregorian (source chronology),Target met,National or regional,Secondary reference chronology,20,Verified against source chronology,20,70
19,CE,1512,October,Date follows the Gregorian day chronology used by the source; for early events this may be a conventional/proleptic date.,,GHC-OCT-19-06,Historical event,Martin Luther becomes a doctor of theology.,Martin Luther becomes a doctor of theology.,"October 19, 1512 CE",https://en.wikipedia.org/wiki/October_19,1512-10-19,"October 19, 1512 CE",October 19 — Wikipedia,Exact day in source chronology,General historical chronology,Gregorian (source chronology),Target met,National or regional,Secondary reference chronology,20,Verified against source chronology,20,70
19,CE,1649,October,Date follows the Gregorian day chronology used by the source; for early events this may be a conventional/proleptic date.,Europe,GHC-OCT-19-07,Historical event,New Ross town in Ireland surrenders to Oliver Cromwell.,New Ross town in Ireland surrenders to Oliver Cromwell.,"October 19, 1649 CE",https://en.wikipedia.org/wiki/October_19,1649-10-19,"October 19, 1649 CE",October 19 — Wikipedia,Exact day in source chronology,General historical chronology,Gregorian (source chronology),Target met,National or regional,Secondary reference chronology,20,Verified against source chronology,20,70
19,CE,1662,October,Date follows the Gregorian day chronology used by the source; for early events this may be a conventional/proleptic date.,Americas,GHC-OCT-19-08,Historical event,An English Buccaneer force led by Royal Navy commodore Christopher Myngs launches an attack on Santiago de Cuba which is subsequently sacked.,An English Buccaneer force led by Royal Navy commodore Christopher Myngs launches an attack on Santiago de Cuba which is subsequently sacked.,"October 19, 1662 CE",https://en.wikipedia.org/wiki/October_19,1662-10-19,"October 19, 1662 CE",October 19 — Wikipedia,Exact day in source chronology,General historical chronology,Gregorian (source chronology),Target met,National or regional,Secondary reference chronology,20,Verified against source chronology,20,70
19,CE,1781,October,Date follows the Gregorian day chronology used by the source; for early events this may be a conventional/proleptic date.,Americas,GHC-OCT-19-09,Conflict or political event,American Revolutionary War: The siege of Yorktown comes to an end.,American Revolutionary War: The siege of Yorktown comes to an end.,"October 19, 1781 CE",https://en.wikipedia.org/wiki/October_19,1781-10-19,"October 19, 1781 CE",October 19 — Wikipedia,Exact day in source chronology,Military and political history,Gregorian (source chronology),Target met,National or regional,Secondary reference chronology,20,Verified against source chronology,20,70
19,CE,1789,October,Date follows the Gregorian day chronology used by the source; for early events this may be a conventional/proleptic date.,Americas,GHC-OCT-19-10,Historical event,John Jay is sworn in as the first Chief Justice of the United States.,John Jay is sworn in as the first Chief Justice of the United States.,"October 19, 1789 CE",https://en.wikipedia.org/wiki/October_19,1789-10-19,"October 19, 1789 CE",October 19 — Wikipedia,Exact day in source chronology,General historical chronology,Gregorian (source chronology),Target met,National or regional,Secondary reference chronology,20,Verified against source chronology,20,70
19,CE,1791,October,Date follows the Gregorian day chronology used by the source; for early events this may be a conventional/proleptic date.,Europe,GHC-OCT-19-11,Political event,"Treaty of Drottningholm, between Sweden and Russia","Treaty of Drottningholm, between Sweden and Russia","October 19, 1791 CE",https://en.wikipedia.org/wiki/October_19,1791-10-19,"October 19, 1791 CE",October 19 — Wikipedia,Exact day in source chronology,Political and independence history,Gregorian (source chronology),Target met,International,Secondary reference chronology,20,Verified against source chronology,20,70
19,CE,1805,October,Date follows the Gregorian day chronology used by the source; for early events this may be a conventional/proleptic date.,Europe,GHC-OCT-19-12,Conflict or political event,War of the Third Coalition: Austrian General Mack surrenders his army to Napoleon at the Battle of Ulm.,War of the Third Coalition: Austrian General Mack surrenders his army to Napoleon at the Battle of Ulm.,"October 19, 1805 CE",https://en.wikipedia.org/wiki/October_19,1805-10-19,"October 19, 1805 CE",October 19 — Wikipedia,Exact day in source chronology,Military and political history,Gregorian (source chronology),Target met,National or regional,Secondary reference chronology,20,Verified against source chronology,20,70
19,CE,1812,October,Date follows the Gregorian day chronology used by the source; for early events this may be a conventional/proleptic date.,Europe,GHC-OCT-19-13,Historical event,The French invasion of Russia fails when Napoleon begins his retreat from Moscow.,The French invasion of Russia fails when Napoleon begins his retreat from Moscow.,"October 19, 1812 CE",https://en.wikipedia.org/wiki/October_19,1812-10-19,"October 19, 1812 CE",October 19 — Wikipedia,Exact day in source chronology,General historical chronology,Gregorian (source chronology),Target met,National or regional,Secondary reference chronology,20,Verified against source chronology,20,70
19,CE,1912,October,Date follows the Gregorian day chronology used by the source; for early events this may be a conventional/proleptic date.,Africa,GHC-OCT-19-14,Conflict or political event,Italo-Turkish War: Italy takes possession of what is now Libya from the Ottoman Empire.,Italo-Turkish War: Italy takes possession of what is now Libya from the Ottoman Empire.,"October 19, 1912 CE",https://en.wikipedia.org/wiki/October_19,1912-10-19,"October 19, 1912 CE",October 19 — Wikipedia,Exact day in source chronology,Military and political history,Gregorian (source chronology),Target met,International,Secondary reference chronology,20,Verified against source chronology,20,70
19,CE,1914,October,Date follows the Gregorian day chronology used by the source; for early events this may be a conventional/proleptic date.,,GHC-OCT-19-15,Conflict or political event,World War I: The First Battle of Ypres begins.,World War I: The First Battle of Ypres begins.,"October 19, 1914 CE",https://en.wikipedia.org/wiki/October_19,1914-10-19,"October 19, 1914 CE",October 19 — Wikipedia,Exact day in source chronology,Military and political history,Gregorian (source chronology),Target met,International,Secondary reference chronology,20,Verified against source chronology,20,70
19,CE,1921,October,Date follows the Gregorian day chronology used by the source; for early events this may be a conventional/proleptic date.,,GHC-OCT-19-16,Conflict or political event,The Portuguese Prime Minister and several officials are murdered in the Bloody Night coup.,The Portuguese Prime Minister and several officials are murdered in the Bloody Night coup.,"October 19, 1921 CE",https://en.wikipedia.org/wiki/October_19,1921-10-19,"October 19, 1921 CE",October 19 — Wikipedia,Exact day in source chronology,Military and political history,Gregorian (source chronology),Target met,National or regional,Secondary reference chronology,20,Verified against source chronology,20,70
19,CE,1922,October,Date follows the Gregorian day chronology used by the source; for early events this may be a conventional/proleptic date.,,GHC-OCT-19-17,Historical event,British Conservative MPs vote to terminate the coalition government with the Liberal Party.,British Conservative MPs vote to terminate the coalition government with the Liberal Party.,"October 19, 1922 CE",https://en.wikipedia.org/wiki/October_19,1922-10-19,"October 19, 1922 CE",October 19 — Wikipedia,Exact day in source chronology,General historical chronology,Gregorian (source chronology),Target met,National or regional,Secondary reference chronology,20,Verified against source chronology,20,70
19,CE,1935,October,Date follows the Gregorian day chronology used by the source; for early events this may be a conventional/proleptic date.,Africa,GHC-OCT-19-18,Historical event,The League of Nations places economic sanctions on Italy for its invasion of Ethiopia.,The League of Nations places economic sanctions on Italy for its invasion of Ethiopia.,"October 19, 1935 CE",https://en.wikipedia.org/wiki/October_19,1935-10-19,"October 19, 1935 CE",October 19 — Wikipedia,Exact day in source chronology,General historical chronology,Gregorian (source chronology),Target met,International,Secondary reference chronology,20,Verified against source chronology,20,70
19,CE,1936,October,Date follows the Gregorian day chronology used by the source; for early events this may be a conventional/proleptic date.,Americas,GHC-OCT-19-19,Historical event,"New York World-Telegram reporter Herbert Ekins won a race against two other New York newspaper journalists to travel around the world on commercial airline flights. He accomplished the feat in 18 ½ days. His opponents were New York Evening Journal reporter Dorothy Kilgallen, who finished in second place, and New York Times reporter Leo Kieran.",New York World-Telegram reporter Herbert Ekins won a race against two other New York newspaper journalists to travel around the world on commercial airline flights. He accomplished the feat in 18 ½ days. His opponents we,"October 19, 1936 CE",https://en.wikipedia.org/wiki/October_19,1936-10-19,"October 19, 1936 CE",October 19 — Wikipedia,Exact day in source chronology,General historical chronology,Gregorian (source chronology),Target met,National or regional,Secondary reference chronology,20,Verified against source chronology,20,70
19,CE,1943,October,Date follows the Gregorian day chronology used by the source; for early events this may be a conventional/proleptic date.,,GHC-OCT-19-20,Conflict or political event,The cargo vessel Sinfra is attacked by Allied aircraft at Crete and sunk. Two thousand and ninety-eight Italian prisoners of war drown with it.,The cargo vessel Sinfra is attacked by Allied aircraft at Crete and sunk. Two thousand and ninety-eight Italian prisoners of war drown with it.,"October 19, 1943 CE",https://en.wikipedia.org/wiki/October_19,1943-10-19,"October 19, 1943 CE",October 19 — Wikipedia,Exact day in source chronology,Military and political history,Gregorian (source chronology),Target met,National or regional,Secondary reference chronology,20,Verified against source chronology,20,70
20,CE,1568,October,Date follows the Gregorian day chronology used by the source; for early events this may be a conventional/proleptic date.,,GHC-OCT-20-01,Historical event,The Spanish Duke of Alba defeats a Dutch rebel force under William the Silent.,The Spanish Duke of Alba defeats a Dutch rebel force under William the Silent.,"October 20, 1568 CE",https://en.wikipedia.org/wiki/October_20,1568-10-20,"October 20, 1568 CE",October 20 — Wikipedia,Exact day in source chronology,General historical chronology,Gregorian (source chronology),Target met,National or regional,Secondary reference chronology,20,Verified against source chronology,20,70
20,CE,1572,October,Date follows the Gregorian day chronology used by the source; for early events this may be a conventional/proleptic date.,,GHC-OCT-20-02,Conflict or political event,Eighty Years' War: Three thousand Spanish soldiers wade through fifteen miles of water in one night to effect the relief of Goes.,Eighty Years' War: Three thousand Spanish soldiers wade through fifteen miles of water in one night to effect the relief of Goes.,"October 20, 1572 CE",https://en.wikipedia.org/wiki/October_20,1572-10-20,"October 20, 1572 CE",October 20 — Wikipedia,Exact day in source chronology,Military and political history,Gregorian (source chronology),Target met,National or regional,Secondary reference chronology,20,Verified against source chronology,20,70
20,CE,888,October,Date follows the Gregorian day chronology used by the source; for early events this may be a conventional/proleptic date.,,GHC-OCT-20-03,Political event,"Zhu Youzhen, emperor of Later Liang (died 923)","Zhu Youzhen, emperor of Later Liang (died 923)","October 20, 888 CE",https://en.wikipedia.org/wiki/October_20,0888-10-20,"October 20, 888 CE",October 20 — Wikipedia,Exact day in source chronology,Political and independence history,Gregorian (source chronology),Target met,National or regional,Secondary reference chronology,20,Verified against source chronology,20,70
20,CE,1475,October,Date follows the Gregorian day chronology used by the source; for early events this may be a conventional/proleptic date.,,GHC-OCT-20-04,Historical event,"Giovanni di Bernardo Rucellai, Italian poet and playwright (died 1525)","Giovanni di Bernardo Rucellai, Italian poet and playwright (died 1525)","October 20, 1475 CE",https://en.wikipedia.org/wiki/October_20,1475-10-20,"October 20, 1475 CE",October 20 — Wikipedia,Exact day in source chronology,General historical chronology,Gregorian (source chronology),Target met,National or regional,Secondary reference chronology,20,Verified against source chronology,20,70
20,CE,1496,October,Date follows the Gregorian day chronology used by the source; for early events this may be a conventional/proleptic date.,,GHC-OCT-20-05,Historical event,"Claude, Duke of Guise (died 1550)","Claude, Duke of Guise (died 1550)","October 20, 1496 CE",https://en.wikipedia.org/wiki/October_20,1496-10-20,"October 20, 1496 CE",October 20 — Wikipedia,Exact day in source chronology,General historical chronology,Gregorian (source chronology),Target met,National or regional,Secondary reference chronology,20,Verified against source chronology,20,70
20,CE,1554,October,Date follows the Gregorian day chronology used by the source; for early events this may be a conventional/proleptic date.,,GHC-OCT-20-06,Historical event,"Bálint Balassi, Hungarian writer and noble (died 1594)","Bálint Balassi, Hungarian writer and noble (died 1594)","October 20, 1554 CE",https://en.wikipedia.org/wiki/October_20,1554-10-20,"October 20, 1554 CE",October 20 — Wikipedia,Exact day in source chronology,General historical chronology,Gregorian (source chronology),Target met,National or regional,Secondary reference chronology,20,Verified against source chronology,20,70
20,CE,1740,October,Date follows the Gregorian day chronology used by the source; for early events this may be a conventional/proleptic date.,Europe,GHC-OCT-20-07,Conflict or political event,"France, Prussia, Bavaria and Saxony refuse to honour the Pragmatic Sanction, and the War of the Austrian Succession begins.","France, Prussia, Bavaria and Saxony refuse to honour the Pragmatic Sanction, and the War of the Austrian Succession begins.","October 20, 1740 CE",https://en.wikipedia.org/wiki/October_20,1740-10-20,"October 20, 1740 CE",October 20 — Wikipedia,Exact day in source chronology,Military and political history,Gregorian (source chronology),Target met,National or regional,Secondary reference chronology,20,Verified against source chronology,20,70
20,CE,1774,October,Date follows the Gregorian day chronology used by the source; for early events this may be a conventional/proleptic date.,Americas,GHC-OCT-20-08,Conflict or political event,"American Revolution: The Continental Association, a nonconsumption and nonimportation agreement against the British Isles and the British West Indies, is adopted by the First Continental Congress.","American Revolution: The Continental Association, a nonconsumption and nonimportation agreement against the British Isles and the British West Indies, is adopted by the First Continental Congress.","October 20, 1774 CE",https://en.wikipedia.org/wiki/October_20,1774-10-20,"October 20, 1774 CE",October 20 — Wikipedia,Exact day in source chronology,Military and political history,Gregorian (source chronology),Target met,National or regional,Secondary reference chronology,20,Verified against source chronology,20,70
20,CE,1781,October,Date follows the Gregorian day chronology used by the source; for early events this may be a conventional/proleptic date.,Europe,GHC-OCT-20-09,Historical event,"The Patent of Toleration, providing limited freedom of worship, is approved in Austria.","The Patent of Toleration, providing limited freedom of worship, is approved in Austria.","October 20, 1781 CE",https://en.wikipedia.org/wiki/October_20,1781-10-20,"October 20, 1781 CE",October 20 — Wikipedia,Exact day in source chronology,General historical chronology,Gregorian (source chronology),Target met,National or regional,Secondary reference chronology,20,Verified against source chronology,20,70
20,CE,1803,October,Date follows the Gregorian day chronology used by the source; for early events this may be a conventional/proleptic date.,Americas,GHC-OCT-20-10,Historical event,The United States Senate ratifies the Louisiana Purchase.,The United States Senate ratifies the Louisiana Purchase.,"October 20, 1803 CE",https://en.wikipedia.org/wiki/October_20,1803-10-20,"October 20, 1803 CE",October 20 — Wikipedia,Exact day in source chronology,General historical chronology,Gregorian (source chronology),Target met,National or regional,Secondary reference chronology,20,Verified against source chronology,20,70
20,CE,1818,October,Date follows the Gregorian day chronology used by the source; for early events this may be a conventional/proleptic date.,Americas,GHC-OCT-20-11,Political event,"The Convention of 1818 is signed between the United States and the United Kingdom, which settles the Canada–United States border on the 49th parallel for most of its length.","The Convention of 1818 is signed between the United States and the United Kingdom, which settles the Canada–United States border on the 49th parallel for most of its length.","October 20, 1818 CE",https://en.wikipedia.org/wiki/October_20,1818-10-20,"October 20, 1818 CE",October 20 — Wikipedia,Exact day in source chronology,Political and independence history,Gregorian (source chronology),Target met,National or regional,Secondary reference chronology,20,Verified against source chronology,20,70
20,CE,1827,October,Date follows the Gregorian day chronology used by the source; for early events this may be a conventional/proleptic date.,Africa,GHC-OCT-20-12,Conflict or political event,"Greek War of Independence: In the Battle of Navarino, a combined Turkish and Egyptian fleet is defeated by British, French and Russian naval forces in the last significant battle fought with wooden sailing ships.","Greek War of Independence: In the Battle of Navarino, a combined Turkish and Egyptian fleet is defeated by British, French and Russian naval forces in the last significant battle fought with wooden sailing ships.","October 20, 1827 CE",https://en.wikipedia.org/wiki/October_20,1827-10-20,"October 20, 1827 CE",October 20 — Wikipedia,Exact day in source chronology,Military and political history,Gregorian (source chronology),Target met,International,Secondary reference chronology,20,Verified against source chronology,20,70
20,CE,1883,October,Date follows the Gregorian day chronology used by the source; for early events this may be a conventional/proleptic date.,Americas,GHC-OCT-20-13,Conflict or political event,"Peru and Chile sign the Treaty of Ancón, by which the Tarapacá province is ceded to the latter, bringing an end to Peru's involvement in the War of the Pacific.","Peru and Chile sign the Treaty of Ancón, by which the Tarapacá province is ceded to the latter, bringing an end to Peru's involvement in the War of the Pacific.","October 20, 1883 CE",https://en.wikipedia.org/wiki/October_20,1883-10-20,"October 20, 1883 CE",October 20 — Wikipedia,Exact day in source chronology,Military and political history,Gregorian (source chronology),Target met,International,Secondary reference chronology,20,Verified against source chronology,20,70
20,CE,1904,October,Date follows the Gregorian day chronology used by the source; for early events this may be a conventional/proleptic date.,Americas,GHC-OCT-20-14,Political event,"Chile and Bolivia sign the Treaty of Peace and Friendship, delimiting the border between the two countries.","Chile and Bolivia sign the Treaty of Peace and Friendship, delimiting the border between the two countries.","October 20, 1904 CE",https://en.wikipedia.org/wiki/October_20,1904-10-20,"October 20, 1904 CE",October 20 — Wikipedia,Exact day in source chronology,Political and independence history,Gregorian (source chronology),Target met,International,Secondary reference chronology,20,Verified against source chronology,20,70
20,CE,1910,October,Date follows the Gregorian day chronology used by the source; for early events this may be a conventional/proleptic date.,,GHC-OCT-20-15,Historical event,British ocean liner RMS Olympic is launched.,British ocean liner RMS Olympic is launched.,"October 20, 1910 CE",https://en.wikipedia.org/wiki/October_20,1910-10-20,"October 20, 1910 CE",October 20 — Wikipedia,Exact day in source chronology,General historical chronology,Gregorian (source chronology),Target met,National or regional,Secondary reference chronology,20,Verified against source chronology,20,70
20,CE,1935,October,Date follows the Gregorian day chronology used by the source; for early events this may be a conventional/proleptic date.,,GHC-OCT-20-16,Historical event,"The Long March, a mammoth retreat undertaken by the armed forces of the Chinese Communist Party a year prior, ends.","The Long March, a mammoth retreat undertaken by the armed forces of the Chinese Communist Party a year prior, ends.","October 20, 1935 CE",https://en.wikipedia.org/wiki/October_20,1935-10-20,"October 20, 1935 CE",October 20 — Wikipedia,Exact day in source chronology,General historical chronology,Gregorian (source chronology),Target met,National or regional,Secondary reference chronology,20,Verified against source chronology,20,70
20,CE,1941,October,Date follows the Gregorian day chronology used by the source; for early events this may be a conventional/proleptic date.,Europe,GHC-OCT-20-17,Conflict or political event,World War II: Thousands of civilians in German-occupied Serbia are murdered in the Kragujevac massacre.,World War II: Thousands of civilians in German-occupied Serbia are murdered in the Kragujevac massacre.,"October 20, 1941 CE",https://en.wikipedia.org/wiki/October_20,1941-10-20,"October 20, 1941 CE",October 20 — Wikipedia,Exact day in source chronology,Military and political history,Gregorian (source chronology),Target met,International,Secondary reference chronology,20,Verified against source chronology,20,70
20,CE,1944,October,Date follows the Gregorian day chronology used by the source; for early events this may be a conventional/proleptic date.,,GHC-OCT-20-18,Conflict or political event,World War II: The Soviet Red Army and Yugoslav Partisans liberate Belgrade.,World War II: The Soviet Red Army and Yugoslav Partisans liberate Belgrade.,"October 20, 1944 CE",https://en.wikipedia.org/wiki/October_20,1944-10-20,"October 20, 1944 CE",October 20 — Wikipedia,Exact day in source chronology,Military and political history,Gregorian (source chronology),Target met,International,Secondary reference chronology,20,Verified against source chronology,20,70
20,CE,1944,October,Date follows the Gregorian day chronology used by the source; for early events this may be a conventional/proleptic date.,,GHC-OCT-20-19,Historical event,"Liquefied natural gas leaks from storage tanks in Cleveland and then explodes, leveling 30 blocks and killing 130 people.","Liquefied natural gas leaks from storage tanks in Cleveland and then explodes, leveling 30 blocks and killing 130 people.","October 20, 1944 CE",https://en.wikipedia.org/wiki/October_20,1944-10-20,"October 20, 1944 CE",October 20 — Wikipedia,Exact day in source chronology,General historical chronology,Gregorian (source chronology),Target met,National or regional,Secondary reference chronology,20,Verified against source chronology,20,70
20,CE,1944,October,Date follows the Gregorian day chronology used by the source; for early events this may be a conventional/proleptic date.,Asia,GHC-OCT-20-20,Conflict or political event,World War II: American general Douglas MacArthur fulfills his promise to return to the Philippines when he comes ashore during the Battle of Leyte.,World War II: American general Douglas MacArthur fulfills his promise to return to the Philippines when he comes ashore during the Battle of Leyte.,"October 20, 1944 CE",https://en.wikipedia.org/wiki/October_20,1944-10-20,"October 20, 1944 CE",October 20 — Wikipedia,Exact day in source chronology,Military and political history,Gregorian (source chronology),Target met,International,Secondary reference chronology,20,Verified against source chronology,20,70
21,CE,310,October,Date follows the Gregorian day chronology used by the source; for early events this may be a conventional/proleptic date.,,GHC-OCT-21-01,Political event,"Sixty-five days after being exiled by the Emperor Maxentius to Sicily, Pope Eusebius dies.","Sixty-five days after being exiled by the Emperor Maxentius to Sicily, Pope Eusebius dies.","October 21, 310 CE",https://en.wikipedia.org/wiki/October_21,0310-10-21,"October 21, 310 CE",October 21 — Wikipedia,Exact day in source chronology,Political and independence history,Gregorian (source chronology),Target met,National or regional,Secondary reference chronology,20,Verified against source chronology,20,70
21,CE,685,October,Date follows the Gregorian day chronology used by the source; for early events this may be a conventional/proleptic date.,,GHC-OCT-21-02,Political event,Election of Pope Conon following the death of Pope John V.,Election of Pope Conon following the death of Pope John V.,"October 21, 685 CE",https://en.wikipedia.org/wiki/October_21,0685-10-21,"October 21, 685 CE",October 21 — Wikipedia,Exact day in source chronology,Political and independence history,Gregorian (source chronology),Target met,National or regional,Secondary reference chronology,20,Verified against source chronology,20,70
21,CE,1094,October,Date follows the Gregorian day chronology used by the source; for early events this may be a conventional/proleptic date.,,GHC-OCT-21-03,Conflict or political event,El Cid and his forces defeat a larger army of the Almoravids in the battle of Cuarte.,El Cid and his forces defeat a larger army of the Almoravids in the battle of Cuarte.,"October 21, 1094 CE",https://en.wikipedia.org/wiki/October_21,1094-10-21,"October 21, 1094 CE",October 21 — Wikipedia,Exact day in source chronology,Military and political history,Gregorian (source chronology),Target met,National or regional,Secondary reference chronology,20,Verified against source chronology,20,70
21,CE,1096,October,Date follows the Gregorian day chronology used by the source; for early events this may be a conventional/proleptic date.,,GHC-OCT-21-04,Conflict or political event,A Seljuk Turkish army successfully ambushes the People's Crusade at the Battle of Civetot.,A Seljuk Turkish army successfully ambushes the People's Crusade at the Battle of Civetot.,"October 21, 1096 CE",https://en.wikipedia.org/wiki/October_21,1096-10-21,"October 21, 1096 CE",October 21 — Wikipedia,Exact day in source chronology,Military and political history,Gregorian (source chronology),Target met,National or regional,Secondary reference chronology,20,Verified against source chronology,20,70
21,CE,1097,October,Date follows the Gregorian day chronology used by the source; for early events this may be a conventional/proleptic date.,,GHC-OCT-21-05,Conflict or political event,"First Crusade: Crusaders led by Godfrey of Bouillon, Bohemund of Taranto, and Raymond IV, Count of Toulouse, begin the Siege of Antioch.","First Crusade: Crusaders led by Godfrey of Bouillon, Bohemund of Taranto, and Raymond IV, Count of Toulouse, begin the Siege of Antioch.","October 21, 1097 CE",https://en.wikipedia.org/wiki/October_21,1097-10-21,"October 21, 1097 CE",October 21 — Wikipedia,Exact day in source chronology,Military and political history,Gregorian (source chronology),Target met,National or regional,Secondary reference chronology,20,Verified against source chronology,20,70
21,CE,1139,October,Date follows the Gregorian day chronology used by the source; for early events this may be a conventional/proleptic date.,,GHC-OCT-21-06,Historical event,"Zengi, atabeg of Aleppo, takes Baalbek from the Burid dynasty.","Zengi, atabeg of Aleppo, takes Baalbek from the Burid dynasty.","October 21, 1139 CE",https://en.wikipedia.org/wiki/October_21,1139-10-21,"October 21, 1139 CE",October 21 — Wikipedia,Exact day in source chronology,General historical chronology,Gregorian (source chronology),Target met,National or regional,Secondary reference chronology,20,Verified against source chronology,20,70
21,CE,1600,October,Date follows the Gregorian day chronology used by the source; for early events this may be a conventional/proleptic date.,Asia,GHC-OCT-21-07,Conflict or political event,Tokugawa Ieyasu defeats the leaders of rival Japanese clans in the Battle of Sekigahara and becomes shōgun of Japan.,Tokugawa Ieyasu defeats the leaders of rival Japanese clans in the Battle of Sekigahara and becomes shōgun of Japan.,"October 21, 1600 CE",https://en.wikipedia.org/wiki/October_21,1600-10-21,"October 21, 1600 CE",October 21 — Wikipedia,Exact day in source chronology,Military and political history,Gregorian (source chronology),Target met,International,Secondary reference chronology,20,Verified against source chronology,20,70
21,CE,1774,October,Date follows the Gregorian day chronology used by the source; for early events this may be a conventional/proleptic date.,,GHC-OCT-21-08,Historical event,"The flag of Taunton, Massachusetts is the first to include the word ""Liberty"".","The flag of Taunton, Massachusetts is the first to include the word ""Liberty"".","October 21, 1774 CE",https://en.wikipedia.org/wiki/October_21,1774-10-21,"October 21, 1774 CE",October 21 — Wikipedia,Exact day in source chronology,General historical chronology,Gregorian (source chronology),Target met,National or regional,Secondary reference chronology,20,Verified against source chronology,20,70
21,CE,1797,October,Date follows the Gregorian day chronology used by the source; for early events this may be a conventional/proleptic date.,Americas,GHC-OCT-21-09,Political event,"In Boston Harbor, the 44-gun United States Navy frigate USS Constitution is launched.","In Boston Harbor, the 44-gun United States Navy frigate USS Constitution is launched.","October 21, 1797 CE",https://en.wikipedia.org/wiki/October_21,1797-10-21,"October 21, 1797 CE",October 21 — Wikipedia,Exact day in source chronology,Political and independence history,Gregorian (source chronology),Target met,National or regional,Secondary reference chronology,20,Verified against source chronology,20,70
21,CE,1805,October,Date follows the Gregorian day chronology used by the source; for early events this may be a conventional/proleptic date.,,GHC-OCT-21-10,Conflict or political event,Napoleonic Wars: A British fleet led by Lord Nelson defeats a combined French and Spanish fleet under Admiral Villeneuve in the Battle of Trafalgar.,Napoleonic Wars: A British fleet led by Lord Nelson defeats a combined French and Spanish fleet under Admiral Villeneuve in the Battle of Trafalgar.,"October 21, 1805 CE",https://en.wikipedia.org/wiki/October_21,1805-10-21,"October 21, 1805 CE",October 21 — Wikipedia,Exact day in source chronology,Military and political history,Gregorian (source chronology),Target met,National or regional,Secondary reference chronology,20,Verified against source chronology,20,70
21,CE,1824,October,Date follows the Gregorian day chronology used by the source; for early events this may be a conventional/proleptic date.,,GHC-OCT-21-11,Historical event,Portland cement is patented.,Portland cement is patented.,"October 21, 1824 CE",https://en.wikipedia.org/wiki/October_21,1824-10-21,"October 21, 1824 CE",October 21 — Wikipedia,Exact day in source chronology,General historical chronology,Gregorian (source chronology),Target met,National or regional,Secondary reference chronology,20,Verified against source chronology,20,70
21,CE,1854,October,Date follows the Gregorian day chronology used by the source; for early events this may be a conventional/proleptic date.,,GHC-OCT-21-12,Conflict or political event,Florence Nightingale and a staff of 38 nurses are sent to the Crimean War.,Florence Nightingale and a staff of 38 nurses are sent to the Crimean War.,"October 21, 1854 CE",https://en.wikipedia.org/wiki/October_21,1854-10-21,"October 21, 1854 CE",October 21 — Wikipedia,Exact day in source chronology,Military and political history,Gregorian (source chronology),Target met,National or regional,Secondary reference chronology,20,Verified against source chronology,20,70
21,CE,1861,October,Date follows the Gregorian day chronology used by the source; for early events this may be a conventional/proleptic date.,Americas,GHC-OCT-21-13,Conflict or political event,American Civil War: Union forces under Colonel Edward Baker are defeated by Confederate troops in the second major battle of the war.,American Civil War: Union forces under Colonel Edward Baker are defeated by Confederate troops in the second major battle of the war.,"October 21, 1861 CE",https://en.wikipedia.org/wiki/October_21,1861-10-21,"October 21, 1861 CE",October 21 — Wikipedia,Exact day in source chronology,Military and political history,Gregorian (source chronology),Target met,National or regional,Secondary reference chronology,20,Verified against source chronology,20,70
21,CE,1907,October,Date follows the Gregorian day chronology used by the source; for early events this may be a conventional/proleptic date.,,GHC-OCT-21-14,Disaster,"The 1907 Qaratog earthquake hits the borders of Uzbekistan and Tajikistan, killing between 12,000 and 15,000 people.","The 1907 Qaratog earthquake hits the borders of Uzbekistan and Tajikistan, killing between 12,000 and 15,000 people.","October 21, 1907 CE",https://en.wikipedia.org/wiki/October_21,1907-10-21,"October 21, 1907 CE",October 21 — Wikipedia,Exact day in source chronology,Disaster history,Gregorian (source chronology),Target met,National or regional,Secondary reference chronology,20,Verified against source chronology,20,70
21,CE,1910,October,Date follows the Gregorian day chronology used by the source; for early events this may be a conventional/proleptic date.,,GHC-OCT-21-15,Historical event,HMS Niobe arrives in Halifax Harbour to become the first ship of the Royal Canadian Navy.,HMS Niobe arrives in Halifax Harbour to become the first ship of the Royal Canadian Navy.,"October 21, 1910 CE",https://en.wikipedia.org/wiki/October_21,1910-10-21,"October 21, 1910 CE",October 21 — Wikipedia,Exact day in source chronology,General historical chronology,Gregorian (source chronology),Target met,National or regional,Secondary reference chronology,20,Verified against source chronology,20,70
21,CE,1912,October,Date follows the Gregorian day chronology used by the source; for early events this may be a conventional/proleptic date.,,GHC-OCT-21-16,Conflict or political event,First Balkan War: The Greek navy completes the capture of the island of Lemnos for use as a forward base against the Dardanelles.,First Balkan War: The Greek navy completes the capture of the island of Lemnos for use as a forward base against the Dardanelles.,"October 21, 1912 CE",https://en.wikipedia.org/wiki/October_21,1912-10-21,"October 21, 1912 CE",October 21 — Wikipedia,Exact day in source chronology,Military and political history,Gregorian (source chronology),Target met,National or regional,Secondary reference chronology,20,Verified against source chronology,20,70
21,CE,1921,October,Date follows the Gregorian day chronology used by the source; for early events this may be a conventional/proleptic date.,Americas,GHC-OCT-21-17,Conflict or political event,President Warren G. Harding delivers the first speech by a sitting U.S. president against lynching in the Deep South.,President Warren G. Harding delivers the first speech by a sitting U.S. president against lynching in the Deep South.,"October 21, 1921 CE",https://en.wikipedia.org/wiki/October_21,1921-10-21,"October 21, 1921 CE",October 21 — Wikipedia,Exact day in source chronology,Military and political history,Gregorian (source chronology),Target met,National or regional,Secondary reference chronology,20,Verified against source chronology,20,70
21,CE,1931,October,Date follows the Gregorian day chronology used by the source; for early events this may be a conventional/proleptic date.,Asia,GHC-OCT-21-18,Conflict or political event,A secret society in the Imperial Japanese Army launches an abortive coup d'état attempt.,A secret society in the Imperial Japanese Army launches an abortive coup d'état attempt.,"October 21, 1931 CE",https://en.wikipedia.org/wiki/October_21,1931-10-21,"October 21, 1931 CE",October 21 — Wikipedia,Exact day in source chronology,Military and political history,Gregorian (source chronology),Target met,International,Secondary reference chronology,20,Verified against source chronology,20,70
21,CE,1940,October,Date follows the Gregorian day chronology used by the source; for early events this may be a conventional/proleptic date.,,GHC-OCT-21-19,Cultural or educational event,The first edition of the Ernest Hemingway novel For Whom the Bell Tolls is published.,The first edition of the Ernest Hemingway novel For Whom the Bell Tolls is published.,"October 21, 1940 CE",https://en.wikipedia.org/wiki/October_21,1940-10-21,"October 21, 1940 CE",October 21 — Wikipedia,Exact day in source chronology,"Culture, literature and education",Gregorian (source chronology),Target met,National or regional,Secondary reference chronology,20,Verified against source chronology,20,70
21,CE,1941,October,Date follows the Gregorian day chronology used by the source; for early events this may be a conventional/proleptic date.,Europe,GHC-OCT-21-20,Conflict or political event,World War II: The Kragujevac massacre against Serbian men and boys takes place.,World War II: The Kragujevac massacre against Serbian men and boys takes place.,"October 21, 1941 CE",https://en.wikipedia.org/wiki/October_21,1941-10-21,"October 21, 1941 CE",October 21 — Wikipedia,Exact day in source chronology,Military and political history,Gregorian (source chronology),Target met,International,Secondary reference chronology,20,Verified against source chronology,20,70
22,CE,451,October,Date follows the Gregorian day chronology used by the source; for early events this may be a conventional/proleptic date.,,GHC-OCT-22-01,Historical event,"The Chalcedonian Creed, regarding the divine and human nature of Jesus, is adopted by the Council of Chalcedon, an ecumenical council.","The Chalcedonian Creed, regarding the divine and human nature of Jesus, is adopted by the Council of Chalcedon, an ecumenical council.","October 22, 451 CE",https://en.wikipedia.org/wiki/October_22,0451-10-22,"October 22, 451 CE",October 22 — Wikipedia,Exact day in source chronology,General historical chronology,Gregorian (source chronology),Target met,National or regional,Secondary reference chronology,20,Verified against source chronology,20,70
22,CE,794,October,Date follows the Gregorian day chronology used by the source; for early events this may be a conventional/proleptic date.,Asia,GHC-OCT-22-02,Political event,Japanese Emperor Kanmu relocates his empire's capital to Heian-kyō (now Kyoto).,Japanese Emperor Kanmu relocates his empire's capital to Heian-kyō (now Kyoto).,"October 22, 794 CE",https://en.wikipedia.org/wiki/October_22,0794-10-22,"October 22, 794 CE",October 22 — Wikipedia,Exact day in source chronology,Political and independence history,Gregorian (source chronology),Target met,International,Secondary reference chronology,20,Verified against source chronology,20,70
22,CE,906,October,Date follows the Gregorian day chronology used by the source; for early events this may be a conventional/proleptic date.,Middle East,GHC-OCT-22-03,Political event,"Abbasid general Ahmad ibn Kayghalagh leads a raid against the Byzantine Empire, taking 4,000–5,000 captives.","Abbasid general Ahmad ibn Kayghalagh leads a raid against the Byzantine Empire, taking 4,000–5,000 captives.","October 22, 906 CE",https://en.wikipedia.org/wiki/October_22,0906-10-22,"October 22, 906 CE",October 22 — Wikipedia,Exact day in source chronology,Political and independence history,Gregorian (source chronology),Target met,International,Secondary reference chronology,20,Verified against source chronology,20,70
22,CE,1383,October,Date follows the Gregorian day chronology used by the source; for early events this may be a conventional/proleptic date.,,GHC-OCT-22-04,Conflict or political event,"The male line of the Portuguese House of Burgundy becomes extinct with the death of King Fernando, leaving only his daughter Beatrice. Rival claimants begin a period of civil war and disorder.","The male line of the Portuguese House of Burgundy becomes extinct with the death of King Fernando, leaving only his daughter Beatrice. Rival claimants begin a period of civil war and disorder.","October 22, 1383 CE",https://en.wikipedia.org/wiki/October_22,1383-10-22,"October 22, 1383 CE",October 22 — Wikipedia,Exact day in source chronology,Military and political history,Gregorian (source chronology),Target met,National or regional,Secondary reference chronology,20,Verified against source chronology,20,70
22,CE,955,October,Date follows the Gregorian day chronology used by the source; for early events this may be a conventional/proleptic date.,,GHC-OCT-22-05,Political event,"Qian Weijun, king of Wuyue (died 991)","Qian Weijun, king of Wuyue (died 991)","October 22, 955 CE",https://en.wikipedia.org/wiki/October_22,0955-10-22,"October 22, 955 CE",October 22 — Wikipedia,Exact day in source chronology,Political and independence history,Gregorian (source chronology),Target met,National or regional,Secondary reference chronology,20,Verified against source chronology,20,70
22,CE,1071,October,Date follows the Gregorian day chronology used by the source; for early events this may be a conventional/proleptic date.,,GHC-OCT-22-06,Historical event,"William IX, Duke of Aquitaine (died 1126)","William IX, Duke of Aquitaine (died 1126)","October 22, 1071 CE",https://en.wikipedia.org/wiki/October_22,1071-10-22,"October 22, 1071 CE",October 22 — Wikipedia,Exact day in source chronology,General historical chronology,Gregorian (source chronology),Target met,National or regional,Secondary reference chronology,20,Verified against source chronology,20,70
22,CE,1721,October,Date follows the Gregorian day chronology used by the source; for early events this may be a conventional/proleptic date.,Europe,GHC-OCT-22-07,Conflict or political event,The Russian Empire is proclaimed by Tsar Peter I after the Swedish defeat in the Great Northern War.,The Russian Empire is proclaimed by Tsar Peter I after the Swedish defeat in the Great Northern War.,"October 22, 1721 CE",https://en.wikipedia.org/wiki/October_22,1721-10-22,"October 22, 1721 CE",October 22 — Wikipedia,Exact day in source chronology,Military and political history,Gregorian (source chronology),Target met,International,Secondary reference chronology,20,Verified against source chronology,20,70
22,CE,1724,October,Date follows the Gregorian day chronology used by the source; for early events this may be a conventional/proleptic date.,,GHC-OCT-22-08,Historical event,"J. S. Bach leads the first performance of Schmücke dich, o liebe Seele (Adorn yourself, O dear soul) in Leipzig on the 20th Sunday after Trinity, based on the communion hymn of the same name.","J. S. Bach leads the first performance of Schmücke dich, o liebe Seele (Adorn yourself, O dear soul) in Leipzig on the 20th Sunday after Trinity, based on the communion hymn of the same name.","October 22, 1724 CE",https://en.wikipedia.org/wiki/October_22,1724-10-22,"October 22, 1724 CE",October 22 — Wikipedia,Exact day in source chronology,General historical chronology,Gregorian (source chronology),Target met,National or regional,Secondary reference chronology,20,Verified against source chronology,20,70
22,CE,1730,October,Date follows the Gregorian day chronology used by the source; for early events this may be a conventional/proleptic date.,Europe,GHC-OCT-22-09,Historical event,Construction of the Ladoga Canal is completed in Russia.,Construction of the Ladoga Canal is completed in Russia.,"October 22, 1730 CE",https://en.wikipedia.org/wiki/October_22,1730-10-22,"October 22, 1730 CE",October 22 — Wikipedia,Exact day in source chronology,General historical chronology,Gregorian (source chronology),Target met,National or regional,Secondary reference chronology,20,Verified against source chronology,20,70
22,CE,1739,October,Date follows the Gregorian day chronology used by the source; for early events this may be a conventional/proleptic date.,,GHC-OCT-22-10,Conflict or political event,The War of Jenkins' Ear begins with the first attack on La Guaira.,The War of Jenkins' Ear begins with the first attack on La Guaira.,"October 22, 1739 CE",https://en.wikipedia.org/wiki/October_22,1739-10-22,"October 22, 1739 CE",October 22 — Wikipedia,Exact day in source chronology,Military and political history,Gregorian (source chronology),Target met,National or regional,Secondary reference chronology,20,Verified against source chronology,20,70
22,CE,1746,October,Date follows the Gregorian day chronology used by the source; for early events this may be a conventional/proleptic date.,,GHC-OCT-22-11,Cultural or educational event,The College of New Jersey (later renamed Princeton University) receives its charter.,The College of New Jersey (later renamed Princeton University) receives its charter.,"October 22, 1746 CE",https://en.wikipedia.org/wiki/October_22,1746-10-22,"October 22, 1746 CE",October 22 — Wikipedia,Exact day in source chronology,"Culture, literature and education",Gregorian (source chronology),Target met,National or regional,Secondary reference chronology,20,Verified against source chronology,20,70
22,CE,1777,October,Date follows the Gregorian day chronology used by the source; for early events this may be a conventional/proleptic date.,Americas,GHC-OCT-22-12,Conflict or political event,American Revolutionary War: American defenders of Fort Mercer on the Delaware River repulse repeated Hessian attacks in the Battle of Red Bank.,American Revolutionary War: American defenders of Fort Mercer on the Delaware River repulse repeated Hessian attacks in the Battle of Red Bank.,"October 22, 1777 CE",https://en.wikipedia.org/wiki/October_22,1777-10-22,"October 22, 1777 CE",October 22 — Wikipedia,Exact day in source chronology,Military and political history,Gregorian (source chronology),Target met,National or regional,Secondary reference chronology,20,Verified against source chronology,20,70
22,CE,1790,October,Date follows the Gregorian day chronology used by the source; for early events this may be a conventional/proleptic date.,Asia,GHC-OCT-22-13,Conflict or political event,"Northwest Indian War: Native American forces defeat the United States, ending the Harmar Campaign.","Northwest Indian War: Native American forces defeat the United States, ending the Harmar Campaign.","October 22, 1790 CE",https://en.wikipedia.org/wiki/October_22,1790-10-22,"October 22, 1790 CE",October 22 — Wikipedia,Exact day in source chronology,Military and political history,Gregorian (source chronology),Target met,International,Secondary reference chronology,20,Verified against source chronology,20,70
22,CE,1907,October,Date follows the Gregorian day chronology used by the source; for early events this may be a conventional/proleptic date.,,GHC-OCT-22-14,Historical event,A run on the stock of the Knickerbocker Trust Company sets events in motion that will spark the Panic of 1907.,A run on the stock of the Knickerbocker Trust Company sets events in motion that will spark the Panic of 1907.,"October 22, 1907 CE",https://en.wikipedia.org/wiki/October_22,1907-10-22,"October 22, 1907 CE",October 22 — Wikipedia,Exact day in source chronology,General historical chronology,Gregorian (source chronology),Target met,National or regional,Secondary reference chronology,20,Verified against source chronology,20,70
22,CE,1910,October,Date follows the Gregorian day chronology used by the source; for early events this may be a conventional/proleptic date.,,GHC-OCT-22-15,Cultural or educational event,Hawley Harvey Crippen (the first felon to be arrested with the help of radio) is convicted of poisoning his wife.,Hawley Harvey Crippen (the first felon to be arrested with the help of radio) is convicted of poisoning his wife.,"October 22, 1910 CE",https://en.wikipedia.org/wiki/October_22,1910-10-22,"October 22, 1910 CE",October 22 — Wikipedia,Exact day in source chronology,"Culture, literature and education",Gregorian (source chronology),Target met,National or regional,Secondary reference chronology,20,Verified against source chronology,20,70
22,CE,1923,October,Date follows the Gregorian day chronology used by the source; for early events this may be a conventional/proleptic date.,Europe,GHC-OCT-22-16,Conflict or political event,"The royalist Leonardopoulos–Gargalidis coup d'état attempt fails in Greece, discrediting the monarchy and paving the way for the establishment of the Second Hellenic Republic.","The royalist Leonardopoulos–Gargalidis coup d'état attempt fails in Greece, discrediting the monarchy and paving the way for the establishment of the Second Hellenic Republic.","October 22, 1923 CE",https://en.wikipedia.org/wiki/October_22,1923-10-22,"October 22, 1923 CE",October 22 — Wikipedia,Exact day in source chronology,Military and political history,Gregorian (source chronology),Target met,National or regional,Secondary reference chronology,20,Verified against source chronology,20,70
22,CE,1934,October,Date follows the Gregorian day chronology used by the source; for early events this may be a conventional/proleptic date.,,GHC-OCT-22-17,Historical event,"In East Liverpool, Ohio, FBI agents shoot and kill the notorious bank robber Pretty Boy Floyd.","In East Liverpool, Ohio, FBI agents shoot and kill the notorious bank robber Pretty Boy Floyd.","October 22, 1934 CE",https://en.wikipedia.org/wiki/October_22,1934-10-22,"October 22, 1934 CE",October 22 — Wikipedia,Exact day in source chronology,General historical chronology,Gregorian (source chronology),Target met,National or regional,Secondary reference chronology,20,Verified against source chronology,20,70
22,CE,1936,October,Date follows the Gregorian day chronology used by the source; for early events this may be a conventional/proleptic date.,,GHC-OCT-22-18,Historical event,"Dod Orsborne, captain of the Girl Pat is convicted of its theft and imprisoned, having caused a media sensation when it went missing.","Dod Orsborne, captain of the Girl Pat is convicted of its theft and imprisoned, having caused a media sensation when it went missing.","October 22, 1936 CE",https://en.wikipedia.org/wiki/October_22,1936-10-22,"October 22, 1936 CE",October 22 — Wikipedia,Exact day in source chronology,General historical chronology,Gregorian (source chronology),Target met,National or regional,Secondary reference chronology,20,Verified against source chronology,20,70
22,CE,1941,October,Date follows the Gregorian day chronology used by the source; for early events this may be a conventional/proleptic date.,,GHC-OCT-22-19,Conflict or political event,World War II: French resistance member Guy Môquet and 29 other hostages are executed by the Germans in retaliation for the death of a German officer.,World War II: French resistance member Guy Môquet and 29 other hostages are executed by the Germans in retaliation for the death of a German officer.,"October 22, 1941 CE",https://en.wikipedia.org/wiki/October_22,1941-10-22,"October 22, 1941 CE",October 22 — Wikipedia,Exact day in source chronology,Military and political history,Gregorian (source chronology),Target met,International,Secondary reference chronology,20,Verified against source chronology,20,70
22,CE,1943,October,Date follows the Gregorian day chronology used by the source; for early events this may be a conventional/proleptic date.,Europe,GHC-OCT-22-20,Conflict or political event,"World War II: In the second firestorm raid on Germany, the British Royal Air Force conducts an air raid on the town of Kassel, killing 10,000 and rendering 150,000 homeless.","World War II: In the second firestorm raid on Germany, the British Royal Air Force conducts an air raid on the town of Kassel, killing 10,000 and rendering 150,000 homeless.","October 22, 1943 CE",https://en.wikipedia.org/wiki/October_22,1943-10-22,"October 22, 1943 CE",October 22 — Wikipedia,Exact day in source chronology,Military and political history,Gregorian (source chronology),Target met,International,Secondary reference chronology,20,Verified against source chronology,20,70
23,CE,425,October,Date follows the Gregorian day chronology used by the source; for early events this may be a conventional/proleptic date.,,GHC-OCT-23-01,Political event,Valentinian III is elevated as Roman emperor at the age of six.,Valentinian III is elevated as Roman emperor at the age of six.,"October 23, 425 CE",https://en.wikipedia.org/wiki/October_23,0425-10-23,"October 23, 425 CE",October 23 — Wikipedia,Exact day in source chronology,Political and independence history,Gregorian (source chronology),Target met,National or regional,Secondary reference chronology,20,Verified against source chronology,20,70
23,CE,502,October,Date follows the Gregorian day chronology used by the source; for early events this may be a conventional/proleptic date.,,GHC-OCT-23-02,Political event,"The Synodus Palmaris, called by Gothic king Theoderic, absolves Pope Symmachus of all charges, thus ending the schism of Antipope Laurentius.","The Synodus Palmaris, called by Gothic king Theoderic, absolves Pope Symmachus of all charges, thus ending the schism of Antipope Laurentius.","October 23, 502 CE",https://en.wikipedia.org/wiki/October_23,0502-10-23,"October 23, 502 CE",October 23 — Wikipedia,Exact day in source chronology,Political and independence history,Gregorian (source chronology),Target met,National or regional,Secondary reference chronology,20,Verified against source chronology,20,70
23,CE,1086,October,Date follows the Gregorian day chronology used by the source; for early events this may be a conventional/proleptic date.,,GHC-OCT-23-03,Conflict or political event,"Spanish Reconquista: At the Battle of Sagrajas, the Almoravids defeat the Castilians, but are unable to take advantage of their victory.","Spanish Reconquista: At the Battle of Sagrajas, the Almoravids defeat the Castilians, but are unable to take advantage of their victory.","October 23, 1086 CE",https://en.wikipedia.org/wiki/October_23,1086-10-23,"October 23, 1086 CE",October 23 — Wikipedia,Exact day in source chronology,Military and political history,Gregorian (source chronology),Target met,National or regional,Secondary reference chronology,20,Verified against source chronology,20,70
23,CE,1157,October,Date follows the Gregorian day chronology used by the source; for early events this may be a conventional/proleptic date.,,GHC-OCT-23-04,Conflict or political event,The Battle of Grathe Heath ends the Danish Civil War.,The Battle of Grathe Heath ends the Danish Civil War.,"October 23, 1157 CE",https://en.wikipedia.org/wiki/October_23,1157-10-23,"October 23, 1157 CE",October 23 — Wikipedia,Exact day in source chronology,Military and political history,Gregorian (source chronology),Target met,National or regional,Secondary reference chronology,20,Verified against source chronology,20,70
23,CE,1295,October,Date follows the Gregorian day chronology used by the source; for early events this may be a conventional/proleptic date.,Europe,GHC-OCT-23-05,Political event,The first treaty forming the Auld Alliance between Scotland and France against England is signed in Paris.,The first treaty forming the Auld Alliance between Scotland and France against England is signed in Paris.,"October 23, 1295 CE",https://en.wikipedia.org/wiki/October_23,1295-10-23,"October 23, 1295 CE",October 23 — Wikipedia,Exact day in source chronology,Political and independence history,Gregorian (source chronology),Target met,National or regional,Secondary reference chronology,20,Verified against source chronology,20,70
23,CE,1448,October,Date follows the Gregorian day chronology used by the source; for early events this may be a conventional/proleptic date.,Europe,GHC-OCT-23-06,Conflict or political event,"Scotland wins a decisive victory over England at the Battle of Sark, the last pitched battle to be fought between the two kingdoms during the Medieval period.","Scotland wins a decisive victory over England at the Battle of Sark, the last pitched battle to be fought between the two kingdoms during the Medieval period.","October 23, 1448 CE",https://en.wikipedia.org/wiki/October_23,1448-10-23,"October 23, 1448 CE",October 23 — Wikipedia,Exact day in source chronology,Military and political history,Gregorian (source chronology),Target met,National or regional,Secondary reference chronology,20,Verified against source chronology,20,70
23,CE,1641,October,Date follows the Gregorian day chronology used by the source; for early events this may be a conventional/proleptic date.,Europe,GHC-OCT-23-07,Religious event,"Irish Catholic gentry from Ulster attempt to seize control of Dublin Castle, the seat of English rule in Ireland, so as to force concessions.","Irish Catholic gentry from Ulster attempt to seize control of Dublin Castle, the seat of English rule in Ireland, so as to force concessions.","October 23, 1641 CE",https://en.wikipedia.org/wiki/October_23,1641-10-23,"October 23, 1641 CE",October 23 — Wikipedia,Exact day in source chronology,Religion and philosophy,Gregorian (source chronology),Target met,National or regional,Secondary reference chronology,20,Verified against source chronology,20,70
23,CE,1642,October,Date follows the Gregorian day chronology used by the source; for early events this may be a conventional/proleptic date.,,GHC-OCT-23-08,Conflict or political event,The Battle of Edgehill is the first major battle of the English Civil War.,The Battle of Edgehill is the first major battle of the English Civil War.,"October 23, 1642 CE",https://en.wikipedia.org/wiki/October_23,1642-10-23,"October 23, 1642 CE",October 23 — Wikipedia,Exact day in source chronology,Military and political history,Gregorian (source chronology),Target met,National or regional,Secondary reference chronology,20,Verified against source chronology,20,70
23,CE,1666,October,Date follows the Gregorian day chronology used by the source; for early events this may be a conventional/proleptic date.,,GHC-OCT-23-09,Historical event,"The most intense tornado on record in English history, an F4 storm on the Fujita scale or T8 on the TORRO scale, strikes the county of Lincolnshire, with winds of more than 213 miles per hour (343 km/h).","The most intense tornado on record in English history, an F4 storm on the Fujita scale or T8 on the TORRO scale, strikes the county of Lincolnshire, with winds of more than 213 miles per hour (343 km/h).","October 23, 1666 CE",https://en.wikipedia.org/wiki/October_23,1666-10-23,"October 23, 1666 CE",October 23 — Wikipedia,Exact day in source chronology,General historical chronology,Gregorian (source chronology),Target met,National or regional,Secondary reference chronology,20,Verified against source chronology,20,70
23,CE,1707,October,Date follows the Gregorian day chronology used by the source; for early events this may be a conventional/proleptic date.,Europe,GHC-OCT-23-10,Political event,The First Parliament of the Kingdom of Great Britain convenes.,The First Parliament of the Kingdom of Great Britain convenes.,"October 23, 1707 CE",https://en.wikipedia.org/wiki/October_23,1707-10-23,"October 23, 1707 CE",October 23 — Wikipedia,Exact day in source chronology,Political and independence history,Gregorian (source chronology),Target met,National or regional,Secondary reference chronology,20,Verified against source chronology,20,70
23,CE,1798,October,Date follows the Gregorian day chronology used by the source; for early events this may be a conventional/proleptic date.,,GHC-OCT-23-11,Conflict or political event,The forces of Ali Pasha of Janina defeat the French and capture the town of Preveza in the Battle of Nicopolis.,The forces of Ali Pasha of Janina defeat the French and capture the town of Preveza in the Battle of Nicopolis.,"October 23, 1798 CE",https://en.wikipedia.org/wiki/October_23,1798-10-23,"October 23, 1798 CE",October 23 — Wikipedia,Exact day in source chronology,Military and political history,Gregorian (source chronology),Target met,National or regional,Secondary reference chronology,20,Verified against source chronology,20,70
23,CE,1812,October,Date follows the Gregorian day chronology used by the source; for early events this may be a conventional/proleptic date.,Europe,GHC-OCT-23-12,Political event,"General Claude François de Malet begins a conspiracy to overthrow Napoleon, claiming that the Emperor died in the Russian campaign.","General Claude François de Malet begins a conspiracy to overthrow Napoleon, claiming that the Emperor died in the Russian campaign.","October 23, 1812 CE",https://en.wikipedia.org/wiki/October_23,1812-10-23,"October 23, 1812 CE",October 23 — Wikipedia,Exact day in source chronology,Political and independence history,Gregorian (source chronology),Target met,National or regional,Secondary reference chronology,20,Verified against source chronology,20,70
23,CE,1850,October,Date follows the Gregorian day chronology used by the source; for early events this may be a conventional/proleptic date.,,GHC-OCT-23-13,Historical event,"The first National Women's Rights Convention begins in Worcester, Massachusetts.","The first National Women's Rights Convention begins in Worcester, Massachusetts.","October 23, 1850 CE",https://en.wikipedia.org/wiki/October_23,1850-10-23,"October 23, 1850 CE",October 23 — Wikipedia,Exact day in source chronology,General historical chronology,Gregorian (source chronology),Target met,National or regional,Secondary reference chronology,20,Verified against source chronology,20,70
23,CE,1906,October,Date follows the Gregorian day chronology used by the source; for early events this may be a conventional/proleptic date.,,GHC-OCT-23-14,Historical event,Alberto Santos-Dumont flies an airplane in the first heavier-than-air flight in Europe.,Alberto Santos-Dumont flies an airplane in the first heavier-than-air flight in Europe.,"October 23, 1906 CE",https://en.wikipedia.org/wiki/October_23,1906-10-23,"October 23, 1906 CE",October 23 — Wikipedia,Exact day in source chronology,General historical chronology,Gregorian (source chronology),Target met,National or regional,Secondary reference chronology,20,Verified against source chronology,20,70
23,CE,1911,October,Date follows the Gregorian day chronology used by the source; for early events this may be a conventional/proleptic date.,,GHC-OCT-23-15,Conflict or political event,The Italo-Turkish War sees the first use of an airplane in combat when an Italian pilot makes a reconnaissance flight.,The Italo-Turkish War sees the first use of an airplane in combat when an Italian pilot makes a reconnaissance flight.,"October 23, 1911 CE",https://en.wikipedia.org/wiki/October_23,1911-10-23,"October 23, 1911 CE",October 23 — Wikipedia,Exact day in source chronology,Military and political history,Gregorian (source chronology),Target met,National or regional,Secondary reference chronology,20,Verified against source chronology,20,70
23,CE,1912,October,Date follows the Gregorian day chronology used by the source; for early events this may be a conventional/proleptic date.,Europe,GHC-OCT-23-16,Conflict or political event,First Balkan War: The Battle of Kumanovo between the Serbian and Ottoman armies begins.,First Balkan War: The Battle of Kumanovo between the Serbian and Ottoman armies begins.,"October 23, 1912 CE",https://en.wikipedia.org/wiki/October_23,1912-10-23,"October 23, 1912 CE",October 23 — Wikipedia,Exact day in source chronology,Military and political history,Gregorian (source chronology),Target met,National or regional,Secondary reference chronology,20,Verified against source chronology,20,70
23,CE,1923,October,Date follows the Gregorian day chronology used by the source; for early events this may be a conventional/proleptic date.,Europe,GHC-OCT-23-17,Historical event,"German October: Due to a miscommunication with the party leadership, a militant section of the Communist Party of Germany launches an insurrection in Hamburg.","German October: Due to a miscommunication with the party leadership, a militant section of the Communist Party of Germany launches an insurrection in Hamburg.","October 23, 1923 CE",https://en.wikipedia.org/wiki/October_23,1923-10-23,"October 23, 1923 CE",October 23 — Wikipedia,Exact day in source chronology,General historical chronology,Gregorian (source chronology),Target met,National or regional,Secondary reference chronology,20,Verified against source chronology,20,70
23,CE,1924,October,Date follows the Gregorian day chronology used by the source; for early events this may be a conventional/proleptic date.,Asia,GHC-OCT-23-18,Conflict or political event,"Second Zhili–Fengtian War: Warlord Feng Yuxiang, with the covert support of the Empire of Japan, stages a coup in Beijing against his erstwhile superiors in the Zhili clique, crippling their nearly victorious war effort against the Fengtian clique and forcing them to withdraw from northern China.","Second Zhili–Fengtian War: Warlord Feng Yuxiang, with the covert support of the Empire of Japan, stages a coup in Beijing against his erstwhile superiors in the Zhili clique, crippling their nearly victorious war effort ","October 23, 1924 CE",https://en.wikipedia.org/wiki/October_23,1924-10-23,"October 23, 1924 CE",October 23 — Wikipedia,Exact day in source chronology,Military and political history,Gregorian (source chronology),Target met,International,Secondary reference chronology,20,Verified against source chronology,20,70
23,CE,1927,October,Date follows the Gregorian day chronology used by the source; for early events this may be a conventional/proleptic date.,Europe,GHC-OCT-23-19,Disaster,"The Imatra Cinema is destroyed in a fire in Tampere, Finland, during showing the 1924 film Wages of Virtue; 21 people die in the fire and almost 30 are injured.","The Imatra Cinema is destroyed in a fire in Tampere, Finland, during showing the 1924 film Wages of Virtue; 21 people die in the fire and almost 30 are injured.","October 23, 1927 CE",https://en.wikipedia.org/wiki/October_23,1927-10-23,"October 23, 1927 CE",October 23 — Wikipedia,Exact day in source chronology,Disaster history,Gregorian (source chronology),Target met,National or regional,Secondary reference chronology,20,Verified against source chronology,20,70
23,CE,1940,October,Date follows the Gregorian day chronology used by the source; for early events this may be a conventional/proleptic date.,Europe,GHC-OCT-23-20,Conflict or political event,Adolf Hitler and Francisco Franco meet at Hendaye to discuss the possibility of Spain entering the Second World War.,Adolf Hitler and Francisco Franco meet at Hendaye to discuss the possibility of Spain entering the Second World War.,"October 23, 1940 CE",https://en.wikipedia.org/wiki/October_23,1940-10-23,"October 23, 1940 CE",October 23 — Wikipedia,Exact day in source chronology,Military and political history,Gregorian (source chronology),Target met,International,Secondary reference chronology,20,Verified against source chronology,20,70
24,CE,1260,October,Date follows the Gregorian day chronology used by the source; for early events this may be a conventional/proleptic date.,Europe,GHC-OCT-24-01,Political event,Chartres Cathedral is dedicated in the presence of King Louis IX of France.,Chartres Cathedral is dedicated in the presence of King Louis IX of France.,"October 24, 1260 CE",https://en.wikipedia.org/wiki/October_24,1260-10-24,"October 24, 1260 CE",October 24 — Wikipedia,Exact day in source chronology,Political and independence history,Gregorian (source chronology),Target met,National or regional,Secondary reference chronology,20,Verified against source chronology,20,70
24,CE,1260,October,Date follows the Gregorian day chronology used by the source; for early events this may be a conventional/proleptic date.,Africa,GHC-OCT-24-02,Conflict or political event,"After defeating the Mongols at the Battle of Ain Jalut and assassinating the previous Mamluk sultan, Qutuz, Baybars ascends to the Egyptian throne as the fourth sultan of the Mamluk Sultanate.","After defeating the Mongols at the Battle of Ain Jalut and assassinating the previous Mamluk sultan, Qutuz, Baybars ascends to the Egyptian throne as the fourth sultan of the Mamluk Sultanate.","October 24, 1260 CE",https://en.wikipedia.org/wiki/October_24,1260-10-24,"October 24, 1260 CE",October 24 — Wikipedia,Exact day in source chronology,Military and political history,Gregorian (source chronology),Target met,International,Secondary reference chronology,20,Verified against source chronology,20,70
24,CE,1360,October,Date follows the Gregorian day chronology used by the source; for early events this may be a conventional/proleptic date.,,GHC-OCT-24-03,Conflict or political event,"The Treaty of Brétigny is ratified, marking the end of the first phase of the Hundred Years' War.","The Treaty of Brétigny is ratified, marking the end of the first phase of the Hundred Years' War.","October 24, 1360 CE",https://en.wikipedia.org/wiki/October_24,1360-10-24,"October 24, 1360 CE",October 24 — Wikipedia,Exact day in source chronology,Military and political history,Gregorian (source chronology),Target met,International,Secondary reference chronology,20,Verified against source chronology,20,70
24,CE,1590,October,Date follows the Gregorian day chronology used by the source; for early events this may be a conventional/proleptic date.,Europe,GHC-OCT-24-04,Historical event,"John White, the governor of the second Roanoke Colony, returns to England after an unsuccessful search for the ""lost"" colonists.","John White, the governor of the second Roanoke Colony, returns to England after an unsuccessful search for the ""lost"" colonists.","October 24, 1590 CE",https://en.wikipedia.org/wiki/October_24,1590-10-24,"October 24, 1590 CE",October 24 — Wikipedia,Exact day in source chronology,General historical chronology,Gregorian (source chronology),Target met,National or regional,Secondary reference chronology,20,Verified against source chronology,20,70
24,CE,1596,October,Date follows the Gregorian day chronology used by the source; for early events this may be a conventional/proleptic date.,Europe,GHC-OCT-24-05,Historical event,"The second Spanish armada sets sail to strike against England, but is smashed by storms off Cape Finisterre forcing a retreat to port.","The second Spanish armada sets sail to strike against England, but is smashed by storms off Cape Finisterre forcing a retreat to port.","October 24, 1596 CE",https://en.wikipedia.org/wiki/October_24,1596-10-24,"October 24, 1596 CE",October 24 — Wikipedia,Exact day in source chronology,General historical chronology,Gregorian (source chronology),Target met,National or regional,Secondary reference chronology,20,Verified against source chronology,20,70
24,CE,1378,October,Date follows the Gregorian day chronology used by the source; for early events this may be a conventional/proleptic date.,Europe,GHC-OCT-24-06,Conflict or political event,"David Stewart, Duke of Rothesay heir to the throne of Scotland (died 1402)","David Stewart, Duke of Rothesay heir to the throne of Scotland (died 1402)","October 24, 1378 CE",https://en.wikipedia.org/wiki/October_24,1378-10-24,"October 24, 1378 CE",October 24 — Wikipedia,Exact day in source chronology,Military and political history,Gregorian (source chronology),Target met,National or regional,Secondary reference chronology,20,Verified against source chronology,20,70
24,CE,1641,October,Date follows the Gregorian day chronology used by the source; for early events this may be a conventional/proleptic date.,Europe,GHC-OCT-24-07,Political event,"Felim O'Neill of Kinard, the leader of the Irish Rebellion, issues his Proclamation of Dungannon, justifying the uprising and declaring continued loyalty to King Charles I of England.","Felim O'Neill of Kinard, the leader of the Irish Rebellion, issues his Proclamation of Dungannon, justifying the uprising and declaring continued loyalty to King Charles I of England.","October 24, 1641 CE",https://en.wikipedia.org/wiki/October_24,1641-10-24,"October 24, 1641 CE",October 24 — Wikipedia,Exact day in source chronology,Political and independence history,Gregorian (source chronology),Target met,National or regional,Secondary reference chronology,20,Verified against source chronology,20,70
24,CE,1648,October,Date follows the Gregorian day chronology used by the source; for early events this may be a conventional/proleptic date.,,GHC-OCT-24-08,Conflict or political event,"The Peace of Westphalia is signed, marking the end of the Thirty Years' War and the Eighty Years' War.","The Peace of Westphalia is signed, marking the end of the Thirty Years' War and the Eighty Years' War.","October 24, 1648 CE",https://en.wikipedia.org/wiki/October_24,1648-10-24,"October 24, 1648 CE",October 24 — Wikipedia,Exact day in source chronology,Military and political history,Gregorian (source chronology),Target met,National or regional,Secondary reference chronology,20,Verified against source chronology,20,70
24,CE,1795,October,Date follows the Gregorian day chronology used by the source; for early events this may be a conventional/proleptic date.,Europe,GHC-OCT-24-09,Historical event,"Poland is completely consumed by Russia, Prussia and Austria.","Poland is completely consumed by Russia, Prussia and Austria.","October 24, 1795 CE",https://en.wikipedia.org/wiki/October_24,1795-10-24,"October 24, 1795 CE",October 24 — Wikipedia,Exact day in source chronology,General historical chronology,Gregorian (source chronology),Target met,National or regional,Secondary reference chronology,20,Verified against source chronology,20,70
24,CE,1812,October,Date follows the Gregorian day chronology used by the source; for early events this may be a conventional/proleptic date.,Europe,GHC-OCT-24-10,Conflict or political event,Napoleonic Wars: The Battle of Maloyaroslavets takes place near Moscow.,Napoleonic Wars: The Battle of Maloyaroslavets takes place near Moscow.,"October 24, 1812 CE",https://en.wikipedia.org/wiki/October_24,1812-10-24,"October 24, 1812 CE",October 24 — Wikipedia,Exact day in source chronology,Military and political history,Gregorian (source chronology),Target met,National or regional,Secondary reference chronology,20,Verified against source chronology,20,70
24,CE,1813,October,Date follows the Gregorian day chronology used by the source; for early events this may be a conventional/proleptic date.,Europe,GHC-OCT-24-11,Conflict or political event,"Treaty of Gulistan: The Russo-Persian War of 1804-1813 comes to a close with the signing of the Treaty of Gulistan, under which terms Qajar Iran agrees to cede the bulk of its Caucasian territories, which comprise much of modern Dagestan, Georgia, Armenia, and Azerbaijan, to the Russian Empire.","Treaty of Gulistan: The Russo-Persian War of 1804-1813 comes to a close with the signing of the Treaty of Gulistan, under which terms Qajar Iran agrees to cede the bulk of its Caucasian territories, which comprise much o","October 24, 1813 CE",https://en.wikipedia.org/wiki/October_24,1813-10-24,"October 24, 1813 CE",October 24 — Wikipedia,Exact day in source chronology,Military and political history,Gregorian (source chronology),Target met,International,Secondary reference chronology,20,Verified against source chronology,20,70
24,CE,1851,October,Date follows the Gregorian day chronology used by the source; for early events this may be a conventional/proleptic date.,,GHC-OCT-24-12,Scientific or technological event,William Lassell discovers the moons Umbriel and Ariel orbiting Uranus.,William Lassell discovers the moons Umbriel and Ariel orbiting Uranus.,"October 24, 1851 CE",https://en.wikipedia.org/wiki/October_24,1851-10-24,"October 24, 1851 CE",October 24 — Wikipedia,Exact day in source chronology,"Science, technology and space",Gregorian (source chronology),Target met,National or regional,Secondary reference chronology,20,Verified against source chronology,20,70
24,CE,1857,October,Date follows the Gregorian day chronology used by the source; for early events this may be a conventional/proleptic date.,Europe,GHC-OCT-24-13,Cultural or educational event,"Sheffield F.C., the world's oldest association football club still in operation, is founded in England.","Sheffield F.C., the world's oldest association football club still in operation, is founded in England.","October 24, 1857 CE",https://en.wikipedia.org/wiki/October_24,1857-10-24,"October 24, 1857 CE",October 24 — Wikipedia,Exact day in source chronology,"Culture, literature and education",Gregorian (source chronology),Target met,National or regional,Secondary reference chronology,20,Verified against source chronology,20,70
24,CE,1901,October,Date follows the Gregorian day chronology used by the source; for early events this may be a conventional/proleptic date.,,GHC-OCT-24-14,Historical event,Annie Edson Taylor becomes the first person to go over Niagara Falls in a barrel.,Annie Edson Taylor becomes the first person to go over Niagara Falls in a barrel.,"October 24, 1901 CE",https://en.wikipedia.org/wiki/October_24,1901-10-24,"October 24, 1901 CE",October 24 — Wikipedia,Exact day in source chronology,General historical chronology,Gregorian (source chronology),Target met,National or regional,Secondary reference chronology,20,Verified against source chronology,20,70
24,CE,1902,October,Date follows the Gregorian day chronology used by the source; for early events this may be a conventional/proleptic date.,Americas,GHC-OCT-24-15,Disaster,"Guatemala's Santa María volcano begins to erupt, becoming the third-largest eruption of the 20th century.","Guatemala's Santa María volcano begins to erupt, becoming the third-largest eruption of the 20th century.","October 24, 1902 CE",https://en.wikipedia.org/wiki/October_24,1902-10-24,"October 24, 1902 CE",October 24 — Wikipedia,Exact day in source chronology,Disaster history,Gregorian (source chronology),Target met,National or regional,Secondary reference chronology,20,Verified against source chronology,20,70
24,CE,1911,October,Date follows the Gregorian day chronology used by the source; for early events this may be a conventional/proleptic date.,,GHC-OCT-24-16,Historical event,"Orville Wright remains in the air for nine minutes and 45 seconds in a glider at Kill Devil Hills, North Carolina.","Orville Wright remains in the air for nine minutes and 45 seconds in a glider at Kill Devil Hills, North Carolina.","October 24, 1911 CE",https://en.wikipedia.org/wiki/October_24,1911-10-24,"October 24, 1911 CE",October 24 — Wikipedia,Exact day in source chronology,General historical chronology,Gregorian (source chronology),Target met,National or regional,Secondary reference chronology,20,Verified against source chronology,20,70
24,CE,1912,October,Date follows the Gregorian day chronology used by the source; for early events this may be a conventional/proleptic date.,Middle East,GHC-OCT-24-17,Conflict or political event,First Balkan War: The Battle of Kirk Kilisse concludes with a Bulgarian victory against the Ottoman Empire.,First Balkan War: The Battle of Kirk Kilisse concludes with a Bulgarian victory against the Ottoman Empire.,"October 24, 1912 CE",https://en.wikipedia.org/wiki/October_24,1912-10-24,"October 24, 1912 CE",October 24 — Wikipedia,Exact day in source chronology,Military and political history,Gregorian (source chronology),Target met,International,Secondary reference chronology,20,Verified against source chronology,20,70
24,CE,1912,October,Date follows the Gregorian day chronology used by the source; for early events this may be a conventional/proleptic date.,Europe,GHC-OCT-24-18,Conflict or political event,First Balkan War: The Battle of Kumanovo concludes with the Serbian victory against the Ottoman Empire.,First Balkan War: The Battle of Kumanovo concludes with the Serbian victory against the Ottoman Empire.,"October 24, 1912 CE",https://en.wikipedia.org/wiki/October_24,1912-10-24,"October 24, 1912 CE",October 24 — Wikipedia,Exact day in source chronology,Military and political history,Gregorian (source chronology),Target met,International,Secondary reference chronology,20,Verified against source chronology,20,70
24,CE,1917,October,Date follows the Gregorian day chronology used by the source; for early events this may be a conventional/proleptic date.,Europe,GHC-OCT-24-19,Conflict or political event,World War I: Italy suffers a disastrous defeat at the Battle of Caporetto on the Austro-Italian front.,World War I: Italy suffers a disastrous defeat at the Battle of Caporetto on the Austro-Italian front.,"October 24, 1917 CE",https://en.wikipedia.org/wiki/October_24,1917-10-24,"October 24, 1917 CE",October 24 — Wikipedia,Exact day in source chronology,Military and political history,Gregorian (source chronology),Target met,International,Secondary reference chronology,20,Verified against source chronology,20,70
24,CE,1918,October,Date follows the Gregorian day chronology used by the source; for early events this may be a conventional/proleptic date.,,GHC-OCT-24-20,Conflict or political event,World War I: Italian victory in the Battle of Vittorio Veneto.,World War I: Italian victory in the Battle of Vittorio Veneto.,"October 24, 1918 CE",https://en.wikipedia.org/wiki/October_24,1918-10-24,"October 24, 1918 CE",October 24 — Wikipedia,Exact day in source chronology,Military and political history,Gregorian (source chronology),Target met,International,Secondary reference chronology,20,Verified against source chronology,20,70
25,CE,473,October,Date follows the Gregorian day chronology used by the source; for early events this may be a conventional/proleptic date.,,GHC-OCT-25-01,Political event,Emperor Leo I acclaims his grandson Leo II as Caesar of the East Roman Empire.,Emperor Leo I acclaims his grandson Leo II as Caesar of the East Roman Empire.,"October 25, 473 CE",https://en.wikipedia.org/wiki/25_October,0473-10-25,"October 25, 473 CE",October 25 — Wikipedia,Exact day in source chronology,Political and independence history,Gregorian (source chronology),Target met,International,Secondary reference chronology,20,Verified against source chronology,20,70
25,CE,1147,October,Date follows the Gregorian day chronology used by the source; for early events this may be a conventional/proleptic date.,,GHC-OCT-25-02,Conflict or political event,Seljuk Turks defeat German crusaders under Conrad III at the Battle of Dorylaeum.,Seljuk Turks defeat German crusaders under Conrad III at the Battle of Dorylaeum.,"October 25, 1147 CE",https://en.wikipedia.org/wiki/25_October,1147-10-25,"October 25, 1147 CE",October 25 — Wikipedia,Exact day in source chronology,Military and political history,Gregorian (source chronology),Target met,National or regional,Secondary reference chronology,20,Verified against source chronology,20,70
25,CE,1147,October,Date follows the Gregorian day chronology used by the source; for early events this may be a conventional/proleptic date.,,GHC-OCT-25-03,Conflict or political event,"Reconquista: After a siege of four months, crusader knights conquer Lisbon.","Reconquista: After a siege of four months, crusader knights conquer Lisbon.","October 25, 1147 CE",https://en.wikipedia.org/wiki/25_October,1147-10-25,"October 25, 1147 CE",October 25 — Wikipedia,Exact day in source chronology,Military and political history,Gregorian (source chronology),Target met,National or regional,Secondary reference chronology,20,Verified against source chronology,20,70
25,CE,1415,October,Date follows the Gregorian day chronology used by the source; for early events this may be a conventional/proleptic date.,Europe,GHC-OCT-25-04,Conflict or political event,"Hundred Years' War: Henry V of England, with his lightly armoured infantry and archers, defeats the heavily armoured French cavalry in the Battle of Agincourt.","Hundred Years' War: Henry V of England, with his lightly armoured infantry and archers, defeats the heavily armoured French cavalry in the Battle of Agincourt.","October 25, 1415 CE",https://en.wikipedia.org/wiki/25_October,1415-10-25,"October 25, 1415 CE",October 25 — Wikipedia,Exact day in source chronology,Military and political history,Gregorian (source chronology),Target met,National or regional,Secondary reference chronology,20,Verified against source chronology,20,70
25,CE,840,October,Date follows the Gregorian day chronology used by the source; for early events this may be a conventional/proleptic date.,,GHC-OCT-25-05,Historical event,"Ya'qub ibn al-Layth al-Saffar, founder of the Saffarid dynasty (died 879)","Ya'qub ibn al-Layth al-Saffar, founder of the Saffarid dynasty (died 879)","October 25, 840 CE",https://en.wikipedia.org/wiki/25_October,0840-10-25,"October 25, 840 CE",October 25 — Wikipedia,Exact day in source chronology,General historical chronology,Gregorian (source chronology),Target met,National or regional,Secondary reference chronology,20,Verified against source chronology,20,70
25,CE,1102,October,Date follows the Gregorian day chronology used by the source; for early events this may be a conventional/proleptic date.,,GHC-OCT-25-06,Historical event,"William Clito, French son of Sybilla of Conversano (died 1128)","William Clito, French son of Sybilla of Conversano (died 1128)","October 25, 1102 CE",https://en.wikipedia.org/wiki/25_October,1102-10-25,"October 25, 1102 CE",October 25 — Wikipedia,Exact day in source chronology,General historical chronology,Gregorian (source chronology),Target met,National or regional,Secondary reference chronology,20,Verified against source chronology,20,70
25,CE,1616,October,Date follows the Gregorian day chronology used by the source; for early events this may be a conventional/proleptic date.,Oceania,GHC-OCT-25-07,Historical event,"Dutch sea-captain Dirk Hartog makes the second recorded landfall by a European on Australian soil, at the later-named Dirk Hartog Island off the West Australian coast.","Dutch sea-captain Dirk Hartog makes the second recorded landfall by a European on Australian soil, at the later-named Dirk Hartog Island off the West Australian coast.","October 25, 1616 CE",https://en.wikipedia.org/wiki/25_October,1616-10-25,"October 25, 1616 CE",October 25 — Wikipedia,Exact day in source chronology,General historical chronology,Gregorian (source chronology),Target met,National or regional,Secondary reference chronology,20,Verified against source chronology,20,70
25,CE,1747,October,Date follows the Gregorian day chronology used by the source; for early events this may be a conventional/proleptic date.,Europe,GHC-OCT-25-08,Conflict or political event,War of the Austrian Succession: A British fleet under Admiral Edward Hawke defeats the French at the Second Battle of Cape Finisterre.,War of the Austrian Succession: A British fleet under Admiral Edward Hawke defeats the French at the Second Battle of Cape Finisterre.,"October 25, 1747 CE",https://en.wikipedia.org/wiki/25_October,1747-10-25,"October 25, 1747 CE",October 25 — Wikipedia,Exact day in source chronology,Military and political history,Gregorian (source chronology),Target met,National or regional,Secondary reference chronology,20,Verified against source chronology,20,70
25,CE,1760,October,Date follows the Gregorian day chronology used by the source; for early events this may be a conventional/proleptic date.,,GHC-OCT-25-09,Political event,King George III succeeds to the British throne on the death of his grandfather George II.,King George III succeeds to the British throne on the death of his grandfather George II.,"October 25, 1760 CE",https://en.wikipedia.org/wiki/25_October,1760-10-25,"October 25, 1760 CE",October 25 — Wikipedia,Exact day in source chronology,Political and independence history,Gregorian (source chronology),Target met,National or regional,Secondary reference chronology,20,Verified against source chronology,20,70
25,CE,1809,October,Date follows the Gregorian day chronology used by the source; for early events this may be a conventional/proleptic date.,Europe,GHC-OCT-25-10,Historical event,Golden Jubilee of George III is celebrated in Britain as he begins the fiftieth year of his reign.,Golden Jubilee of George III is celebrated in Britain as he begins the fiftieth year of his reign.,"October 25, 1809 CE",https://en.wikipedia.org/wiki/25_October,1809-10-25,"October 25, 1809 CE",October 25 — Wikipedia,Exact day in source chronology,General historical chronology,Gregorian (source chronology),Target met,National or regional,Secondary reference chronology,20,Verified against source chronology,20,70
25,CE,1812,October,Date follows the Gregorian day chronology used by the source; for early events this may be a conventional/proleptic date.,Americas,GHC-OCT-25-11,Conflict or political event,"War of 1812: The American frigate, USS United States, commanded by Stephen Decatur, captures the British frigate HMS Macedonian.","War of 1812: The American frigate, USS United States, commanded by Stephen Decatur, captures the British frigate HMS Macedonian.","October 25, 1812 CE",https://en.wikipedia.org/wiki/25_October,1812-10-25,"October 25, 1812 CE",October 25 — Wikipedia,Exact day in source chronology,Military and political history,Gregorian (source chronology),Target met,National or regional,Secondary reference chronology,20,Verified against source chronology,20,70
25,CE,1822,October,Date follows the Gregorian day chronology used by the source; for early events this may be a conventional/proleptic date.,,GHC-OCT-25-12,Conflict or political event,Greek War of Independence: The First Siege of Missolonghi begins.,Greek War of Independence: The First Siege of Missolonghi begins.,"October 25, 1822 CE",https://en.wikipedia.org/wiki/25_October,1822-10-25,"October 25, 1822 CE",October 25 — Wikipedia,Exact day in source chronology,Military and political history,Gregorian (source chronology),Target met,National or regional,Secondary reference chronology,20,Verified against source chronology,20,70
25,CE,1854,October,Date follows the Gregorian day chronology used by the source; for early events this may be a conventional/proleptic date.,,GHC-OCT-25-13,Conflict or political event,The Battle of Balaclava takes place during the Crimean War. It is soon memorialized in verse as The Charge of the Light Brigade.,The Battle of Balaclava takes place during the Crimean War. It is soon memorialized in verse as The Charge of the Light Brigade.,"October 25, 1854 CE",https://en.wikipedia.org/wiki/25_October,1854-10-25,"October 25, 1854 CE",October 25 — Wikipedia,Exact day in source chronology,Military and political history,Gregorian (source chronology),Target met,National or regional,Secondary reference chronology,20,Verified against source chronology,20,70
25,CE,1911,October,Date follows the Gregorian day chronology used by the source; for early events this may be a conventional/proleptic date.,,GHC-OCT-25-14,Conflict or political event,"The Xinhai Revolution spreads to Guangzhou, where the Qing general Fengshan is assassinated by the Chinese Assassination Corps.","The Xinhai Revolution spreads to Guangzhou, where the Qing general Fengshan is assassinated by the Chinese Assassination Corps.","October 25, 1911 CE",https://en.wikipedia.org/wiki/25_October,1911-10-25,"October 25, 1911 CE",October 25 — Wikipedia,Exact day in source chronology,Military and political history,Gregorian (source chronology),Target met,National or regional,Secondary reference chronology,20,Verified against source chronology,20,70
25,CE,1917,October,Date follows the Gregorian day chronology used by the source; for early events this may be a conventional/proleptic date.,Europe,GHC-OCT-25-15,Conflict or political event,Old Style date of the October Revolution in Russia.,Old Style date of the October Revolution in Russia.,"October 25, 1917 CE",https://en.wikipedia.org/wiki/25_October,1917-10-25,"October 25, 1917 CE",October 25 — Wikipedia,Exact day in source chronology,Military and political history,Gregorian (source chronology),Target met,National or regional,Secondary reference chronology,20,Verified against source chronology,20,70
25,CE,1920,October,Date follows the Gregorian day chronology used by the source; for early events this may be a conventional/proleptic date.,Europe,GHC-OCT-25-16,Historical event,"After 74 days on hunger strike in Brixton Prison, England, the Sinn Féin Lord Mayor of Cork, Terence MacSwiney dies.","After 74 days on hunger strike in Brixton Prison, England, the Sinn Féin Lord Mayor of Cork, Terence MacSwiney dies.","October 25, 1920 CE",https://en.wikipedia.org/wiki/25_October,1920-10-25,"October 25, 1920 CE",October 25 — Wikipedia,Exact day in source chronology,General historical chronology,Gregorian (source chronology),Target met,National or regional,Secondary reference chronology,20,Verified against source chronology,20,70
25,CE,1924,October,Date follows the Gregorian day chronology used by the source; for early events this may be a conventional/proleptic date.,,GHC-OCT-25-17,Political event,"The Zinoviev letter, which Zinoviev himself denied writing, is published in the Daily Mail; the Labour party would later blame this letter for the Conservatives' landslide election win four days later.","The Zinoviev letter, which Zinoviev himself denied writing, is published in the Daily Mail; the Labour party would later blame this letter for the Conservatives' landslide election win four days later.","October 25, 1924 CE",https://en.wikipedia.org/wiki/25_October,1924-10-25,"October 25, 1924 CE",October 25 — Wikipedia,Exact day in source chronology,Political and independence history,Gregorian (source chronology),Target met,National or regional,Secondary reference chronology,20,Verified against source chronology,20,70
25,CE,1927,October,Date follows the Gregorian day chronology used by the source; for early events this may be a conventional/proleptic date.,Americas,GHC-OCT-25-18,Disaster,"The Italian luxury liner SS Principessa Mafalda sinks off the coast of Brazil, killing 314.","The Italian luxury liner SS Principessa Mafalda sinks off the coast of Brazil, killing 314.","October 25, 1927 CE",https://en.wikipedia.org/wiki/25_October,1927-10-25,"October 25, 1927 CE",October 25 — Wikipedia,Exact day in source chronology,Disaster history,Gregorian (source chronology),Target met,National or regional,Secondary reference chronology,20,Verified against source chronology,20,70
25,CE,1932,October,Date follows the Gregorian day chronology used by the source; for early events this may be a conventional/proleptic date.,,GHC-OCT-25-19,Historical event,George Lansbury became the leader of the opposition British Labour Party.,George Lansbury became the leader of the opposition British Labour Party.,"October 25, 1932 CE",https://en.wikipedia.org/wiki/25_October,1932-10-25,"October 25, 1932 CE",October 25 — Wikipedia,Exact day in source chronology,General historical chronology,Gregorian (source chronology),Target met,National or regional,Secondary reference chronology,20,Verified against source chronology,20,70
25,CE,1940,October,Date follows the Gregorian day chronology used by the source; for early events this may be a conventional/proleptic date.,Americas,GHC-OCT-25-20,Conflict or political event,Benjamin O. Davis Sr. is named the first African American general in the United States Army.,Benjamin O. Davis Sr. is named the first African American general in the United States Army.,"October 25, 1940 CE",https://en.wikipedia.org/wiki/25_October,1940-10-25,"October 25, 1940 CE",October 25 — Wikipedia,Exact day in source chronology,Military and political history,Gregorian (source chronology),Target met,National or regional,Secondary reference chronology,20,Verified against source chronology,20,70
26,CE,1185,October,Date follows the Gregorian day chronology used by the source; for early events this may be a conventional/proleptic date.,,GHC-OCT-26-01,Historical event,The Uprising of Asen and Peter begins on the feast day of St. Demetrius of Thessaloniki and ends with the creation of the Second Bulgarian Empire.,The Uprising of Asen and Peter begins on the feast day of St. Demetrius of Thessaloniki and ends with the creation of the Second Bulgarian Empire.,"October 26, 1185 CE",https://en.wikipedia.org/wiki/October_26,1185-10-26,"October 26, 1185 CE",October 26 — Wikipedia,Exact day in source chronology,General historical chronology,Gregorian (source chronology),Target met,International,Secondary reference chronology,20,Verified against source chronology,20,70
26,CE,1341,October,Date follows the Gregorian day chronology used by the source; for early events this may be a conventional/proleptic date.,Middle East,GHC-OCT-26-02,Conflict or political event,The Byzantine civil war of 1341–1347 formally begins with the proclamation of John VI Kantakouzenos as Byzantine Emperor.,The Byzantine civil war of 1341–1347 formally begins with the proclamation of John VI Kantakouzenos as Byzantine Emperor.,"October 26, 1341 CE",https://en.wikipedia.org/wiki/October_26,1341-10-26,"October 26, 1341 CE",October 26 — Wikipedia,Exact day in source chronology,Military and political history,Gregorian (source chronology),Target met,International,Secondary reference chronology,20,Verified against source chronology,20,70
26,CE,1377,October,Date follows the Gregorian day chronology used by the source; for early events this may be a conventional/proleptic date.,,GHC-OCT-26-03,Political event,Tvrtko I is crowned the first king of Bosnia.,Tvrtko I is crowned the first king of Bosnia.,"October 26, 1377 CE",https://en.wikipedia.org/wiki/October_26,1377-10-26,"October 26, 1377 CE",October 26 — Wikipedia,Exact day in source chronology,Political and independence history,Gregorian (source chronology),Target met,National or regional,Secondary reference chronology,20,Verified against source chronology,20,70
26,CE,1520,October,Date follows the Gregorian day chronology used by the source; for early events this may be a conventional/proleptic date.,,GHC-OCT-26-04,Political event,Charles V is crowned as Holy Roman Emperor.,Charles V is crowned as Holy Roman Emperor.,"October 26, 1520 CE",https://en.wikipedia.org/wiki/October_26,1520-10-26,"October 26, 1520 CE",October 26 — Wikipedia,Exact day in source chronology,Political and independence history,Gregorian (source chronology),Target met,National or regional,Secondary reference chronology,20,Verified against source chronology,20,70
26,CE,1597,October,Date follows the Gregorian day chronology used by the source; for early events this may be a conventional/proleptic date.,Asia,GHC-OCT-26-05,Conflict or political event,Imjin War: Korean Admiral Yi Sun-sin routs the Japanese Navy of 300 ships with only 13 ships at the Battle of Myeongnyang.,Imjin War: Korean Admiral Yi Sun-sin routs the Japanese Navy of 300 ships with only 13 ships at the Battle of Myeongnyang.,"October 26, 1597 CE",https://en.wikipedia.org/wiki/October_26,1597-10-26,"October 26, 1597 CE",October 26 — Wikipedia,Exact day in source chronology,Military and political history,Gregorian (source chronology),Target met,International,Secondary reference chronology,20,Verified against source chronology,20,70
26,CE,1416,October,Date follows the Gregorian day chronology used by the source; for early events this may be a conventional/proleptic date.,,GHC-OCT-26-06,Historical event,"Edmund Grey, 1st Earl of Kent, English politician, Lord High Treasurer (died 1490)","Edmund Grey, 1st Earl of Kent, English politician, Lord High Treasurer (died 1490)","October 26, 1416 CE",https://en.wikipedia.org/wiki/October_26,1416-10-26,"October 26, 1416 CE",October 26 — Wikipedia,Exact day in source chronology,General historical chronology,Gregorian (source chronology),Target met,National or regional,Secondary reference chronology,20,Verified against source chronology,20,70
26,CE,1640,October,Date follows the Gregorian day chronology used by the source; for early events this may be a conventional/proleptic date.,Europe,GHC-OCT-26-07,Political event,"The Treaty of Ripon is signed, restoring peace between Covenanter Scotland and King Charles I of England.","The Treaty of Ripon is signed, restoring peace between Covenanter Scotland and King Charles I of England.","October 26, 1640 CE",https://en.wikipedia.org/wiki/October_26,1640-10-26,"October 26, 1640 CE",October 26 — Wikipedia,Exact day in source chronology,Political and independence history,Gregorian (source chronology),Target met,International,Secondary reference chronology,20,Verified against source chronology,20,70
26,CE,1689,October,Date follows the Gregorian day chronology used by the source; for early events this may be a conventional/proleptic date.,Europe,GHC-OCT-26-08,Conflict or political event,General Enea Silvio Piccolomini of Austria burns down Skopje to prevent the spread of cholera; he dies of the disease soon afterwards.,General Enea Silvio Piccolomini of Austria burns down Skopje to prevent the spread of cholera; he dies of the disease soon afterwards.,"October 26, 1689 CE",https://en.wikipedia.org/wiki/October_26,1689-10-26,"October 26, 1689 CE",October 26 — Wikipedia,Exact day in source chronology,Military and political history,Gregorian (source chronology),Target met,National or regional,Secondary reference chronology,20,Verified against source chronology,20,70
26,CE,1774,October,Date follows the Gregorian day chronology used by the source; for early events this may be a conventional/proleptic date.,Americas,GHC-OCT-26-09,Conflict or political event,American Revolution: The First Continental Congress adjourns in Philadelphia.,American Revolution: The First Continental Congress adjourns in Philadelphia.,"October 26, 1774 CE",https://en.wikipedia.org/wiki/October_26,1774-10-26,"October 26, 1774 CE",October 26 — Wikipedia,Exact day in source chronology,Military and political history,Gregorian (source chronology),Target met,National or regional,Secondary reference chronology,20,Verified against source chronology,20,70
26,CE,1813,October,Date follows the Gregorian day chronology used by the source; for early events this may be a conventional/proleptic date.,Americas,GHC-OCT-26-10,Conflict or political event,"War of 1812: A combined force of British regulars, Canadian militia and Mohawks defeat the United States Army in the Battle of the Chateauguay.","War of 1812: A combined force of British regulars, Canadian militia and Mohawks defeat the United States Army in the Battle of the Chateauguay.","October 26, 1813 CE",https://en.wikipedia.org/wiki/October_26,1813-10-26,"October 26, 1813 CE",October 26 — Wikipedia,Exact day in source chronology,Military and political history,Gregorian (source chronology),Target met,National or regional,Secondary reference chronology,20,Verified against source chronology,20,70
26,CE,1825,October,Date follows the Gregorian day chronology used by the source; for early events this may be a conventional/proleptic date.,,GHC-OCT-26-11,Historical event,"The Erie Canal opens, allowing direct passage from the Hudson River to Lake Erie.","The Erie Canal opens, allowing direct passage from the Hudson River to Lake Erie.","October 26, 1825 CE",https://en.wikipedia.org/wiki/October_26,1825-10-26,"October 26, 1825 CE",October 26 — Wikipedia,Exact day in source chronology,General historical chronology,Gregorian (source chronology),Target met,National or regional,Secondary reference chronology,20,Verified against source chronology,20,70
26,CE,1859,October,Date follows the Gregorian day chronology used by the source; for early events this may be a conventional/proleptic date.,,GHC-OCT-26-12,Historical event,The Royal Charter Storm kills at least eight hundred people in the British Isles.,The Royal Charter Storm kills at least eight hundred people in the British Isles.,"October 26, 1859 CE",https://en.wikipedia.org/wiki/October_26,1859-10-26,"October 26, 1859 CE",October 26 — Wikipedia,Exact day in source chronology,General historical chronology,Gregorian (source chronology),Target met,National or regional,Secondary reference chronology,20,Verified against source chronology,20,70
26,CE,1860,October,Date follows the Gregorian day chronology used by the source; for early events this may be a conventional/proleptic date.,Europe,GHC-OCT-26-13,Political event,Unification of Italy: The Expedition of the Thousand ends when Giuseppe Garibaldi presents his conquests to King Victor Emmanuel of Sardinia.,Unification of Italy: The Expedition of the Thousand ends when Giuseppe Garibaldi presents his conquests to King Victor Emmanuel of Sardinia.,"October 26, 1860 CE",https://en.wikipedia.org/wiki/October_26,1860-10-26,"October 26, 1860 CE",October 26 — Wikipedia,Exact day in source chronology,Political and independence history,Gregorian (source chronology),Target met,National or regional,Secondary reference chronology,20,Verified against source chronology,20,70
26,CE,1905,October,Date follows the Gregorian day chronology used by the source; for early events this may be a conventional/proleptic date.,Europe,GHC-OCT-26-14,Political event,King Oscar II recognizes the dissolution of the union between Norway and Sweden.,King Oscar II recognizes the dissolution of the union between Norway and Sweden.,"October 26, 1905 CE",https://en.wikipedia.org/wiki/October_26,1905-10-26,"October 26, 1905 CE",October 26 — Wikipedia,Exact day in source chronology,Political and independence history,Gregorian (source chronology),Target met,National or regional,Secondary reference chronology,20,Verified against source chronology,20,70
26,CE,1909,October,Date follows the Gregorian day chronology used by the source; for early events this may be a conventional/proleptic date.,Asia,GHC-OCT-26-15,Historical event,Japanese occupation of Korea: An Jung-geun assassinates Japan's Resident-General of Korea.,Japanese occupation of Korea: An Jung-geun assassinates Japan's Resident-General of Korea.,"October 26, 1909 CE",https://en.wikipedia.org/wiki/October_26,1909-10-26,"October 26, 1909 CE",October 26 — Wikipedia,Exact day in source chronology,General historical chronology,Gregorian (source chronology),Target met,International,Secondary reference chronology,20,Verified against source chronology,20,70
26,CE,1912,October,Date follows the Gregorian day chronology used by the source; for early events this may be a conventional/proleptic date.,Middle East,GHC-OCT-26-16,Conflict or political event,First Balkan War: The Ottomans lose the cities of Thessaloniki and Skopje.,First Balkan War: The Ottomans lose the cities of Thessaloniki and Skopje.,"October 26, 1912 CE",https://en.wikipedia.org/wiki/October_26,1912-10-26,"October 26, 1912 CE",October 26 — Wikipedia,Exact day in source chronology,Military and political history,Gregorian (source chronology),Target met,International,Secondary reference chronology,20,Verified against source chronology,20,70
26,CE,1917,October,Date follows the Gregorian day chronology used by the source; for early events this may be a conventional/proleptic date.,Americas,GHC-OCT-26-17,Conflict or political event,World War I: Brazil declares war on the Central Powers.,World War I: Brazil declares war on the Central Powers.,"October 26, 1917 CE",https://en.wikipedia.org/wiki/October_26,1917-10-26,"October 26, 1917 CE",October 26 — Wikipedia,Exact day in source chronology,Military and political history,Gregorian (source chronology),Target met,International,Secondary reference chronology,20,Verified against source chronology,20,70
26,CE,1918,October,Date follows the Gregorian day chronology used by the source; for early events this may be a conventional/proleptic date.,,GHC-OCT-26-18,Conflict or political event,"World War I: Erich Ludendorff, quartermaster-general of the Imperial German Army, is dismissed by Kaiser Wilhelm II for refusing to cooperate in peace negotiations.","World War I: Erich Ludendorff, quartermaster-general of the Imperial German Army, is dismissed by Kaiser Wilhelm II for refusing to cooperate in peace negotiations.","October 26, 1918 CE",https://en.wikipedia.org/wiki/October_26,1918-10-26,"October 26, 1918 CE",October 26 — Wikipedia,Exact day in source chronology,Military and political history,Gregorian (source chronology),Target met,International,Secondary reference chronology,20,Verified against source chronology,20,70
26,CE,1936,October,Date follows the Gregorian day chronology used by the source; for early events this may be a conventional/proleptic date.,,GHC-OCT-26-19,Cultural or educational event,The first electric generator at Hoover Dam goes into full operation.,The first electric generator at Hoover Dam goes into full operation.,"October 26, 1936 CE",https://en.wikipedia.org/wiki/October_26,1936-10-26,"October 26, 1936 CE",October 26 — Wikipedia,Exact day in source chronology,"Culture, literature and education",Gregorian (source chronology),Target met,National or regional,Secondary reference chronology,20,Verified against source chronology,20,70
26,CE,1937,October,Date follows the Gregorian day chronology used by the source; for early events this may be a conventional/proleptic date.,Europe,GHC-OCT-26-20,Historical event,"Nazi Germany begins expulsions of 18,000 Polish Jews.","Nazi Germany begins expulsions of 18,000 Polish Jews.","October 26, 1937 CE",https://en.wikipedia.org/wiki/October_26,1937-10-26,"October 26, 1937 CE",October 26 — Wikipedia,Exact day in source chronology,General historical chronology,Gregorian (source chronology),Target met,National or regional,Secondary reference chronology,20,Verified against source chronology,20,70
27,CE,312,October,Date follows the Gregorian day chronology used by the source; for early events this may be a conventional/proleptic date.,,GHC-OCT-27-01,Historical event,Constantine the Great is said to have received his famous Vision of the Cross.,Constantine the Great is said to have received his famous Vision of the Cross.,"October 27, 312 CE",https://en.wikipedia.org/wiki/October_27,0312-10-27,"October 27, 312 CE",October 27 — Wikipedia,Exact day in source chronology,General historical chronology,Gregorian (source chronology),Target met,National or regional,Secondary reference chronology,20,Verified against source chronology,20,70
27,CE,1275,October,Date follows the Gregorian day chronology used by the source; for early events this may be a conventional/proleptic date.,,GHC-OCT-27-02,Historical event,Traditional founding of the city of Amsterdam.,Traditional founding of the city of Amsterdam.,"October 27, 1275 CE",https://en.wikipedia.org/wiki/October_27,1275-10-27,"October 27, 1275 CE",October 27 — Wikipedia,Exact day in source chronology,General historical chronology,Gregorian (source chronology),Target met,National or regional,Secondary reference chronology,20,Verified against source chronology,20,70
27,CE,1524,October,Date follows the Gregorian day chronology used by the source; for early events this may be a conventional/proleptic date.,,GHC-OCT-27-03,Conflict or political event,French troops lay siege to Pavia.,French troops lay siege to Pavia.,"October 27, 1524 CE",https://en.wikipedia.org/wiki/October_27,1524-10-27,"October 27, 1524 CE",October 27 — Wikipedia,Exact day in source chronology,Military and political history,Gregorian (source chronology),Target met,National or regional,Secondary reference chronology,20,Verified against source chronology,20,70
27,CE,1553,October,Date follows the Gregorian day chronology used by the source; for early events this may be a conventional/proleptic date.,,GHC-OCT-27-04,Historical event,"Condemned as a heretic, Michael Servetus is burned at the stake just outside Geneva.","Condemned as a heretic, Michael Servetus is burned at the stake just outside Geneva.","October 27, 1553 CE",https://en.wikipedia.org/wiki/October_27,1553-10-27,"October 27, 1553 CE",October 27 — Wikipedia,Exact day in source chronology,General historical chronology,Gregorian (source chronology),Target met,National or regional,Secondary reference chronology,20,Verified against source chronology,20,70
27,CE,892,October,Date follows the Gregorian day chronology used by the source; for early events this may be a conventional/proleptic date.,,GHC-OCT-27-05,Political event,"Emperor Ai of Tang, Chinese emperor (died 908)","Emperor Ai of Tang, Chinese emperor (died 908)","October 27, 892 CE",https://en.wikipedia.org/wiki/October_27,0892-10-27,"October 27, 892 CE",October 27 — Wikipedia,Exact day in source chronology,Political and independence history,Gregorian (source chronology),Target met,National or regional,Secondary reference chronology,20,Verified against source chronology,20,70
27,CE,921,October,Date follows the Gregorian day chronology used by the source; for early events this may be a conventional/proleptic date.,,GHC-OCT-27-06,Political event,"Chai Rong, Chinese emperor (died 959)","Chai Rong, Chinese emperor (died 959)","October 27, 921 CE",https://en.wikipedia.org/wiki/October_27,0921-10-27,"October 27, 921 CE",October 27 — Wikipedia,Exact day in source chronology,Political and independence history,Gregorian (source chronology),Target met,National or regional,Secondary reference chronology,20,Verified against source chronology,20,70
27,CE,1644,October,Date follows the Gregorian day chronology used by the source; for early events this may be a conventional/proleptic date.,,GHC-OCT-27-07,Conflict or political event,Second Battle of Newbury in the English Civil War.,Second Battle of Newbury in the English Civil War.,"October 27, 1644 CE",https://en.wikipedia.org/wiki/October_27,1644-10-27,"October 27, 1644 CE",October 27 — Wikipedia,Exact day in source chronology,Military and political history,Gregorian (source chronology),Target met,National or regional,Secondary reference chronology,20,Verified against source chronology,20,70
27,CE,1674,October,Date follows the Gregorian day chronology used by the source; for early events this may be a conventional/proleptic date.,,GHC-OCT-27-08,Conflict or political event,The French garrison in Grave surrenders the town to a Dutch army after a difficult siege.,The French garrison in Grave surrenders the town to a Dutch army after a difficult siege.,"October 27, 1674 CE",https://en.wikipedia.org/wiki/October_27,1674-10-27,"October 27, 1674 CE",October 27 — Wikipedia,Exact day in source chronology,Military and political history,Gregorian (source chronology),Target met,National or regional,Secondary reference chronology,20,Verified against source chronology,20,70
27,CE,1682,October,Date follows the Gregorian day chronology used by the source; for early events this may be a conventional/proleptic date.,,GHC-OCT-27-09,Historical event,Philadelphia is founded in the Commonwealth of Pennsylvania.,Philadelphia is founded in the Commonwealth of Pennsylvania.,"October 27, 1682 CE",https://en.wikipedia.org/wiki/October_27,1682-10-27,"October 27, 1682 CE",October 27 — Wikipedia,Exact day in source chronology,General historical chronology,Gregorian (source chronology),Target met,National or regional,Secondary reference chronology,20,Verified against source chronology,20,70
27,CE,1726,October,Date follows the Gregorian day chronology used by the source; for early events this may be a conventional/proleptic date.,,GHC-OCT-27-10,Historical event,"J. S. Bach leads the first performance of Ich will den Kreuzstab gerne tragen, BWV 56, one of few works he called a cantata.","J. S. Bach leads the first performance of Ich will den Kreuzstab gerne tragen, BWV 56, one of few works he called a cantata.","October 27, 1726 CE",https://en.wikipedia.org/wiki/October_27,1726-10-27,"October 27, 1726 CE",October 27 — Wikipedia,Exact day in source chronology,General historical chronology,Gregorian (source chronology),Target met,National or regional,Secondary reference chronology,20,Verified against source chronology,20,70
27,CE,1775,October,Date follows the Gregorian day chronology used by the source; for early events this may be a conventional/proleptic date.,,GHC-OCT-27-11,Political event,King George III expands on his Proclamation of Rebellion in the Thirteen Colonies in his speech from the throne at the opening of Parliament.,King George III expands on his Proclamation of Rebellion in the Thirteen Colonies in his speech from the throne at the opening of Parliament.,"October 27, 1775 CE",https://en.wikipedia.org/wiki/October_27,1775-10-27,"October 27, 1775 CE",October 27 — Wikipedia,Exact day in source chronology,Political and independence history,Gregorian (source chronology),Target met,National or regional,Secondary reference chronology,20,Verified against source chronology,20,70
27,CE,1795,October,Date follows the Gregorian day chronology used by the source; for early events this may be a conventional/proleptic date.,Europe,GHC-OCT-27-12,Political event,"The United States and Spain sign the Treaty of Madrid, which establishes the boundaries between Spanish colonies and the U.S.","The United States and Spain sign the Treaty of Madrid, which establishes the boundaries between Spanish colonies and the U.S.","October 27, 1795 CE",https://en.wikipedia.org/wiki/October_27,1795-10-27,"October 27, 1795 CE",October 27 — Wikipedia,Exact day in source chronology,Political and independence history,Gregorian (source chronology),Target met,International,Secondary reference chronology,20,Verified against source chronology,20,70
27,CE,1806,October,Date follows the Gregorian day chronology used by the source; for early events this may be a conventional/proleptic date.,Europe,GHC-OCT-27-13,Conflict or political event,The French Army under Napoleon enters Berlin following the Prussian defeat at the Battle of Jena–Auerstedt.,The French Army under Napoleon enters Berlin following the Prussian defeat at the Battle of Jena–Auerstedt.,"October 27, 1806 CE",https://en.wikipedia.org/wiki/October_27,1806-10-27,"October 27, 1806 CE",October 27 — Wikipedia,Exact day in source chronology,Military and political history,Gregorian (source chronology),Target met,National or regional,Secondary reference chronology,20,Verified against source chronology,20,70
27,CE,1907,October,Date follows the Gregorian day chronology used by the source; for early events this may be a conventional/proleptic date.,Europe,GHC-OCT-27-14,Disaster,Fifteen people are killed in Hungary when gendarmes opened fire on a crowd gathered at a church consecration.,Fifteen people are killed in Hungary when gendarmes opened fire on a crowd gathered at a church consecration.,"October 27, 1907 CE",https://en.wikipedia.org/wiki/October_27,1907-10-27,"October 27, 1907 CE",October 27 — Wikipedia,Exact day in source chronology,Disaster history,Gregorian (source chronology),Target met,National or regional,Secondary reference chronology,20,Verified against source chronology,20,70
27,CE,1913,October,Date follows the Gregorian day chronology used by the source; for early events this may be a conventional/proleptic date.,Americas,GHC-OCT-27-15,Historical event,"A rail workers' strike in Chile escalates into a general strike, organized by the Regional Workers' Federation of Chile.","A rail workers' strike in Chile escalates into a general strike, organized by the Regional Workers' Federation of Chile.","October 27, 1913 CE",https://en.wikipedia.org/wiki/October_27,1913-10-27,"October 27, 1913 CE",October 27 — Wikipedia,Exact day in source chronology,General historical chronology,Gregorian (source chronology),Target met,National or regional,Secondary reference chronology,20,Verified against source chronology,20,70
27,CE,1914,October,Date follows the Gregorian day chronology used by the source; for early events this may be a conventional/proleptic date.,,GHC-OCT-27-16,Conflict or political event,World War I: The new British battleship HMS Audacious is sunk by a minefield laid by the armed German merchant-cruiser Berlin.,World War I: The new British battleship HMS Audacious is sunk by a minefield laid by the armed German merchant-cruiser Berlin.,"October 27, 1914 CE",https://en.wikipedia.org/wiki/October_27,1914-10-27,"October 27, 1914 CE",October 27 — Wikipedia,Exact day in source chronology,Military and political history,Gregorian (source chronology),Target met,International,Secondary reference chronology,20,Verified against source chronology,20,70
27,CE,1916,October,Date follows the Gregorian day chronology used by the source; for early events this may be a conventional/proleptic date.,Africa,GHC-OCT-27-17,Political event,"Negus Mikael, marching on the Ethiopian capital in support of his son Emperor Iyasu V, is defeated by Fitawrari Habte Giyorgis, securing the throne for Empress Zewditu I.","Negus Mikael, marching on the Ethiopian capital in support of his son Emperor Iyasu V, is defeated by Fitawrari Habte Giyorgis, securing the throne for Empress Zewditu I.","October 27, 1916 CE",https://en.wikipedia.org/wiki/October_27,1916-10-27,"October 27, 1916 CE",October 27 — Wikipedia,Exact day in source chronology,Political and independence history,Gregorian (source chronology),Target met,International,Secondary reference chronology,20,Verified against source chronology,20,70
27,CE,1919,October,Date follows the Gregorian day chronology used by the source; for early events this may be a conventional/proleptic date.,Asia,GHC-OCT-27-18,Historical event,"The Fourth Regional Congress of Peasants, Workers and Insurgents is held by the Makhnovshchina at Oleksandrivsk.","The Fourth Regional Congress of Peasants, Workers and Insurgents is held by the Makhnovshchina at Oleksandrivsk.","October 27, 1919 CE",https://en.wikipedia.org/wiki/October_27,1919-10-27,"October 27, 1919 CE",October 27 — Wikipedia,Exact day in source chronology,General historical chronology,Gregorian (source chronology),Target met,International,Secondary reference chronology,20,Verified against source chronology,20,70
27,CE,1922,October,Date follows the Gregorian day chronology used by the source; for early events this may be a conventional/proleptic date.,Africa,GHC-OCT-27-19,Political event,A referendum in Rhodesia rejects the country's annexation to the South African Union.,A referendum in Rhodesia rejects the country's annexation to the South African Union.,"October 27, 1922 CE",https://en.wikipedia.org/wiki/October_27,1922-10-27,"October 27, 1922 CE",October 27 — Wikipedia,Exact day in source chronology,Political and independence history,Gregorian (source chronology),Target met,International,Secondary reference chronology,20,Verified against source chronology,20,70
27,CE,1924,October,Date follows the Gregorian day chronology used by the source; for early events this may be a conventional/proleptic date.,,GHC-OCT-27-20,Historical event,The Uzbek SSR is founded in the Soviet Union.,The Uzbek SSR is founded in the Soviet Union.,"October 27, 1924 CE",https://en.wikipedia.org/wiki/October_27,1924-10-27,"October 27, 1924 CE",October 27 — Wikipedia,Exact day in source chronology,General historical chronology,Gregorian (source chronology),Target met,National or regional,Secondary reference chronology,20,Verified against source chronology,20,70
28,CE,97,October,Date follows the Gregorian day chronology used by the source; for early events this may be a conventional/proleptic date.,,GHC-OCT-28-01,Political event,Roman emperor Nerva is forced by the Praetorian Guard to adopt general Marcus Ulpius Trajanus as his heir and successor.,Roman emperor Nerva is forced by the Praetorian Guard to adopt general Marcus Ulpius Trajanus as his heir and successor.,"October 28, 97 CE",https://en.wikipedia.org/wiki/October_28,0097-10-28,"October 28, 97 CE",October 28 — Wikipedia,Exact day in source chronology,Political and independence history,Gregorian (source chronology),Target met,National or regional,Secondary reference chronology,20,Verified against source chronology,20,70
28,CE,306,October,Date follows the Gregorian day chronology used by the source; for early events this may be a conventional/proleptic date.,,GHC-OCT-28-02,Political event,Maxentius is proclaimed Roman emperor.,Maxentius is proclaimed Roman emperor.,"October 28, 306 CE",https://en.wikipedia.org/wiki/October_28,0306-10-28,"October 28, 306 CE",October 28 — Wikipedia,Exact day in source chronology,Political and independence history,Gregorian (source chronology),Target met,National or regional,Secondary reference chronology,20,Verified against source chronology,20,70
28,CE,312,October,Date follows the Gregorian day chronology used by the source; for early events this may be a conventional/proleptic date.,,GHC-OCT-28-03,Political event,"Constantine I defeats Maxentius, becoming the sole Roman emperor in the West.","Constantine I defeats Maxentius, becoming the sole Roman emperor in the West.","October 28, 312 CE",https://en.wikipedia.org/wiki/October_28,0312-10-28,"October 28, 312 CE",October 28 — Wikipedia,Exact day in source chronology,Political and independence history,Gregorian (source chronology),Target met,National or regional,Secondary reference chronology,20,Verified against source chronology,20,70
28,CE,969,October,Date follows the Gregorian day chronology used by the source; for early events this may be a conventional/proleptic date.,Middle East,GHC-OCT-28-04,Historical event,The Byzantine Empire recovers Antioch from Arab rule.,The Byzantine Empire recovers Antioch from Arab rule.,"October 28, 969 CE",https://en.wikipedia.org/wiki/October_28,0969-10-28,"October 28, 969 CE",October 28 — Wikipedia,Exact day in source chronology,General historical chronology,Gregorian (source chronology),Target met,International,Secondary reference chronology,20,Verified against source chronology,20,70
28,CE,1344,October,Date follows the Gregorian day chronology used by the source; for early events this may be a conventional/proleptic date.,,GHC-OCT-28-05,Historical event,The lower town of Smyrna is captured by Latin Christians in response to Aydınid piracy during the Smyrniote crusades.,The lower town of Smyrna is captured by Latin Christians in response to Aydınid piracy during the Smyrniote crusades.,"October 28, 1344 CE",https://en.wikipedia.org/wiki/October_28,1344-10-28,"October 28, 1344 CE",October 28 — Wikipedia,Exact day in source chronology,General historical chronology,Gregorian (source chronology),Target met,National or regional,Secondary reference chronology,20,Verified against source chronology,20,70
28,CE,1420,October,Date follows the Gregorian day chronology used by the source; for early events this may be a conventional/proleptic date.,,GHC-OCT-28-06,Historical event,Beijing is officially designated the capital of the Ming dynasty when the Forbidden City is completed.,Beijing is officially designated the capital of the Ming dynasty when the Forbidden City is completed.,"October 28, 1420 CE",https://en.wikipedia.org/wiki/October_28,1420-10-28,"October 28, 1420 CE",October 28 — Wikipedia,Exact day in source chronology,General historical chronology,Gregorian (source chronology),Target met,National or regional,Secondary reference chronology,20,Verified against source chronology,20,70
28,CE,1628,October,Date follows the Gregorian day chronology used by the source; for early events this may be a conventional/proleptic date.,,GHC-OCT-28-07,Conflict or political event,French Wars of Religion: The Siege of La Rochelle ends with the surrender of the Huguenots after fourteen months.,French Wars of Religion: The Siege of La Rochelle ends with the surrender of the Huguenots after fourteen months.,"October 28, 1628 CE",https://en.wikipedia.org/wiki/October_28,1628-10-28,"October 28, 1628 CE",October 28 — Wikipedia,Exact day in source chronology,Military and political history,Gregorian (source chronology),Target met,National or regional,Secondary reference chronology,20,Verified against source chronology,20,70
28,CE,1636,October,Date follows the Gregorian day chronology used by the source; for early events this may be a conventional/proleptic date.,,GHC-OCT-28-08,Cultural or educational event,"The Massachusetts Bay Colony votes to establish a theological college, which would later become Harvard University.","The Massachusetts Bay Colony votes to establish a theological college, which would later become Harvard University.","October 28, 1636 CE",https://en.wikipedia.org/wiki/October_28,1636-10-28,"October 28, 1636 CE",October 28 — Wikipedia,Exact day in source chronology,"Culture, literature and education",Gregorian (source chronology),Target met,National or regional,Secondary reference chronology,20,Verified against source chronology,20,70
28,CE,1640,October,Date follows the Gregorian day chronology used by the source; for early events this may be a conventional/proleptic date.,,GHC-OCT-28-09,Conflict or political event,"The Treaty of Ripon is signed, ending the hostilities of the Second Bishops' War.","The Treaty of Ripon is signed, ending the hostilities of the Second Bishops' War.","October 28, 1640 CE",https://en.wikipedia.org/wiki/October_28,1640-10-28,"October 28, 1640 CE",October 28 — Wikipedia,Exact day in source chronology,Military and political history,Gregorian (source chronology),Target met,International,Secondary reference chronology,20,Verified against source chronology,20,70
28,CE,1664,October,Date follows the Gregorian day chronology used by the source; for early events this may be a conventional/proleptic date.,,GHC-OCT-28-10,Historical event,"The Duke of York and Albany's Maritime Regiment of Foot, later to be known as the Royal Marines, is established.","The Duke of York and Albany's Maritime Regiment of Foot, later to be known as the Royal Marines, is established.","October 28, 1664 CE",https://en.wikipedia.org/wiki/October_28,1664-10-28,"October 28, 1664 CE",October 28 — Wikipedia,Exact day in source chronology,General historical chronology,Gregorian (source chronology),Target met,National or regional,Secondary reference chronology,20,Verified against source chronology,20,70
28,CE,1707,October,Date follows the Gregorian day chronology used by the source; for early events this may be a conventional/proleptic date.,Asia,GHC-OCT-28-11,Disaster,"The 1707 Hōei earthquake causes more than 5,000 deaths in Japan.","The 1707 Hōei earthquake causes more than 5,000 deaths in Japan.","October 28, 1707 CE",https://en.wikipedia.org/wiki/October_28,1707-10-28,"October 28, 1707 CE",October 28 — Wikipedia,Exact day in source chronology,Disaster history,Gregorian (source chronology),Target met,International,Secondary reference chronology,20,Verified against source chronology,20,70
28,CE,1726,October,Date follows the Gregorian day chronology used by the source; for early events this may be a conventional/proleptic date.,,GHC-OCT-28-12,Cultural or educational event,The novel Gulliver's Travels written by Jonathan Swift is published.,The novel Gulliver's Travels written by Jonathan Swift is published.,"October 28, 1726 CE",https://en.wikipedia.org/wiki/October_28,1726-10-28,"October 28, 1726 CE",October 28 — Wikipedia,Exact day in source chronology,"Culture, literature and education",Gregorian (source chronology),Target met,National or regional,Secondary reference chronology,20,Verified against source chronology,20,70
28,CE,1746,October,Date follows the Gregorian day chronology used by the source; for early events this may be a conventional/proleptic date.,Americas,GHC-OCT-28-13,Disaster,"The 1746 Lima–Callao earthquake causes up to 6,000 deaths in Peru, the deadliest in its history up to that point.","The 1746 Lima–Callao earthquake causes up to 6,000 deaths in Peru, the deadliest in its history up to that point.","October 28, 1746 CE",https://en.wikipedia.org/wiki/October_28,1746-10-28,"October 28, 1746 CE",October 28 — Wikipedia,Exact day in source chronology,Disaster history,Gregorian (source chronology),Target met,National or regional,Secondary reference chronology,20,Verified against source chronology,20,70
28,CE,1918,October,Date follows the Gregorian day chronology used by the source; for early events this may be a conventional/proleptic date.,,GHC-OCT-28-14,Conflict or political event,"World War I: A new Polish government in western Galicia is established, triggering the Polish–Ukrainian War.","World War I: A new Polish government in western Galicia is established, triggering the Polish–Ukrainian War.","October 28, 1918 CE",https://en.wikipedia.org/wiki/October_28,1918-10-28,"October 28, 1918 CE",October 28 — Wikipedia,Exact day in source chronology,Military and political history,Gregorian (source chronology),Target met,International,Secondary reference chronology,20,Verified against source chronology,20,70
28,CE,1918,October,Date follows the Gregorian day chronology used by the source; for early events this may be a conventional/proleptic date.,Europe,GHC-OCT-28-15,Conflict or political event,"World War I: Czech politicians peacefully take over the city of Prague, thus establishing the First Czechoslovak Republic.","World War I: Czech politicians peacefully take over the city of Prague, thus establishing the First Czechoslovak Republic.","October 28, 1918 CE",https://en.wikipedia.org/wiki/October_28,1918-10-28,"October 28, 1918 CE",October 28 — Wikipedia,Exact day in source chronology,Military and political history,Gregorian (source chronology),Target met,International,Secondary reference chronology,20,Verified against source chronology,20,70
28,CE,1919,October,Date follows the Gregorian day chronology used by the source; for early events this may be a conventional/proleptic date.,Americas,GHC-OCT-28-16,Political event,"The U.S. Congress passes the Volstead Act over President Woodrow Wilson's veto, paving the way for Prohibition to begin the following January.","The U.S. Congress passes the Volstead Act over President Woodrow Wilson's veto, paving the way for Prohibition to begin the following January.","October 28, 1919 CE",https://en.wikipedia.org/wiki/October_28,1919-10-28,"October 28, 1919 CE",October 28 — Wikipedia,Exact day in source chronology,Political and independence history,Gregorian (source chronology),Target met,National or regional,Secondary reference chronology,20,Verified against source chronology,20,70
28,CE,1922,October,Date follows the Gregorian day chronology used by the source; for early events this may be a conventional/proleptic date.,Europe,GHC-OCT-28-17,Historical event,Italian fascists led by Benito Mussolini march on Rome and take over the Italian government.,Italian fascists led by Benito Mussolini march on Rome and take over the Italian government.,"October 28, 1922 CE",https://en.wikipedia.org/wiki/October_28,1922-10-28,"October 28, 1922 CE",October 28 — Wikipedia,Exact day in source chronology,General historical chronology,Gregorian (source chronology),Target met,National or regional,Secondary reference chronology,20,Verified against source chronology,20,70
28,CE,1928,October,Date follows the Gregorian day chronology used by the source; for early events this may be a conventional/proleptic date.,Asia,GHC-OCT-28-18,Historical event,"Indonesia Raya, now the national anthem of Indonesia, is first played during the Second Indonesian Youth Congress.","Indonesia Raya, now the national anthem of Indonesia, is first played during the Second Indonesian Youth Congress.","October 28, 1928 CE",https://en.wikipedia.org/wiki/October_28,1928-10-28,"October 28, 1928 CE",October 28 — Wikipedia,Exact day in source chronology,General historical chronology,Gregorian (source chronology),Target met,International,Secondary reference chronology,20,Verified against source chronology,20,70
28,CE,1940,October,Date follows the Gregorian day chronology used by the source; for early events this may be a conventional/proleptic date.,Europe,GHC-OCT-28-19,Conflict or political event,World War II: Greece rejects Italy's ultimatum. Italy invades Greece through Albania a few hours later.,World War II: Greece rejects Italy's ultimatum. Italy invades Greece through Albania a few hours later.,"October 28, 1940 CE",https://en.wikipedia.org/wiki/October_28,1940-10-28,"October 28, 1940 CE",October 28 — Wikipedia,Exact day in source chronology,Military and political history,Gregorian (source chronology),Target met,International,Secondary reference chronology,20,Verified against source chronology,20,70
28,CE,1942,October,Date follows the Gregorian day chronology used by the source; for early events this may be a conventional/proleptic date.,Americas,GHC-OCT-28-20,Historical event,The Alaska Highway first connects Alaska to the North American railway network at Dawson Creek in Canada.,The Alaska Highway first connects Alaska to the North American railway network at Dawson Creek in Canada.,"October 28, 1942 CE",https://en.wikipedia.org/wiki/October_28,1942-10-28,"October 28, 1942 CE",October 28 — Wikipedia,Exact day in source chronology,General historical chronology,Gregorian (source chronology),Target met,National or regional,Secondary reference chronology,20,Verified against source chronology,20,70
29,CE,312,October,Date follows the Gregorian day chronology used by the source; for early events this may be a conventional/proleptic date.,Europe,GHC-OCT-29-01,Conflict or political event,"Constantine the Great enters Rome after his victory at the Battle of the Milvian Bridge, stages a grand adventus in the city, and is met with popular jubilation. Maxentius' body is fished out of the Tiber and beheaded.","Constantine the Great enters Rome after his victory at the Battle of the Milvian Bridge, stages a grand adventus in the city, and is met with popular jubilation. Maxentius' body is fished out of the Tiber and beheaded.","October 29, 312 CE",https://en.wikipedia.org/wiki/October_29,0312-10-29,"October 29, 312 CE",October 29 — Wikipedia,Exact day in source chronology,Military and political history,Gregorian (source chronology),Target met,National or regional,Secondary reference chronology,20,Verified against source chronology,20,70
29,CE,437,October,Date follows the Gregorian day chronology used by the source; for early events this may be a conventional/proleptic date.,,GHC-OCT-29-02,Political event,"Valentinian III, Western Roman Emperor, marries Licinia Eudoxia, daughter of his cousin Theodosius II, Eastern Roman Emperor in Constantinople unifying the two branches of the House of Theodosius.","Valentinian III, Western Roman Emperor, marries Licinia Eudoxia, daughter of his cousin Theodosius II, Eastern Roman Emperor in Constantinople unifying the two branches of the House of Theodosius.","October 29, 437 CE",https://en.wikipedia.org/wiki/October_29,0437-10-29,"October 29, 437 CE",October 29 — Wikipedia,Exact day in source chronology,Political and independence history,Gregorian (source chronology),Target met,National or regional,Secondary reference chronology,20,Verified against source chronology,20,70
29,CE,1390,October,Date follows the Gregorian day chronology used by the source; for early events this may be a conventional/proleptic date.,,GHC-OCT-29-03,Historical event,First trial for witchcraft in Paris leading to the death of three people.,First trial for witchcraft in Paris leading to the death of three people.,"October 29, 1390 CE",https://en.wikipedia.org/wiki/October_29,1390-10-29,"October 29, 1390 CE",October 29 — Wikipedia,Exact day in source chronology,General historical chronology,Gregorian (source chronology),Target met,National or regional,Secondary reference chronology,20,Verified against source chronology,20,70
29,CE,1467,October,Date follows the Gregorian day chronology used by the source; for early events this may be a conventional/proleptic date.,,GHC-OCT-29-04,Conflict or political event,Battle of Brustem: Charles the Bold defeats Prince-Bishopric of Liège.,Battle of Brustem: Charles the Bold defeats Prince-Bishopric of Liège.,"October 29, 1467 CE",https://en.wikipedia.org/wiki/October_29,1467-10-29,"October 29, 1467 CE",October 29 — Wikipedia,Exact day in source chronology,Military and political history,Gregorian (source chronology),Target met,National or regional,Secondary reference chronology,20,Verified against source chronology,20,70
29,CE,1463,October,Date follows the Gregorian day chronology used by the source; for early events this may be a conventional/proleptic date.,,GHC-OCT-29-05,Historical event,"Alessandro Achillini, Italian physician and philosopher (died 1512)","Alessandro Achillini, Italian physician and philosopher (died 1512)","October 29, 1463 CE",https://en.wikipedia.org/wiki/October_29,1463-10-29,"October 29, 1463 CE",October 29 — Wikipedia,Exact day in source chronology,General historical chronology,Gregorian (source chronology),Target met,National or regional,Secondary reference chronology,20,Verified against source chronology,20,70
29,CE,1497,October,Date follows the Gregorian day chronology used by the source; for early events this may be a conventional/proleptic date.,,GHC-OCT-29-06,Historical event,"Benedetto Accolti the Younger, Italian cardinal (died 1549)","Benedetto Accolti the Younger, Italian cardinal (died 1549)","October 29, 1497 CE",https://en.wikipedia.org/wiki/October_29,1497-10-29,"October 29, 1497 CE",October 29 — Wikipedia,Exact day in source chronology,General historical chronology,Gregorian (source chronology),Target met,National or regional,Secondary reference chronology,20,Verified against source chronology,20,70
29,CE,1611,October,Date follows the Gregorian day chronology used by the source; for early events this may be a conventional/proleptic date.,Europe,GHC-OCT-29-07,Political event,"Russian homage to the King of Poland, Sigismund III Vasa.","Russian homage to the King of Poland, Sigismund III Vasa.","October 29, 1611 CE",https://en.wikipedia.org/wiki/October_29,1611-10-29,"October 29, 1611 CE",October 29 — Wikipedia,Exact day in source chronology,Political and independence history,Gregorian (source chronology),Target met,National or regional,Secondary reference chronology,20,Verified against source chronology,20,70
29,CE,1621,October,Date follows the Gregorian day chronology used by the source; for early events this may be a conventional/proleptic date.,Europe,GHC-OCT-29-08,Conflict or political event,The London Pageant of 1621 celebrates the inauguration of Edward Barkham (Lord Mayor).,The London Pageant of 1621 celebrates the inauguration of Edward Barkham (Lord Mayor).,"October 29, 1621 CE",https://en.wikipedia.org/wiki/October_29,1621-10-29,"October 29, 1621 CE",October 29 — Wikipedia,Exact day in source chronology,Military and political history,Gregorian (source chronology),Target met,National or regional,Secondary reference chronology,20,Verified against source chronology,20,70
29,CE,1658,October,Date follows the Gregorian day chronology used by the source; for early events this may be a conventional/proleptic date.,,GHC-OCT-29-09,Conflict or political event,Second Northern War: Naval forces of the Dutch Republic defeat the Swedes in the Battle of the Sound.,Second Northern War: Naval forces of the Dutch Republic defeat the Swedes in the Battle of the Sound.,"October 29, 1658 CE",https://en.wikipedia.org/wiki/October_29,1658-10-29,"October 29, 1658 CE",October 29 — Wikipedia,Exact day in source chronology,Military and political history,Gregorian (source chronology),Target met,National or regional,Secondary reference chronology,20,Verified against source chronology,20,70
29,CE,1665,October,Date follows the Gregorian day chronology used by the source; for early events this may be a conventional/proleptic date.,,GHC-OCT-29-10,Political event,"Portuguese forces defeat the Kingdom of Kongo and decapitate King António I of Kongo, also known as Nvita a Nkanga.","Portuguese forces defeat the Kingdom of Kongo and decapitate King António I of Kongo, also known as Nvita a Nkanga.","October 29, 1665 CE",https://en.wikipedia.org/wiki/October_29,1665-10-29,"October 29, 1665 CE",October 29 — Wikipedia,Exact day in source chronology,Political and independence history,Gregorian (source chronology),Target met,National or regional,Secondary reference chronology,20,Verified against source chronology,20,70
29,CE,1675,October,Date follows the Gregorian day chronology used by the source; for early events this may be a conventional/proleptic date.,,GHC-OCT-29-11,Historical event,Leibniz makes the first use of the long s (∫) as a symbol of the integral in calculus.,Leibniz makes the first use of the long s (∫) as a symbol of the integral in calculus.,"October 29, 1675 CE",https://en.wikipedia.org/wiki/October_29,1675-10-29,"October 29, 1675 CE",October 29 — Wikipedia,Exact day in source chronology,General historical chronology,Gregorian (source chronology),Target met,National or regional,Secondary reference chronology,20,Verified against source chronology,20,70
29,CE,1792,October,Date follows the Gregorian day chronology used by the source; for early events this may be a conventional/proleptic date.,,GHC-OCT-29-12,Historical event,"Mount Hood (Oregon) is named after Samuel Hood, 1st Viscount Hood by Lt. William E. Broughton who sighted the mountain near the mouth of the Willamette River.","Mount Hood (Oregon) is named after Samuel Hood, 1st Viscount Hood by Lt. William E. Broughton who sighted the mountain near the mouth of the Willamette River.","October 29, 1792 CE",https://en.wikipedia.org/wiki/October_29,1792-10-29,"October 29, 1792 CE",October 29 — Wikipedia,Exact day in source chronology,General historical chronology,Gregorian (source chronology),Target met,National or regional,Secondary reference chronology,20,Verified against source chronology,20,70
29,CE,1863,October,Date follows the Gregorian day chronology used by the source; for early events this may be a conventional/proleptic date.,,GHC-OCT-29-13,Historical event,Eighteen countries meet in Geneva and agree to form the International Red Cross.,Eighteen countries meet in Geneva and agree to form the International Red Cross.,"October 29, 1863 CE",https://en.wikipedia.org/wiki/October_29,1863-10-29,"October 29, 1863 CE",October 29 — Wikipedia,Exact day in source chronology,General historical chronology,Gregorian (source chronology),Target met,National or regional,Secondary reference chronology,20,Verified against source chronology,20,70
29,CE,1914,October,Date follows the Gregorian day chronology used by the source; for early events this may be a conventional/proleptic date.,Middle East,GHC-OCT-29-14,Conflict or political event,World War I : the Ottoman Empire enters the war on the side of the Central Powers.,World War I : the Ottoman Empire enters the war on the side of the Central Powers.,"October 29, 1914 CE",https://en.wikipedia.org/wiki/October_29,1914-10-29,"October 29, 1914 CE",October 29 — Wikipedia,Exact day in source chronology,Military and political history,Gregorian (source chronology),Target met,International,Secondary reference chronology,20,Verified against source chronology,20,70
29,CE,1918,October,Date follows the Gregorian day chronology used by the source; for early events this may be a conventional/proleptic date.,,GHC-OCT-29-15,Conflict or political event,"World War I: the German High Seas Fleet is incapacitated when sailors mutiny, an action which would trigger the German Revolution of 1918–19.","World War I: the German High Seas Fleet is incapacitated when sailors mutiny, an action which would trigger the German Revolution of 1918–19.","October 29, 1918 CE",https://en.wikipedia.org/wiki/October_29,1918-10-29,"October 29, 1918 CE",October 29 — Wikipedia,Exact day in source chronology,Military and political history,Gregorian (source chronology),Target met,International,Secondary reference chronology,20,Verified against source chronology,20,70
29,CE,1923,October,Date follows the Gregorian day chronology used by the source; for early events this may be a conventional/proleptic date.,Middle East,GHC-OCT-29-16,Historical event,Turkey becomes a republic following the dissolution of the Ottoman Empire.,Turkey becomes a republic following the dissolution of the Ottoman Empire.,"October 29, 1923 CE",https://en.wikipedia.org/wiki/October_29,1923-10-29,"October 29, 1923 CE",October 29 — Wikipedia,Exact day in source chronology,General historical chronology,Gregorian (source chronology),Target met,International,Secondary reference chronology,20,Verified against source chronology,20,70
29,CE,1929,October,Date follows the Gregorian day chronology used by the source; for early events this may be a conventional/proleptic date.,Americas,GHC-OCT-29-17,Disaster,"Black Tuesday: The New York Stock Exchange crashes, ending the Great Bull Market of the 1920s and eventually contributing to the Great Depression.","Black Tuesday: The New York Stock Exchange crashes, ending the Great Bull Market of the 1920s and eventually contributing to the Great Depression.","October 29, 1929 CE",https://en.wikipedia.org/wiki/October_29,1929-10-29,"October 29, 1929 CE",October 29 — Wikipedia,Exact day in source chronology,Disaster history,Gregorian (source chronology),Target met,National or regional,Secondary reference chronology,20,Verified against source chronology,20,70
29,CE,1941,October,Date follows the Gregorian day chronology used by the source; for early events this may be a conventional/proleptic date.,,GHC-OCT-29-18,Historical event,"The Holocaust: In the Kaunas Ghetto, over 10,000 Jews are shot by German occupiers at the Ninth Fort, a massacre known as the ""Great Action"".","The Holocaust: In the Kaunas Ghetto, over 10,000 Jews are shot by German occupiers at the Ninth Fort, a massacre known as the ""Great Action"".","October 29, 1941 CE",https://en.wikipedia.org/wiki/October_29,1941-10-29,"October 29, 1941 CE",October 29 — Wikipedia,Exact day in source chronology,General historical chronology,Gregorian (source chronology),Target met,National or regional,Secondary reference chronology,20,Verified against source chronology,20,70
29,CE,1944,October,Date follows the Gregorian day chronology used by the source; for early events this may be a conventional/proleptic date.,,GHC-OCT-29-19,Conflict or political event,World War II: The Dutch city of Breda is liberated by 1st Polish Armoured Division.,World War II: The Dutch city of Breda is liberated by 1st Polish Armoured Division.,"October 29, 1944 CE",https://en.wikipedia.org/wiki/October_29,1944-10-29,"October 29, 1944 CE",October 29 — Wikipedia,Exact day in source chronology,Military and political history,Gregorian (source chronology),Target met,International,Secondary reference chronology,20,Verified against source chronology,20,70
29,CE,1944,October,Date follows the Gregorian day chronology used by the source; for early events this may be a conventional/proleptic date.,Europe,GHC-OCT-29-20,Conflict or political event,World War II: The Soviet Red Army enters Hungary.,World War II: The Soviet Red Army enters Hungary.,"October 29, 1944 CE",https://en.wikipedia.org/wiki/October_29,1944-10-29,"October 29, 1944 CE",October 29 — Wikipedia,Exact day in source chronology,Military and political history,Gregorian (source chronology),Target met,International,Secondary reference chronology,20,Verified against source chronology,20,70
30,CE,130,October,Date follows the Gregorian day chronology used by the source; for early events this may be a conventional/proleptic date.,Africa,GHC-OCT-30-01,Political event,"Emperor Hadrian establishes the city of Antinoöpolis on the Nile in honour of his companion Antinous, creating a new Hellenizing foundation in Roman Egypt.","Emperor Hadrian establishes the city of Antinoöpolis on the Nile in honour of his companion Antinous, creating a new Hellenizing foundation in Roman Egypt.","October 30, 130 CE",https://en.wikipedia.org/wiki/October_30,0130-10-30,"October 30, 130 CE",October 30 — Wikipedia,Exact day in source chronology,Political and independence history,Gregorian (source chronology),Target met,International,Secondary reference chronology,20,Verified against source chronology,20,70
30,CE,637,October,Date follows the Gregorian day chronology used by the source; for early events this may be a conventional/proleptic date.,Middle East,GHC-OCT-30-02,Conflict or political event,Arab–Byzantine wars: Antioch surrenders to the Rashidun Caliphate after the Battle of the Iron Bridge.,Arab–Byzantine wars: Antioch surrenders to the Rashidun Caliphate after the Battle of the Iron Bridge.,"October 30, 637 CE",https://en.wikipedia.org/wiki/October_30,0637-10-30,"October 30, 637 CE",October 30 — Wikipedia,Exact day in source chronology,Military and political history,Gregorian (source chronology),Target met,International,Secondary reference chronology,20,Verified against source chronology,20,70
30,CE,758,October,Date follows the Gregorian day chronology used by the source; for early events this may be a conventional/proleptic date.,Middle East,GHC-OCT-30-03,Historical event,Guangzhou is sacked by Arab and Persian pirates.,Guangzhou is sacked by Arab and Persian pirates.,"October 30, 758 CE",https://en.wikipedia.org/wiki/October_30,0758-10-30,"October 30, 758 CE",October 30 — Wikipedia,Exact day in source chronology,General historical chronology,Gregorian (source chronology),Target met,International,Secondary reference chronology,20,Verified against source chronology,20,70
30,CE,1137,October,Date follows the Gregorian day chronology used by the source; for early events this may be a conventional/proleptic date.,,GHC-OCT-30-04,Conflict or political event,"Ranulf of Apulia defeats Roger II of Sicily at the Battle of Rignano, securing his position as duke until his death two years later.","Ranulf of Apulia defeats Roger II of Sicily at the Battle of Rignano, securing his position as duke until his death two years later.","October 30, 1137 CE",https://en.wikipedia.org/wiki/October_30,1137-10-30,"October 30, 1137 CE",October 30 — Wikipedia,Exact day in source chronology,Military and political history,Gregorian (source chronology),Target met,National or regional,Secondary reference chronology,20,Verified against source chronology,20,70
30,CE,1270,October,Date follows the Gregorian day chronology used by the source; for early events this may be a conventional/proleptic date.,Africa,GHC-OCT-30-05,Political event,"The Eighth Crusade ends by an agreement between Charles I of Anjou (replacing his deceased brother King Louis IX of France) and the Hafsid dynasty of Tunis, Tunisia.","The Eighth Crusade ends by an agreement between Charles I of Anjou (replacing his deceased brother King Louis IX of France) and the Hafsid dynasty of Tunis, Tunisia.","October 30, 1270 CE",https://en.wikipedia.org/wiki/October_30,1270-10-30,"October 30, 1270 CE",October 30 — Wikipedia,Exact day in source chronology,Political and independence history,Gregorian (source chronology),Target met,International,Secondary reference chronology,20,Verified against source chronology,20,70
30,CE,1340,October,Date follows the Gregorian day chronology used by the source; for early events this may be a conventional/proleptic date.,,GHC-OCT-30-06,Conflict or political event,Reconquista: Portuguese and Castilian forces halt a Muslim invasion at the Battle of Río Salado.,Reconquista: Portuguese and Castilian forces halt a Muslim invasion at the Battle of Río Salado.,"October 30, 1340 CE",https://en.wikipedia.org/wiki/October_30,1340-10-30,"October 30, 1340 CE",October 30 — Wikipedia,Exact day in source chronology,Military and political history,Gregorian (source chronology),Target met,National or regional,Secondary reference chronology,20,Verified against source chronology,20,70
30,CE,1657,October,Date follows the Gregorian day chronology used by the source; for early events this may be a conventional/proleptic date.,,GHC-OCT-30-07,Conflict or political event,Anglo-Spanish War: Spanish forces fail to retake Jamaica at the Battle of Ocho Rios.,Anglo-Spanish War: Spanish forces fail to retake Jamaica at the Battle of Ocho Rios.,"October 30, 1657 CE",https://en.wikipedia.org/wiki/October_30,1657-10-30,"October 30, 1657 CE",October 30 — Wikipedia,Exact day in source chronology,Military and political history,Gregorian (source chronology),Target met,National or regional,Secondary reference chronology,20,Verified against source chronology,20,70
30,CE,1806,October,Date follows the Gregorian day chronology used by the source; for early events this may be a conventional/proleptic date.,Europe,GHC-OCT-30-08,Conflict or political event,"War of the Fourth Coalition: Convinced that he is facing a much larger force, Prussian General von Romberg, commanding 5,300 men, surrenders the city of Stettin to 800 French soldiers.","War of the Fourth Coalition: Convinced that he is facing a much larger force, Prussian General von Romberg, commanding 5,300 men, surrenders the city of Stettin to 800 French soldiers.","October 30, 1806 CE",https://en.wikipedia.org/wiki/October_30,1806-10-30,"October 30, 1806 CE",October 30 — Wikipedia,Exact day in source chronology,Military and political history,Gregorian (source chronology),Target met,National or regional,Secondary reference chronology,20,Verified against source chronology,20,70
30,CE,1817,October,Date follows the Gregorian day chronology used by the source; for early events this may be a conventional/proleptic date.,Americas,GHC-OCT-30-09,Political event,Simón Bolívar becomes President of the Third Republic of Venezuela.,Simón Bolívar becomes President of the Third Republic of Venezuela.,"October 30, 1817 CE",https://en.wikipedia.org/wiki/October_30,1817-10-30,"October 30, 1817 CE",October 30 — Wikipedia,Exact day in source chronology,Political and independence history,Gregorian (source chronology),Target met,National or regional,Secondary reference chronology,20,Verified against source chronology,20,70
30,CE,1831,October,Date follows the Gregorian day chronology used by the source; for early events this may be a conventional/proleptic date.,Americas,GHC-OCT-30-10,Historical event,Nat Turner is arrested for leading the bloodiest slave rebellion in United States history.,Nat Turner is arrested for leading the bloodiest slave rebellion in United States history.,"October 30, 1831 CE",https://en.wikipedia.org/wiki/October_30,1831-10-30,"October 30, 1831 CE",October 30 — Wikipedia,Exact day in source chronology,General historical chronology,Gregorian (source chronology),Target met,National or regional,Secondary reference chronology,20,Verified against source chronology,20,70
30,CE,1836,October,Date follows the Gregorian day chronology used by the source; for early events this may be a conventional/proleptic date.,Europe,GHC-OCT-30-11,Conflict or political event,Louis Napoleon launches the unsuccessful Strasbourg Coup to overthrow the July Monarchy in France,Louis Napoleon launches the unsuccessful Strasbourg Coup to overthrow the July Monarchy in France,"October 30, 1836 CE",https://en.wikipedia.org/wiki/October_30,1836-10-30,"October 30, 1836 CE",October 30 — Wikipedia,Exact day in source chronology,Military and political history,Gregorian (source chronology),Target met,National or regional,Secondary reference chronology,20,Verified against source chronology,20,70
30,CE,1858,October,Date follows the Gregorian day chronology used by the source; for early events this may be a conventional/proleptic date.,Europe,GHC-OCT-30-12,Historical event,"Approximately 20 people die in Bradford, England, UK, after being poisoned from ingesting sweets that had been accidentally adulterated with arsenic trioxide.","Approximately 20 people die in Bradford, England, UK, after being poisoned from ingesting sweets that had been accidentally adulterated with arsenic trioxide.","October 30, 1858 CE",https://en.wikipedia.org/wiki/October_30,1858-10-30,"October 30, 1858 CE",October 30 — Wikipedia,Exact day in source chronology,General historical chronology,Gregorian (source chronology),Target met,National or regional,Secondary reference chronology,20,Verified against source chronology,20,70
30,CE,1863,October,Date follows the Gregorian day chronology used by the source; for early events this may be a conventional/proleptic date.,,GHC-OCT-30-13,Political event,"Danish Prince Vilhelm arrives in Athens to assume his throne as George I, King of the Hellenes.","Danish Prince Vilhelm arrives in Athens to assume his throne as George I, King of the Hellenes.","October 30, 1863 CE",https://en.wikipedia.org/wiki/October_30,1863-10-30,"October 30, 1863 CE",October 30 — Wikipedia,Exact day in source chronology,Political and independence history,Gregorian (source chronology),Target met,National or regional,Secondary reference chronology,20,Verified against source chronology,20,70
30,CE,1905,October,Date follows the Gregorian day chronology used by the source; for early events this may be a conventional/proleptic date.,Europe,GHC-OCT-30-14,Historical event,"Tsar Nicholas II issues the October Manifesto, nominally granting the Russian peoples basic civil liberties and the right to form a duma. (October 17 in the Julian calendar)","Tsar Nicholas II issues the October Manifesto, nominally granting the Russian peoples basic civil liberties and the right to form a duma. (October 17 in the Julian calendar)","October 30, 1905 CE",https://en.wikipedia.org/wiki/October_30,1905-10-30,"October 30, 1905 CE",October 30 — Wikipedia,Exact day in source chronology,General historical chronology,Gregorian (source chronology),Target met,National or regional,Secondary reference chronology,20,Verified against source chronology,20,70
30,CE,1918,October,Date follows the Gregorian day chronology used by the source; for early events this may be a conventional/proleptic date.,Middle East,GHC-OCT-30-15,Conflict or political event,World War I: The Ottoman Empire signs the Armistice of Mudros with the Allies.,World War I: The Ottoman Empire signs the Armistice of Mudros with the Allies.,"October 30, 1918 CE",https://en.wikipedia.org/wiki/October_30,1918-10-30,"October 30, 1918 CE",October 30 — Wikipedia,Exact day in source chronology,Military and political history,Gregorian (source chronology),Target met,International,Secondary reference chronology,20,Verified against source chronology,20,70
30,CE,1918,October,Date follows the Gregorian day chronology used by the source; for early events this may be a conventional/proleptic date.,Europe,GHC-OCT-30-16,Conflict or political event,"World War I: Lands of the Crown of Saint Stephen, a state union of Kingdom of Hungary and Triune Kingdom of Croatia, Slavonia and Dalmatia is abolished with decisions of Croatian and Hungarian parliaments.","World War I: Lands of the Crown of Saint Stephen, a state union of Kingdom of Hungary and Triune Kingdom of Croatia, Slavonia and Dalmatia is abolished with decisions of Croatian and Hungarian parliaments.","October 30, 1918 CE",https://en.wikipedia.org/wiki/October_30,1918-10-30,"October 30, 1918 CE",October 30 — Wikipedia,Exact day in source chronology,Military and political history,Gregorian (source chronology),Target met,International,Secondary reference chronology,20,Verified against source chronology,20,70
30,CE,1920,October,Date follows the Gregorian day chronology used by the source; for early events this may be a conventional/proleptic date.,Oceania,GHC-OCT-30-17,Historical event,The Communist Party of Australia is founded in Sydney.,The Communist Party of Australia is founded in Sydney.,"October 30, 1920 CE",https://en.wikipedia.org/wiki/October_30,1920-10-30,"October 30, 1920 CE",October 30 — Wikipedia,Exact day in source chronology,General historical chronology,Gregorian (source chronology),Target met,National or regional,Secondary reference chronology,20,Verified against source chronology,20,70
30,CE,1938,October,Date follows the Gregorian day chronology used by the source; for early events this may be a conventional/proleptic date.,Americas,GHC-OCT-30-18,Conflict or political event,"Orson Welles broadcasts a radio adaptation of H. G. Wells's The War of the Worlds, causing a massive panic in some of the audience in the United States.","Orson Welles broadcasts a radio adaptation of H. G. Wells's The War of the Worlds, causing a massive panic in some of the audience in the United States.","October 30, 1938 CE",https://en.wikipedia.org/wiki/October_30,1938-10-30,"October 30, 1938 CE",October 30 — Wikipedia,Exact day in source chronology,Military and political history,Gregorian (source chronology),Target met,National or regional,Secondary reference chronology,20,Verified against source chronology,20,70
30,CE,1941,October,Date follows the Gregorian day chronology used by the source; for early events this may be a conventional/proleptic date.,,GHC-OCT-30-19,Political event,President Roosevelt approves $1 billion in Lend-Lease aid to the Allied nations.,President Roosevelt approves $1 billion in Lend-Lease aid to the Allied nations.,"October 30, 1941 CE",https://en.wikipedia.org/wiki/October_30,1941-10-30,"October 30, 1941 CE",October 30 — Wikipedia,Exact day in source chronology,Political and independence history,Gregorian (source chronology),Target met,National or regional,Secondary reference chronology,20,Verified against source chronology,20,70
30,CE,1941,October,Date follows the Gregorian day chronology used by the source; for early events this may be a conventional/proleptic date.,,GHC-OCT-30-20,Historical event,Holocaust: Fifteen hundred Jews from Pidhaytsi are sent by Nazis to Bełżec extermination camp.,Holocaust: Fifteen hundred Jews from Pidhaytsi are sent by Nazis to Bełżec extermination camp.,"October 30, 1941 CE",https://en.wikipedia.org/wiki/October_30,1941-10-30,"October 30, 1941 CE",October 30 — Wikipedia,Exact day in source chronology,General historical chronology,Gregorian (source chronology),Target met,National or regional,Secondary reference chronology,20,Verified against source chronology,20,70
31,CE,475,October,Date follows the Gregorian day chronology used by the source; for early events this may be a conventional/proleptic date.,,GHC-OCT-31-01,Political event,Romulus Augustulus is proclaimed Western Roman Emperor.,Romulus Augustulus is proclaimed Western Roman Emperor.,"October 31, 475 CE",https://en.wikipedia.org/wiki/October_31,0475-10-31,"October 31, 475 CE",October 31 — Wikipedia,Exact day in source chronology,Political and independence history,Gregorian (source chronology),Target met,National or regional,Secondary reference chronology,20,Verified against source chronology,20,70
31,CE,683,October,Date follows the Gregorian day chronology used by the source; for early events this may be a conventional/proleptic date.,,GHC-OCT-31-02,Conflict or political event,"During the Siege of Mecca, the Kaaba catches fire and is burned down.","During the Siege of Mecca, the Kaaba catches fire and is burned down.","October 31, 683 CE",https://en.wikipedia.org/wiki/October_31,0683-10-31,"October 31, 683 CE",October 31 — Wikipedia,Exact day in source chronology,Military and political history,Gregorian (source chronology),Target met,National or regional,Secondary reference chronology,20,Verified against source chronology,20,70
31,CE,802,October,Date follows the Gregorian day chronology used by the source; for early events this may be a conventional/proleptic date.,Middle East,GHC-OCT-31-03,Historical event,"Empress Irene is deposed and banished to Lesbos. Conspirators place Nikephoros, the minister of finance, on the Byzantine throne.","Empress Irene is deposed and banished to Lesbos. Conspirators place Nikephoros, the minister of finance, on the Byzantine throne.","October 31, 802 CE",https://en.wikipedia.org/wiki/October_31,0802-10-31,"October 31, 802 CE",October 31 — Wikipedia,Exact day in source chronology,General historical chronology,Gregorian (source chronology),Target met,International,Secondary reference chronology,20,Verified against source chronology,20,70
31,CE,932,October,Date follows the Gregorian day chronology used by the source; for early events this may be a conventional/proleptic date.,,GHC-OCT-31-04,Historical event,Abbasid caliph al-Muqtadir is killed while fighting against the forces of general Mu'nis al-Muzaffar. Al-Muqtadir's brother al-Qahir is chosen to succeed him.,Abbasid caliph al-Muqtadir is killed while fighting against the forces of general Mu'nis al-Muzaffar. Al-Muqtadir's brother al-Qahir is chosen to succeed him.,"October 31, 932 CE",https://en.wikipedia.org/wiki/October_31,0932-10-31,"October 31, 932 CE",October 31 — Wikipedia,Exact day in source chronology,General historical chronology,Gregorian (source chronology),Target met,National or regional,Secondary reference chronology,20,Verified against source chronology,20,70
31,CE,1517,October,Date follows the Gregorian day chronology used by the source; for early events this may be a conventional/proleptic date.,,GHC-OCT-31-05,Religious event,Protestant Reformation: Martin Luther posts his 95 Theses on the door of the Castle Church in Wittenberg.,Protestant Reformation: Martin Luther posts his 95 Theses on the door of the Castle Church in Wittenberg.,"October 31, 1517 CE",https://en.wikipedia.org/wiki/October_31,1517-10-31,"October 31, 1517 CE",October 31 — Wikipedia,Exact day in source chronology,Religion and philosophy,Gregorian (source chronology),Target met,National or regional,Secondary reference chronology,20,Verified against source chronology,20,70
31,CE,1587,October,Date follows the Gregorian day chronology used by the source; for early events this may be a conventional/proleptic date.,,GHC-OCT-31-06,Cultural or educational event,Leiden University Library opens its doors after its founding in 1575.,Leiden University Library opens its doors after its founding in 1575.,"October 31, 1587 CE",https://en.wikipedia.org/wiki/October_31,1587-10-31,"October 31, 1587 CE",October 31 — Wikipedia,Exact day in source chronology,"Culture, literature and education",Gregorian (source chronology),Target met,National or regional,Secondary reference chronology,20,Verified against source chronology,20,70
31,CE,1822,October,Date follows the Gregorian day chronology used by the source; for early events this may be a conventional/proleptic date.,,GHC-OCT-31-07,Political event,Emperor Agustín de Iturbide attempts to dissolve the Congress of the Mexican Empire.,Emperor Agustín de Iturbide attempts to dissolve the Congress of the Mexican Empire.,"October 31, 1822 CE",https://en.wikipedia.org/wiki/October_31,1822-10-31,"October 31, 1822 CE",October 31 — Wikipedia,Exact day in source chronology,Political and independence history,Gregorian (source chronology),Target met,International,Secondary reference chronology,20,Verified against source chronology,20,70
31,CE,1837,October,Date follows the Gregorian day chronology used by the source; for early events this may be a conventional/proleptic date.,Americas,GHC-OCT-31-08,Disaster,Approximately 300 Muscogee die in the steamboat Monmouth disaster on the Trail of Tears in the United States.,Approximately 300 Muscogee die in the steamboat Monmouth disaster on the Trail of Tears in the United States.,"October 31, 1837 CE",https://en.wikipedia.org/wiki/October_31,1837-10-31,"October 31, 1837 CE",October 31 — Wikipedia,Exact day in source chronology,Disaster history,Gregorian (source chronology),Target met,National or regional,Secondary reference chronology,20,Verified against source chronology,20,70
31,CE,1863,October,Date follows the Gregorian day chronology used by the source; for early events this may be a conventional/proleptic date.,Oceania,GHC-OCT-31-09,Conflict or political event,The New Zealand Wars resume as British forces in New Zealand led by General Duncan Cameron begin their Invasion of the Waikato.,The New Zealand Wars resume as British forces in New Zealand led by General Duncan Cameron begin their Invasion of the Waikato.,"October 31, 1863 CE",https://en.wikipedia.org/wiki/October_31,1863-10-31,"October 31, 1863 CE",October 31 — Wikipedia,Exact day in source chronology,Military and political history,Gregorian (source chronology),Target met,National or regional,Secondary reference chronology,20,Verified against source chronology,20,70
31,CE,1864,October,Date follows the Gregorian day chronology used by the source; for early events this may be a conventional/proleptic date.,Americas,GHC-OCT-31-10,Historical event,Nevada is admitted as the 36th U.S. state.,Nevada is admitted as the 36th U.S. state.,"October 31, 1864 CE",https://en.wikipedia.org/wiki/October_31,1864-10-31,"October 31, 1864 CE",October 31 — Wikipedia,Exact day in source chronology,General historical chronology,Gregorian (source chronology),Target met,National or regional,Secondary reference chronology,20,Verified against source chronology,20,70
31,CE,1895,October,Date follows the Gregorian day chronology used by the source; for early events this may be a conventional/proleptic date.,Americas,GHC-OCT-31-11,Disaster,"The strongest earthquake in the Midwestern United States since 1812 strikes near Charleston, Missouri, causing damage and killing at least two.","The strongest earthquake in the Midwestern United States since 1812 strikes near Charleston, Missouri, causing damage and killing at least two.","October 31, 1895 CE",https://en.wikipedia.org/wiki/October_31,1895-10-31,"October 31, 1895 CE",October 31 — Wikipedia,Exact day in source chronology,Disaster history,Gregorian (source chronology),Target met,National or regional,Secondary reference chronology,20,Verified against source chronology,20,70
31,CE,1620,October,Date follows the Gregorian day chronology used by the source; for early events this may be a conventional/proleptic date.,,GHC-OCT-31-12,Historical event,"John Evelyn, English gardener and author (died 1706)","John Evelyn, English gardener and author (died 1706)","October 31, 1620 CE",https://en.wikipedia.org/wiki/October_31,1620-10-31,"October 31, 1620 CE",October 31 — Wikipedia,Exact day in source chronology,General historical chronology,Gregorian (source chronology),Target met,National or regional,Secondary reference chronology,20,Verified against source chronology,20,70
31,CE,1632,October,Date follows the Gregorian day chronology used by the source; for early events this may be a conventional/proleptic date.,,GHC-OCT-31-13,Historical event,"Johannes Vermeer, Dutch painter (died 1675)","Johannes Vermeer, Dutch painter (died 1675)","October 31, 1632 CE",https://en.wikipedia.org/wiki/October_31,1632-10-31,"October 31, 1632 CE",October 31 — Wikipedia,Exact day in source chronology,General historical chronology,Gregorian (source chronology),Target met,National or regional,Secondary reference chronology,20,Verified against source chronology,20,70
31,CE,1903,October,Date follows the Gregorian day chronology used by the source; for early events this may be a conventional/proleptic date.,Asia,GHC-OCT-31-14,Cultural or educational event,"The Purdue Wreck, a railroad train collision in Indianapolis, kills 17 people, including 14 players of the Purdue University football team.","The Purdue Wreck, a railroad train collision in Indianapolis, kills 17 people, including 14 players of the Purdue University football team.","October 31, 1903 CE",https://en.wikipedia.org/wiki/October_31,1903-10-31,"October 31, 1903 CE",October 31 — Wikipedia,Exact day in source chronology,"Culture, literature and education",Gregorian (source chronology),Target met,International,Secondary reference chronology,20,Verified against source chronology,20,70
31,CE,1907,October,Date follows the Gregorian day chronology used by the source; for early events this may be a conventional/proleptic date.,Europe,GHC-OCT-31-15,Political event,"The Parliament of Finland approved the Prohibition Act, but the law was not implemented because it was not ratified by Tsar Nicholas II of Russia.","The Parliament of Finland approved the Prohibition Act, but the law was not implemented because it was not ratified by Tsar Nicholas II of Russia.","October 31, 1907 CE",https://en.wikipedia.org/wiki/October_31,1907-10-31,"October 31, 1907 CE",October 31 — Wikipedia,Exact day in source chronology,Political and independence history,Gregorian (source chronology),Target met,National or regional,Secondary reference chronology,20,Verified against source chronology,20,70
31,CE,1913,October,Date follows the Gregorian day chronology used by the source; for early events this may be a conventional/proleptic date.,Americas,GHC-OCT-31-16,Historical event,"Dedication of the Lincoln Highway, the first automobile highway across United States.","Dedication of the Lincoln Highway, the first automobile highway across United States.","October 31, 1913 CE",https://en.wikipedia.org/wiki/October_31,1913-10-31,"October 31, 1913 CE",October 31 — Wikipedia,Exact day in source chronology,General historical chronology,Gregorian (source chronology),Target met,National or regional,Secondary reference chronology,20,Verified against source chronology,20,70
31,CE,1913,October,Date follows the Gregorian day chronology used by the source; for early events this may be a conventional/proleptic date.,Asia,GHC-OCT-31-17,Historical event,The Indianapolis Streetcar Strike and subsequent riot begins.,The Indianapolis Streetcar Strike and subsequent riot begins.,"October 31, 1913 CE",https://en.wikipedia.org/wiki/October_31,1913-10-31,"October 31, 1913 CE",October 31 — Wikipedia,Exact day in source chronology,General historical chronology,Gregorian (source chronology),Target met,International,Secondary reference chronology,20,Verified against source chronology,20,70
31,CE,1917,October,Date follows the Gregorian day chronology used by the source; for early events this may be a conventional/proleptic date.,,GHC-OCT-31-18,Conflict or political event,"World War I: Battle of Beersheba: The ""last successful cavalry charge in history"".","World War I: Battle of Beersheba: The ""last successful cavalry charge in history"".","October 31, 1917 CE",https://en.wikipedia.org/wiki/October_31,1917-10-31,"October 31, 1917 CE",October 31 — Wikipedia,Exact day in source chronology,Military and political history,Gregorian (source chronology),Target met,International,Secondary reference chronology,20,Verified against source chronology,20,70
31,CE,1918,October,Date follows the Gregorian day chronology used by the source; for early events this may be a conventional/proleptic date.,Europe,GHC-OCT-31-19,Conflict or political event,"World War I: The Aster Revolution terminates the Austro-Hungarian Compromise of 1867, and Hungary achieves full sovereignty.","World War I: The Aster Revolution terminates the Austro-Hungarian Compromise of 1867, and Hungary achieves full sovereignty.","October 31, 1918 CE",https://en.wikipedia.org/wiki/October_31,1918-10-31,"October 31, 1918 CE",October 31 — Wikipedia,Exact day in source chronology,Military and political history,Gregorian (source chronology),Target met,International,Secondary reference chronology,20,Verified against source chronology,20,70
31,CE,1922,October,Date follows the Gregorian day chronology used by the source; for early events this may be a conventional/proleptic date.,Europe,GHC-OCT-31-20,Historical event,Benito Mussolini is made Prime Minister of Italy.,Benito Mussolini is made Prime Minister of Italy.,"October 31, 1922 CE",https://en.wikipedia.org/wiki/October_31,1922-10-31,"October 31, 1922 CE",October 31 — Wikipedia,Exact day in source chronology,General historical chronology,Gregorian (source chronology),Target met,National or regional,Secondary reference chronology,20,Verified against source chronology,20,70